/*

                      Copyright (c) 1989  INGRES Corp.

                           INGRES COPY TESTS
 
	Test ID      :  gaa03
	Module       :
	Filename     :  gaa03.sep
	Purpose	     :  128w 11c 1r Datatype Copy Test
	Input Files  :  
	Output Files :  gaa03.res (deleted at end of test)
	Database     :  qecommdb
	Tables       :  gaa03 (created and dropped by test)
	Synopsis     :

	History	: 

	19/dec/1989	DVB	modified to SEP standards        
	18-Mar-1999 (vande02)   Added empty canon for sql db connect in order to
                                catch "TM could not connect to database" in the
                                event that the test database was not created
*/
? sql -s SEPPARAM_NODE 
<<

>>
* set autocommit on;\g
<<
~
>>
* drop table gaa03;\g
<<
~
>>
* create table gaa03(c1 i1 with null,c2 text(15) with null,c3 varchar(15) with null,-
c4 char(15) with null,c5 c25 with null,c6 money with null,c7 date with null,c8 i2 wi-
th null,c9 i4 with null,c10 f4 with null,c11 f8 with null) with duplicates;\g
<<
>>
* grant all on gaa03 to public;\g
<<
~
>>
* insert into gaa03(c1,c2,c3,c4,c5,c6,c7,c8,c9,c10,c11) values (-127,'xx','cc','yy',-
'ww','$-9999996928.00','02-feb-1902',-32656,-2147480648,-9.000,64.000 );\g
<<
(1 row)
>>
* select c1, c2, c3, c4 from gaa03;\g
<<

+------+---------------+---------------+---------------+
|c1    |c2             |c3             |c4             |
+------+---------------+---------------+---------------+
|  -127|xx             |cc             |yy             |
+------+---------------+---------------+---------------+
(1 row)
>>
* select c5, c6, c7, c8 from gaa03;\g
<<

+-------------------------+--------------------+-------------------------+------+
|c5                       |c6                  |c7                       |c8    |
+-------------------------+--------------------+-------------------------+------+
|ww                       |     $-9999996928.00|02-feb-1902              |-32656|
+-------------------------+--------------------+-------------------------+------+
(1 row)
>>
* select c9, c10,c11    from gaa03;\g
<<

+-------------+-----------+-----------+
|c9           |c10        |c11        |
+-------------+-----------+-----------+
|  -2147480648|     -9.000|     64.000|
+-------------+-----------+-----------+
(1 row)
>>
* select * from gaa03;\g
<<

+------+---------------+---------------+---------------+-------------------------+---
------------------+-------------------------+------+-------------+-----------+-------
-----+
|c1    |c2             |c3             |c4             |c5                       |c6-
                  |c7                       |c8    |c9           |c10        |c11   -
     |
+------+---------------+---------------+---------------+-------------------------+---
------------------+-------------------------+------+-------------+-----------+-------
-----+
|  -127|xx             |cc             |yy             |ww                       |  -
   $-9999996928.00|02-feb-1902              |-32656|  -2147480648|     -9.000|     6-
4.000|
+------+---------------+---------------+---------------+-------------------------+---
------------------+-------------------------+------+-------------+-----------+-------
-----+
(1 row)
>>
* copy gaa03(c1=c0tab with null ('NULL'),c2=varchar(15) with null ('NULL'),c3=varcha-
r(15) with null ('NULL'),c4=varchar(15) with null ('NULL'),c5=varchar(25) with null -
('NULL'),c6=c0tab with null ('NULL'),c7=c0tab with null ('NULL'),c8=c0tab with null -
('NULL'),c9=c0tab with null ('NULL'),c10=c0tab with null ('NULL'),c11=c0nl with null-
 ('NULL'),nl=d1) into 'gaa03.res';\g
<<
(1 row)
>>
* drop table gaa03;\g
<<
~
>>
* create table gaa03(c1 i1 with null,c2 text(15) with null,c3 varchar(15) with null,-
c4 char(15) with null,c5 c25 with null,c6 money with null,c7 date with null,c8 i2 wi-
th null,c9 i4 with null,c10 f4 with null,c11 f8 with null) with duplicates;\g
<<
>>
* grant all on gaa03 to public;\g
<<
~
>>
* copy gaa03(c1=c0tab with null ('NULL'),c2=varchar(15) with null ('NULL'),c3=varcha-
r(15) with null ('NULL'),c4=varchar(15) with null ('NULL'),c5=varchar(25) with null -
('NULL'),c6=c0tab with null ('NULL'),c7=c0tab with null ('NULL'),c8=c0tab with null -
('NULL'),c9=c0tab with null ('NULL'),c10=c0tab with null ('NULL'),c11=c0nl with null-
 ('NULL'),nl=d1) from 'gaa03.res';\g
<<
(1 row)
>>
* select c1, c2, c3, c4 from gaa03;\g
<<

+------+---------------+---------------+---------------+
|c1    |c2             |c3             |c4             |
+------+---------------+---------------+---------------+
|  -127|xx             |cc             |yy             |
+------+---------------+---------------+---------------+
(1 row)
>>
* select c5, c6, c7, c8 from gaa03;\g
<<

+-------------------------+--------------------+-------------------------+------+
|c5                       |c6                  |c7                       |c8    |
+-------------------------+--------------------+-------------------------+------+
|ww                       |     $-9999996928.00|02-feb-1902              |-32656|
+-------------------------+--------------------+-------------------------+------+
(1 row)
>>
* select c9, c10,c11    from gaa03;\g
<<

+-------------+-----------+-----------+
|c9           |c10        |c11        |
+-------------+-----------+-----------+
|  -2147480648|     -9.000|     64.000|
+-------------+-----------+-----------+
(1 row)
>>
* select * from gaa03;\g
<<

+------+---------------+---------------+---------------+-------------------------+---
------------------+-------------------------+------+-------------+-----------+-------
-----+
|c1    |c2             |c3             |c4             |c5                       |c6-
                  |c7                       |c8    |c9           |c10        |c11   -
     |
+------+---------------+---------------+---------------+-------------------------+---
------------------+-------------------------+------+-------------+-----------+-------
-----+
|  -127|xx             |cc             |yy             |ww                       |  -
   $-9999996928.00|02-feb-1902              |-32656|  -2147480648|     -9.000|     6-
4.000|
+------+---------------+---------------+---------------+-------------------------+---
------------------+-------------------------+------+-------------+-----------+-------
-----+
(1 row)
>>
* copy gaa03() into 'gaa03.res';\g
<<
(1 row)
>>
* drop table gaa03;\g
<<
~
>>
* create table gaa03(c1 i1 with null,c2 text(15) with null,c3 varchar(15) with null,-
c4 char(15) with null,c5 c25 with null,c6 money with null,c7 date with null,c8 i2 wi-
th null,c9 i4 with null,c10 f4 with null,c11 f8 with null) with duplicates;\g
<<
>>
* grant all on gaa03 to public;\g
<<
~
>>
* copy gaa03() from 'gaa03.res';\g
<<
(1 row)
>>
* select c1, c2, c3, c4 from gaa03;\g
<<

+------+---------------+---------------+---------------+
|c1    |c2             |c3             |c4             |
+------+---------------+---------------+---------------+
|  -127|xx             |cc             |yy             |
+------+---------------+---------------+---------------+
(1 row)
>>
* select c5, c6, c7, c8 from gaa03;\g
<<

+-------------------------+--------------------+-------------------------+------+
|c5                       |c6                  |c7                       |c8    |
+-------------------------+--------------------+-------------------------+------+
|ww                       |     $-9999996928.00|02-feb-1902              |-32656|
+-------------------------+--------------------+-------------------------+------+
(1 row)
>>
* select c9, c10,c11    from gaa03;\g
<<

+-------------+-----------+-----------+
|c9           |c10        |c11        |
+-------------+-----------+-----------+
|  -2147480648|     -9.000|     64.000|
+-------------+-----------+-----------+
(1 row)
>>
* select * from gaa03;\g
<<

+------+---------------+---------------+---------------+-------------------------+---
------------------+-------------------------+------+-------------+-----------+-------
-----+
|c1    |c2             |c3             |c4             |c5                       |c6-
                  |c7                       |c8    |c9           |c10        |c11   -
     |
+------+---------------+---------------+---------------+-------------------------+---
------------------+-------------------------+------+-------------+-----------+-------
-----+
|  -127|xx             |cc             |yy             |ww                       |  -
   $-9999996928.00|02-feb-1902              |-32656|  -2147480648|     -9.000|     6-
4.000|
+------+---------------+---------------+---------------+-------------------------+---
------------------+-------------------------+------+-------------+-----------+-------
-----+
(1 row)
>>
* drop table gaa03;\g
<<
~
>>
* \q
<<
~
>>
? delete gaa03.res
<<
file was deleted
>>


Ending at: 10-MAR-1991 13:58:37
