/*

                      Copyright (c) 1989  INGRES Corp.

                           INGRES COPY TESTS
 
	Test ID      :  gaa12
	Module       :
	Filename     :  gaa12.sep
	Purpose	     :  512w 44c 1r Datatype Copy Test
	Input Files  :  
	Output Files :  gaa12.res
	Database     :  qecommdb
	Tables       :  gaa12
	Synopsis     :

	History	: 

	19/dec/1989	DVB	modified to SEP standards        
        29/jul/2009	(vande02)   Added empty canon for sql db connect
*/
? sql -s SEPPARAM_NODE 
<<

>>
* set autocommit on;\g
<<
~
>>
* drop table gaa12;\g
<<
~
>>
* create table gaa12(c1 text(15) with null,c2 varchar(15) with null,c3 char(19) with-
 null,c4 c25 with null,c5 money with null,c6 date with null,c7 i1 with null,c8 i2 wi-
th null,c9 i4 with null,c10 f4 with null,c11 f8 with null,c12 text(15) with null,c13-
 varchar(15) with null,c14 char(19) with null,c15 c25 with null,c16 money with null,-
c17 date with null,c18 i1 with null,c19 i2 with null,c20 i4 with null,c21 f4 with nu-
ll,c22 f8 with null,c23 text(15) with null,c24 varchar(15) with null,c25 char(19) wi-
th null,c26 c25 with null,c27 money with null,c28 date with null,c29 i1 with null,c3-
0 i2 with null,c31 i4  with null,c32 f4 with null,c33 f8 with null,c34 text(15) with-
 null,c35 varchar(15) with null,c36 char(19) with null,c37 c25 with null,c38 money w-
ith null,c39 date with null,c40 i1 with null,c41 i2 with null,c42 i4 with null,c43 f-
4 with null,c44 f8 with null) with duplicates;\g
<<
>>
* grant all on gaa12 to public;\g
<<
~
>>
* insert into gaa12 (c1,c2,c3,c4,c5,c6,c7,c8,c9,c10,c11,c12,c13,c14,c15,c16,c17,c18,-
c19,c20,c21,c22,c23,c24,c25,c26,c27,c28,c29,c30,c31,c32,c33,c34,c35,c36,c37,c38,c39,-
c40,c41,c42,c43,c44) values ('xx','cc','yy','ww','$-9999996928.00','02-feb-1902',-12-
7,-32656,-2147480648,-9.000,64.000,'xxx','ccc','yyy','www','$-9999993856.00','03-mar-
-1903',-126,-32556,-2147477648,-343.000,1296.000,'xxxx','cccc','yyyy','wwww','$-9999-
990784.00','04-apr-1904',-125,-32456,-2147474648,-3125.000,4096.000,'xxxxx','ccccc',-
'yyyyy','wwwww','$-9999987712.00','05-may-1905',-124,-32356,-2147471648,-2187.000,25-
6.000);\g
<<
(1 row)
>>
* select * from gaa12;\g
<<

+---------------+---------------+-------------------+-------------------------+------
---------------+-------------------------+------+------+-------------+-----------+---
---------+---------------+---------------+-------------------+-----------------------
---+--------------------+-------------------------+------+------+-------------+------
------+-----------+---------------+---------------+-------------------+--------------
------------+--------------------+-------------------------+------+------+-----------
---+-----------+-----------+---------------+---------------+-------------------+-----
---------------------+--------------------+-------------------------+------+------+--
------------+-----------+-----------+
|c1             |c2             |c3                 |c4                       |c5   -
               |c6                       |c7    |c8    |c9           |c10        |c1-
1        |c12            |c13            |c14                |c15                   -
   |c16                 |c17                      |c18   |c19   |c20          |c21  -
      |c22        |c23            |c24            |c25                |c26          -
            |c27                 |c28                      |c29   |c30   |c31       -
   |c32        |c33        |c34            |c35            |c36                |c37 -
                     |c38                 |c39                      |c40   |c41   |c-
42          |c43        |c44        |
+---------------+---------------+-------------------+-------------------------+------
---------------+-------------------------+------+------+-------------+-----------+---
---------+---------------+---------------+-------------------+-----------------------
---+--------------------+-------------------------+------+------+-------------+------
------+-----------+---------------+---------------+-------------------+--------------
------------+--------------------+-------------------------+------+------+-----------
---+-----------+-----------+---------------+---------------+-------------------+-----
---------------------+--------------------+-------------------------+------+------+--
------------+-----------+-----------+
|xx             |cc             |yy                 |ww                       |     -
$-9999996928.00|02-feb-1902              |  -127|-32656|  -2147480648|     -9.000|  -
   64.000|xxx            |ccc            |yyy                |www                   -
   |     $-9999993856.00|03-mar-1903              |  -126|-32556|  -2147477648|   -3-
43.000|   1296.000|xxxx           |cccc           |yyyy               |wwww         -
            |     $-9999990784.00|04-apr-1904              |  -125|-32456|  -2147474-
648|  -3125.000|   4096.000|xxxxx          |ccccc          |yyyyy              |wwww-
w                    |     $-9999987712.00|05-may-1905              |  -124|-32356| -
 -2147471648|  -2187.000|    256.000|
+---------------+---------------+-------------------+-------------------------+------
---------------+-------------------------+------+------+-------------+-----------+---
---------+---------------+---------------+-------------------+-----------------------
---+--------------------+-------------------------+------+------+-------------+------
------+-----------+---------------+---------------+-------------------+--------------
------------+--------------------+-------------------------+------+------+-----------
---+-----------+-----------+---------------+---------------+-------------------+-----
---------------------+--------------------+-------------------------+------+------+--
------------+-----------+-----------+
(1 row)
>>
* copy gaa12(c1=varchar(15) with null ('NULL'),nl=d1,c2=varchar(15) with null ('NULL-
'),nl=d1,c3=varchar(19) with null ('NULL'),nl=d1,c4=varchar(25) with null ('NULL'),n-
l=d1,c5=c0tab with null ('NULL'),nl=d1,c6=c0tab with null ('NULL'),nl=d1,c7=c0tab wi-
th null ('NULL'),nl=d1,c8=c0tab with null ('NULL'),nl=d1,c9=c0tab with null ('NULL')-
,nl=d1,c10=c0tab with null ('NULL'),nl=d1,c11=c0tab with null ('NULL'),nl=d1,c12=var-
char(15) with null ('NULL'),nl=d1,c13=varchar(15) with null ('NULL'),nl=d1,c14=varch-
ar(19) with null ('NULL'),nl=d1,c15=varchar(25) with null ('NULL'),nl=d1,c16=c0tab w-
ith null ('NULL'),nl=d1,c17=c0tab with null ('NULL'),nl=d1,c18=c0tab with null ('NUL-
L'),nl=d1,c19=c0tab with null ('NULL'),nl=d1,c20=c0tab with null ('NULL'),nl=d1,c21=-
c0tab with null ('NULL'),nl=d1,c22=c0tab with null ('NULL'),nl=d1,c23=varchar(15) wi-
th null ('NULL'),nl=d1,c24=varchar(15) with null ('NULL'),nl=d1,c25=varchar(19) with-
 null ('NULL'),nl=d1,c26=varchar(25) with null ('NULL'),nl=d1,c27=c0tab with null ('-
NULL'),nl=d1,c28=c0tab with null ('NULL'),nl=d1,c29=c0tab with null ('NULL'),nl=d1,c-
30=c0tab with null ('NULL'),nl=d1,c31=c0tab with null ('NULL'),nl=d1,c32=c0tab with -
null ('NULL'),nl=d1,c33=c0tab with null ('NULL'),nl=d1,c34=varchar(15) with null ('N-
ULL'),nl=d1,c35=varchar(15) with null ('NULL'),nl=d1,c36=varchar(19) with null ('NUL-
L'),nl=d1,c37=varchar(25) with null ('NULL'),nl=d1,c38=c0tab with null ('NULL'),nl=d-
1,c39=c0tab with null ('NULL'),nl=d1,c40=c0tab with null ('NULL'),nl=d1,c41=c0tab wi-
th null ('NULL'),nl=d1,c42=c0tab with null ('NULL'),nl=d1,c43=c0tab with null ('NULL-
'),nl=d1,c44=c0nl with null ('NULL'),nl=d1) into 'gaa12.res';\g
<<
(1 row)
>>
* drop table gaa12;\g
<<
~
>>
* create table gaa12(c1 text(15) with null,c2 varchar(15) with null,c3 char(19) with-
 null,c4 c25 with null,c5 money with null,c6 date with null,c7 i1 with null,c8 i2 wi-
th null,c9 i4 with null,c10 f4 with null,c11 f8 with null,c12 text(15) with null,c13-
 varchar(15) with null,c14 char(19) with null,c15 c25 with null,c16 money with null,-
c17 date with null,c18 i1 with null,c19 i2 with null,c20 i4 with null,c21 f4 with nu-
ll,c22 f8 with null,c23 text(15) with null,c24 varchar(15) with null,c25 char(19) wi-
th null,c26 c25 with null,c27 money with null,c28 date with null,c29 i1 with null,c3-
0 i2 with null,c31 i4  with null,c32 f4 with null,c33 f8 with null,c34 text(15) with-
 null,c35 varchar(15) with null,c36 char(19) with null,c37 c25 with null,c38 money w-
ith null,c39 date with null,c40 i1 with null,c41 i2 with null,c42 i4 with null,c43 f-
4 with null,c44 f8 with null) with duplicates;\g
<<
>>
* grant all on gaa12 to public;\g
<<
~
>>
* copy gaa12(c1=varchar(15) with null ('NULL'),nl=d1,c2=varchar(15) with null ('NULL-
'),nl=d1,c3=varchar(19) with null ('NULL'),nl=d1,c4=varchar(25) with null ('NULL'),n-
l=d1,c5=c0tab with null ('NULL'),nl=d1,c6=c0tab with null ('NULL'),nl=d1,c7=c0tab wi-
th null ('NULL'),nl=d1,c8=c0tab with null ('NULL'),nl=d1,c9=c0tab with null ('NULL')-
,nl=d1,c10=c0tab with null ('NULL'),nl=d1,c11=c0tab with null ('NULL'),nl=d1,c12=var-
char(15) with null ('NULL'),nl=d1,c13=varchar(15) with null ('NULL'),nl=d1,c14=varch-
ar(19) with null ('NULL'),nl=d1,c15=varchar(25) with null ('NULL'),nl=d1,c16=c0tab w-
ith null ('NULL'),nl=d1,c17=c0tab with null ('NULL'),nl=d1,c18=c0tab with null ('NUL-
L'),nl=d1,c19=c0tab with null ('NULL'),nl=d1,c20=c0tab with null ('NULL'),nl=d1,c21=-
c0tab with null ('NULL'),nl=d1,c22=c0tab with null ('NULL'),nl=d1,c23=varchar(15) wi-
th null ('NULL'),nl=d1,c24=varchar(15) with null ('NULL'),nl=d1,c25=varchar(19) with-
 null ('NULL'),nl=d1,c26=varchar(25) with null ('NULL'),nl=d1,c27=c0tab with null ('-
NULL'),nl=d1,c28=c0tab with null ('NULL'),nl=d1,c29=c0tab with null ('NULL'),nl=d1,c-
30=c0tab with null ('NULL'),nl=d1,c31=c0tab with null ('NULL'),nl=d1,c32=c0tab with -
null ('NULL'),nl=d1,c33=c0tab with null ('NULL'),nl=d1,c34=varchar(15) with null ('N-
ULL'),nl=d1,c35=varchar(15) with null ('NULL'),nl=d1,c36=varchar(19) with null ('NUL-
L'),nl=d1,c37=varchar(25) with null ('NULL'),nl=d1,c38=c0tab with null ('NULL'),nl=d-
1,c39=c0tab with null ('NULL'),nl=d1,c40=c0tab with null ('NULL'),nl=d1,c41=c0tab wi-
th null ('NULL'),nl=d1,c42=c0tab with null ('NULL'),nl=d1,c43=c0tab with null ('NULL-
'),nl=d1,c44=c0nl with null ('NULL'),nl=d1) from 'gaa12.res';\g
<<
(1 row)
>>
* select * from gaa12;\g
<<

+---------------+---------------+-------------------+-------------------------+------
---------------+-------------------------+------+------+-------------+-----------+---
---------+---------------+---------------+-------------------+-----------------------
---+--------------------+-------------------------+------+------+-------------+------
------+-----------+---------------+---------------+-------------------+--------------
------------+--------------------+-------------------------+------+------+-----------
---+-----------+-----------+---------------+---------------+-------------------+-----
---------------------+--------------------+-------------------------+------+------+--
------------+-----------+-----------+
|c1             |c2             |c3                 |c4                       |c5   -
               |c6                       |c7    |c8    |c9           |c10        |c1-
1        |c12            |c13            |c14                |c15                   -
   |c16                 |c17                      |c18   |c19   |c20          |c21  -
      |c22        |c23            |c24            |c25                |c26          -
            |c27                 |c28                      |c29   |c30   |c31       -
   |c32        |c33        |c34            |c35            |c36                |c37 -
                     |c38                 |c39                      |c40   |c41   |c-
42          |c43        |c44        |
+---------------+---------------+-------------------+-------------------------+------
---------------+-------------------------+------+------+-------------+-----------+---
---------+---------------+---------------+-------------------+-----------------------
---+--------------------+-------------------------+------+------+-------------+------
------+-----------+---------------+---------------+-------------------+--------------
------------+--------------------+-------------------------+------+------+-----------
---+-----------+-----------+---------------+---------------+-------------------+-----
---------------------+--------------------+-------------------------+------+------+--
------------+-----------+-----------+
|xx             |cc             |yy                 |ww                       |     -
$-9999996928.00|02-feb-1902              |  -127|-32656|  -2147480648|     -9.000|  -
   64.000|xxx            |ccc            |yyy                |www                   -
   |     $-9999993856.00|03-mar-1903              |  -126|-32556|  -2147477648|   -3-
43.000|   1296.000|xxxx           |cccc           |yyyy               |wwww         -
            |     $-9999990784.00|04-apr-1904              |  -125|-32456|  -2147474-
648|  -3125.000|   4096.000|xxxxx          |ccccc          |yyyyy              |wwww-
w                    |     $-9999987712.00|05-may-1905              |  -124|-32356| -
 -2147471648|  -2187.000|    256.000|
+---------------+---------------+-------------------+-------------------------+------
---------------+-------------------------+------+------+-------------+-----------+---
---------+---------------+---------------+-------------------+-----------------------
---+--------------------+-------------------------+------+------+-------------+------
------+-----------+---------------+---------------+-------------------+--------------
------------+--------------------+-------------------------+------+------+-----------
---+-----------+-----------+---------------+---------------+-------------------+-----
---------------------+--------------------+-------------------------+------+------+--
------------+-----------+-----------+
(1 row)
>>
* copy gaa12 () into 'gaa12.res';\g
<<
(1 row)
>>
* drop table gaa12;\g
<<
~
>>
* create table gaa12(c1 text(15) with null,c2 varchar(15) with null,c3 char(19) with-
 null,c4 c25 with null,c5 money with null,c6 date with null,c7 i1 with null,c8 i2 wi-
th null,c9 i4 with null,c10 f4 with null,c11 f8 with null,c12 text(15) with null,c13-
 varchar(15) with null,c14 char(19) with null,c15 c25 with null,c16 money with null,-
c17 date with null,c18 i1 with null,c19 i2 with null,c20 i4 with null,c21 f4 with nu-
ll,c22 f8 with null,c23 text(15) with null,c24 varchar(15) with null,c25 char(19) wi-
th null,c26 c25 with null,c27 money with null,c28 date with null,c29 i1 with null,c3-
0 i2 with null,c31 i4  with null,c32 f4 with null,c33 f8 with null,c34 text(15) with-
 null,c35 varchar(15) with null,c36 char(19) with null,c37 c25 with null,c38 money w-
ith null,c39 date with null,c40 i1 with null,c41 i2 with null,c42 i4 with null,c43 f-
4 with null,c44 f8 with null) with duplicates;\g
<<
>>
* grant all on gaa12 to public;\g
<<
~
>>
* copy gaa12 () from 'gaa12.res';\g
<<
(1 row)
>>
* select * from gaa12;\g
<<

+---------------+---------------+-------------------+-------------------------+------
---------------+-------------------------+------+------+-------------+-----------+---
---------+---------------+---------------+-------------------+-----------------------
---+--------------------+-------------------------+------+------+-------------+------
------+-----------+---------------+---------------+-------------------+--------------
------------+--------------------+-------------------------+------+------+-----------
---+-----------+-----------+---------------+---------------+-------------------+-----
---------------------+--------------------+-------------------------+------+------+--
------------+-----------+-----------+
|c1             |c2             |c3                 |c4                       |c5   -
               |c6                       |c7    |c8    |c9           |c10        |c1-
1        |c12            |c13            |c14                |c15                   -
   |c16                 |c17                      |c18   |c19   |c20          |c21  -
      |c22        |c23            |c24            |c25                |c26          -
            |c27                 |c28                      |c29   |c30   |c31       -
   |c32        |c33        |c34            |c35            |c36                |c37 -
                     |c38                 |c39                      |c40   |c41   |c-
42          |c43        |c44        |
+---------------+---------------+-------------------+-------------------------+------
---------------+-------------------------+------+------+-------------+-----------+---
---------+---------------+---------------+-------------------+-----------------------
---+--------------------+-------------------------+------+------+-------------+------
------+-----------+---------------+---------------+-------------------+--------------
------------+--------------------+-------------------------+------+------+-----------
---+-----------+-----------+---------------+---------------+-------------------+-----
---------------------+--------------------+-------------------------+------+------+--
------------+-----------+-----------+
|xx             |cc             |yy                 |ww                       |     -
$-9999996928.00|02-feb-1902              |  -127|-32656|  -2147480648|     -9.000|  -
   64.000|xxx            |ccc            |yyy                |www                   -
   |     $-9999993856.00|03-mar-1903              |  -126|-32556|  -2147477648|   -3-
43.000|   1296.000|xxxx           |cccc           |yyyy               |wwww         -
            |     $-9999990784.00|04-apr-1904              |  -125|-32456|  -2147474-
648|  -3125.000|   4096.000|xxxxx          |ccccc          |yyyyy              |wwww-
w                    |     $-9999987712.00|05-may-1905              |  -124|-32356| -
 -2147471648|  -2187.000|    256.000|
+---------------+---------------+-------------------+-------------------------+------
---------------+-------------------------+------+------+-------------+-----------+---
---------+---------------+---------------+-------------------+-----------------------
---+--------------------+-------------------------+------+------+-------------+------
------+-----------+---------------+---------------+-------------------+--------------
------------+--------------------+-------------------------+------+------+-----------
---+-----------+-----------+---------------+---------------+-------------------+-----
---------------------+--------------------+-------------------------+------+------+--
------------+-----------+-----------+
(1 row)
>>
* drop table gaa12;\g
<<
~
>>
* \q
<<
~
>>
? delete gaa12.res 
<<
file was deleted
>>


Ending at:  8-MAY-1991 18:50:11
