/*

                      Copyright (c) 1989  INGRES Corp.

                           INGRES COPY TESTS
 
	Test ID      :  gaa20
	Module       :
	Filename     :  gaa20.sep
	Purpose	     :  empty all types Datatype Copy Test
	Input Files  :  gaa20.dat
	Output Files :  gaa20.res
	Database     :  qecommdb
	Tables       :  gaa20
	Synopsis     :

	History	: 

	19/dec/1989	DVB	modified to SEP standards        
	18-Mar-1999 (vande02)   Added empty canon for sql db connect in order to
                                catch "TM could not connect to database" in the
                                event that the test database was not created
*/
? sql -s SEPPARAM_NODE 
<<

>>
* set autocommit on;\g
<<
~
>>
* drop table gaa20;\g
<<
~
>>
* create table gaa20(c25 c25 with null,char25 char(25) with null,vchar25 text(25) wi-
th null,varchar25 varchar(25) with null,integer1 i1 with null,integer2 i2 with null,-
integer4 i4 with null,float4 f4 with null,float8 f8 with null,money money with null,-
date date with null) with duplicates;\g
<<
>>
* grant all on gaa20 to public;\g
<<
~
>>
* select * from gaa20;\g
<<

+-------------------------+-------------------------+-------------------------+------
--------------------+------+------+-------------+-----------+-----------+------------
---------+-------------------------+
|c25                      |char25                   |vchar25                  |varch-
ar25                |intege|intege|integer4     |float4     |float8     |money      -
         |date                     |
+-------------------------+-------------------------+-------------------------+------
--------------------+------+------+-------------+-----------+-----------+------------
---------+-------------------------+
+-------------------------+-------------------------+-------------------------+------
--------------------+------+------+-------------+-----------+-----------+------------
---------+-------------------------+
(0 rows)
>>
* copy gaa20(c25=varchar(25) with null ('NULL'),char25=varchar(25) with null ('NULL'-
),vchar25=varchar(25) with null ('NULL'),varchar25=varchar(25) with null ('NULL'),in-
teger1=c0tab with null ('NULL'),integer2=c0tab with null ('NULL'),integer4=c0tab wit-
h null ('NULL'),float4=c0tab with null ('NULL'),float8=c0tab with null ('NULL'),mone-
y=c0tab with null ('NULL'),date=c0nl with null ('NULL'),nl=d1) into 'gaa20.res'-
;\g
<<
(0 rows)
>>
* drop table gaa20;\g
<<
~
>>
* create table gaa20(c25 c25 with null,char25 char(25) with null,vchar25 text(25) wi-
th null,varchar25 varchar(25) with null,integer1 i1 with null,integer2 i2 with null,-
integer4 i4 with null,float4 f4 with null,float8 f8 with null,money money with null,-
date date with null) with duplicates;\g
<<
>>
* grant all on gaa20 to public;\g
<<
~
>>
* copy gaa20(c25=varchar(25) with null ('NULL'),char25=varchar(25) with null ('NULL'-
),vchar25=varchar(25) with null ('NULL'),varchar25=varchar(25) with null ('NULL'),in-
teger1=c0tab with null ('NULL'),integer2=c0tab with null ('NULL'),integer4=c0tab wit-
h null ('NULL'),float4=c0tab with null ('NULL'),float8=c0tab with null ('NULL'),mone-
y=c0tab with null ('NULL'),date=c0nl with null ('NULL'),nl=d1) from 'gaa20.res'-
;\g
<<
(0 rows)
>>
* select * from gaa20;\g
<<

+-------------------------+-------------------------+-------------------------+------
--------------------+------+------+-------------+-----------+-----------+------------
---------+-------------------------+
|c25                      |char25                   |vchar25                  |varch-
ar25                |intege|intege|integer4     |float4     |float8     |money      -
         |date                     |
+-------------------------+-------------------------+-------------------------+------
--------------------+------+------+-------------+-----------+-----------+------------
---------+-------------------------+
+-------------------------+-------------------------+-------------------------+------
--------------------+------+------+-------------+-----------+-----------+------------
---------+-------------------------+
(0 rows)
>>
* copy gaa20 () into 'gaa20.res';\g
<<
(0 rows)
>>
* drop table gaa20;\g
<<
~
>>
* create table gaa20(c25 c25 with null,char25 char(25) with null,vchar25 text(25) wi-
th null,varchar25 varchar(25) with null,integer1 i1 with null,integer2 i2 with null,-
integer4 i4 with null,float4 f4 with null,float8 f8 with null,money money with null,-
date date with null) with duplicates;\g
<<
>>
* grant all on gaa20 to public;\g
<<
~
>>
* copy gaa20 () from 'gaa20.res';\g
<<
(0 rows)
>>
* select * from gaa20;\g
<<

+-------------------------+-------------------------+-------------------------+------
--------------------+------+------+-------------+-----------+-----------+------------
---------+-------------------------+
|c25                      |char25                   |vchar25                  |varch-
ar25                |intege|intege|integer4     |float4     |float8     |money      -
         |date                     |
+-------------------------+-------------------------+-------------------------+------
--------------------+------+------+-------------+-----------+-----------+------------
---------+-------------------------+
+-------------------------+-------------------------+-------------------------+------
--------------------+------+------+-------------+-----------+-----------+------------
---------+-------------------------+
(0 rows)
>>
* drop table gaa20;\g
<<
~
>>
* \q
<<
~
>>
? delete gaa20.res
<<
file was deleted
>>


Ending at:  6-JUN-1990 15:03:28
