/*
Copyright (c) 2007 Ingres Corporation
 
 
	Test Name: gca01.sep
	Time: 15-NOV-1989 15:24:43
	User Name: qatest      
 
	Test ID : gca01.sep
	Module  : 
	Filename: gca01.sep
	Purpose	: boundary test: selects using "where" clauses
	Input Files  :
	Output Files : gca01.log
	Database     : qecommdb on io
	Tables       : gca01
	Synopsis     :

	History	: xx-xxx-1989	Created				Author
		  18/dec/1989	DVB	modified to SEP standards
                  08/jun/1992   jlj-p   update selects to proper syntax
		  12/may/1993  sandhya
			Removed the old canons which were incorrect for the
			conditions in the where clause in a select statement.
			Also changed the conditions in the where clause.  This
			test gives inconsistent results for float8 selections
			in an equality condition in a where clause (See Bug#
			40645).				
	  17-Apr-2005	(rogch01) Don't ignore the output of sql -s.
          30-Jan-2006	(boija02) Updated copyright info for Ingres Corp.
          23-Aug-2007	(vande02) Changed float8 equality where clauses (ancient
                                  archived bug 40645) because some boundary is
				  hit on some platforms and always gets 0 rows.
				  The old bug said using '=' with floating
				  point numbers is generally a bad idea, so the
				  <= or >= part of the clause has been dropped.
*/
? sql -s SEPPARAM_NODE 
<<

>>
* set autocommit on;\g
<<
~
>>
* drop table gca01;\g
<<
~
>>
* create table gca01 ( integer1 i1 with null,integer2 i2 with null, integer4 i4 with-
 null,float4 f4 with null,float8 f8 with null,date date with null,money money with n-
ull,should_read char(30) with null) with duplicates;\g
<<
>>
* insert into gca01 (integer1,should_read ) values (-128,'-128');\g
<<
(1 row)
>>
* insert into gca01 (integer1,should_read ) values ( 127, '127');\g
<<
(1 row)
>>
* insert into gca01 (integer2,should_read ) values (-32768,'-32768');\g
<<
(1 row)
>>
* insert into gca01 (integer2,should_read ) values ( 32767, '32767');\g
<<
(1 row)
>>
* insert into gca01( integer4,should_read ) values (-2147483648,'-2147483648');\g
<<
(1 row)
>>
* insert into gca01( integer4,should_read ) values ( 2147483647, '2147483647');\g
<<
(1 row)
>>
* insert into gca01( float4,should_read ) values (-10.000e+37,'-10.000e+37' );\g
<<
(1 row)
>>
* insert into gca01( float4,should_read ) values ( 10.000e+37, '10.000e+37' );\g
<<
(1 row)
>>
* insert into gca01( float8,should_read ) values (-10.000e+37,'-10.000e+37' );\g
<<
(1 row)
>>
* insert into gca01( float8,should_read ) values ( 10.000e+37, '10.000e+37' );\g
<<
(1 row)
>>
* insert into gca01( date,should_read ) values ('01-jan-1582','01-jan-1582');\g
<<
(1 row)
>>
* insert into gca01( date,should_read ) values ('31-dec-2382','31-dec-2382');\g
<<
(1 row)
>>
* insert into gca01( money,should_read ) values ('$-999999999999.99','$-999999999999-
.99');\g
<<
(1 row)
>>
* insert into gca01( money,should_read ) values ( '$999999999999.99','$ 999999999999-
.99');\g
<<
(1 row)
>>
* select integer1,integer2,integer4,should_read from gca01 \g
<<

+------+------+-------------+------------------------------+
|intege|intege|integer4     |should_read                   |
+------+------+-------------+------------------------------+
|  -128|      |             |-128                          |
|   127|      |             |127                           |
|      |-32768|             |-32768                        |
|      | 32767|             |32767                         |
|      |      |  -2147483648|-2147483648                   |
|      |      |   2147483647|2147483647                    |
|      |      |             |-10.000e+37                   |
|      |      |             |10.000e+37                    |
|      |      |             |-10.000e+37                   |
|      |      |             |10.000e+37                    |
|      |      |             |01-jan-1582                   |
|      |      |             |31-dec-2382                   |
|      |      |             |$-999999999999.99             |
|      |      |             |$ 999999999999.99             |
+------+------+-------------+------------------------------+
(14 rows)
>>
* select integer1, should_read from gca01 where integer1 = -128 \g
<<

+------+------------------------------+
|intege|should_read                   |
+------+------------------------------+
|  -128|-128                          |
+------+------------------------------+
(1 row)
>>
* select integer1, should_read from gca01 where integer1 = 127 \g
<<

+------+------------------------------+
|intege|should_read                   |
+------+------------------------------+
|   127| 127                          |
+------+------------------------------+
(1 row)
>>
* select integer2, should_read from gca01 where integer2 = -32768 \g
<<

+------+------------------------------+
|intege|should_read                   |
+------+------------------------------+
|-32768|-32768                        |
+------+------------------------------+
(1 row)
>>
* select integer2, should_read from gca01 where integer2 = 32767 \g
<<

+------+------------------------------+
|intege|should_read                   |
+------+------------------------------+
| 32767| 32767                        |
+------+------------------------------+
(1 row)
>>
* select integer4, should_read from gca01 where integer4 = -2147483648 \g
<<

+-------------+------------------------------+
|integer4     |should_read                   |
+-------------+------------------------------+
|  -2147483648|-2147483648                   |
+-------------+------------------------------+
(1 row)
>>
* select integer4, should_read from gca01 where integer4 = 2147483647 \g
<<

+-------------+------------------------------+
|integer4     |should_read                   |
+-------------+------------------------------+
|   2147483647|2147483647                    |
+-------------+------------------------------+
(1 row)
>>
* select float4,float8,should_read from gca01 \g
<<

+-----------+-----------+------------------------------+
|float4     |float8     |should_read                   |
+-----------+-----------+------------------------------+
|           |           |-128                          |
|           |           |127                           |
|           |           |-32768                        |
|           |           |32767                         |
|           |           |-2147483648                   |
|           |           |2147483647                    |
|-10.000e+37|           |-10.000e+37                   |
| 10.000e+37|           |10.000e+37                    |
|           |-10.000e+37|-10.000e+37                   |
|           | 10.000e+37|10.000e+37                    |
|           |           |01-jan-1582                   |
|           |           |31-dec-2382                   |
|           |           |$-999999999999.99             |
|           |           |$ 999999999999.99             |
+-----------+-----------+------------------------------+
(14 rows)
>>
<<

+-----------+-----------+------------------------------+
|float4     |float8     |should_read                   |
+-----------+-----------+------------------------------+
|           |           |-128                          |
|           |           |127                           |
|           |           |-32768                        |
|           |           |32767                         |
|           |           |-2147483648                   |
|           |           |2147483647                    |
|-1.000e+038|           |-10.000e+37                   |
| 1.000e+038|           |10.000e+37                    |
|           |-1.000e+038|-10.000e+37                   |
|           | 1.000e+038|10.000e+37                    |
|           |           |01-jan-1582                   |
|           |           |31-dec-2382                   |
|           |           |$-999999999999.99             |
|           |           |$ 999999999999.99             |
+-----------+-----------+------------------------------+
(14 rows)
>>
* select float4, should_read from gca01 where float4 > 0.99e+38 and float4 <= 1.0e+0-
38 \g
<<

+-----------+------------------------------+
|float4     |should_read                   |
+-----------+------------------------------+
| 1.000e+038|10.000e+37                    |
+-----------+------------------------------+
(1 row)
>>
<<

+-----------+------------------------------+
|float4     |should_read                   |
+-----------+------------------------------+
| 10.000e+37|10.000e+37                    |
+-----------+------------------------------+
(1 row)
>>
* select float4, should_read from gca01 where float4 < -0.99e+38 and float4 >= -1.0e-
+038 \g
<<

+-----------+------------------------------+
|float4     |should_read                   |
+-----------+------------------------------+
|-1.000e+038|-10.000e+37                   |
+-----------+------------------------------+
(1 row)
>>
<<

+-----------+------------------------------+
|float4     |should_read                   |
+-----------+------------------------------+
|-10.000e+37|-10.000e+37                   |
+-----------+------------------------------+
(1 row)
>>
* select float8,should_read from gca01 where float8 > 0.99e+38 and float8 <= 1.0e+03-
8 \g
<<

+-----------+------------------------------+
|float8     |should_read                   |
+-----------+------------------------------+
| 1.000e+038|10.000e+37                    |
+-----------+------------------------------+
(1 row)
>>
<<

+-----------+------------------------------+
|float8     |should_read                   |
+-----------+------------------------------+
| 10.000e+37|10.000e+37                    |
+-----------+------------------------------+
(1 row)
>>
* select float8, should_read from gca01 where float8 < -0.99e+38 and float8 >= -1.00-
0e+038 \g
<<

+-----------+------------------------------+
|float8     |should_read                   |
+-----------+------------------------------+
|-1.000e+038|-10.000e+37                   |
+-----------+------------------------------+
(1 row)
>>
<<

+-----------+------------------------------+
|float8     |should_read                   |
+-----------+------------------------------+
|-10.000e+37|-10.000e+37                   |
+-----------+------------------------------+
(1 row)
>>
* select date,money,should_read from gca01 \g
<<

+-------------------------+--------------------+------------------------------+
|date                     |money               |should_read                   |
+-------------------------+--------------------+------------------------------+
|                         |                    |-128                          |
|                         |                    |127                           |
|                         |                    |-32768                        |
|                         |                    |32767                         |
|                         |                    |-2147483648                   |
|                         |                    |2147483647                    |
|                         |                    |-10.000e+37                   |
|                         |                    |10.000e+37                    |
|                         |                    |-10.000e+37                   |
|                         |                    |10.000e+37                    |
|01-jan-1582              |                    |01-jan-1582                   |
|31-dec-2382              |                    |31-dec-2382                   |
|                         |   $-999999999999.99|$-999999999999.99             |
|                         |    $999999999999.99|$ 999999999999.99             |
+-------------------------+--------------------+------------------------------+
(14 rows)
>>
* select date, should_read from gca01 where date='01-jan-1582' \g
<<

+-------------------------+------------------------------+
|date                     |should_read                   |
+-------------------------+------------------------------+
|01-jan-1582              |01-jan-1582                   |
+-------------------------+------------------------------+
(1 row)
>>
* select date, should_read from gca01 where date='31-dec-2382' \g
<<

+-------------------------+------------------------------+
|date                     |should_read                   |
+-------------------------+------------------------------+
|31-dec-2382              |31-dec-2382                   |
+-------------------------+------------------------------+
(1 row)
>>
* select money, should_read from gca01 where money = '$-999999999999.99'\g
<<

+--------------------+------------------------------+
|money               |should_read                   |
+--------------------+------------------------------+
|   $-999999999999.99|$-999999999999.99             |
+--------------------+------------------------------+
(1 row)
>>
* select money, should_read from gca01 where money = '$999999999999.99'\g
<<

+--------------------+------------------------------+
|money               |should_read                   |
+--------------------+------------------------------+
|    $999999999999.99|$ 999999999999.99             |
+--------------------+------------------------------+
(1 row)
>>
* copy gca01 ( integer1= c0tab with null ('NULL'),integer2= c0tab with null ('NULL')-
,integer4= c0tab with null ('NULL'),float4= c0tab with null ('NULL'),float8= c0tab w-
ith null ('NULL'),date= c0tab with null ('NULL'),money= c0tab with null ('NULL'),sho-
uld_read= varchar(30) with null ('NULL'),nl= d1) into 'gca01a.res';\g
<<
(14 rows)
>>
* copy gca01 ( integer1= c0tab with null ('NULL'),integer2= c0tab with null ('NULL')-
,integer4= c0tab with null ('NULL'),float4= c0tab with null ('NULL'),float8= c0tab w-
ith null ('NULL'),date= c0tab with null ('NULL'),money= c0tab with null ('NULL'),sho-
uld_read= varchar(30) with null ('NULL'),nl= d1) into 'gca01b.res';\g
<<
(14 rows)
>>
* copy gca01 ( ) into 'gca01c.res';\g
<<
(14 rows)
>>
* drop table gca01;\g
<<
~
>>
* create table gca01 ( integer1 i1 with null,integer2 i2 with null, integer4 i4 with-
 null,float4 f4 with null,float8 f8 with null,date date with null,money money with n-
ull,should_read char(30) with null) with duplicates;\g
<<
>>
* copy gca01 ( integer1= c0tab with null ('NULL'),integer2= c0tab with null ('NULL')-
,integer4= c0tab with null ('NULL'),float4= c0tab with null ('NULL'),float8= c0tab w-
ith null ('NULL'),date= c0tab with null ('NULL'),money= c0tab with null ('NULL'),sho-
uld_read= varchar(30) with null ('NULL'),nl= d1) from 'gca01a.res';\g
<<
(14 rows)
>>
* select integer1,integer2,integer4,should_read from gca01 \g
<<

+------+------+-------------+------------------------------+
|intege|intege|integer4     |should_read                   |
+------+------+-------------+------------------------------+
|  -128|      |             |-128                          |
|   127|      |             |127                           |
|      |-32768|             |-32768                        |
|      | 32767|             |32767                         |
|      |      |  -2147483648|-2147483648                   |
|      |      |   2147483647|2147483647                    |
|      |      |             |-10.000e+37                   |
|      |      |             |10.000e+37                    |
|      |      |             |-10.000e+37                   |
|      |      |             |10.000e+37                    |
|      |      |             |01-jan-1582                   |
|      |      |             |31-dec-2382                   |
|      |      |             |$-999999999999.99             |
|      |      |             |$ 999999999999.99             |
+------+------+-------------+------------------------------+
(14 rows)
>>
* select integer1, should_read from gca01 where integer1 = -128 \g
<<

+------+------------------------------+
|intege|should_read                   |
+------+------------------------------+
|  -128|-128                          |
+------+------------------------------+
(1 row)
>>
* select integer1, should_read from gca01 where integer1 = 127 \g
<<

+------+------------------------------+
|intege|should_read                   |
+------+------------------------------+
|   127| 127                          |
+------+------------------------------+
(1 row)
>>
* select integer2, should_read from gca01 where integer2 = -32768 \g
<<

+------+------------------------------+
|intege|should_read                   |
+------+------------------------------+
|-32768|-32768                        |
+------+------------------------------+
(1 row)
>>
* select integer2, should_read from gca01 where integer2 = 32767 \g
<<

+------+------------------------------+
|intege|should_read                   |
+------+------------------------------+
| 32767| 32767                        |
+------+------------------------------+
(1 row)
>>
* select integer4, should_read from gca01 where integer4 = -2147483648 \g
<<

+-------------+------------------------------+
|integer4     |should_read                   |
+-------------+------------------------------+
|  -2147483648|-2147483648                   |
+-------------+------------------------------+
(1 row)
>>
* select integer4, should_read from gca01 where integer4 = 2147483647 \g
<<

+-------------+------------------------------+
|integer4     |should_read                   |
+-------------+------------------------------+
|   2147483647|2147483647                    |
+-------------+------------------------------+
(1 row)
>>
* select float4,float8,should_read from gca01 \g
<<

+-----------+-----------+------------------------------+
|float4     |float8     |should_read                   |
+-----------+-----------+------------------------------+
|           |           |-128                          |
|           |           |127                           |
|           |           |-32768                        |
|           |           |32767                         |
|           |           |-2147483648                   |
|           |           |2147483647                    |
|-10.000e+37|           |-10.000e+37                   |
| 10.000e+37|           |10.000e+37                    |
|           |-10.000e+37|-10.000e+37                   |
|           | 10.000e+37|10.000e+37                    |
|           |           |01-jan-1582                   |
|           |           |31-dec-2382                   |
|           |           |$-999999999999.99             |
|           |           |$ 999999999999.99             |
+-----------+-----------+------------------------------+
(14 rows)
>>
<<

+-----------+-----------+------------------------------+
|float4     |float8     |should_read                   |
+-----------+-----------+------------------------------+
|           |           |-128                          |
|           |           |127                           |
|           |           |-32768                        |
|           |           |32767                         |
|           |           |-2147483648                   |
|           |           |2147483647                    |
|-1.000e+038|           |-10.000e+37                   |
| 1.000e+038|           |10.000e+37                    |
|           |-1.000e+038|-10.000e+37                   |
|           | 1.000e+038|10.000e+37                    |
|           |           |01-jan-1582                   |
|           |           |31-dec-2382                   |
|           |           |$-999999999999.99             |
|           |           |$ 999999999999.99             |
+-----------+-----------+------------------------------+
(14 rows)
>>
* select float4, should_read from gca01 where float4 > 0.99e+38 and float4 <= 1.000e-
+038 \g
<<

+-----------+------------------------------+
|float4     |should_read                   |
+-----------+------------------------------+
| 1.000e+038|10.000e+37                    |
+-----------+------------------------------+
(1 row)
>>
<<

+-----------+------------------------------+
|float4     |should_read                   |
+-----------+------------------------------+
| 10.000e+37|10.000e+37                    |
+-----------+------------------------------+
(1 row)
>>
* select float4, should_read from gca01 where float4 < -0.99e+38 and float4 >= -1.0e-
+038 \g
<<

+-----------+------------------------------+
|float4     |should_read                   |
+-----------+------------------------------+
|-1.000e+038|-10.000e+37                   |
+-----------+------------------------------+
(1 row)
>>
<<

+-----------+------------------------------+
|float4     |should_read                   |
+-----------+------------------------------+
|-10.000e+37|-10.000e+37                   |
+-----------+------------------------------+
(1 row)
>>
* select float8, should_read from gca01 where float8 > 0.99e+38 \g
<<

+-----------+------------------------------+
|float8     |should_read                   |
+-----------+------------------------------+
| 1.000e+038|10.000e+37                    |
+-----------+------------------------------+
(1 row)
>>
<<

+-----------+------------------------------+
|float8     |should_read                   |
+-----------+------------------------------+
| 10.000e+37|10.000e+37                    |
+-----------+------------------------------+
(1 row)
>>
* select float8, should_read from gca01 where float8 < -0.99e+38 \g
<<

+-----------+------------------------------+
|float8     |should_read                   |
+-----------+------------------------------+
|-1.000e+038|-10.000e+37                   |
+-----------+------------------------------+
(1 row)
>>
<<

+-----------+------------------------------+
|float8     |should_read                   |
+-----------+------------------------------+
|-10.000e+37|-10.000e+37                   |
+-----------+------------------------------+
(1 row)
>>
* select date,money,should_read from gca01 \g
<<

+-------------------------+--------------------+------------------------------+
|date                     |money               |should_read                   |
+-------------------------+--------------------+------------------------------+
|                         |                    |-128                          |
|                         |                    |127                           |
|                         |                    |-32768                        |
|                         |                    |32767                         |
|                         |                    |-2147483648                   |
|                         |                    |2147483647                    |
|                         |                    |-10.000e+37                   |
|                         |                    |10.000e+37                    |
|                         |                    |-10.000e+37                   |
|                         |                    |10.000e+37                    |
|01-jan-1582              |                    |01-jan-1582                   |
|31-dec-2382              |                    |31-dec-2382                   |
|                         |   $-999999999999.99|$-999999999999.99             |
|                         |    $999999999999.99|$ 999999999999.99             |
+-------------------------+--------------------+------------------------------+
(14 rows)
>>
* select date, should_read from gca01 where date='01-jan-1582' \g
<<

+-------------------------+------------------------------+
|date                     |should_read                   |
+-------------------------+------------------------------+
|01-jan-1582              |01-jan-1582                   |
+-------------------------+------------------------------+
(1 row)
>>
* select date, should_read from gca01 where date='31-dec-2382' \g
<<

+-------------------------+------------------------------+
|date                     |should_read                   |
+-------------------------+------------------------------+
|31-dec-2382              |31-dec-2382                   |
+-------------------------+------------------------------+
(1 row)
>>
* select money, should_read from gca01 where money = '$-999999999999.99'\g
<<

+--------------------+------------------------------+
|money               |should_read                   |
+--------------------+------------------------------+
|   $-999999999999.99|$-999999999999.99             |
+--------------------+------------------------------+
(1 row)
>>
* select money, should_read from gca01 where money = '$999999999999.99'\g
<<

+--------------------+------------------------------+
|money               |should_read                   |
+--------------------+------------------------------+
|    $999999999999.99|$ 999999999999.99             |
+--------------------+------------------------------+
(1 row)
>>
* drop table gca01;\g
<<
~
>>
* create table gca01 ( integer1 i1 with null,integer2 i2 with null, integer4 i4 with-
 null,float4 f4 with null,float8 f8 with null,date date with null,money money with n-
ull,should_read char(30) with null) with duplicates;\g
<<
>>
* copy gca01 ( integer1= c0tab with null ('NULL'),integer2= c0tab with null ('NULL')-
,integer4= c0tab with null ('NULL'),float4= c0tab with null ('NULL'),float8= c0tab w-
ith null ('NULL'),date= c0tab with null ('NULL'),money= c0tab with null ('NULL'),sho-
uld_read= varchar(30) with null ('NULL'),nl= d1) from 'gca01b.res';\g
<<
(14 rows)
>>
* select integer1,integer2,integer4,should_read from gca01 \g
<<

+------+------+-------------+------------------------------+
|intege|intege|integer4     |should_read                   |
+------+------+-------------+------------------------------+
|  -128|      |             |-128                          |
|   127|      |             |127                           |
|      |-32768|             |-32768                        |
|      | 32767|             |32767                         |
|      |      |  -2147483648|-2147483648                   |
|      |      |   2147483647|2147483647                    |
|      |      |             |-10.000e+37                   |
|      |      |             |10.000e+37                    |
|      |      |             |-10.000e+37                   |
|      |      |             |10.000e+37                    |
|      |      |             |01-jan-1582                   |
|      |      |             |31-dec-2382                   |
|      |      |             |$-999999999999.99             |
|      |      |             |$ 999999999999.99             |
+------+------+-------------+------------------------------+
(14 rows)
>>
* select integer1, should_read from gca01 where integer1 = -128 \g
<<

+------+------------------------------+
|intege|should_read                   |
+------+------------------------------+
|  -128|-128                          |
+------+------------------------------+
(1 row)
>>
* select integer1, should_read from gca01 where integer1 = 127 \g
<<

+------+------------------------------+
|intege|should_read                   |
+------+------------------------------+
|   127| 127                          |
+------+------------------------------+
(1 row)
>>
* select integer2, should_read from gca01 where integer2 = -32768 \g
<<

+------+------------------------------+
|intege|should_read                   |
+------+------------------------------+
|-32768|-32768                        |
+------+------------------------------+
(1 row)
>>
* select integer2, should_read from gca01 where integer2 = 32767 \g
<<

+------+------------------------------+
|intege|should_read                   |
+------+------------------------------+
| 32767| 32767                        |
+------+------------------------------+
(1 row)
>>
* select integer4, should_read from gca01 where integer4 = -2147483648 \g
<<

+-------------+------------------------------+
|integer4     |should_read                   |
+-------------+------------------------------+
|  -2147483648|-2147483648                   |
+-------------+------------------------------+
(1 row)
>>
* select integer4, should_read from gca01 where integer4 = 2147483647 \g
<<

+-------------+------------------------------+
|integer4     |should_read                   |
+-------------+------------------------------+
|   2147483647|2147483647                    |
+-------------+------------------------------+
(1 row)
>>
* select float4,float8,should_read from gca01 \g
<<

+-----------+-----------+------------------------------+
|float4     |float8     |should_read                   |
+-----------+-----------+------------------------------+
|           |           |-128                          |
|           |           |127                           |
|           |           |-32768                        |
|           |           |32767                         |
|           |           |-2147483648                   |
|           |           |2147483647                    |
|-10.000e+37|           |-10.000e+37                   |
| 10.000e+37|           |10.000e+37                    |
|           |-10.000e+37|-10.000e+37                   |
|           | 10.000e+37|10.000e+37                    |
|           |           |01-jan-1582                   |
|           |           |31-dec-2382                   |
|           |           |$-999999999999.99             |
|           |           |$ 999999999999.99             |
+-----------+-----------+------------------------------+
(14 rows)
>>
<<

+-----------+-----------+------------------------------+
|float4     |float8     |should_read                   |
+-----------+-----------+------------------------------+
|           |           |-128                          |
|           |           |127                           |
|           |           |-32768                        |
|           |           |32767                         |
|           |           |-2147483648                   |
|           |           |2147483647                    |
|-1.000e+038|           |-10.000e+37                   |
| 1.000e+038|           |10.000e+37                    |
|           |-1.000e+038|-10.000e+37                   |
|           | 1.000e+038|10.000e+37                    |
|           |           |01-jan-1582                   |
|           |           |31-dec-2382                   |
|           |           |$-999999999999.99             |
|           |           |$ 999999999999.99             |
+-----------+-----------+------------------------------+
(14 rows)
>>
* select float4, should_read from gca01 where float4 > 0.99e+38 and float4 <= 1.000e-
+038 \g
<<

+-----------+------------------------------+
|float4     |should_read                   |
+-----------+------------------------------+
| 1.000e+038|10.000e+37                    |
+-----------+------------------------------+
(1 row)
>>
<<

+-----------+------------------------------+
|float4     |should_read                   |
+-----------+------------------------------+
| 10.000e+37|10.000e+37                    |
+-----------+------------------------------+
(1 row)
>>
* select float4, should_read from gca01 where float4 < -0.99e+38 and float4 >= -1.0e-
+038 \g
<<

+-----------+------------------------------+
|float4     |should_read                   |
+-----------+------------------------------+
|-1.000e+038|-10.000e+37                   |
+-----------+------------------------------+
(1 row)
>>
<<

+-----------+------------------------------+
|float4     |should_read                   |
+-----------+------------------------------+
|-10.000e+37|-10.000e+37                   |
+-----------+------------------------------+
(1 row)
>>
* select float8, should_read from gca01 
<<
~
>>
* where float8 > 0.99e+38 \g
<<

+-----------+------------------------------+
|float8     |should_read                   |
+-----------+------------------------------+
| 1.000e+038|10.000e+37                    |
+-----------+------------------------------+
(1 row)
>>
<<

+-----------+------------------------------+
|float8     |should_read                   |
+-----------+------------------------------+
| 10.000e+37|10.000e+37                    |
+-----------+------------------------------+
(1 row)
>>
* select float8, should_read from gca01
<<
~
>>
* where float8 < -0.99e+38 \g
<<

+-----------+------------------------------+
|float8     |should_read                   |
+-----------+------------------------------+
|-1.000e+038|-10.000e+37                   |
+-----------+------------------------------+
(1 row)
>>
<<

+-----------+------------------------------+
|float8     |should_read                   |
+-----------+------------------------------+
|-10.000e+37|-10.000e+37                   |
+-----------+------------------------------+
(1 row)
>>
* select date,money,should_read from gca01 \g
<<

+-------------------------+--------------------+------------------------------+
|date                     |money               |should_read                   |
+-------------------------+--------------------+------------------------------+
|                         |                    |-128                          |
|                         |                    |127                           |
|                         |                    |-32768                        |
|                         |                    |32767                         |
|                         |                    |-2147483648                   |
|                         |                    |2147483647                    |
|                         |                    |-10.000e+37                   |
|                         |                    |10.000e+37                    |
|                         |                    |-10.000e+37                   |
|                         |                    |10.000e+37                    |
|01-jan-1582              |                    |01-jan-1582                   |
|31-dec-2382              |                    |31-dec-2382                   |
|                         |   $-999999999999.99|$-999999999999.99             |
|                         |    $999999999999.99|$ 999999999999.99             |
+-------------------------+--------------------+------------------------------+
(14 rows)
>>
* select date, should_read from gca01 where date='01-jan-1582' \g
<<

+-------------------------+------------------------------+
|date                     |should_read                   |
+-------------------------+------------------------------+
|01-jan-1582              |01-jan-1582                   |
+-------------------------+------------------------------+
(1 row)
>>
* select date, should_read from gca01 where date='31-dec-2382' \g
<<

+-------------------------+------------------------------+
|date                     |should_read                   |
+-------------------------+------------------------------+
|31-dec-2382              |31-dec-2382                   |
+-------------------------+------------------------------+
(1 row)
>>
* select money, should_read from gca01 where money = '$-999999999999.99'\g
<<

+--------------------+------------------------------+
|money               |should_read                   |
+--------------------+------------------------------+
|   $-999999999999.99|$-999999999999.99             |
+--------------------+------------------------------+
(1 row)
>>
* select money, should_read from gca01 where money = '$999999999999.99'\g
<<

+--------------------+------------------------------+
|money               |should_read                   |
+--------------------+------------------------------+
|    $999999999999.99|$ 999999999999.99             |
+--------------------+------------------------------+
(1 row)
>>
* drop table gca01;\g
<<
~
>>
* create table gca01 ( integer1 i1 with null,integer2 i2 with null, integer4 i4 with-
 null,float4 f4 with null,float8 f8 with null,date date with null,money money with n-
ull,should_read char(30) with null) with duplicates;\g
<<
>>
* copy gca01 ( ) from 'gca01c.res';\g
<<
(14 rows)
>>
* select integer1,integer2,integer4,should_read from gca01 \g
<<

+------+------+-------------+------------------------------+
|intege|intege|integer4     |should_read                   |
+------+------+-------------+------------------------------+
|  -128|      |             |-128                          |
|   127|      |             |127                           |
|      |-32768|             |-32768                        |
|      | 32767|             |32767                         |
|      |      |  -2147483648|-2147483648                   |
|      |      |   2147483647|2147483647                    |
|      |      |             |-10.000e+37                   |
|      |      |             |10.000e+37                    |
|      |      |             |-10.000e+37                   |
|      |      |             |10.000e+37                    |
|      |      |             |01-jan-1582                   |
|      |      |             |31-dec-2382                   |
|      |      |             |$-999999999999.99             |
|      |      |             |$ 999999999999.99             |
+------+------+-------------+------------------------------+
(14 rows)
>>
* select integer1, should_read from gca01 where integer1 = -128 \g
<<

+------+------------------------------+
|intege|should_read                   |
+------+------------------------------+
|  -128|-128                          |
+------+------------------------------+
(1 row)
>>
* select integer1, should_read from gca01 where integer1 = 127 \g
<<

+------+------------------------------+
|intege|should_read                   |
+------+------------------------------+
|   127| 127                          |
+------+------------------------------+
(1 row)
>>
* select integer2, should_read from gca01 where integer2 = -32768 \g
<<

+------+------------------------------+
|intege|should_read                   |
+------+------------------------------+
|-32768|-32768                        |
+------+------------------------------+
(1 row)
>>
* select integer2, should_read from gca01 where integer2 = 32767 \g
<<

+------+------------------------------+
|intege|should_read                   |
+------+------------------------------+
| 32767| 32767                        |
+------+------------------------------+
(1 row)
>>
* select integer4, should_read from gca01 where integer4 = -2147483648 \g
<<

+-------------+------------------------------+
|integer4     |should_read                   |
+-------------+------------------------------+
|  -2147483648|-2147483648                   |
+-------------+------------------------------+
(1 row)
>>
* select integer4, should_read from gca01 where integer4 = 2147483647 \g
<<

+-------------+------------------------------+
|integer4     |should_read                   |
+-------------+------------------------------+
|   2147483647|2147483647                    |
+-------------+------------------------------+
(1 row)
>>
* select float4,float8,should_read from gca01 \g
<<

+-----------+-----------+------------------------------+
|float4     |float8     |should_read                   |
+-----------+-----------+------------------------------+
|           |           |-128                          |
|           |           |127                           |
|           |           |-32768                        |
|           |           |32767                         |
|           |           |-2147483648                   |
|           |           |2147483647                    |
|-10.000e+37|           |-10.000e+37                   |
| 10.000e+37|           |10.000e+37                    |
|           |-10.000e+37|-10.000e+37                   |
|           | 10.000e+37|10.000e+37                    |
|           |           |01-jan-1582                   |
|           |           |31-dec-2382                   |
|           |           |$-999999999999.99             |
|           |           |$ 999999999999.99             |
+-----------+-----------+------------------------------+
(14 rows)
>>
<<

+-----------+-----------+------------------------------+
|float4     |float8     |should_read                   |
+-----------+-----------+------------------------------+
|           |           |-128                          |
|           |           |127                           |
|           |           |-32768                        |
|           |           |32767                         |
|           |           |-2147483648                   |
|           |           |2147483647                    |
|-1.000e+038|           |-10.000e+37                   |
| 1.000e+038|           |10.000e+37                    |
|           |-1.000e+038|-10.000e+37                   |
|           | 1.000e+038|10.000e+37                    |
|           |           |01-jan-1582                   |
|           |           |31-dec-2382                   |
|           |           |$-999999999999.99             |
|           |           |$ 999999999999.99             |
+-----------+-----------+------------------------------+
(14 rows)
>>
* select float4, should_read from gca01 where float4 < -0.99e+38 and float4 >= -1.00-
0e+038 \g
<<

+-----------+------------------------------+
|float4     |should_read                   |
+-----------+------------------------------+
|-1.000e+038|-10.000e+37                   |
+-----------+------------------------------+
(1 row)
>>
<<

+-----------+------------------------------+
|float4     |should_read                   |
+-----------+------------------------------+
|-10.000e+37|-10.000e+37                   |
+-----------+------------------------------+
(1 row)
>>
* select float4, should_read from gca01 where float4 > 0.99e+38 and float4 <= 1.0e+0-
38 \g
<<

+-----------+------------------------------+
|float4     |should_read                   |
+-----------+------------------------------+
| 1.000e+038|10.000e+37                    |
+-----------+------------------------------+
(1 row)
>>
<<

+-----------+------------------------------+
|float4     |should_read                   |
+-----------+------------------------------+
| 10.000e+37|10.000e+37                    |
+-----------+------------------------------+
(1 row)
>>
* select float8, should_read from gca01 where float8 > 0.99e+38 and float8 <= 1.0e+0-
38 \g
<<

+-----------+------------------------------+
|float8     |should_read                   |
+-----------+------------------------------+
| 1.000e+038|10.000e+37                    |
+-----------+------------------------------+
(1 row)
>>
<<

+-----------+------------------------------+
|float8     |should_read                   |
+-----------+------------------------------+
| 10.000e+37|10.000e+37                    |
+-----------+------------------------------+
(1 row)
>>
* select float8, should_read from gca01 where float8 < -0.99e+38 and float8 >= -1.00-
0e+038 \g
<<

+-----------+------------------------------+
|float8     |should_read                   |
+-----------+------------------------------+
|-1.000e+038|-10.000e+37                   |
+-----------+------------------------------+
(1 row)
>>
<<

+-----------+------------------------------+
|float8     |should_read                   |
+-----------+------------------------------+
|-10.000e+37|-10.000e+37                   |
+-----------+------------------------------+
(1 row)
>>
* select date,money,should_read from gca01 \g
<<

+-------------------------+--------------------+------------------------------+
|date                     |money               |should_read                   |
+-------------------------+--------------------+------------------------------+
|                         |                    |-128                          |
|                         |                    |127                           |
|                         |                    |-32768                        |
|                         |                    |32767                         |
|                         |                    |-2147483648                   |
|                         |                    |2147483647                    |
|                         |                    |-10.000e+37                   |
|                         |                    |10.000e+37                    |
|                         |                    |-10.000e+37                   |
|                         |                    |10.000e+37                    |
|01-jan-1582              |                    |01-jan-1582                   |
|31-dec-2382              |                    |31-dec-2382                   |
|                         |   $-999999999999.99|$-999999999999.99             |
|                         |    $999999999999.99|$ 999999999999.99             |
+-------------------------+--------------------+------------------------------+
(14 rows)
>>
* select date, should_read from gca01 where date='01-jan-1582' \g
<<

+-------------------------+------------------------------+
|date                     |should_read                   |
+-------------------------+------------------------------+
|01-jan-1582              |01-jan-1582                   |
+-------------------------+------------------------------+
(1 row)
>>
* select date, should_read from gca01 where date='31-dec-2382' \g
<<

+-------------------------+------------------------------+
|date                     |should_read                   |
+-------------------------+------------------------------+
|31-dec-2382              |31-dec-2382                   |
+-------------------------+------------------------------+
(1 row)
>>
* select money, should_read from gca01 where money = '$-999999999999.99'\g
<<

+--------------------+------------------------------+
|money               |should_read                   |
+--------------------+------------------------------+
|   $-999999999999.99|$-999999999999.99             |
+--------------------+------------------------------+
(1 row)
>>
* select money, should_read from gca01 where money = '$999999999999.99'\g
<<

+--------------------+------------------------------+
|money               |should_read                   |
+--------------------+------------------------------+
|    $999999999999.99|$ 999999999999.99             |
+--------------------+------------------------------+
(1 row)
>>
* drop table gca01;\g
<<
~
>>
* \q
<<
~
>>
? delete gca01a.res 
<<
file was deleted
>>
? delete gca01b.res 
<<
file was deleted
>>
? delete gca01c.res 
<<
file was deleted
>>


Ending at: 14-MAY-1993 09:15:57
