/*
	Test Name    : eaa00.sep
	Time	     :
	User Name    : testenv   
 
	Test ID      : eaa00
	Module       :
	Filename     : eaa00.sep
	Purpose	     : setup for other qryproc tests.
	Input Files  : j.dat, p.dat, s.dat, spj.dat
	Output Files : none
	Database     : SEPPARAMDB
	Tables       : s, p, j, sp, spj
	Synopsis     : Just create the tables.
	History      :
		11-01-91 Created by CAMACHO
		12-17-91 Changed from eba00.sep to eaa00.sep so that 
			It will always be executed first.CAMACHO
	  23-Mar-1999 (vande02) Hard-coded VPG_SZ to 2K and changed 'sql -s
				SEPPARAMDB' canon to be empty, in order to
				catch the msg. "TM could not connect..." if the
				test database did not exist.
*/
? fill j.dat 
!!
j1	sorter  	paris 
j2	punch   	rome  
j3	reader  	athens
j4	console 	athens
j5	collator	london
j6	terminal	oslo  
j7	tape    	london
!!
? fill s.dat 
!!
s5	adams 	    30	athens    
s3	blake 	    30	paris     
s4	clark 	    20	london    
s2	jones 	    10	paris     
s1	smith 	    20	london    
!!
? fill p.dat 
!!
p1	nut       	red   	    12	london    
p2	bolt      	green 	    17	paris     
p3	screw     	blue  	    17	rome      
p4	screw     	red   	    14	london    
p5	cam       	blue  	    12	paris     
p6	cog       	red   	    19	london    
!!
? fill sp.dat 
!!
s1	p1	   300
s1	p2	   200
s1	p3	   400
s1	p4	   200
s1	p5	   100
s1	p6	   100
s2	p1	   300
s2	p2	   400
s3	p2	   200
s4	p2	   200
s4	p4	   300
s4	p5	   400
!!
? fill spj.dat 
!!
s1	p1	j1	   200
s1	p1	j4	   700
s2	p3	j1	   400
s2	p3	j2	   200
s2	p3	j3	   200
s2	p3	j4	   500
s2	p3	j5	   600
s2	p3	j6	   400
s2	p3	j7	   800
s2	p5	j2	   100
s3	p3	j1	   200
s3	p4	j2	   500
s4	p6	j3	   300
s4	p6	j7	   300
s5	p2	j2	   200
s5	p2	j4	   100
s5	p5	j5	   500
s5	p5	j7	   100
s5	p6	j2	   200
s5	p1	j4	   100
s5	p3	j4	   200
s5	p4	j4	   800
s5	p5	j4	   400
s5	p6	j4	   500
!!
? sql -s SEPPARAMDB 
<<

>>
* drop table j;\g
<<
~
>>
* create table j (jno text(2) with null, jname text(8) with null, 
<<
>>
*	city text(6) with null) with noduplicates,page_size=2048;\g
<<
>>
* copy table j (jno = c0tab, jname = c0tab, city = c0nl ) from 'j.dat'\g
<<
(7 rows)
>>
* drop table p;\g
<<
~
>>
* create table p(pno text(2) with null, pname text(10) with null, 
<<
>>
* 		color text(6) with null, weight i2 with null, 
<<
>>
*		city text(10) with null) 
<<
>>
* 		with duplicates,page_size=2048;\g
<<
>>
* copy table p (pno = c0tab, pname = c0tab, color = c0tab, 
<<
>>
*	weight = c0tab, city = c0nl ) from 'p.dat';\g
<<
(6 rows)
>>
* drop table s;\g
<<
~
>>
* create table s (sno text(2) with null, sname text(6) with null, 
<<
>>
* 		status i2 with null, city text(10) with null) 
<<
>>
*		with duplicates,page_size=2048;\g
<<
>>
* copy table s (sno = c0tab, sname = c0tab, status = c0tab, city =c0nl) 
<<
>>
* 		from 's.dat'\g
<<
(5 rows)
>>
* drop table sp;\g
<<
~
>>
* create table sp (sno text(2) with null, pno text(2) with null, 
<<
>>
* 		qty i2 with null) with duplicates,page_size=2048;\g
<<
>>
* copy table sp (sno = c0tab, pno = c0tab, qty = c0nl) from 'sp.dat'\g
<<
(12 rows)
>>
* drop table spj;\g
<<
~
>>
* create table spj (sno text(2) with null, pno text(2) with null, 
<<
>>
* 		jno text(2) with null, qty i2 with null) 
<<
>>
*		with noduplicates,page_size=2048;\g
<<
>>
* copy table spj (sno = c0tab, pno = c0tab, jno	= c0tab, qty =c0nl)
<<
>>
* 		from 'spj.dat'\g
<<
(24 rows)
>>
* select * from j order by jno;\g
<<

+------+--------+------+
|jno   |jname   |city  |
+------+--------+------+
|j1    |sorter  |paris |
|j2    |punch   |rome  |
|j3    |reader  |athens|
|j4    |console |athens|
|j5    |collator|london|
|j6    |terminal|oslo  |
|j7    |tape    |london|
+------+--------+------+
(7 rows)
>>
* select * from p order by pno;\g
<<

+------+----------+------+------+----------+
|pno   |pname     |color |weight|city      |
+------+----------+------+------+----------+
|p1    |nut       |red   |    12|london    |
|p2    |bolt      |green |    17|paris     |
|p3    |screw     |blue  |    17|rome      |
|p4    |screw     |red   |    14|london    |
|p5    |cam       |blue  |    12|paris     |
|p6    |cog       |red   |    19|london    |
+------+----------+------+------+----------+
(6 rows)
>>
* select * from s order by sno;\g
<<

+------+------+------+----------+
|sno   |sname |status|city      |
+------+------+------+----------+
|s1    |smith |    20|london    |
|s2    |jones |    10|paris     |
|s3    |blake |    30|paris     |
|s4    |clark |    20|london    |
|s5    |adams |    30|athens    |
+------+------+------+----------+
(5 rows)
>>
* select * from spj order by sno,pno,jno\g
<<

+------+------+------+------+
|sno   |pno   |jno   |qty   |
+------+------+------+------+
|s1    |p1    |j1    |   200|
|s1    |p1    |j4    |   700|
|s2    |p3    |j1    |   400|
|s2    |p3    |j2    |   200|
|s2    |p3    |j3    |   200|
|s2    |p3    |j4    |   500|
|s2    |p3    |j5    |   600|
|s2    |p3    |j6    |   400|
|s2    |p3    |j7    |   800|
|s2    |p5    |j2    |   100|
|s3    |p3    |j1    |   200|
|s3    |p4    |j2    |   500|
|s4    |p6    |j3    |   300|
|s4    |p6    |j7    |   300|
|s5    |p1    |j4    |   100|
|s5    |p2    |j2    |   200|
|s5    |p2    |j4    |   100|
|s5    |p3    |j4    |   200|
|s5    |p4    |j4    |   800|
|s5    |p5    |j4    |   400|
|s5    |p5    |j5    |   500|
|s5    |p5    |j7    |   100|
|s5    |p6    |j2    |   200|
|s5    |p6    |j4    |   500|
+------+------+------+------+
(24 rows)
>>
* select * from sp order by sno,pno,qty;\g
<<

+------+------+------+
|sno   |pno   |qty   |
+------+------+------+
|s1    |p1    |   300|
|s1    |p2    |   200|
|s1    |p3    |   400|
|s1    |p4    |   200|
|s1    |p5    |   100|
|s1    |p6    |   100|
|s2    |p1    |   300|
|s2    |p2    |   400|
|s3    |p2    |   200|
|s4    |p2    |   200|
|s4    |p4    |   300|
|s4    |p5    |   400|
+------+------+------+
(12 rows)
>>
* \q
<<
>>


Ending at: Wed Nov  6 15:05:42 1991



