/*
	Test Name    : eaa04.sep
	Time	     : 27-JUL-1989 12:34:05
	User Name    : testenv   
 
	Test ID      : eaa04 (formerly af005)
	Module       : 
	Filename     : eaa04.sep
	Purpose	     : test self joins
	Input Files  : none
	Output Files : none
	Database     : SEPPARAMDB
	Tables       : s, p, j, eaa04_spj
	Synopsis     : self joins
	History      :  --------- claire l. created.
		        mar 28/89 sgp modified to add to test suite
		        jul 27/89 larryh converted to sep format

	Setup Test   : eaa00.sep	
          12-Aug-1993	(garys) updated canon to accept new 65 error # and
				message for invalid/out-of-scope qualifier
				for table reference.
*/
	  23-Mar-1999 (vande02) Hard-coded VPG_SZ to 2K and changed 'sql -s
                                SEPPARAMDB' canon to be empty, in order to
                                catch the msg. "TM could not connect..." if the
                                test database did not exist.
? sql -s SEPPARAMDB 
<<

>>
* drop table eaa04_spj;\g
<<
~
>>
* create table eaa04_spj as 
<<
>>
*	(select * from spj) with page_size=2048;\g
<<
(24 rows)
>>
* select * from j;\g
<<

+------+--------+------+
|jno   |jname   |city  |
+------+--------+------+
|j1    |sorter  |paris |
|j2    |punch   |rome  |
|j3    |reader  |athens|
|j4    |console |athens|
|j5    |collator|london|
|j6    |terminal|oslo  |
|j7    |tape    |london|
+------+--------+------+
(7 rows)
>>
* select * from p;\g
<<

+------+----------+------+------+----------+
|pno   |pname     |color |weight|city      |
+------+----------+------+------+----------+
|p1    |nut       |red   |    12|london    |
|p2    |bolt      |green |    17|paris     |
|p3    |screw     |blue  |    17|rome      |
|p4    |screw     |red   |    14|london    |
|p5    |cam       |blue  |    12|paris     |
|p6    |cog       |red   |    19|london    |
+------+----------+------+------+----------+
(6 rows)
>>
* select * from s;\g
<<

+------+------+------+----------+
|sno   |sname |status|city      |
+------+------+------+----------+
|s5    |adams |    30|athens    |
|s3    |blake |    30|paris     |
|s4    |clark |    20|london    |
|s2    |jones |    10|paris     |
|s1    |smith |    20|london    |
+------+------+------+----------+
(5 rows)
>>
* select * from eaa04_spj;\g
<<

+------+------+------+------+
|sno   |pno   |jno   |qty   |
+------+------+------+------+
|s1    |p1    |j1    |   200|
|s1    |p1    |j4    |   700|
|s2    |p3    |j1    |   400|
|s2    |p3    |j2    |   200|
|s2    |p3    |j3    |   200|
|s2    |p3    |j4    |   500|
|s2    |p3    |j5    |   600|
|s2    |p3    |j6    |   400|
|s2    |p3    |j7    |   800|
|s2    |p5    |j2    |   100|
|s3    |p3    |j1    |   200|
|s3    |p4    |j2    |   500|
|s4    |p6    |j3    |   300|
|s4    |p6    |j7    |   300|
|s5    |p2    |j2    |   200|
|s5    |p2    |j4    |   100|
|s5    |p5    |j5    |   500|
|s5    |p5    |j7    |   100|
|s5    |p6    |j2    |   200|
|s5    |p1    |j4    |   100|
|s5    |p3    |j4    |   200|
|s5    |p4    |j4    |   800|
|s5    |p5    |j4    |   400|
|s5    |p6    |j4    |   500|
+------+------+------+------+
(24 rows)
>>
* select distinct eaa04_spjx.jno from eaa04_spj eaa04_spjx 
<<
>>
*		where exists 
<<
>>
*	(select * from eaa04_spj eaa04_spjy 
<<
>>
*		where eaa04_spjy.pno = eaa04_spjx.pno  
<<
>>
*			and eaa04_spjy.sno = 's1');\g
<<

+------+
|jno   |
+------+
|j1    |
|j4    |
+------+
(2 rows)
>>
* select distinct eaa04_spjx.sno from eaa04_spj eaa04_spjx 
<<
>>
*		where eaa04_spjx.pno = 'p1' and eaa04_spjx.qty > 
<<
>>
*	(select avg(eaa04_spjy.qty) from eaa04_spj eaa04_spjy  
<<
>>
*		where eaa04_spjy.pno = 'p1' 
<<
>>
*			and eaa04_spjy.jno = eaa04_spjx.jno);\g
<<

+------+
|sno   |
+------+
|s1    |
+------+
(1 row)
>>
* select j.jno from j 
<<
>>
*		where not exists 
<<
>>
*	(select * from eaa04_spj 
<<
>>
*		where eaa04_spj.jno=j.jno and eaa04_spj.pno in 
<<
>>
*	(select p.pno from p 
<<
>>
*		where p.color = 'red') and eaa04_spj.sno in 
<<
>>
*	(select s.sno from s 
<<
>>
*		where s.city = 'London'));\g
<<

+------+
|jno   |
+------+
|j1    |
|j2    |
|j3    |
|j4    |
|j5    |
|j6    |
|j7    |
+------+
(7 rows)
>>
* select distinct eaa04_spjx.jno from eaa04_spj eaa04_spjx 
<<
>>
*		where not exists 
<<
>>
*	(select * from eaa04_spj eaa04_spjy 
<<
>>
*		where eaa04_spjy.jno=eaa04_spjx.jno 
<<
>>
*			and eaa04_spjy.sno <> 's1');\g
<<

+------+
|jno   |
+------+
+------+
(0 rows)
>>
* select distinct eaa04_spjx.pno from eaa04_spj eaa04_spjx 
<<
>>
*		where not exists 
<<
>>
*	(select * from j 
<<
>>
*		where j.city = 'London' and not exists 
<<
>>
*	(select * from eaa04_spj eaa04_spjy 
<<
>>
*		where eaa04_spjy.pno = eaa04_spjx.pno 
<<
>>
*			and eaa04_spjy.jno = j.jno));\g
<<

+------+
|pno   |
+------+
|p1    |
|p2    |
|p3    |
|p4    |
|p5    |
|p6    |
+------+
(6 rows)
>>
* select distinct eaa04_spjx.sno from eaa04_spj eaa04_spjx 
<<
>>
*		where exists 
<<
>>
*	(select eaa04_spjy.pno from eaa04_spj eaa04_spjy 
<<
>>
*		where not exists 
<<
>>
*	(select j.jno from j 
<<
>>
*		where not exists 
<<
>>
*	(select * from eaa04_spj eaa04_spjz 
<<
>>
*		where eaa04_spjz.sno = eaa04_spjx.sno 
<<
>>
*			and eaa04_spjz.pno = eaa04_spjy.pno 
<<
>>
*			and eaa04_spjz.jno = j.jno )));\g
<<

+------+
|sno   |
+------+
|s2    |
+------+
(1 row)
>>
* select distinct eaa04_spjx.jno from eaa04_spj eaa04_spjx 
<<
>>
*		where not exists 
<<
>>
*	(select eaa04_spjy.pno 
<<
>>
* from eaa04_spj eaa04_spjy 
<<
>>
*		where eaa04_spjy.sno = 's1' and not exists 
<<
>>
*	(select * from eaa04_spj eaa04_spjz  
<<
>>
*		where eaa04_spjz.pno = eaa04_spjy.pno and eaa04_spjz.jno = eaa04_spjx.jno));\g
<<

+------+
|jno   |
+------+
|j1    |
|j4    |
+------+
(2 rows)
>>
* select * from eaa04_spj eaa04_spjy 
<<
>>
*		where eaa04_spjy.jno=eaa04_spj.jno and not exists 
<<
>>
*	(select * from eaa04_spj eaa04_spjz 
<<
>>
*		where eaa04_spjz.pno=eaa04_spjy.pno 
<<
>>
*			and eaa04_spjz.sno='s1');\g
/*
*/
<<
E_PS0461 A <column reference> contained a <qualifier> 'eaa04_spj' 
    which did not correspond to any of the <table reference>s 
    within whose scope the <column reference> appeared.
    (Thu Aug 12 12:19:45 1993)

>>
* select eaa04_spjy.pno, eaa04_spjy.jno from eaa04_spj eaa04_spjy 
<<
>>
*		where eaa04_spjy.jno=eaa04_spj.jno and not exists 
<<
>>
*	(select * from eaa04_spj eaa04_spjz 
<<
>>
*		where eaa04_spjz.pno=eaa04_spjy.pno 
<<
>>
*			and eaa04_spjz.sno='s1');\g
/*
*/
<<
E_PS0461 A <column reference> contained a <qualifier> 'eaa04_spj' 
    which did not correspond to any of the <table reference>s 
    within whose scope the <column reference> appeared.
    (Thu Aug 12 12:19:55 1993)

>>
* select eaa04_spjy.jno from eaa04_spj eaa04_spjy 
<<
>>
*		where eaa04_spjy.jno=eaa04_spj.jno and not exists 
<<
>>
*	(select * from eaa04_spj eaa04_spjz 
<<
>>
*		where eaa04_spjz.pno=eaa04_spjy.pno 
<<
>>
*			and eaa04_spjz.sno='s1');\g
/*
*/
<<
E_PS0461 A <column reference> contained a <qualifier> 'eaa04_spj' 
    which did not correspond to any of the <table reference>s 
    within whose scope the <column reference> appeared.
    (Thu Aug 12 12:19:59 1993)

>>
* select distinct eaa04_spjx.jno from eaa04_spj eaa04_spjx 
<<
>>
*		where not exists 
<<
>>
*	(select * from eaa04_spj eaa04_spjy 
<<
>>
*		where eaa04_spjy.jno = eaa04_spjx.jno and not exists 
<<
>>
*	(select * from eaa04_spj eaa04_spjz 
<<
>>
*		where eaa04_spjz.pno = eaa04_spjy.pno 
<<
>>
*			and eaa04_spjz.sno = 's1'));\g
<<

+------+
|jno   |
+------+
+------+
(0 rows)
>>
* select distinct eaa04_spjx.jno from eaa04_spj eaa04_spjx 
<<
>>
*		where not exists 
<<
>>
*	(select * from eaa04_spj eaa04_spjy 
<<
>>
*		where exists 
<<
>>
*	(select * from eaa04_spj eaa04_spja 
<<
>>
*		where eaa04_spja.sno = 's1' 
<<
>>
*			and eaa04_spja.pno = eaa04_spjy.pno) and not exists 
<<
>>
*	(select * from eaa04_spj eaa04_spjb 
<<
>>
*		where eaa04_spjb.sno = 's1' 
<<
>>
* 			and eaa04_spjb.pno = eaa04_spjy.pno 
<<
>>
*			and eaa04_spjb.jno = eaa04_spjx.jno));\g
<<

+------+
|jno   |
+------+
|j1    |
|j4    |
+------+
(2 rows)
>>
* select distinct eaa04_spjx.jno from eaa04_spj eaa04_spjx 
<<
>>
*		where not exists 
<<
>>
*	(select * from eaa04_spj eaa04_spjy 
<<
>>
*		where exists 
<<
>>
*	(select * from eaa04_spj eaa04_spja 
<<
>>
*		where eaa04_spja.sno = 's1' 
<<
>>
*			and eaa04_spja.pno = eaa04_spjy.pno 
<<
>>
*			and eaa04_spja.jno = eaa04_spjx.jno) 
<<
>>
* 			and not exists 
<<
>>
*	(select * from eaa04_spj eaa04_spjb 
<<
>>
*		where eaa04_spjb.sno = 's1' 
<<
>>
* 			and eaa04_spjb.pno = eaa04_spjy.pno 
<<
>>
*			and eaa04_spjb.jno = eaa04_spjx.jno));\g
<<

+------+
|jno   |
+------+
|j1    |
|j2    |
|j3    |
|j4    |
|j5    |
|j6    |
|j7    |
+------+
(7 rows)
>>
* select distinct eaa04_spjx.jno from eaa04_spj eaa04_spjx where not exists 
<<
>>
*	(select * from eaa04_spj eaa04_spjy where exists 
<<
>>
*	(select * from eaa04_spj eaa04_spja 
<<
>>
* 		where eaa04_spja.sno = eaa04_spjy.sno and eaa04_spja.pno in 
<<
>>
*	(select p.pno from p  
<<
>>
* 		where p.color = 'red') and not exists 
<<
>>
*	(select * from eaa04_spj eaa04_spjb 
<<
>>
* 		where eaa04_spjb.sno = eaa04_spjy.sno 
<<
>>
*			and eaa04_spjb.jno = eaa04_spjx.jno)));\g
<<

+------+
|jno   |
+------+
+------+
(0 rows)
>>
* modify eaa04_spj to btree on sno, jno, pno with page_size= 2048;\g
<<
(24 rows)
>>
* select distinct eaa04_spjx.sno from eaa04_spj eaa04_spjx where exists 
<<
>>
*	(select eaa04_spjy.pno from eaa04_spj eaa04_spjy where not exists 
<<
>>
*	(select j.jno from j  where not exists 
<<
>>
*	(select * from eaa04_spj eaa04_spjz 
<<
>>
*		where eaa04_spjz.sno= eaa04_spjx.sno 
<<
>>
*			and eaa04_spjz.pno = eaa04_spjy.pno 
<<
>>
* 			and eaa04_spjz.jno = j.jno)));\g
/*
 supplier number for suppliers who supply the same 
 part to all projects. This should just get 1 row with s2.
*/
<<

+------+
|sno   |
+------+
|s2    |
+------+
(1 row)
>>
* select distinct eaa04_spjx.jno from eaa04_spj eaa04_spjx where not exists 
<<
>>
*	(select * from eaa04_spj eaa04_spjy where exists 
<<
>>
*	(select * from eaa04_spj eaa04_spja 
<<
>>
* 		where eaa04_spja.sno = 's1' 
<<
>>
*			and eaa04_spja.pno = eaa04_spjy.pno) and not exists 
<<
>>
*	(select * from eaa04_spj eaa04_spjb 
<<
>>
*		where eaa04_spjb.sno = 's1' 
<<
>>
*			and eaa04_spjb.pno = eaa04_spjy.pno 
<<
>>
*			and eaa04_spjb.jno = eaa04_spjx.jno));\g
/*
 project numbers for projects that are supplied by s1 with some of every part 
 that supplier s1 supplies.  This should give 2 rows, j1 and j4.
*/
<<

+------+
|jno   |
+------+
|j1    |
|j4    |
+------+
(2 rows)
>>
* drop table eaa04_spj ;\g
<<
~
>>
* \q
<<
>>


Ending at: Thu Aug 12 12:20:13 1993
