/*

Copyright (c) 2004 Ingres Corporation


	Test Name: qp009
	Time: 31-JUL-1989 11:31:25
	User Name: testenv
 
	Test ID : qp009 (formerly ag010)
	Module  : 
	Filename: qp009.sep
	Purpose	:
	Input Files  : none
	Output Files : none
	Database     : SEPPARAMDB
	Tables       : s, p, sp
	Synopsis     : subselects using the ALL function
	History	: --------- claire l. created.
		mar 28/89 sgp modified to add to test suite.
	        Nov. 6,91 converted to using setup test. CAMACHO
	Setup Test   : qp000.sep
	23-Mar-1999   (vande02) Changed 'sql -s SEPPARAMDB' canon to be empty,
                                in order to catch the msg. "TM could not connect
                                ..." if the test database did not exist.
        29-Nov-2004   (legru01) Added "order by" clauses to the select *
        			statements to control how returned results
        			are displayed.
          30-Jan-2006	(boija02) Updated copyright info for Ingres Corp.

*/
? sql -s SEPPARAMDB 
<<

>>
* select * from p order by pno;\g
<<

+------+----------+------+------+----------+
|pno   |pname     |color |weight|city      |
+------+----------+------+------+----------+
|p1    |nut       |red   |    12|london    |
|p2    |bolt      |green |    17|paris     |
|p3    |screw     |blue  |    17|rome      |
|p4    |screw     |red   |    14|london    |
|p5    |cam       |blue  |    12|paris     |
|p6    |cog       |red   |    19|london    |
+------+----------+------+------+----------+
(6 rows)
>>
* select * from s order by sname;\g
<<

+------+------+------+----------+
|sno   |sname |status|city      |
+------+------+------+----------+
|s5    |adams |    30|athens    |
|s3    |blake |    30|paris     |
|s4    |clark |    20|london    |
|s2    |jones |    10|paris     |
|s1    |smith |    20|london    |
+------+------+------+----------+
(5 rows)
>>
* select sno, pno, qty from sp order by 1,2;\g
<<

+------+------+------+
|sno   |pno   |qty   |
+------+------+------+
|s1    |p1    |   300|
|s1    |p2    |   200|
|s1    |p3    |   400|
|s1    |p4    |   200|
|s1    |p5    |   100|
|s1    |p6    |   100|
|s2    |p1    |   300|
|s2    |p2    |   400|
|s3    |p2    |   200|
|s4    |p2    |   200|
|s4    |p4    |   300|
|s4    |p5    |   400|
+------+------+------+
(12 rows)
>>
* select sname from s where 'p2' != all 
<<
>>
*	(select pno from sp where sno = s.sno);\g
<<

+------+
|sname |
+------+
|adams |
+------+
(1 row)
>>
* select distinct sp.sno from sp where sp.qty > all 
<<
>>
*	(select sp.qty from sp where sp.sno='s3') order by sno\g
<<

+------+
|sno   |
+------+
|s1    |
|s2    |
|s4    |
+------+
(3 rows)
>>
* select * from p where pno > all ( select pno from sp where qty=100 );\g
<<

+------+----------+------+------+----------+
|pno   |pname     |color |weight|city      |
+------+----------+------+------+----------+
+------+----------+------+------+----------+
(0 rows)
>>
* select * from p  where pno < all ( select pno from sp where qty=100 ) order by pno;\g
<<

+------+----------+------+------+----------+
|pno   |pname     |color |weight|city      |
+------+----------+------+------+----------+
|p1    |nut       |red   |    12|london    |
|p2    |bolt      |green |    17|paris     |
|p3    |screw     |blue  |    17|rome      |
|p4    |screw     |red   |    14|london    |
+------+----------+------+------+----------+
(4 rows)
>>
* select * from p where pno >= all ( select pno from sp where qty=100 );\g
<<

+------+----------+------+------+----------+
|pno   |pname     |color |weight|city      |
+------+----------+------+------+----------+
|p6    |cog       |red   |    19|london    |
+------+----------+------+------+----------+
(1 row)
>>
* select * from p  where pno <= all ( select pno from sp where qty=100 ) order by pno;\g
<<

+------+----------+------+------+----------+
|pno   |pname     |color |weight|city      |
+------+----------+------+------+----------+
|p1    |nut       |red   |    12|london    |
|p2    |bolt      |green |    17|paris     |
|p3    |screw     |blue  |    17|rome      |
|p4    |screw     |red   |    14|london    |
|p5    |cam       |blue  |    12|paris     |
+------+----------+------+------+----------+
(5 rows)
>>
* select * from p where pno = all ( select pno from sp where qty=100 );\g
<<

+------+----------+------+------+----------+
|pno   |pname     |color |weight|city      |
+------+----------+------+------+----------+
+------+----------+------+------+----------+
(0 rows)
>>
* select * from p  where pno != all (select pno from sp where qty=100 ) order by pno;\g
<<

+------+----------+------+------+----------+
|pno   |pname     |color |weight|city      |
+------+----------+------+------+----------+
|p1    |nut       |red   |    12|london    |
|p2    |bolt      |green |    17|paris     |
|p3    |screw     |blue  |    17|rome      |
|p4    |screw     |red   |    14|london    |
+------+----------+------+------+----------+
(4 rows)
>>
* \q
<<
>>

Ending at: 18-AUG-1989 16:53:20

