/*
	Test Name: eba13.sep
	Time: Mon Nov  4 13:59:35 1991
	User Name: testenv
	Terminal type: septerm
 
	Test ID : eba13
	Module  : 
	Filename: eba13.sep
	Purpose	: Test for bug #37972
	Input Files  :
	Output Files :
	Database     : SEPPARAMDB
	Tables       : eba13_t1, eba13_t2
	Synopsis     : create tables and give one query to test for 
			bug #37972.

	History: 11-4-91 converted to sep script by CAMACHO
          25-Jun-1997	(cheis01)
			Word "outer" becomes a reserved word causing
			syntex error, thus replace "outer" with "out_er".
	  23-Mar-1999   (vande02) Hard-coded VPG_SZ to 2K and changed 'sql -s
			SEPPARAMDB' canon to be empty, in order to catch the
			msg. "TM could not connect ..." if the test database
			did not exist.
*/
? sql -s SEPPARAMDB 
<<

>>
* set autocommit on;\g
<<
>>
* drop table eba13_t1;\g
<<
~
>>
* drop table eba13_t2;\g
<<
~
>>
* create table eba13_t1 (a integer, b char(1), c char(1)) with page_size=2048;\g
<<
>>
* create table eba13_t2 (a integer, b integer, c char(1)) with page_size=2048;\g
<<
>>
* insert into eba13_t1 values(1,'a', 'b');\g
<<
(1 row)
>>
* insert into eba13_t1 values(2,'a', 'b');\g
<<
(1 row)
>>
* insert into eba13_t1 values(3,'z', 'z');\g
<<
(1 row)
>>
* insert into eba13_t2 values(1,0, 'a');\g
<<
(1 row)
>>
* insert into eba13_t2 values(1,1, 'b');\g
<<
(1 row)
>>
* insert into eba13_t2 values(1,2, 'c');\g
<<
(1 row)
>>
* insert into eba13_t2 values(2,0, 'c');\g
<<
(1 row)
>>
* insert into eba13_t2 values(2,1, 'c');\g
<<
(1 row)
>>
* insert into eba13_t2 values(2,2, 'c');\g
<<
(1 row)
>>
* select * from eba13_t1 out_er
<<
>>
*	where exists 
<<
>>
*	 (select * from eba13_t2 inner
<<
>>
*	where out_er.a = inner.a
<<
>>
* 		and inner.b = 1
<<
>>
* 		and inner.c = 'b')
<<
>>
* 		or (out_er.b > 'e' 
<<
>>
* 		and out_er.c > 'f'); ;\p\g
/*
bug 37972: should return 2 rows - (1, a, b), (3, z, z) - bug is just 2nd
*/
<<
 select * from eba13_t1 out_er
	where exists 
	 (select * from eba13_t2 inner
	where out_er.a = inner.a
 		and inner.b = 1
 		and inner.c = 'b')
 		or (out_er.b > 'e' 
 		and out_er.c > 'f'); ;

+-------------+------+------+
|a            |b     |c     |
+-------------+------+------+
|            1|a     |b     |
|            3|z     |z     |
+-------------+------+------+
(2 rows)
>>
* drop table eba13_t1;\g
<<
~
>>
* drop table eba13_t2;\g
<<
~
>>
* \q
<<
>>


Ending at: Wed Jun 25 08:15:56 1997
