/*
	Test Name: eba17.sep
	Time     : 24-May-1993 18:26:22
	User Name: testenv

	Test ID  : eba17.sep
	Module   : 
	Filename : 
	Purpose  : test bug #49506
	Input Files  : 
	Output Files : 
	Database     : 
	Tables       : 
	Synopsis     : 
	History      : 4-Aug-1993	(jpark)
        25-March-1999  (kamra01) modified VPG_SZ to 2048
	01-Apr-2003 (somsa01) Corrected setting of op132.
*/
? fill eba17t1.dat
!!
   10QUEL_LEVEL	    6ING6.5
    9SQL_LEVEL	    6ING6.5
   11DISTRIBUTED	    1N
   15MIXEDCASE_NAMES	    1N
    6INGRES	    1Y
   16INGRES/SQL_LEVEL	    500605
   16COMMON/SQL_LEVEL	    500604
   17INGRES/QUEL_LEVEL	    500605
   10SAVEPOINTS	    1Y
    9DBMS_TYPE	    6INGRES
   15PHYSICAL_SOURCE	    1T
   11MAX_COLUMNS	    3300
   12INGRES_RULES	    1Y
   10INGRES_UDT	    1Y
   17INGRES_AUTH_GROUP	    1Y
   16INGRES_AUTH_ROLE	    1Y
   18INGRES_LOGICAL_KEY	    1Y
   14UNIQUE_KEY_REQ	    1N
    6ESCAPE	    1Y
   10OWNER_NAME	    6QUOTED
   22STANDARD_CATALOG_LEVEL	    500605
   14OPEN/SQL_LEVEL	    500605
   12DB_NAME_CASE	    5LOWER
   17DB_DELIMITED_CASE	    5LOWER
   17DB_REAL_USER_CASE	    5LOWER
!!
? sql -s SEPPARAMDB 
<<
>>
* set notrace point op132;\g
<<
>>
* drop table eba17_t1;\g
<<
~
>>
* create table eba17_t1(
<<
>>
* 	cap_capability char(32) not null default ' ',
<<
>>
* 	cap_value char(32) not null default ' ')
<<
>>
* 	with duplicates, page_size=2048;\g
<<
>>
* copy eba17_t1(
<<
>>
* 	cap_capability= varchar(0)tab,
<<
>>
* 	cap_value= varchar(0)nl)
<<
>>
* from 'eba17t1.dat'\g
<<
(25 rows)
>>
* modify eba17_t1 to heap with compression = (nokey, data), page_size=2048\g
<<
(25 rows)
>>
* drop table eba17_t2;\g
<<
~
>>
* create table eba17_t2(object_id integer not null) 
<<
>>
* 	with duplicates, page_size=2048;\g
<<
>>
* insert into eba17_t2 values(10000); \g
<<
(1 row)
>>
* modify eba17_t2 to heap with compression = (nokey, data), page_size=2048\g
<<
(1 row)
>>
* select * from eba17_t2, eba17_t1 where cap_value='Y' and object_id>1;\g
<<
+-------------+--------------------------------+--------------------------------+
|object_id    |cap_capability                  |cap_value                       |
+-------------+--------------------------------+--------------------------------+
|        10000|INGRES                          |Y                               |
|        10000|SAVEPOINTS                      |Y                               |
|        10000|INGRES_RULES                    |Y                               |
|        10000|INGRES_UDT                      |Y                               |
|        10000|INGRES_AUTH_GROUP               |Y                               |
|        10000|INGRES_AUTH_ROLE                |Y                               |
|        10000|INGRES_LOGICAL_KEY              |Y                               |
|        10000|ESCAPE                          |Y                               |
+-------------+--------------------------------+--------------------------------+
(8 rows)
>>
* select distinct 1 from eba17_t2;\g
<<
+------+
|col1  |
+------+
|     1|
+------+
(1 row)
>>
* select distinct 1 from eba17_t2 where exists
<<
>>
*	  (select * from eba17_t2, eba17_t1  where cap_value='Y'  and object_id>1);\g
<<
+------+
|col1  |
+------+
|     1|
+------+
(1 row)
>>
* select 1 from eba17_t2 where exists
<<
>>
*	(select * from eba17_t2, eba17_t1 where cap_value='Y' and object_id>1);\g
<<
+------+
|col1  |
+------+
|     1|
+------+
(1 row)
>>
* select distinct 1 from eba17_t2 where exists
<<
>>
*	(select * from eba17_t2, eba17_t1 where cap_value='Y');\g
<<
+------+
|col1  |
+------+
|     1|
+------+
(1 row)
>>
* select distinct 1 from eba17_t2 where exists 
<<
>>
*	(select * from eba17_t1 where cap_value='Y' and cap_capability!='');\g
<<
+------+
|col1  |
+------+
|     1|
+------+
(1 row)
>>
* select distinct 1 from eba17_t2 where exists 
<<
>>
*	(select * from eba17_t1, eba17_t2 where cap_value!='Y');\g
<<
+------+
|col1  |
+------+
|     1|
+------+
(1 row)
>>
* drop table eba17_t1 eba17_t2;\g
<<
~
>>
* \q
<<
>>


Ending at: Wed Aug  4 14:28:04 1993
