/*
	Test Name    : eba11.sep
	Time         : 27-JUL-1989 11:52:10
	User Name    : testenv   
 
	Test ID      : eba11 (formerly af004)
	Module       : 
	Filename     : eba11.sep
	Purpose	     : simple subselects
	Input Files  : none
	Output Files : none
	Database     : SEPPARAMDB
	Tables       : s, p, j, spj
	Synopsis     : simple subselects
	History	     : claire l. created.
		       28/mar/1989 sgp modified to add to test suite
		       27/jul/1989 larryh converted to sep format
		       6/nov/91 converted to using setup test. CAMACHO

	Setup Test   : eaa00.sep		

	23-Mar-1999   (vande02) Changed 'sql -s SEPPARAMDB' canon to be empty,
                                in order to catch the msg. "TM could not connect
                                ..." if the test database did not exist.
*/
? sql -s SEPPARAMDB 
<<

>>
* select * from j \g
<<

+------+--------+------+
|jno   |jname   |city  |
+------+--------+------+
|j1    |sorter  |paris |
|j2    |punch   |rome  |
|j3    |reader  |athens|
|j4    |console |athens|
|j5    |collator|london|
|j6    |terminal|oslo  |
|j7    |tape    |london|
+------+--------+------+
(7 rows)
>>
* select * from p \g
<<

+------+----------+------+------+----------+
|pno   |pname     |color |weight|city      |
+------+----------+------+------+----------+
|p1    |nut       |red   |    12|london    |
|p2    |bolt      |green |    17|paris     |
|p3    |screw     |blue  |    17|rome      |
|p4    |screw     |red   |    14|london    |
|p5    |cam       |blue  |    12|paris     |
|p6    |cog       |red   |    19|london    |
+------+----------+------+------+----------+
(6 rows)
>>
* select * from s \g
<<

+------+------+------+----------+
|sno   |sname |status|city      |
+------+------+------+----------+
|s5    |adams |    30|athens    |
|s3    |blake |    30|paris     |
|s4    |clark |    20|london    |
|s2    |jones |    10|paris     |
|s1    |smith |    20|london    |
+------+------+------+----------+
(5 rows)
>>
* select * from spj \g
<<

+------+------+------+------+
|sno   |pno   |jno   |qty   |
+------+------+------+------+
|s1    |p1    |j1    |   200|
|s1    |p1    |j4    |   700|
|s2    |p3    |j1    |   400|
|s2    |p3    |j2    |   200|
|s2    |p3    |j3    |   200|
|s2    |p3    |j4    |   500|
|s2    |p3    |j5    |   600|
|s2    |p3    |j6    |   400|
|s2    |p3    |j7    |   800|
|s2    |p5    |j2    |   100|
|s3    |p3    |j1    |   200|
|s3    |p4    |j2    |   500|
|s4    |p6    |j3    |   300|
|s4    |p6    |j7    |   300|
|s5    |p2    |j2    |   200|
|s5    |p2    |j4    |   100|
|s5    |p5    |j5    |   500|
|s5    |p5    |j7    |   100|
|s5    |p6    |j2    |   200|
|s5    |p1    |j4    |   100|
|s5    |p3    |j4    |   200|
|s5    |p4    |j4    |   800|
|s5    |p5    |j4    |   400|
|s5    |p6    |j4    |   500|
+------+------+------+------+
(24 rows)
>>
* select j.jname from j where j.jno in 
<<
>>
*	(select spj.jno from spj  where spj.sno='s1') \g
<<

+--------+
|jname   |
+--------+
|sorter  |
|console |
+--------+
(2 rows)
>>
<<

+--------+
|jname   |
+--------+
|console |
|sorter  |
+--------+
(2 rows)
>>
* select distinct p.color from p where p.pno in 
<<
>>
*	(select spj.pno from spj where spj.sno = 's1')\g
<<

+------+
|color |
+------+
|red   |
+------+
(1 row)
>>
* select distinct spj.pno from spj where spj.jno in (select j.jno from j 
<< 
>> 
* where j.city = 'london')\g
<<

+------+
|pno   |
+------+
|p3    |
|p5    |
|p6    |
+------+
(3 rows)
>>
* select distinct spj.jno from spj where spj.pno in 
<<
>>
*	(select spj.pno from spj where spj.sno = 's1')\g
<<

+------+
|jno   |
+------+
|j1    |
|j4    |
+------+
(2 rows)
>>
* select distinct spj.sno from spj where spj.pno in 
<<
>>
*	(select spj.pno from spj where spj.sno in 
<<
>>
*	(select spj.sno from spj where spj.pno in 
<<
>>
*	(select pno from p where p.color = 'red')))\g
<<

+------+
|sno   |
+------+
|s1    |
|s2    |
|s3    |
|s4    |
|s5    |
+------+
(5 rows)
>>
* select s.sno from s where s.status < 
<<
>>
*	(select s.status from s where s.sno = 's1') \g
<<

+------+
|sno   |
+------+
|s2    |
+------+
(1 row)
>>
* select distinct spj.pno from spj where exists 
<<
>>
*	(select * from j where j.jno = spj.jno and j.city='london') \g
<<

+------+
|pno   |
+------+
|p3    |
|p5    |
|p6    |
+------+
(3 rows)
>>
* \q
<<
>>

Ending at: 15-AUG-1989 11:18:55
