/*
	Test Name: ag011.sep
	Time: 31-JUL-1989 11:38:27
	User Name: testenv    
 
	Test ID : eba06 (formerly ag011)
	Module  : 
	Filename: eba06.sep
	Purpose	: 
	Input Files  : none
	Output Files : none
	Database     : SEPPARAMDB
	Tables       : s, p, sp, j
	Synopsis     : selects using unions and subselects
	History	     : xx-xxx-1989 Created by claire l. 
		     : mar 28/89 sgp modified to add to test suite.
                       Nov. 6,91 converted to using setup test. CAMACHO
	Setup Test   : eaa00.sep

	23-Mar-1999   (vande02) Changed 'sql -s SEPPARAMDB' canon to be empty,
                                in order to catch the msg. "TM could not connect
                                ..." if the test database did not exist.
*/
? sql -s SEPPARAMDB 
<<

>>
* select * from j;\g
<<

+------+--------+------+
|jno   |jname   |city  |
+------+--------+------+
|j1    |sorter  |paris |
|j2    |punch   |rome  |
|j3    |reader  |athens|
|j4    |console |athens|
|j5    |collator|london|
|j6    |terminal|oslo  |
|j7    |tape    |london|
+------+--------+------+
(7 rows)
>>
* select * from p;\g
<<

+------+----------+------+------+----------+
|pno   |pname     |color |weight|city      |
+------+----------+------+------+----------+
|p1    |nut       |red   |    12|london    |
|p2    |bolt      |green |    17|paris     |
|p3    |screw     |blue  |    17|rome      |
|p4    |screw     |red   |    14|london    |
|p5    |cam       |blue  |    12|paris     |
|p6    |cog       |red   |    19|london    |
+------+----------+------+------+----------+
(6 rows)
>>
* select * from s;\g
<<

+------+------+------+----------+
|sno   |sname |status|city      |
+------+------+------+----------+
|s5    |adams |    30|athens    |
|s3    |blake |    30|paris     |
|s4    |clark |    20|london    |
|s2    |jones |    10|paris     |
|s1    |smith |    20|london    |
+------+------+------+----------+
(5 rows)
>>
* select * from sp;\g
<<

+------+------+------+
|sno   |pno   |qty   |
+------+------+------+
|s1    |p1    |   300|
|s1    |p2    |   200|
|s1    |p3    |   400|
|s1    |p4    |   200|
|s1    |p5    |   100|
|s1    |p6    |   100|
|s2    |p1    |   300|
|s2    |p2    |   400|
|s3    |p2    |   200|
|s4    |p2    |   200|
|s4    |p4    |   300|
|s4    |p5    |   400|
+------+------+------+
(12 rows)
>>
* select pno from p where weight > 16 union select pno from sp 
<<
>>
*	where sno = 's2' order by 1;\g
<<

+------+
|pno   |
+------+
|p1    |
|p2    |
|p3    |
|p6    |
+------+
(4 rows)
>>
* select s.city from s  union  select p.city from p union 
<<
>>
*	select j.city from j order by 1\g
<<
+----------+
|city      |
+----------+
|athens    |
|london    |
|oslo      |
|paris     |
|rome      |
+----------+
(5 rows)
>>
* select s.sname from s where exists 
<<
>>
*	(select * from sp where sp.sno = s.sno) union
<<
>>
*	 select sno from s  order by 1\g
<<

+------+
|sname |
+------+
|blake |
|clark |
|jones |
|s1    |
|s2    |
|s3    |
|s4    |
|s5    |
|smith |
+------+
(9 rows)
>>
*\q
<<
>>

Ending at: 21-AUG-1989 08:19:24
