/*
	Test Name: eca02
	Time: 27-JUL-1989 14:09:46
	User Name: testenv     
 
	Test ID : 	eca02 (formerly af008)
	Module  : 	qryproc
	Filename: 	eca02.sep
	Purpose	: 	Test DISTINCT with subqueries on ISAM tables and 
			secondary indices.
	Input Files  :	None
	Output Files :	None
	Database     :	SEPPARAMDB
	Tables       : 	eca02_t1, eca02_t2
	Synopsis     :  create tables with secondary indexes on them.
			modify tables to ISAM and then give a bunch
			of queries of DISTINCT with subqueries.

	History	: 27-Jul-1989	Created				srr
		  11-14-91 Changed table names to be unique and made
			   test more readable by formatting. CAMACHO
	25-March-1999  (kamra01) modified VPG_SZ to 2048
*/
? fill eca02t1.jup 
!!
s1	p1	   300
s1	p2	   200
s1	p3	   400
s1	p4	   200
s1	p5	   100
s1	p6	   100
s2	p1	   300
s2	p2	   400
s3	p2	   200
s4	p2	   200
s4	p4	   300
s4	p5	   400
!!
? fill eca02t2.jup 
!!
s1	p1	j1	   200
s1	p1	j4	   700
s2	p3	j1	   400
s2	p3	j2	   200
s2	p3	j3	   200
s2	p3	j4	   500
s2	p3	j5	   600
s2	p3	j6	   400
s2	p3	j7	   800
s2	p5	j2	   100
s3	p3	j1	   200
s3	p4	j2	   500
s4	p6	j3	   300
s4	p6	j7	   300
s5	p2	j2	   200
s5	p2	j4	   100
s5	p5	j5	   500
s5	p5	j7	   100
s5	p6	j2	   200
s5	p1	j4	   100
s5	p3	j4	   200
s5	p4	j4	   800
s5	p5	j4	   400
s5	p6	j4	   500
!!
? sql -s SEPPARAMDB 
<<
>>
* drop table eca02_t1, eca02_t2 ;\g
<<
~
>>
* create table eca02_t1 (sno text(2) with null,  pno text(2) with null,
<<
>>
*	  qty i2 with null) with duplicates, page_size=2048;\g
<<
>>
* copy table eca02_t1 (sno =c0tab,  pno =c0tab,  qty =c0nl) 
<<
>>
*	from 'eca02t1.jup';\g
<<
(12 rows)
>>
* create table eca02_t2 (sno text(2) with null,  pno text(2) with null,  
<<
>>
*	jno text(2) with null,  qty i2 with null) with noduplicates, page_size=2048;\g
<<
>>
* copy table eca02_t2 (sno =c0tab,  pno =c0tab,  jno =c0tab,  qty =c0nl) 
<<
>>
*	from 'eca02t2.jup';\g
<<
(24 rows)
>>
* modify eca02_t1 to isam on sno with page_size=2048;\g
<<
(12 rows)
>>
* create index eca02_t1_1 on eca02_t1 (pno) with structure = isam, page_size=2048;\g
<<
(12 rows)
>>
* create index eca02_t1_2 on eca02_t1 (qty) with structure = isam, page_size=2048;\g
<<
(12 rows)
>>
* modify eca02_t2 to isam on sno with page_size=2048;\g
<<
(24 rows)
>>
* create index eca02_t2_1 on eca02_t2 (pno) with structure = isam, page_size=2048;\g
<<
(24 rows)
>>
* create index eca02_t2_2 on eca02_t2 (jno) with structure = isam, page_size=2048;\g
<<
(24 rows)
>>
* create index eca02_t2_3 on eca02_t2 (qty) with structure = isam, page_size=2048;\g
<<
(24 rows)
>>
* select * from eca02_t1 order by sno, pno, qty;\g
<<

+------+------+------+
|sno   |pno   |qty   |
+------+------+------+
|s1    |p1    |   300|
|s1    |p2    |   200|
|s1    |p3    |   400|
|s1    |p4    |   200|
|s1    |p5    |   100|
|s1    |p6    |   100|
|s2    |p1    |   300|
|s2    |p2    |   400|
|s3    |p2    |   200|
|s4    |p2    |   200|
|s4    |p4    |   300|
|s4    |p5    |   400|
+------+------+------+
(12 rows)
>>
* select * from eca02_t2 order by sno, pno, jno, qty;\g
<<

+------+------+------+------+
|sno   |pno   |jno   |qty   |
+------+------+------+------+
|s1    |p1    |j1    |   200|
|s1    |p1    |j4    |   700|
|s2    |p3    |j1    |   400|
|s2    |p3    |j2    |   200|
|s2    |p3    |j3    |   200|
|s2    |p3    |j4    |   500|
|s2    |p3    |j5    |   600|
|s2    |p3    |j6    |   400|
|s2    |p3    |j7    |   800|
|s2    |p5    |j2    |   100|
|s3    |p3    |j1    |   200|
|s3    |p4    |j2    |   500|
|s4    |p6    |j3    |   300|
|s4    |p6    |j7    |   300|
|s5    |p1    |j4    |   100|
|s5    |p2    |j2    |   200|
|s5    |p2    |j4    |   100|
|s5    |p3    |j4    |   200|
|s5    |p4    |j4    |   800|
|s5    |p5    |j4    |   400|
|s5    |p5    |j5    |   500|
|s5    |p5    |j7    |   100|
|s5    |p6    |j2    |   200|
|s5    |p6    |j4    |   500|
+------+------+------+------+
(24 rows)
>>
* create view eca02_t1_v as select * from eca02_t1;\g
<<
>>
* create view eca02_t2_v as select * from eca02_t2;\g
<<
>>
* select * from eca02_t1_v order by sno, pno, qty;\g
<<

+------+------+------+
|sno   |pno   |qty   |
+------+------+------+
|s1    |p1    |   300|
|s1    |p2    |   200|
|s1    |p3    |   400|
|s1    |p4    |   200|
|s1    |p5    |   100|
|s1    |p6    |   100|
|s2    |p1    |   300|
|s2    |p2    |   400|
|s3    |p2    |   200|
|s4    |p2    |   200|
|s4    |p4    |   300|
|s4    |p5    |   400|
+------+------+------+
(12 rows)
>>
* select * from eca02_t2_v order by sno, pno, jno, qty;\g
<<

+------+------+------+------+
|sno   |pno   |jno   |qty   |
+------+------+------+------+
|s1    |p1    |j1    |   200|
|s1    |p1    |j4    |   700|
|s2    |p3    |j1    |   400|
|s2    |p3    |j2    |   200|
|s2    |p3    |j3    |   200|
|s2    |p3    |j4    |   500|
|s2    |p3    |j5    |   600|
|s2    |p3    |j6    |   400|
|s2    |p3    |j7    |   800|
|s2    |p5    |j2    |   100|
|s3    |p3    |j1    |   200|
|s3    |p4    |j2    |   500|
|s4    |p6    |j3    |   300|
|s4    |p6    |j7    |   300|
|s5    |p1    |j4    |   100|
|s5    |p2    |j2    |   200|
|s5    |p2    |j4    |   100|
|s5    |p3    |j4    |   200|
|s5    |p4    |j4    |   800|
|s5    |p5    |j4    |   400|
|s5    |p5    |j5    |   500|
|s5    |p5    |j7    |   100|
|s5    |p6    |j2    |   200|
|s5    |p6    |j4    |   500|
+------+------+------+------+
(24 rows)
>>
* select distinct eca02_t1x.pno from eca02_t1 eca02_t1x 
<<
>>
*	where eca02_t1x.pno in  
<<
>>
*	(select eca02_t1y.pno from eca02_t1 eca02_t1y 
<<
>>
*	where eca02_t1y.sno != eca02_t1x.sno);\g
/*
 distinct select doesn't work, should return 4 rows: fixed  */
 part numbers for all parts supplied by more than 1 supplier 
*/
<<

+------+
|pno   |
+------+
|p1    |
|p2    |
|p4    |
|p5    |
+------+
(4 rows)
>>
* select distinct sno from eca02_t1 eca02_t1x where not exists 
<<
>>
*	(select * from eca02_t1 eca02_t1y where sno = 's2' and not exists 
<<
>>
*	(select * from eca02_t1 eca02_t1z 
<<
>>
*	where eca02_t1z.sno = eca02_t1x.sno 
<<
>>
*	and eca02_t1z.pno = eca02_t1y.pno));\g
/*
 This query gets e_op0895 consistency check - there is no query tree for 
 subselect join : fixed 
 get supplier numbers for suppliers who supply at least all those
 parts supplied by suplier s2 
*/
<<

+------+
|sno   |
+------+
|s1    |
|s2    |
+------+
(2 rows)
>>
* select distinct eca02_t2x.jno from eca02_t2 eca02_t2x where not exists 
<<
>>
*	(select * from eca02_t2 eca02_t2y where eca02_t2y.jno = eca02_t2x.jno  
<<
>>
*	and not exists (select * from eca02_t2 eca02_t2z 
<<
>>
*	where eca02_t2z.pno = eca02_t2y.pno and eca02_t2z.sno = 's1'));\g
/*
 this query generates e_op0082 consistency check error: fixed 
*/
<<

+------+
|jno   |
+------+
+------+
(0 rows)
>>
* select distinct pno from eca02_t1 eca02_t1x where 1 < 
<<
>>
*	(select count(*) from eca02_t1 eca02_t1y 
<<
>>
*	where eca02_t1y.pno = eca02_t1x.pno);\g
<<

+------+
|pno   |
+------+
|p1    |
|p2    |
|p4    |
|p5    |
+------+
(4 rows)
>>
* select distinct eca02_t1x.pno from eca02_t1_v eca02_t1x 
<<
>>
*	where eca02_t1x.pno in 
<<
>>
*	(select eca02_t1y.pno from eca02_t1_v eca02_t1y 
<<
>>
*	where eca02_t1y.sno != eca02_t1x.sno);\g
/*
 distinct select doesn't work, should return 4 rows: fixed  */
/* part numbers for all parts supplied by more than 1 supplier 
*/
<<

+------+
|pno   |
+------+
|p1    |
|p2    |
|p4    |
|p5    |
+------+
(4 rows)
>>
* select distinct sno  from eca02_t1_v eca02_t1x where not exists 
<<
>>
*	(select * from eca02_t1_v eca02_t1y where sno = 's2' and not exists 
<<
>>
*	(select * from eca02_t1_v eca02_t1z 
<<
>>
*	where eca02_t1z.sno = eca02_t1x.sno 
<<
>>
*	and eca02_t1z.pno = eca02_t1y.pno));\g
/*
   This query gets e_op0895 consistency check - there is no query tree for 
   subselect join : fixed */
   get supplier numbers for suppliers who supply at least all those
   parts supplied by suplier s2 
*/
<<

+------+
|sno   |
+------+
|s1    |
|s2    |
+------+
(2 rows)
>>
* select distinct eca02_t2x.jno from eca02_t2_v eca02_t2x where not exists 
<<
>>
*	(select * from eca02_t2_v eca02_t2y 
<<
>>
*	where eca02_t2y.jno = eca02_t2x.jno  
<<
>>
*	and not exists (select * from eca02_t2_v eca02_t2z 
<<
>>
*	where eca02_t2z.pno = eca02_t2y.pno and eca02_t2z.sno = 's1'));\g
/*
 this query generates e_op0082 consistency check error: fixed 
*/
<<

+------+
|jno   |
+------+
+------+
(0 rows)
>>
* select distinct pno from eca02_t1_v eca02_t1x where 1 < 
<<
>>
*	(select count(*) from eca02_t1_v eca02_t1y 
<<
>>
*	where eca02_t1y.pno = eca02_t1x.pno);\g
<<

+------+
|pno   |
+------+
|p1    |
|p2    |
|p4    |
|p5    |
+------+
(4 rows)
>>
* set trace point op132;\g
<<
>>
* select distinct eca02_t1x.pno from eca02_t1 eca02_t1x where eca02_t1x.pno in 
<<
>>
*	(select eca02_t1y.pno from eca02_t1 eca02_t1y 
<<
>>
*	where eca02_t1y.sno != eca02_t1x.sno);\g
/*
 distinct select doesn't work, should return 4 rows: fixed 
 part numbers for all parts supplied by more than 1 supplier 
*/
<<

+------+
|pno   |
+------+
|p1    |
|p2    |
|p4    |
|p5    |
+------+
(4 rows)
>>
* select distinct sno  from eca02_t1 eca02_t1x where not exists 
<<
>>
*	(select * from eca02_t1 eca02_t1y where sno = 's2' and not exists 
<<
>>
*	(select * from eca02_t1 eca02_t1z 
<<
>>
*	where eca02_t1z.sno = eca02_t1x.sno 
<<
>>
*	and eca02_t1z.pno = eca02_t1y.pno));\g
/*
   This query gets e_op0895 consistency check - there is no query tree for 
   subselect join : fixed */
   get supplier numbers for suppliers who supply at least all those
   parts supplied by suplier s2 
*/
<<

+------+
|sno   |
+------+
|s1    |
|s2    |
+------+
(2 rows)
>>
* select distinct eca02_t2x.jno from eca02_t2 eca02_t2x where not exists  
<<
>>
*	(select * from eca02_t2 eca02_t2y where eca02_t2y.jno = eca02_t2x.jno  
<<
>>
*	and not exists (select * from eca02_t2 eca02_t2z 
<<
>>
*	where eca02_t2z.pno = eca02_t2y.pno and eca02_t2z.sno = 's1'));\g
/*
 this query generates e_op0082 consistency check error: fixed 
*/
<<

+------+
|jno   |
+------+
+------+
(0 rows)
>>
* select distinct pno from eca02_t1 eca02_t1x where 1 < 
<<
>>
*	(select count(*) from eca02_t1 eca02_t1y 
<<
>>
*	where eca02_t1y.pno = eca02_t1x.pno);\g
<<

+------+
|pno   |
+------+
|p1    |
|p2    |
|p4    |
|p5    |
+------+
(4 rows)
>>
* select distinct eca02_t1x.pno from eca02_t1_v eca02_t1x 
<<
>>
*	where eca02_t1x.pno in 
<<
>>
*	(select eca02_t1y.pno from eca02_t1_v eca02_t1y 
<<
>>
*	where eca02_t1y.sno != eca02_t1x.sno);\g
/*
  distinct select doesn't work, should return 4 rows: fixed  */
  part numbers for all parts supplied by more than 1 supplier 
*/
<<

+------+
|pno   |
+------+
|p1    |
|p2    |
|p4    |
|p5    |
+------+
(4 rows)
>>
* select distinct sno from eca02_t1_v eca02_t1x where not exists 
<<
>>
*	(select * from eca02_t1_v eca02_t1y where sno = 's2' and not exists 
<<
>>
*	(select * from eca02_t1_v eca02_t1z 
<<
>>
*	where eca02_t1z.sno = eca02_t1x.sno 
<<
>>
*	and eca02_t1z.pno = eca02_t1y.pno));\g
/*
 This query gets e_op0895 consistency check - there is no query tree for 
 subselect join : fixed 
 get supplier numbers for suppliers who supply at least all those
 parts supplied by suplier s2
*/
<<

+------+
|sno   |
+------+
|s1    |
|s2    |
+------+
(2 rows)
>>
* select distinct eca02_t2x.jno from eca02_t2_v eca02_t2x where not exists
<<
>>
*	(select * from eca02_t2_v eca02_t2y 
<<
>>
*	where eca02_t2y.jno = eca02_t2x.jno 
<<
>>
*	and not exists 
<<
>>
*	(select * from eca02_t2_v eca02_t2z  
<<
>>
*	where eca02_t2z.pno = eca02_t2y.pno and eca02_t2z.sno = 's1'));\g
/*
 this query generates e_op0082 consistency check error: fixed 
*/
<<

+------+
|jno   |
+------+
+------+
(0 rows)
>>
* select distinct pno from eca02_t1_v eca02_t1x where 1 <  
<<
>>
*	(select count(*) from eca02_t1_v eca02_t1y 
<<
>>
*	where eca02_t1y.pno = eca02_t1x.pno);\g
<<

+------+
|pno   |
+------+
|p1    |
|p2    |
|p4    |
|p5    |
+------+
(4 rows)
>>
* drop table eca02_t1;\g
<<
~
>>
* drop table  eca02_t2;\g
<<
~
>>
* \q
<<
~
>>


Ending at: 18-APR-1991 18:55:19
