/*
	Test Name: eca04
	Time: 27-JUL-1989 15:31:05
	User Name: testenv 
 
	Test ID : 	eca04 (formerly af010)
	Module : 	qryproc
	Filename: 	eca04.sep
	Purpose	:	Test subqueries involving EXISTS and nested EXISTS
			on HASH tables and secondary indices.
	Input Files : 	None
	Output Files :	None
	Database :	SEPPARAMDB
	Tables :	eca04_s, eca04_p, j
	Spnopsis : Test subqueries involving EXISTS and nested EXISTS
                        on HASH tables and secondary indices.

	History	: 27-Jul-1989	Created				srr
	11-14-91        Changed name of tables to be unique and made
                        the test more readable
        25-March-1999  (kamra01) modified VPG_SZ to 2048
*/
? fill eca04s.jup 
!!
s5	adams 	 30	athens 
s3	blake 	 30	paris 
s4	clark 	 20	london 
s2	jones 	 10	paris 
s1	smith 	 20	london 
!!
? fill eca04p.jup 
!!
p1	nut 	red 	 12	london 
p2	bolt 	green 	 17	paris  
p3	screw 	blue 	 17	rome  
p4	screw 	red 	 14	london 
p5	cam 	blue 	 12	paris  
p6	cog 	red 	 19	london 
!!
? fill eca04sp.jup 
!!
s1	p1	 300
s1	p2	 200
s1	p3	 400
s1	p4	 200
s1	p5	 100
s1	p6	 100
s2	p1	 300
s2	p2	 400
s3	p2	 200
s4	p2	 200
s4	p4	 300
s4	p5	 400
!!
? sql -s SEPPARAMDB 
<<
>>
* drop table eca04_p;\g
<<
~
>>
* drop table eca04_s;\g
<<
~
>>
* drop table eca04_sp;\g
<<
~
>>
* create table eca04_p (pno text(2) with null, yname text(10) with null, 
<<
>>
*		color text(6) with null, weight i2 with null, 
<<
>>
*		city text(10) with null) with duplicates, page_size=2048;\g
<<
>>
* copy table eca04_p (pno=c0tab, yname=c0tab, color=c0tab, weight=c0tab,
<<
>>
*		 city=c0nl) from 'eca04p.jup';\g
<<
(6 rows)
>>
* create table eca04_s (sno text(2) with null, xname text(6) with null, 
<<
>>
*		 status i2 with null, city text(10) with null) 
<<
>>
*		 with duplicates, page_size=2048;\g
<<
>>
* copy table eca04_s (sno =c0tab, xname =c0tab, status =c0tab, city =c0nl) 
<<
>>
*		 from 'eca04s.jup';\g
<<
(5 rows)
>>
* create table eca04_sp (sno text(2) with null, pno text(2) with null, 
<<
>>
*		 qty i2 with null) with duplicates, page_size=2048;\g
<<
>>
* copy table eca04_sp (sno=c0tab, pno=c0tab, qty=c0nl) from 'eca04sp.jup';\g
<<
(12 rows)
>>
* modify eca04_p to hash on pno with page_size =2048;\g
<<
(6 rows)
>>
* create index eca04_p_1 on eca04_p (yname) with structure = hash, page_size=2048;\g
<<
(6 rows)
>>
* create index eca04_p_2 on eca04_p (color) with structure = hash, page_size=2048;\g
<<
(6 rows)
>>
* create index eca04_p_3 on eca04_p (weight) with structure = hash, page_size=2048;\g
<<
(6 rows)
>>
* create index eca04_p_4 on eca04_p (city) with structure = hash, page_size=2048;\g
<<
(6 rows)
>>
* modify eca04_s to hash on sno with page_size =2048;\g
<<
(5 rows)
>>
* create index eca04_s_1 on eca04_s (xname) with structure = hash, page_size=2048;\g
<<
(5 rows)
>>
* create index eca04_s_2 on eca04_s (status) with structure = hash, page_size=2048;\g
<<
(5 rows)
>>
* create index eca04_s_3 on eca04_s (city) with structure = hash, page_size=2048;\g
<<
(5 rows)
>>
* modify eca04_sp to hash on sno with page_size =2048;\g
<<
(12 rows)
>>
* create index eca04_sp_1 on eca04_sp (pno) with structure = hash, page_size=2048;\g
<<
(12 rows)
>>
* create index eca04_sp_2 on eca04_sp (qty) with structure = hash, page_size=2048;\g
<<
(12 rows)
>>
* select * from eca04_p order by pno, yname, color, weight, city;\g
<<

+------+----------+------+------+----------+
|pno   |yname     |color |weight|city      |
+------+----------+------+------+----------+
|p1    |nut       |red   |    12|london    |
|p2    |bolt      |green |    17|paris     |
|p3    |screw     |blue  |    17|rome      |
|p4    |screw     |red   |    14|london    |
|p5    |cam       |blue  |    12|paris     |
|p6    |cog       |red   |    19|london    |
+------+----------+------+------+----------+
(6 rows)
>>
* select * from eca04_s order by sno, xname, status, city;\g
<<

+------+------+------+----------+
|sno   |xname |status|city      |
+------+------+------+----------+
|s1    |smith |    20|london    |
|s2    |jones |    10|paris     |
|s3    |blake |    30|paris     |
|s4    |clark |    20|london    |
|s5    |adams |    30|athens    |
+------+------+------+----------+
(5 rows)
>>
* select * from eca04_sp order by sno, pno, qty;\g
<<

+------+------+------+
|sno   |pno   |qty   |
+------+------+------+
|s1    |p1    |   300|
|s1    |p2    |   200|
|s1    |p3    |   400|
|s1    |p4    |   200|
|s1    |p5    |   100|
|s1    |p6    |   100|
|s2    |p1    |   300|
|s2    |p2    |   400|
|s3    |p2    |   200|
|s4    |p2    |   200|
|s4    |p4    |   300|
|s4    |p5    |   400|
+------+------+------+
(12 rows)
>>
* create view eca04_p_v as select * from eca04_p;\g
<<
>>
* create view eca04_s_v as select * from eca04_s;\g
<<
>>
* create view eca04_sp_v as select * from eca04_sp;\g
<<
>>
* select * from eca04_p_v order by pno, yname, color, weight, city;\g
<<

+------+----------+------+------+----------+
|pno   |yname     |color |weight|city      |
+------+----------+------+------+----------+
|p1    |nut       |red   |    12|london    |
|p2    |bolt      |green |    17|paris     |
|p3    |screw     |blue  |    17|rome      |
|p4    |screw     |red   |    14|london    |
|p5    |cam       |blue  |    12|paris     |
|p6    |cog       |red   |    19|london    |
+------+----------+------+------+----------+
(6 rows)
>>
* select * from eca04_s_v order by sno, xname, status, city;\g
<<

+------+------+------+----------+
|sno   |xname |status|city      |
+------+------+------+----------+
|s1    |smith |    20|london    |
|s2    |jones |    10|paris     |
|s3    |blake |    30|paris     |
|s4    |clark |    20|london    |
|s5    |adams |    30|athens    |
+------+------+------+----------+
(5 rows)
>>
* select * from eca04_sp_v order by sno, pno, qty;\g
<<

+------+------+------+
|sno   |pno   |qty   |
+------+------+------+
|s1    |p1    |   300|
|s1    |p2    |   200|
|s1    |p3    |   400|
|s1    |p4    |   200|
|s1    |p5    |   100|
|s1    |p6    |   100|
|s2    |p1    |   300|
|s2    |p2    |   400|
|s3    |p2    |   200|
|s4    |p2    |   200|
|s4    |p4    |   300|
|s4    |p5    |   400|
+------+------+------+
(12 rows)
>>
* select xname from eca04_s where exists 
<<
>>
*	(select * from eca04_sp where sno = eca04_s.sno and pno='p2') ;\g
<<

+------+
|xname |
+------+
|blake |
|clark |
|jones |
|smith |
+------+
(4 rows)
>>
<<

+------+
|xname |
+------+
|smith |
|clark |
|blake |
|jones |
+------+
(4 rows)
>>
<<

+------+
|xname |
+------+
|smith |
|jones |
|blake |
|clark |
+------+
(4 rows)
>>
* select xname from eca04_s where not exists 
<<
>>
*	(select * from eca04_sp where sno = eca04_s.sno and pno='p2');\g
<<

+------+
|xname |
+------+
|adams |
+------+
(1 row)
>>
* select distinct sno from eca04_sp eca04_spx where not exists 
<<
>>
*	(select * from eca04_sp eca04_spy where sno = 's2' and not exists 
<<
>>
*	(select * from eca04_sp eca04_spz 
<<
>>
*	where eca04_spz.sno = eca04_spx.sno 
<<
>>
*	and eca04_spz.pno = eca04_spy.pno));\g
/*
 all suppliers supplying parts supplied by s2 
*/
<<

+------+
|sno   |
+------+
|s1    |
|s2    |
+------+
(2 rows)
>>
* select pno from eca04_p where exists 
<<
>>
*	(select * from eca04_sp eca04_spx 
<<
>>
*		where eca04_spx.pno = eca04_p.pno and exists 
<<
>>
*	(select * from eca04_sp eca04_spy 
<<
>>
*		where eca04_spy.pno = eca04_p.pno 
<<
>>
*			and eca04_spy.sno != eca04_spx.sno));\g
<<

+------+
|pno   |
+------+
|p1    |
|p2    |
|p4    |
|p5    |
+------+
(4 rows)
>>
<<

+------+
|pno   |
+------+
|p1    |
|p4    |
|p5    |
|p2    |
+------+
(4 rows)
>>
* select xname from eca04_s where not exists 
<<
>>
*	(select * from eca04_p where not exists 
<<
>>
*	(select * from eca04_sp where sno = eca04_s.sno 
<<
>>
*			and pno = eca04_p.pno));\g
/*
 what suppliers have all parts 
*/
<<

+------+
|xname |
+------+
|smith |
+------+
(1 row)
>>
* select xname from eca04_s where not exists 
<<
>>
*	(select pno from eca04_p where not exists 
<<
>>
*	(select sno from eca04_sp where eca04_sp.sno = eca04_s.sno 
<<
>>
*			and eca04_sp.pno = eca04_p.pno));\g
/*
 what suppliers have all parts 
*/
<<

+------+
|xname |
+------+
|smith |
+------+
(1 row)
>>
* select sno from eca04_s where not exists 
<<
>>
*	(select distinct pno from eca04_sp);\g
<<

+------+
|sno   |
+------+
+------+
(0 rows)
>>
* select city from eca04_s where exists 
<<
>>
*	(select * from eca04_sp where eca04_sp.sno = eca04_s.sno);\g
<<

+----------+
|city      |
+----------+
|london    |
|paris     |
|paris     |
|london    |
+----------+
(4 rows)
>>
* select distinct city from eca04_s where exists 
<<
>>
*	(select * from eca04_sp 
<<
>>
* where eca04_sp.sno = eca04_s.sno) ;\g
<<

+----------+
|city      |
+----------+
|london    |
|paris     |
+----------+
(2 rows)
>>
* select eca04_s.xname from eca04_s where exists 
<<
>>
*	(select * from eca04_sp where eca04_sp.sno=eca04_s.sno);\g
<<

+------+
|xname |
+------+
|smith |
|jones |
|blake |
|clark |
+------+
(4 rows)
>>
* select eca04_s.xname from eca04_s where not exists 
<<
>>
*	(select * from eca04_sp where eca04_sp.sno=eca04_s.sno);\g
<<

+------+
|xname |
+------+
|adams |
+------+
(1 row)
>>
* select xname from eca04_s_v where exists 
<<
>>
*	(select * from eca04_sp_v where sno = eca04_s_v.sno and pno='p2');\g
<<

+------+
|xname |
+------+
|smith |
|jones |
|blake |
|clark |
+------+
(4 rows)
>>
* select xname from eca04_s_v where not exists 
<<
>>
*	(select * from eca04_sp_v where sno = eca04_s_v.sno and pno='p2');\g
<<

+------+
|xname |
+------+
|adams |
+------+
(1 row)
>>
* select distinct sno from eca04_sp_v eca04_spx where not exists 
<<
>>
*	(select * from eca04_sp_v eca04_spy where sno = 's2' and not exists 
<<
>>
*	(select * from eca04_sp_v eca04_spz  
<<
>>
*		where eca04_spz.sno = eca04_spx.sno 
<<
>>
*		and eca04_spz.pno = eca04_spy.pno));\g
/*
 all suppliers supplying parts supplied by s2 
*/
<<

+------+
|sno   |
+------+
|s1    |
|s2    |
+------+
(2 rows)
>>
* select pno from eca04_p_v where exists 
<<
>>
*	(select * from eca04_sp_v eca04_spx 
<<
>>
*		where eca04_spx.pno = eca04_p_v.pno and exists 
<<
>>
*	(select * from eca04_sp_v eca04_spy 
<<
>>
*		where eca04_spy.pno = eca04_p_v.pno 
<<
>>
*			and eca04_spy.sno != eca04_spx.sno));\g
<<

+------+
|pno   |
+------+
|p1    |
|p2    |
|p4    |
|p5    |
+------+
(4 rows)
>>
<<

+------+
|pno   |
+------+
|p1    |
|p4    |
|p5    |
|p2    |
+------+
(4 rows)
>>
* select xname from eca04_s_v where not exists 
<<
>>
*	(select * from eca04_p_v where not exists 
<<
>>
*	(select * from eca04_sp_v where sno = eca04_s_v.sno 
<<
>>
*			and pno = eca04_p_v.pno));\g
/*
 what suppliers have all parts 
*/
<<

+------+
|xname |
+------+
|smith |
+------+
(1 row)
>>
* select xname from eca04_s_v where not exists 
<<
>>
*	(select pno from eca04_p_v where not exists 
<<
>>
*	(select sno from eca04_sp_v 
<<
>>
*		where eca04_sp_v.sno = eca04_s_v.sno 
<<
>>
*			and eca04_sp_v.pno = eca04_p_v.pno));\g
/*
 what suppliers have all parts 
*/
<<

+------+
|xname |
+------+
|smith |
+------+
(1 row)
>>
* select sno from eca04_s_v where not exists 
<<
>>
*	(select distinct pno from eca04_sp_v);\g
<<

+------+
|sno   |
+------+
+------+
(0 rows)
>>
* select city from eca04_s_v where exists 
<<
>>
*	(select * from eca04_sp_v where eca04_sp_v.sno = eca04_s_v.sno);\g
<<

+----------+
|city      |
+----------+
|london    |
|paris     |
|paris     |
|london    |
+----------+
(4 rows)
>>
* select distinct city from eca04_s_v where exists 
<<
>>
*	(select * from eca04_sp_v where eca04_sp_v.sno = eca04_s_v.sno);\g
<<

+----------+
|city      |
+----------+
|london    |
|paris     |
+----------+
(2 rows)
>>
* select eca04_s_v.xname from eca04_s_v where exists 
<<
>>
*	(select * from eca04_sp_v where eca04_sp_v.sno=eca04_s_v.sno);\g
<<

+------+
|xname |
+------+
|smith |
|jones |
|blake |
|clark |
+------+
(4 rows)
>>
* select eca04_s_v.xname from eca04_s_v where not exists 
<<
>>
*	(select * from eca04_sp_v where eca04_sp_v.sno=eca04_s_v.sno);\g
<<

+------+
|xname |
+------+
|adams |
+------+
(1 row)
>>
* set trace point op132;\g
/*
Run the test on the base tables, flattening turned ON
*/
<<
>>
* select xname from eca04_s where exists 
<<
>>
*	(select * from eca04_sp where sno = eca04_s.sno and pno='p2');\g
<<

+------+
|xname |
+------+
|smith |
|clark |
|blake |
|jones |
+------+
(4 rows)
>>
<<

+------+
|xname |
+------+
|blake |
|clark |
|jones |
|smith |
+------+
(4 rows)
>>
<<

+------+
|xname |
+------+
|smith |
|jones |
|clark |
|blake |
+------+
(4 rows)
>>
<<

+------+
|xname |
+------+
|smith |
|jones |
|blake |
|clark |
+------+
(4 rows)
>>
* select xname from eca04_s where not exists 
<<
>>
*	(select * from eca04_sp where sno = eca04_s.sno and pno='p2');\g
<<

+------+
|xname |
+------+
|adams |
+------+
(1 row)
>>
* select distinct sno from eca04_sp eca04_spx where not exists 
<<
>>
*	(select * from eca04_sp eca04_spy where sno = 's2' and not exists 
<<
>>
*	(select * from eca04_sp eca04_spz  
<<
>>
*		where eca04_spz.sno = eca04_spx.sno 
<<
>>
*		and eca04_spz.pno = eca04_spy.pno));\g
/*
 all suppliers supplying parts supplied by s2 
*/
<<

+------+
|sno   |
+------+
|s1    |
|s2    |
+------+
(2 rows)
>>
* select pno from eca04_p where exists 
<<
>>
*	(select * from eca04_sp eca04_spx 
<<
>>
*		where eca04_spx.pno = eca04_p.pno and exists 
<<
>>
*	(select * from eca04_sp eca04_spy  
<<
>>
*		where eca04_spy.pno = eca04_p.pno 
<<
>>
*			and eca04_spy.sno != eca04_spx.sno));\g
<<

+------+
|pno   |
+------+
|p1    |
|p4    |
|p5    |
|p2    |
+------+
(4 rows)
>>
<<

+------+
|pno   |
+------+
|p1    |
|p2    |
|p4    |
|p5    |
+------+
(4 rows)
>>
<<

+------+
|pno   |
+------+
|p1    |
|p5    |
|p2    |
|p4    |
+------+
(4 rows)
>>
* select xname from eca04_s where not exists 
<<
>>
*	(select * from eca04_p where not exists 
<<
>>
*	(select * from eca04_sp 
<<
>>
*		where sno = eca04_s.sno and pno = eca04_p.pno));\g
/*
 what suppliers have all parts 
*/
<<

+------+
|xname |
+------+
|smith |
+------+
(1 row)
>>
* select xname from eca04_s where not exists 
<<
>>
*	(select pno from eca04_p where not exists  
<<
>>
*	(select sno from eca04_sp 
<<
>>
*		where eca04_sp.sno = eca04_s.sno 
<<
>>
*		and eca04_sp.pno = eca04_p.pno));\g
/*
 what suppliers have all parts 
*/
<<

+------+
|xname |
+------+
|smith |
+------+
(1 row)
>>
* select sno from eca04_s where not exists 
<<
>>
*	(select distinct pno from eca04_sp);\g
<<

+------+
|sno   |
+------+
+------+
(0 rows)
>>
* select city from eca04_s where exists 
<<
>>
*	(select * from eca04_sp where eca04_sp.sno = eca04_s.sno);\g
<<

+----------+
|city      |
+----------+
|london    |
|london    |
|paris     |
|paris     |
+----------+
(4 rows)
>>
<<

+----------+
|city      |
+----------+
|london    |
|paris     |
|london    |
|paris     |
+----------+
(4 rows)
>>
<<

+----------+
|city      |
+----------+
|london    |
|paris     |
|paris     |
|london    |
+----------+
(4 rows)
>>
* select distinct city from eca04_s where exists 
<<
>>
*	(select * from eca04_sp where eca04_sp.sno = eca04_s.sno);\g
<<

+----------+
|city      |
+----------+
|london    |
|paris     |
+----------+
(2 rows)
>>
* select eca04_s.xname from eca04_s where exists 
<<
>>
*	(select * from eca04_sp where eca04_sp.sno=eca04_s.sno);\g
<<

+------+
|xname |
+------+
|smith |
|clark |
|blake |
|jones |
+------+
(4 rows)
>>
<<

+------+
|xname |
+------+
|blake |
|clark |
|jones |
|smith |
+------+
(4 rows)
>>
<<

+------+
|xname |
+------+
|smith |
|jones |
|clark |
|blake |
+------+
(4 rows)
>>
<<

+------+
|xname |
+------+
|smith |
|jones |
|blake |
|clark |
+------+
(4 rows)
>>
* select eca04_s.xname from eca04_s where not exists 
<<
>>
*	(select * from eca04_sp where eca04_sp.sno=eca04_s.sno);\g
<<

+------+
|xname |
+------+
|adams |
+------+
(1 row)
>>
* select xname from eca04_s_v where exists 
<<
>>
*	(select * from eca04_sp_v where sno = eca04_s_v.sno and pno='p2');\g
<<

+------+
|xname |
+------+
|smith |
|clark |
|blake |
|jones |
+------+
(4 rows)
>>
<<

+------+
|xname |
+------+
|blake |
|clark |
|jones |
|smith |
+------+
(4 rows)
>>
<<

+------+
|xname |
+------+
|smith |
|jones |
|clark |
|blake |
+------+
(4 rows)
>>
<<

+------+
|xname |
+------+
|smith |
|jones |
|blake |
|clark |
+------+
(4 rows)
>>
* select xname from eca04_s_v where not exists 
<<
>>
*	(select * from eca04_sp_v where sno = eca04_s_v.sno and pno='p2');\g
<<

+------+
|xname |
+------+
|adams |
+------+
(1 row)
>>
* select distinct sno from eca04_sp_v eca04_spx where not exists 
<<
>>
*	(select * from eca04_sp_v eca04_spy  where sno = 's2' and not exists 
<<
>>
*	(select * from eca04_sp_v eca04_spz  
<<
>>
*		where eca04_spz.sno = eca04_spx.sno 
<<
>>
*		and eca04_spz.pno = eca04_spy.pno));\g
/*
 all suppliers supplying parts supplied by s2 
*/
<<

+------+
|sno   |
+------+
|s1    |
|s2    |
+------+
(2 rows)
>>
* select pno from eca04_p_v where exists 
<<
>>
*	(select * from eca04_sp_v eca04_spx 
<<
>>
*		where eca04_spx.pno = eca04_p_v.pno and exists 
<<
>>
*	(select * from eca04_sp_v eca04_spy 
<<
>>
*		where eca04_spy.pno = eca04_p_v.pno 
<<
>>
*			and eca04_spy.sno != eca04_spx.sno));\g
<<

+------+
|pno   |
+------+
|p1    |
|p4    |
|p5    |
|p2    |
+------+
(4 rows)
>>
<<

+------+
|pno   |
+------+
|p1    |
|p2    |
|p4    |
|p5    |
+------+
(4 rows)
>>
<<

+------+
|pno   |
+------+
|p1    |
|p5    |
|p2    |
|p4    |
+------+
(4 rows)
>>
* select xname from eca04_s_v where not exists 
<<
>>
*	(select * from eca04_p_v where not exists 
<<
>>
*	(select * from eca04_sp_v 
<<
>>
*		where sno = eca04_s_v.sno and pno = eca04_p_v.pno));\g
/*
 what suppliers have all parts 
*/
<<

+------+
|xname |
+------+
|smith |
+------+
(1 row)
>>
* select xname from eca04_s_v where not exists 
<<
>>
*	(select pno from eca04_p_v where not exists 
<<
>>
*	(select sno from eca04_sp_v 
<<
>>
*		where eca04_sp_v.sno = eca04_s_v.sno 
<<
>>
*		and eca04_sp_v.pno = eca04_p_v.pno));\g
/*
 what suppliers have all parts 
*/
<<

+------+
|xname |
+------+
|smith |
+------+
(1 row)
>>
* select sno from eca04_s_v where not exists 
<<
>>
*	(select distinct pno from eca04_sp_v);\g
<<

+------+
|sno   |
+------+
+------+
(0 rows)
>>
* select city from eca04_s_v where exists 
<<
>>
*	(select * from eca04_sp_v where eca04_sp_v.sno = eca04_s_v.sno);\g
<<

+----------+
|city      |
+----------+
|london    |
|london    |
|paris     |
|paris     |
+----------+
(4 rows)
>>
<<

+----------+
|city      |
+----------+
|london    |
|paris     |
|london    |
|paris     |
+----------+
(4 rows)
>>
<<

+----------+
|city      |
+----------+
|london    |
|paris     |
|paris     |
|london    |
+----------+
(4 rows)
>>
* select distinct city from eca04_s_v where exists 
<<
>>
*	(select * from eca04_sp_v where eca04_sp_v.sno = eca04_s_v.sno);\g
<<

+----------+
|city      |
+----------+
|london    |
|paris     |
+----------+
(2 rows)
>>
* select eca04_s_v.xname from eca04_s_v where exists 
<<
>>
*	(select * from eca04_sp_v where eca04_sp_v.sno=eca04_s_v.sno);\g
<<

+------+
|xname |
+------+
|smith |
|clark |
|blake |
|jones |
+------+
(4 rows)
>>
<<

+------+
|xname |
+------+
|blake |
|clark |
|jones |
|smith |
+------+
(4 rows)
>>
<<

+------+
|xname |
+------+
|smith |
|jones |
|clark |
|blake |
+------+
(4 rows)
>>
<<

+------+
|xname |
+------+
|smith |
|jones |
|blake |
|clark |
+------+
(4 rows)
>>
* select eca04_s_v.xname from eca04_s_v where not exists 
<<
>>
*	(select * from eca04_sp_v where eca04_sp_v.sno=eca04_s_v.sno);\g
<<

+------+
|xname |
+------+
|adams |
+------+
(1 row)
>>
* drop table eca04_s;\g
<<
~
>>
* drop table eca04_p;\g
<<
~
>>
* drop table eca04_sp;\g
<<
~
>>
* \q
<<
~
>>


Ending at: 18-APR-1991 19:31:31
