/*
	Test Name: eca08
	Time: 28-SEP-1989 09:48:44
	User Name: testenv     
 
	Test ID : 	eca08
	Module  : 	qryproc
	Filename:	eca08.sep
	Purpose	:	Test subqueries using the ALL predicate
			on ISAM tables and secondary indiceeca08_s.
	Input Files  :	None
	Output Files :	None
	Database     :	SEPPARAMDB
	Tables       :	eca08_p, eca08_s, eca08_sp
	Spnopsis     :  Test subqueries using the ALL predicate
                        on ISAM tables and secondary indices.

	History	: 28-Sep-1989	Created				srr
	11-8-91 changed the name of the tables and made
                        test more readable. CAMACHO
	16-Jun-2001	(rogch01)
		Update row orders.
*/
? fill eca08p.jup 
!!
p1	nut       	red   	    12	london    
p2	bolt      	green 	    17	paris     
p3	screw     	blue  	    17	rome      
p4	screw     	red   	    14	london    
p5	cam       	blue  	    12	paris     
p6	cog       	red   	    19	london    
!!
? fill eca08s.jup 
!!
s5	adams 	    30	athens    
s3	blake 	    30	paris     
s4	clark 	    20	london    
s2	jones 	    10	paris     
s1	smith 	    20	london    
!!
? fill eca08sp.jup 
!!
s1	p1	   300
s1	p2	   200
s1	p3	   400
s1	p4	   200
s1	p5	   100
s1	p6	   100
s2	p1	   300
s2	p2	   400
s3	p2	   200
s4	p2	   200
s4	p4	   300
s4	p5	   400
!!
? sql -s SEPPARAMDB 
<<
>>
* drop table eca08_p;\g 
<<
~
>>
* create table eca08_p (pno text(2) with null, yname text(10) with null, 
<<
>>
* 	color text(6) with null, weight i2 with null, city text(10) with null) 
<<
>>
*	with duplicates, page_size=4096;\g 
<<

>>
* copy table eca08_p (pno =c0tab, yname =c0tab, color =c0tab, 
<<
>>
* 	weight =c0tab, city =c0nl) 
<<
>>
*	from 'eca08p.jup';\g 
<<
(6 rows)
>>
* drop table eca08_s;\g 
<<
~
>>
* create table eca08_s (sno text(2) with null, xname text(6) with null, 
<<
>>
*	status i2 with null, city text(10) with null) 
<<
>>
* 	with duplicates, page_size=4096;\g 
<<
>>
* copy table eca08_s (sno =c0tab, xname =c0tab, status =c0tab, city =c0nl) 
<<
>>
*	from 'eca08s.jup';\g 
<<
(5 rows)
>>
* drop table eca08_sp;\g 
<<
~
>>
* create table eca08_sp (sno text(2) with null, pno text(2) with null, 
<<
>>
* 	qty i2 with null) with duplicates, page_size=4096;\g 
<<
>>
* copy table eca08_sp (sno =c0tab, pno =c0tab, qty =c0nl) 
<<
>>
*	from 'eca08sp.jup';\g 
<<
(12 rows)
>>
* modify eca08_p to isam on pno with page_size =4096;\g 
<<
(6 rows)
>>
* create index eca08_p_1 on eca08_p (yname) with structure = isam, page_size=4096;\g 
<<
(6 rows)
>>
* create index eca08_p_2 on eca08_p (color) with structure = isam, page_size=4096;\g 
<<
(6 rows)
>>
* create index eca08_p_3 on eca08_p (weight) with structure = isam, page_size=4096;\g 
<<
(6 rows)
>>
* create index eca08_p_4 on eca08_p (city) with structure = isam, page_size=4096;\g 
<<
(6 rows)
>>
* modify eca08_s to isam on sno with page_size =4096;\g 
<<
(5 rows)
>>
* create index eca08_s_1 on eca08_s (xname) with structure = isam, page_size=4096;\g 
<<
(5 rows)
>>
* create index eca08_s_2 on eca08_s (status) with structure = isam, page_size=4096;\g 
<<
(5 rows)
>>
* create index eca08_s_3 on eca08_s (city) with structure = isam, page_size=4096;\g 
<<
(5 rows)
>>
* modify eca08_sp to isam on sno with page_size =4096;\g 
<<
(12 rows)
>>
* create index eca08_sp_1 on eca08_sp (pno) with structure = isam, page_size=4096;\g 
<<
(12 rows)
>>
* create index eca08_sp_2 on eca08_sp (qty) with structure = isam, page_size=4096;\g 
<<
(12 rows)
>>
* select * from eca08_p order by pno, yname, color, weight, city;\g 
<<

+------+----------+------+------+----------+
|pno   |yname     |color |weight|city      |
+------+----------+------+------+----------+
|p1    |nut       |red   |    12|london    |
|p2    |bolt      |green |    17|paris     |
|p3    |screw     |blue  |    17|rome      |
|p4    |screw     |red   |    14|london    |
|p5    |cam       |blue  |    12|paris     |
|p6    |cog       |red   |    19|london    |
+------+----------+------+------+----------+
(6 rows)
>>
* select * from eca08_s order by sno, xname, status, city;\g 
<<

+------+------+------+----------+
|sno   |xname |status|city      |
+------+------+------+----------+
|s1    |smith |    20|london    |
|s2    |jones |    10|paris     |
|s3    |blake |    30|paris     |
|s4    |clark |    20|london    |
|s5    |adams |    30|athens    |
+------+------+------+----------+
(5 rows)
>>
* select * from eca08_sp order by sno, pno, qty;\g 
<<

+------+------+------+
|sno   |pno   |qty   |
+------+------+------+
|s1    |p1    |   300|
|s1    |p2    |   200|
|s1    |p3    |   400|
|s1    |p4    |   200|
|s1    |p5    |   100|
|s1    |p6    |   100|
|s2    |p1    |   300|
|s2    |p2    |   400|
|s3    |p2    |   200|
|s4    |p2    |   200|
|s4    |p4    |   300|
|s4    |p5    |   400|
+------+------+------+
(12 rows)
>>
* create view eca08_p_v as select * from eca08_p;\g 
<<
>>
* create view eca08_s_v as select * from eca08_s;\g 
<<
>>
* create view eca08_sp_v as select * from eca08_sp;\g 
<<
>>
* select * from eca08_p_v order by pno, yname, color, weight, city;\g 
<<

+------+----------+------+------+----------+
|pno   |yname     |color |weight|city      |
+------+----------+------+------+----------+
|p1    |nut       |red   |    12|london    |
|p2    |bolt      |green |    17|paris     |
|p3    |screw     |blue  |    17|rome      |
|p4    |screw     |red   |    14|london    |
|p5    |cam       |blue  |    12|paris     |
|p6    |cog       |red   |    19|london    |
+------+----------+------+------+----------+
(6 rows)
>>
* select * from eca08_s_v order by sno, xname, status, city;\g 
<<

+------+------+------+----------+
|sno   |xname |status|city      |
+------+------+------+----------+
|s1    |smith |    20|london    |
|s2    |jones |    10|paris     |
|s3    |blake |    30|paris     |
|s4    |clark |    20|london    |
|s5    |adams |    30|athens    |
+------+------+------+----------+
(5 rows)
>>
* select * from eca08_sp_v order by sno, pno, qty;\g 
<<

+------+------+------+
|sno   |pno   |qty   |
+------+------+------+
|s1    |p1    |   300|
|s1    |p2    |   200|
|s1    |p3    |   400|
|s1    |p4    |   200|
|s1    |p5    |   100|
|s1    |p6    |   100|
|s2    |p1    |   300|
|s2    |p2    |   400|
|s3    |p2    |   200|
|s4    |p2    |   200|
|s4    |p4    |   300|
|s4    |p5    |   400|
+------+------+------+
(12 rows)
>>
* select xname from eca08_s 
<<
>>
*	where 'p2' != all 
<<
~
>>
* (select pno from eca08_sp 
<<
>>
*	where sno = eca08_s.sno);\g 
<<

+------+
|xname |
+------+
|adams |
+------+
(1 row)
>>
* select distinct eca08_sp.sno from eca08_sp 
<<
>>
*	where eca08_sp.qty > all 
<<
~
>>
* (select eca08_sp.qty from eca08_sp 
<<
>>
*	where eca08_sp.sno='s3');\g 
<<

+------+
|sno   |
+------+
|s1    |
|s2    |
|s4    |
+------+
(3 rows)
>>
* select * from eca08_p 
<<
>>
*	where pno > all (select pno from eca08_sp where qty=100);\g 
<<

+------+----------+------+------+----------+
|pno   |yname     |color |weight|city      |
+------+----------+------+------+----------+
+------+----------+------+------+----------+
(0 rows)
>>
* select * from eca08_p 
<<
>>
*	where pno < all (select pno from eca08_sp where qty=100);\g 
<<

+------+----------+------+------+----------+
|pno   |yname     |color |weight|city      |
+------+----------+------+------+----------+
|p1    |nut       |red   |    12|london    |
|p2    |bolt      |green |    17|paris     |
|p3    |screw     |blue  |    17|rome      |
|p4    |screw     |red   |    14|london    |
+------+----------+------+------+----------+
(4 rows)
>>
* select * from eca08_p 
<<
>>
*	where pno >= all (select pno from eca08_sp where qty=100);\g 
<<

+------+----------+------+------+----------+
|pno   |yname     |color |weight|city      |
+------+----------+------+------+----------+
|p6    |cog       |red   |    19|london    |
+------+----------+------+------+----------+
(1 row)
>>
* select * from eca08_p 
<<
>>
*	where pno <= all (select pno from eca08_sp where qty=100);\g 
<<

+------+----------+------+------+----------+
|pno   |yname     |color |weight|city      |
+------+----------+------+------+----------+
|p1    |nut       |red   |    12|london    |
|p2    |bolt      |green |    17|paris     |
|p3    |screw     |blue  |    17|rome      |
|p4    |screw     |red   |    14|london    |
|p5    |cam       |blue  |    12|paris     |
+------+----------+------+------+----------+
(5 rows)
>>
* select * from eca08_p 
<<
>>
*	where pno = all (select pno from eca08_sp where qty=100);\g 
<<

+------+----------+------+------+----------+
|pno   |yname     |color |weight|city      |
+------+----------+------+------+----------+
+------+----------+------+------+----------+
(0 rows)
>>
* select * from eca08_p where pno != all (select pno from eca08_sp where -
qty=100) order by 1;\g 
<<

+------+----------+------+------+----------+
|pno   |yname     |color |weight|city      |
+------+----------+------+------+----------+
|p1    |nut       |red   |    12|london    |
|p2    |bolt      |green |    17|paris     |
|p3    |screw     |blue  |    17|rome      |
|p4    |screw     |red   |    14|london    |
+------+----------+------+------+----------+
(4 rows)
>>
* select xname from eca08_s_v 
<<
>>
*	where 'p2' != all 
<<
~
>>
* (select pno from eca08_sp_v 
<<
>>
*	where sno = eca08_s_v.sno);\g 
<<

+------+
|xname |
+------+
|adams |
+------+
(1 row)
>>
* select distinct eca08_sp_v.sno from eca08_sp_v 
<<
>>
*	where eca08_sp_v.qty > all 
<<
~
>>
* (select eca08_sp_v.qty from eca08_sp_v 
<<
>>
*	where eca08_sp_v.sno='s3');\g 
<<

+------+
|sno   |
+------+
|s1    |
|s2    |
|s4    |
+------+
(3 rows)
>>
* select * from eca08_p_v 
<<
>>
*	where pno > all (select pno from eca08_sp_v where qty=100);\g 
<<

+------+----------+------+------+----------+
|pno   |yname     |color |weight|city      |
+------+----------+------+------+----------+
+------+----------+------+------+----------+
(0 rows)
>>
* select * from eca08_p_v 
<<
>>
*	where pno < all (select pno from eca08_sp_v where qty=100);\g 
<<

+------+----------+------+------+----------+
|pno   |yname     |color |weight|city      |
+------+----------+------+------+----------+
|p1    |nut       |red   |    12|london    |
|p2    |bolt      |green |    17|paris     |
|p3    |screw     |blue  |    17|rome      |
|p4    |screw     |red   |    14|london    |
+------+----------+------+------+----------+
(4 rows)
>>
* select * from eca08_p_v 
<<
>>
*	where pno >= all (select pno from eca08_sp_v where qty=100);\g 
<<

+------+----------+------+------+----------+
|pno   |yname     |color |weight|city      |
+------+----------+------+------+----------+
|p6    |cog       |red   |    19|london    |
+------+----------+------+------+----------+
(1 row)
>>
* select * from eca08_p_v 
<<
>>
*	where pno <= all (select pno from eca08_sp_v where qty=100);\g 
<<

+------+----------+------+------+----------+
|pno   |yname     |color |weight|city      |
+------+----------+------+------+----------+
|p1    |nut       |red   |    12|london    |
|p2    |bolt      |green |    17|paris     |
|p3    |screw     |blue  |    17|rome      |
|p4    |screw     |red   |    14|london    |
|p5    |cam       |blue  |    12|paris     |
+------+----------+------+------+----------+
(5 rows)
>>
* select * from eca08_p_v 
<<
>>
*	where pno = all (select pno from eca08_sp_v where qty=100);\g 
<<

+------+----------+------+------+----------+
|pno   |yname     |color |weight|city      |
+------+----------+------+------+----------+
+------+----------+------+------+----------+
(0 rows)
>>
* select * from eca08_p_v where pno != all (select pno from eca08_sp_v where -
qty=100) order by 1;\g 
<<

+------+----------+------+------+----------+
|pno   |yname     |color |weight|city      |
+------+----------+------+------+----------+
|p1    |nut       |red   |    12|london    |
|p2    |bolt      |green |    17|paris     |
|p3    |screw     |blue  |    17|rome      |
|p4    |screw     |red   |    14|london    |
+------+----------+------+------+----------+
(4 rows)
>>
* set trace point op132;\g 
<<
>>
* select xname from eca08_s 
<<
>>
*	where 'p2' != all 
<<
~
>>
* (select pno from eca08_sp 
<<
>>
*	where sno = eca08_s.sno);\g 
<<

+------+
|xname |
+------+
|adams |
+------+
(1 row)
>>
* select distinct eca08_sp.sno from eca08_sp 
<<
>>
*	where eca08_sp.qty > all 
<<
~
>>
* (select eca08_sp.qty from eca08_sp 
<<
>>
*	where eca08_sp.sno='s3');\g 
<<

+------+
|sno   |
+------+
|s1    |
|s2    |
|s4    |
+------+
(3 rows)
>>
* select * from eca08_p 
<<
>>
*	where pno > all (select pno from eca08_sp where qty=100);\g 
<<

+------+----------+------+------+----------+
|pno   |yname     |color |weight|city      |
+------+----------+------+------+----------+
+------+----------+------+------+----------+
(0 rows)
>>
* select * from eca08_p 
<<
>>
*	where pno < all (select pno from eca08_sp where qty=100);\g 
<<

+------+----------+------+------+----------+
|pno   |yname     |color |weight|city      |
+------+----------+------+------+----------+
|p1    |nut       |red   |    12|london    |
|p2    |bolt      |green |    17|paris     |
|p3    |screw     |blue  |    17|rome      |
|p4    |screw     |red   |    14|london    |
+------+----------+------+------+----------+
(4 rows)
>>
* select * from eca08_p 
<<
>>
*	where pno >= all (select pno from eca08_sp where qty=100);\g 
<<

+------+----------+------+------+----------+
|pno   |yname     |color |weight|city      |
+------+----------+------+------+----------+
|p6    |cog       |red   |    19|london    |
+------+----------+------+------+----------+
(1 row)
>>
* select * from eca08_p 
<<
>>
*	where pno <= all (select pno from eca08_sp where qty=100);\g 
<<

+------+----------+------+------+----------+
|pno   |yname     |color |weight|city      |
+------+----------+------+------+----------+
|p1    |nut       |red   |    12|london    |
|p2    |bolt      |green |    17|paris     |
|p3    |screw     |blue  |    17|rome      |
|p4    |screw     |red   |    14|london    |
|p5    |cam       |blue  |    12|paris     |
+------+----------+------+------+----------+
(5 rows)
>>
* select * from eca08_p 
<<
>>
*	where pno = all (select pno from eca08_sp where qty=100);\g 
<<

+------+----------+------+------+----------+
|pno   |yname     |color |weight|city      |
+------+----------+------+------+----------+
+------+----------+------+------+----------+
(0 rows)
>>
* select * from eca08_p 
<<
>>
*	where pno != all (select pno from eca08_sp where qty=100);\g 
<<

+------+----------+------+------+----------+
|pno   |yname     |color |weight|city      |
+------+----------+------+------+----------+
|p1    |nut       |red   |    12|london    |
|p2    |bolt      |green |    17|paris     |
|p3    |screw     |blue  |    17|rome      |
|p4    |screw     |red   |    14|london    |
+------+----------+------+------+----------+
(4 rows)
>>
* select xname from eca08_s_v 
<<
>>
*	where 'p2' != all 
<<
~
>>
* (select pno from eca08_sp_v 
<<
>>
*	where sno = eca08_s_v.sno);\g 
<<

+------+
|xname |
+------+
|adams |
+------+
(1 row)
>>
* select distinct eca08_sp_v.sno from eca08_sp_v 
<<
>>
*	where eca08_sp_v.qty > all 
<<
~
>>
* (select eca08_sp_v.qty from eca08_sp_v 
<<
>>
*	where eca08_sp_v.sno='s3');\g 
<<

+------+
|sno   |
+------+
|s1    |
|s2    |
|s4    |
+------+
(3 rows)
>>
* select * from eca08_p_v 
<<
>>
*	where pno > all (select pno from eca08_sp_v where qty=100);\g 
<<

+------+----------+------+------+----------+
|pno   |yname     |color |weight|city      |
+------+----------+------+------+----------+
+------+----------+------+------+----------+
(0 rows)
>>
* select * from eca08_p_v 
<<
>>
*	where pno < all (select pno from eca08_sp_v where qty=100);\g 
<<

+------+----------+------+------+----------+
|pno   |yname     |color |weight|city      |
+------+----------+------+------+----------+
|p1    |nut       |red   |    12|london    |
|p2    |bolt      |green |    17|paris     |
|p3    |screw     |blue  |    17|rome      |
|p4    |screw     |red   |    14|london    |
+------+----------+------+------+----------+
(4 rows)
>>
* select * from eca08_p_v 
<<
>>
*	where pno >= all (select pno from eca08_sp_v where qty=100);\g 
<<

+------+----------+------+------+----------+
|pno   |yname     |color |weight|city      |
+------+----------+------+------+----------+
|p6    |cog       |red   |    19|london    |
+------+----------+------+------+----------+
(1 row)
>>
* select * from eca08_p_v 
<<
>>
*	where pno <= all (select pno from eca08_sp_v where qty=100);\g 
<<

+------+----------+------+------+----------+
|pno   |yname     |color |weight|city      |
+------+----------+------+------+----------+
|p1    |nut       |red   |    12|london    |
|p2    |bolt      |green |    17|paris     |
|p3    |screw     |blue  |    17|rome      |
|p4    |screw     |red   |    14|london    |
|p5    |cam       |blue  |    12|paris     |
+------+----------+------+------+----------+
(5 rows)
>>
* select * from eca08_p_v 
<<
>>
*	where pno = all (select pno from eca08_sp_v where qty=100);\g 
<<

+------+----------+------+------+----------+
|pno   |yname     |color |weight|city      |
+------+----------+------+------+----------+
+------+----------+------+------+----------+
(0 rows)
>>
* select * from eca08_p_v 
<<
>>
*	where pno != all (select pno from eca08_sp_v where qty=100);\g 
<<

+------+----------+------+------+----------+
|pno   |yname     |color |weight|city      |
+------+----------+------+------+----------+
|p1    |nut       |red   |    12|london    |
|p2    |bolt      |green |    17|paris     |
|p3    |screw     |blue  |    17|rome      |
|p4    |screw     |red   |    14|london    |
+------+----------+------+------+----------+
(4 rows)
>>
* drop table eca08_p;\g
<<
~
>>
* drop table eca08_s;\g
<<
~
>>
* drop table eca08_sp;\g
<<
~
>>
* \q 
<<
>>


Ending at: 18-APR-1991 20:29:18
