/*
	Test Name: eca05
	Time: 27-JUL-1989 16:05:13
	User Name: testenv      
 
	Test ID : 	eca05 (formerly af011)
	Module  : 	qryproc
	Filename: 	eca05.sep
	Purpose	:	Test subqueries involving AGGREGATES on ISAM tables
			and secondary indiceeca05_s.
	Input Files  : 	None
	Output Files : 	None
	Database     :	SEPPARAMDB
	Tables       :	eca05_s, eca05_p, eca05_sp
	Spnopsis     :  Test subqueries involving AGGREGATES on ISAM tables
                        and secondary indices.

	History	: 27-Jul-1989	Created				srr
		  JL-AUG-1989   converted to sep format by larryh
		11-8-91 changed the name of the tables and made
                        test more readable. CAMACHO
          08-Feb-1999	(kamra01)
                        (added alternate canon to eliminate diffs in sequence order)
	  25-March-1999  (kamra01) modified VPG_SZ to 2048
*/
? fill eca05s.jup 
!!
s5	adams 	    30	athens    
s3	blake 	    30	paris     
s4	clark 	    20	london    
s2	jones 	    10	paris     
s1	smith 	    20	london    
!!
? fill eca05p.jup 
!!
p1	nut       	red   	    12	london    
p2	bolt      	green 	    17	paris     
p3	screw     	blue  	    17	rome      
p4	screw     	red   	    14	london    
p5	cam       	blue  	    12	paris     
p6	cog       	red   	    19	london    
!!
? fill eca05sp.jup 
!!
s1	p1	   300
s1	p2	   200
s1	p3	   400
s1	p4	   200
s1	p5	   100
s1	p6	   100
s2	p1	   300
s2	p2	   400
s3	p2	   200
s4	p2	   200
s4	p4	   300
s4	p5	   400
!!
? sql -s SEPPARAMDB 
<<
>>
* drop table eca05_p;\g
<<
~
>>
* create table eca05_p (pno text(2) with null, yname text(10) with null, 
<<
>>
*	color text(6) with null, weight i2 with null, city text(10) with null)
<<
>>
*	 with duplicates, page_size=4096;\g
<<
>>
* copy table eca05_p (pno =c0tab, yname =c0tab, color =c0tab, weight =c0tab, 
<<
>>
*	city =c0nl) from 'eca05p.jup';\g
<<
(6 rows)
>>
* drop table eca05_s;\g
<<
~
>>
* create table eca05_s (sno text(2) with null, xname text(6) with null, 
<<
>>
*	status i2 with null, city text(10) with null) with duplicates, page_size=4096;\g
<<
>>
* copy table eca05_s (sno =c0tab, xname =c0tab, status =c0tab, city =c0nl) 
<<
>>
*	from 'eca05s.jup';\g
<<
(5 rows)
>>
* drop table eca05_sp;\g
<<
~
>>
* create table eca05_sp (sno text(2) with null, pno text(2) with null, 
<<
>>
*	qty i2 with null) with duplicates, page_size=4096;\g
<<
>>
* copy table eca05_sp (sno =c0tab, pno =c0tab, qty =c0nl) 
<<
>>
*	from 'eca05sp.jup';\g
<<
(12 rows)
>>
* modify eca05_p to isam on pno with page_size =4096;\g
<<
(6 rows)
>>
* create index eca05_p_1 on eca05_p (yname) with structure = isam, page_size=4096;\g
<<
(6 rows)
>>
* create index eca05_p_2 on eca05_p (color) with structure = isam, page_size=4096;\g
<<
(6 rows)
>>
* create index eca05_p_3 on eca05_p (weight) with structure = isam, page_size=4096;\g
<<
(6 rows)
>>
* create index eca05_p_4 on eca05_p (city) with structure = isam, page_size=4096;\g
<<
(6 rows)
>>
* modify eca05_s to isam on sno with page_size =4096;\g
<<
(5 rows)
>>
* create index eca05_s_1 on eca05_s (xname) with structure = isam, page_size=4096;\g
<<
(5 rows)
>>
* create index eca05_s_2 on eca05_s (status) with structure = isam, page_size=4096;\g
<<
(5 rows)
>>
* create index eca05_s_3 on eca05_s (city) with structure = isam, page_size=4096;\g
<<
(5 rows)
>>
* modify eca05_sp to isam on sno with page_size =4096;\g
<<
(12 rows)
>>
* create index eca05_sp_1 on eca05_sp (pno) with structure = isam, page_size=4096;\g
<<
(12 rows)
>>
* create index eca05_sp_2 on eca05_sp (qty) with structure = isam, page_size=4096;\g
<<
(12 rows)
>>
* select * from eca05_p order by pno, yname, color, weight, city;\g
<<

+------+----------+------+------+----------+
|pno   |yname     |color |weight|city      |
+------+----------+------+------+----------+
|p1    |nut       |red   |    12|london    |
|p2    |bolt      |green |    17|paris     |
|p3    |screw     |blue  |    17|rome      |
|p4    |screw     |red   |    14|london    |
|p5    |cam       |blue  |    12|paris     |
|p6    |cog       |red   |    19|london    |
+------+----------+------+------+----------+
(6 rows)
>>
* select * from eca05_s order by sno, xname, status, city;\g
<<

+------+------+------+----------+
|sno   |xname |status|city      |
+------+------+------+----------+
|s1    |smith |    20|london    |
|s2    |jones |    10|paris     |
|s3    |blake |    30|paris     |
|s4    |clark |    20|london    |
|s5    |adams |    30|athens    |
+------+------+------+----------+
(5 rows)
>>
* select * from eca05_sp order by sno, pno, qty;\g
<<

+------+------+------+
|sno   |pno   |qty   |
+------+------+------+
|s1    |p1    |   300|
|s1    |p2    |   200|
|s1    |p3    |   400|
|s1    |p4    |   200|
|s1    |p5    |   100|
|s1    |p6    |   100|
|s2    |p1    |   300|
|s2    |p2    |   400|
|s3    |p2    |   200|
|s4    |p2    |   200|
|s4    |p4    |   300|
|s4    |p5    |   400|
+------+------+------+
(12 rows)
>>
* create view eca05_p_v as select * from eca05_p;\g
<<
>>
* create view eca05_s_v as select * from eca05_s;\g
<<
>>
* create view eca05_sp_v as select * from eca05_sp;\g
<<
>>
* select * from eca05_p_v order by pno, yname, color, weight, city;\g
<<

+------+----------+------+------+----------+
|pno   |yname     |color |weight|city      |
+------+----------+------+------+----------+
|p1    |nut       |red   |    12|london    |
|p2    |bolt      |green |    17|paris     |
|p3    |screw     |blue  |    17|rome      |
|p4    |screw     |red   |    14|london    |
|p5    |cam       |blue  |    12|paris     |
|p6    |cog       |red   |    19|london    |
+------+----------+------+------+----------+
(6 rows)
>>
* select * from eca05_s_v order by sno, xname, status, city;\g
<<

+------+------+------+----------+
|sno   |xname |status|city      |
+------+------+------+----------+
|s1    |smith |    20|london    |
|s2    |jones |    10|paris     |
|s3    |blake |    30|paris     |
|s4    |clark |    20|london    |
|s5    |adams |    30|athens    |
+------+------+------+----------+
(5 rows)
>>
* select * from eca05_sp_v order by sno, pno, qty;\g
<<

+------+------+------+
|sno   |pno   |qty   |
+------+------+------+
|s1    |p1    |   300|
|s1    |p2    |   200|
|s1    |p3    |   400|
|s1    |p4    |   200|
|s1    |p5    |   100|
|s1    |p6    |   100|
|s2    |p1    |   300|
|s2    |p2    |   400|
|s3    |p2    |   200|
|s4    |p2    |   200|
|s4    |p4    |   300|
|s4    |p5    |   400|
+------+------+------+
(12 rows)
>>
* select distinct pno from eca05_sp eca05_spx 
<<
>>
*	where 1 < 
<<
>>
*	 (select count(*) from eca05_sp eca05_spy 
<<
>>
*	where eca05_spy.pno = eca05_spx.pno);\g
<<

+------+
|pno   |
+------+
|p1    |
|p2    |
|p4    |
|p5    |
+------+
(4 rows)
>>
* select pno from eca05_p px 
<<
>>
*	where px.weight * 3 >any 
<<
>>
*	 (select sum(weight) from eca05_p py 
<<
>>
*	where py.city > px.city or py.color > px.color);\g
<<

+------+
|pno   |
+------+
|p6    |
+------+
(1 row)
>>
* select sno from eca05_s 
<<
>>
*	where status < 
<<
>>
*	 (select max(status) from eca05_s);\g
/*
 MAX 
*/
<<

+------+
|sno   |
+------+
|s1    |
|s2    |
|s4    |
+------+
(3 rows)
>>
* select sno from eca05_s 
<<
>>
*	where status > 
<<
>>
*	 (select min(status) from eca05_s);\g
<<

+------+
|sno   |
+------+
|s1    |
|s3    |
|s4    |
|s5    |
+------+
(4 rows)
>>
* select sno, status, city from eca05_s sx 
<<
>>
*	where status >= 
<<
>>
*	 (select avg(status) from eca05_s sy 
<<
>>
*	where sy.city = sx.city);\g
<<

+------+------+----------+
|sno   |status|city      |
+------+------+----------+
|s1    |    20|london    |
|s3    |    30|paris     |
|s4    |    20|london    |
|s5    |    30|athens    |
+------+------+----------+
(4 rows)
>>
<<

+------+------+----------+
|sno   |status|city      |
+------+------+----------+
|s5    |    30|athens    |
|s1    |    20|london    |
|s4    |    20|london    |
|s3    |    30|paris     |
+------+------+----------+
(4 rows)
>>
* select * from eca05_s sx 
<<
>>
*	where status >any 
<<
>>
*	 (select avg(status) from eca05_s sy 
<<
>>
*	where sy.city = sx.city);\g
<<

+------+------+------+----------+
|sno   |xname |status|city      |
+------+------+------+----------+
|s3    |blake |    30|paris     |
+------+------+------+----------+
(1 row)
>>
* select distinct pno from eca05_sp_v eca05_spx 
<<
>>
*	where 1 < 
<<
>>
*	 (select count(*) from eca05_sp_v eca05_spy 
<<
>>
*	where eca05_spy.pno = eca05_spx.pno);\g
<<

+------+
|pno   |
+------+
|p1    |
|p2    |
|p4    |
|p5    |
+------+
(4 rows)
>>
* select pno from eca05_p_v px 
<<
>>
*	where px.weight * 3 >any 
<<
>>
*	 (select sum(weight) from eca05_p_v py 
<<
>>
*	where py.city > px.city or py.color > px.color);\g
<<

+------+
|pno   |
+------+
|p6    |
+------+
(1 row)
>>
* select sno from eca05_s_v 
<<
>>
*	where status < 
<<
>>
*	 (select max(status) from eca05_s_v);\g
<<

+------+
|sno   |
+------+
|s1    |
|s2    |
|s4    |
+------+
(3 rows)
>>
* select sno from eca05_s_v 
<<
>>
*	where status > 
<<
>>
*	 (select min(status) from eca05_s_v);\g
<<

+------+
|sno   |
+------+
|s1    |
|s3    |
|s4    |
|s5    |
+------+
(4 rows)
>>
* select sno, status, city from eca05_s_v sx 
<<
>>
*	where status >= 
<<
>>
*	 (select avg(status) from eca05_s_v sy 
<<
>>
*	where sy.city = sx.city);\g
<<

+------+------+----------+
|sno   |status|city      |
+------+------+----------+
|s1    |    20|london    |
|s3    |    30|paris     |
|s4    |    20|london    |
|s5    |    30|athens    |
+------+------+----------+
(4 rows)
>>
<<

+------+------+----------+
|sno   |status|city      |
+------+------+----------+
|s5    |    30|athens    |
|s1    |    20|london    |
|s4    |    20|london    |
|s3    |    30|paris     |
+------+------+----------+
(4 rows)
>>
* select * from eca05_s_v sx 
<<
>>
*	where status >any 
<<
>>
*	 (select avg(status) from eca05_s_v sy 
<<
>>
*	where sy.city = sx.city);\g
<<

+------+------+------+----------+
|sno   |xname |status|city      |
+------+------+------+----------+
|s3    |blake |    30|paris     |
+------+------+------+----------+
(1 row)
>>
* set trace point op132;\g
/*
Run the query on the base tables, flattening turned ON
*/
<<
>>
* select distinct pno from eca05_sp eca05_spx 
<<
>>
*	where 1 < 
<<
>>
*	 (select count(*) from eca05_sp eca05_spy 
<<
>>
*	where eca05_spy.pno = eca05_spx.pno);\g
<<

+------+
|pno   |
+------+
|p1    |
|p2    |
|p4    |
|p5    |
+------+
(4 rows)
>>
* select pno from eca05_p px 
<<
>>
*	where px.weight * 3 >any 
<<
>>
*	 (select sum(weight) from eca05_p py 
<<
>>
*	where py.city > px.city or py.color > px.color);\g
<<

+------+
|pno   |
+------+
|p6    |
+------+
(1 row)
>>
* select sno from eca05_s 
<<
>>
*	where status < 
<<
>>
*	 (select max(status) from eca05_s);\g
<<

+------+
|sno   |
+------+
|s1    |
|s2    |
|s4    |
+------+
(3 rows)
>>
* select sno from eca05_s 
<<
>>
*	where status > 
<<
>>
*	 (select min(status) from eca05_s);\g
<<

+------+
|sno   |
+------+
|s1    |
|s3    |
|s4    |
|s5    |
+------+
(4 rows)
>>
* select sno, status, city from eca05_s sx 
<<
>>
*	where status >= 
<<
>>
*	 (select avg(status) from eca05_s sy 
<<
>>
*	where sy.city = sx.city);\g
<<

+------+------+----------+
|sno   |status|city      |
+------+------+----------+
|s1    |    20|london    |
|s3    |    30|paris     |
|s4    |    20|london    |
|s5    |    30|athens    |
+------+------+----------+
(4 rows)
>>
<<

+------+------+----------+
|sno   |status|city      |
+------+------+----------+
|s5    |    30|athens    |
|s1    |    20|london    |
|s4    |    20|london    |
|s3    |    30|paris     |
+------+------+----------+
(4 rows)
>>
<<

+------+------+----------+
|sno   |status|city      |
+------+------+----------+
|s5    |    30|athens    |
|s4    |    20|london    |
|s1    |    20|london    |
|s3    |    30|paris     |
+------+------+----------+
(4 rows)
>>
* select * from eca05_s sx 
<<
>>
*	where status >any 
<<
>>
*	 (select avg(status) from eca05_s sy 
<<
>>
*	where sy.city = sx.city);\g
<<

+------+------+------+----------+
|sno   |xname |status|city      |
+------+------+------+----------+
|s3    |blake |    30|paris     |
+------+------+------+----------+
(1 row)
>>
* select distinct pno from eca05_sp_v eca05_spx 
<<
>>
*	where 1 < 
<<
>>
*	 (select count(*) from eca05_sp_v eca05_spy 
<<
>>
*	where eca05_spy.pno = eca05_spx.pno);\g
<<

+------+
|pno   |
+------+
|p1    |
|p2    |
|p4    |
|p5    |
+------+
(4 rows)
>>
* select pno from eca05_p_v px 
<<
>>
*	where px.weight * 3 >any 
<<
>>
*	 (select sum(weight) from eca05_p_v py 
<<
>>
*	where py.city > px.city or py.color > px.color);\g
<<

+------+
|pno   |
+------+
|p6    |
+------+
(1 row)
>>
* select sno from eca05_s_v 
<<
>>
*	where status < 
<<
>>
*	 (select max(status) from eca05_s_v);\g
<<

+------+
|sno   |
+------+
|s1    |
|s2    |
|s4    |
+------+
(3 rows)
>>
* select sno from eca05_s_v 
<<
>>
*	where status > 
<<
>>
*	 (select min(status) from eca05_s_v);\g
<<

+------+
|sno   |
+------+
|s1    |
|s3    |
|s4    |
|s5    |
+------+
(4 rows)
>>
* select sno, status, city from eca05_s_v sx 
<<
>>
*	where status >= 
<<
>>
*	 (select avg(status) from eca05_s_v sy 
<<
>>
*	where sy.city = sx.city);\g
<<

+------+------+----------+
|sno   |status|city      |
+------+------+----------+
|s1    |    20|london    |
|s3    |    30|paris     |
|s4    |    20|london    |
|s5    |    30|athens    |
+------+------+----------+
(4 rows)
>>
<<

+------+------+----------+
|sno   |status|city      |
+------+------+----------+
|s5    |    30|athens    |
|s1    |    20|london    |
|s4    |    20|london    |
|s3    |    30|paris     |
+------+------+----------+
(4 rows)
>>
<<

+------+------+----------+
|sno   |status|city      |
+------+------+----------+
|s5    |    30|athens    |
|s4    |    20|london    |
|s1    |    20|london    |
|s3    |    30|paris     |
+------+------+----------+
(4 rows)
>>
* select * from eca05_s_v sx 
<<
>>
*	where status >any 
<<
>>
*	 (select avg(status) from eca05_s_v sy 
<<
>>
*	where sy.city = sx.city);\g
<<

+------+------+------+----------+
|sno   |xname |status|city      |
+------+------+------+----------+
|s3    |blake |    30|paris     |
+------+------+------+----------+
(1 row)
>>
* drop table eca05_s;\g 
<<
>>
* drop table eca05_p;\g 
<<
>>
* drop table eca05_sp;\g
<<
>>
* \q
<<
>>


Ending at: Mon Feb 08 16:17:34 1999
