/*
	Test Name: eca22.sep
	Time: Mon Nov  4 13:59:35 1991
	User Name: testenv
	Terminal type: septerm
 
	Test ID : eca22
	Module  : 
	Filename: eca22.sep
	Purpose	: test for bug #40402
	Input Files  : 
	Output Files : 
	Database     : SEPPARAMDB
	Tables       : eca22_t1
	Synopsis     : set trace point op132. Give a query.
		unset trace point and redo query again showing
		bug #40402. Then set trace point op133 and do 
		query once more to show bug again.

	History: 11-4-91 converted to sep script by CAMACHO

	23-Mar-1999   (vande02) Hard-coded VPG_SZ to 4K and changed 'sql -s
                                SEPPARAMDB' canon to be empty, in order to catch
                                the msg. "TM could not connect ..." if the test
                                database did not exist.
*/
? sql -s SEPPARAMDB 
<<

>>
* drop table eca22_t1;\g
<<
~
>>
* create table eca22_t1 (
<<
>>
* 		acct_id	char(2) not null,
<<
>>
* 		sub_acct_id char(3) not null) with page_size=4096;\g
<<
>>
* insert into eca22_t1 values ('03', '020');\g
<<
(1 row)
>>
* insert into eca22_t1 values ('03', '020');\g
<<
(1 row)
>>
* insert into eca22_t1 values ('03', '021');\g
<<
(1 row)
>>
* insert into eca22_t1 values ('03', '021');\g
<<
(1 row)
>>
* insert into eca22_t1 values ('03', '022');\g
<<
(1 row)
>>
* insert into eca22_t1 values ('03', '022');\g
<<
(1 row)
>>
* insert into eca22_t1 values ('03', '023');\g
<<
(1 row)
>>
* insert into eca22_t1 values ('03', '023');\g
<<
(1 row)
>>
* insert into eca22_t1 values ('03', '024');\g
<<
(1 row)
>>
* insert into eca22_t1 values ('03', '024');\g
<<
(1 row)
>>
* insert into eca22_t1 values ('03', '026');\g
<<
(1 row)
>>
* insert into eca22_t1 values ('03', '026');\g
<<
(1 row)
>>
* insert into eca22_t1 values ('02', '010');\g
<<
(1 row)
>>
* insert into eca22_t1 values ('02', '011');\g
<<
(1 row)
>>
* insert into eca22_t1 values ('02', '012');\g
<<
(1 row)
>>
* insert into eca22_t1 values ('02', '013');\g
<<
(1 row)
>>
* insert into eca22_t1 values ('02', '014');\g
<<
(1 row)
>>
* insert into eca22_t1 values ('03', '025');\g
<<
(1 row)
>>
* set trace point op132;\g
<<
>>
* select * from eca22_t1 t1
<<
>>
* where exists
<<
>>
* (select count(*), acct_id, sub_acct_id
<<
>>
* 	from eca22_t1 t2
<<
>>
* 	where t2.acct_id = t1.acct_id
<<
>>
* 	      and t2.sub_acct_id = t1.sub_acct_id
<<
>>
* 	group by acct_id, sub_acct_id
<<
>>
* 	having count(*) != 1)
<<
>>
* 		order by acct_id, sub_acct_id; \p\g
<<
 select * from eca22_t1 t1
 where exists
 (select count(*), acct_id, sub_acct_id
 	from eca22_t1 t2
 	where t2.acct_id = t1.acct_id
 	      and t2.sub_acct_id = t1.sub_acct_id
 	group by acct_id, sub_acct_id
 	having count(*) != 1)
 		order by acct_id, sub_acct_id; 

+------+------+
|acct_i|sub_ac|
+------+------+
|03    |020   |
|03    |020   |
|03    |021   |
|03    |021   |
|03    |022   |
|03    |022   |
|03    |023   |
|03    |023   |
|03    |024   |
|03    |024   |
|03    |026   |
|03    |026   |
+------+------+
(12 rows)
>>
* set notrace point op132;\g
<<
>>
* select * from eca22_t1 t1
<<
>>
* where exists
<<
>>
* (select count(*), acct_id, sub_acct_id
<<
>>
*       from eca22_t1 t2
<<
>>
*       where t2.acct_id = t1.acct_id
<<
>>
*             and t2.sub_acct_id = t1.sub_acct_id
<<
>>
*       group by acct_id, sub_acct_id
<<
>>
*       having count(*) != 1)
<<
>>
*               order by acct_id, sub_acct_id; \p\g
/*
	Identical query to above
	bug 40402: wrong results w/ selective flattening or force flatten plan
	Gives 318 rows-suppose to be 12
*/
<<
 select * from eca22_t1 t1
 where exists
 (select count(*), acct_id, sub_acct_id
       from eca22_t1 t2
       where t2.acct_id = t1.acct_id
             and t2.sub_acct_id = t1.sub_acct_id
       group by acct_id, sub_acct_id
       having count(*) != 1)
               order by acct_id, sub_acct_id; 

+------+------+
|acct_i|sub_ac|
+------+------+
|03    |020   |
|03    |020   |
|03    |021   |
|03    |021   |
|03    |022   |
|03    |022   |
|03    |023   |
|03    |023   |
|03    |024   |
|03    |024   |
|03    |026   |
|03    |026   |
+------+------+
(12 rows)
>>
* set trace point op133;\g
<<
>>
* select * from eca22_t1 t1
<<
>>
* where exists
<<
>>
* (select count(*), acct_id, sub_acct_id
<<
>>
*       from eca22_t1 t2
<<
>>
*       where t2.acct_id = t1.acct_id
<<
>>
*             and t2.sub_acct_id = t1.sub_acct_id
<<
>>
*       group by acct_id, sub_acct_id
<<
>>
*       having count(*) != 1)
<<
>>
*               order by acct_id, sub_acct_id; \p\g
/*
	Identical query to above
        bug 40402: wrong results w/ selective flattening or force flatten plan
*/
<<
 select * from eca22_t1 t1
 where exists
 (select count(*), acct_id, sub_acct_id
       from eca22_t1 t2
       where t2.acct_id = t1.acct_id
             and t2.sub_acct_id = t1.sub_acct_id
       group by acct_id, sub_acct_id
       having count(*) != 1)
               order by acct_id, sub_acct_id; 

+------+------+
|acct_i|sub_ac|
+------+------+
|03    |020   |
|03    |020   |
|03    |021   |
|03    |021   |
|03    |022   |
|03    |022   |
|03    |023   |
|03    |023   |
|03    |024   |
|03    |024   |
|03    |026   |
|03    |026   |
+------+------+
(12 rows)
>>
* drop table eca22_t1;\g
<<
~
>>
* \q
<<
>>


Ending at: Wed Nov  6 10:35:47 1991
