/*
	Test Name    : eha17
	Time	     :
	User Name    : testenv
 
	Test ID      : eha17
	Module       : 
	Filename     : eha17.sep
	Purpose	     : To test for bug 42085.
	Input Files  : none
	Output Files : none
	Database     : SEPPARAMDB
	Tables       : eha17_t1
	Synopsis     : Create table. Insert 53 rows. Give queries
			using the date(' ') command in the where clause.
	History      :
           8-Jun-1992 Created by CAMACHO
	26-March-1999  (kamra01) modified VPG_SZ to 4096
*/
? setenv II_DATE_FORMAT multinational 
<<
environment variable was defined
>>
? sql -s SEPPARAMDB 
<<
>>
* drop table eha17_t1;\g
<<
~
>>
* create table eha17_t1 (
<<
>>
*	begin_date date not null with default,
<<
>>
* 	fin_year   integer1 not null with default,
<<
>>
* 	period     integer1 not null with default,
<<
>>
*	month      char(9)  not null with default) with page_size=4096;\g
<<
>>
* insert into eha17_t1 values('30/04/90',90,1,'APRIL');\g
<<
(1 row)
>>
* insert into eha17_t1 values('7/5/90',90,1,'MAY');\g
<<
(1 row)
>>
* insert into eha17_t1 values('14/5/90',90,2,'MAY');\g
<<
(1 row)
>>
* insert into eha17_t1 values('21/5/90',90,3,'MAY');\g
<<
(1 row)
>>
* insert into eha17_t1 values('28/5/90',90,4,'MAY');\g
<<
(1 row)
>>
* insert into eha17_t1 values('4/6/90',90,5,'JUNE');\g
<<
(1 row)
>>
* insert into eha17_t1 values('11/6/90',90,6,'JUNE');\g
<<
(1 row)
>>
* insert into eha17_t1 values('18/6/90',90,7,'JUNE');\g
<<
(1 row)
>>
* insert into eha17_t1 values('25/6/90',90,8,'JUNE');\g
<<
(1 row)
>>
* insert into eha17_t1 values('2/7/90',90,9,'JULY');\g
<<
(1 row)
>>
* insert into eha17_t1 values('9/7/90',90,10,'JULY');\g
<<
(1 row)
>>
* insert into eha17_t1 values('16/7/90',90,11,'JULY');\g
<<
(1 row)
>>
* insert into eha17_t1 values('23/7/90',90,12,'JULY');\g
<<
(1 row)
>>
* insert into eha17_t1 values('30/7/90',90,13,'JULY');\g
<<
(1 row)
>>
* insert into eha17_t1 values('6/7/90',90,14,'JULY');\g
<<
(1 row)
>>
* insert into eha17_t1 values('6/8/90',90,15,'AUGUST');\g
<<
(1 row)
>>
* insert into eha17_t1 values('13/8/90',90,16,'AUGUST');\g
<<
(1 row)
>>
* insert into eha17_t1 values('20/8/90',90,17,'AUGUST');\g
<<
(1 row)
>>
* insert into eha17_t1 values('27/8/90',90,18,'AUGUST');\g
<<
(1 row)
>>
* insert into eha17_t1 values('3/9/90',90,19,'SEPTEMBER');\g
<<
(1 row)
>>
* insert into eha17_t1 values('10/9/90',90,20,'SEPTEMBER');\g
<<
(1 row)
>>
* insert into eha17_t1 values('17/9/90',90,21,'SEPTEMBER');\g
<<
(1 row)
>>
* insert into eha17_t1 values('24/9/90',90,22,'SEPTEMBER');\g
<<
(1 row)
>>
* insert into eha17_t1 values('1/10/90',90,23,'OCTOBER');\g
<<
(1 row)
>>
* insert into eha17_t1 values('8/10/90',90,24,'OCTOBER');\g
<<
(1 row)
>>
* insert into eha17_t1 values('15/10/90',90,25,'OCTOBER');\g
<<
(1 row)
>>
* insert into eha17_t1 values('22/10/90',90,26,'OCTOBER');\g
<<
(1 row)
>>
* insert into eha17_t1 values('29/10/90',90,27,'OCTOBER');\g
<<
(1 row)
>>
* insert into eha17_t1 values('5/11/90',90,28,'NOVEMBER');\g
<<
(1 row)
>>
* insert into eha17_t1 values('12/11/90',90,29,'NOVEMBER');\g
<<
(1 row)
>>
* insert into eha17_t1 values('19/11/90',90,30,'NOVEMBER');\g
<<
(1 row)
>>
* insert into eha17_t1 values('26/11/90',90,31,'NOVEMBER');\g
<<
(1 row)
>>
* insert into eha17_t1 values('3/12/90',90,32,'DECEMBER');\g
<<
(1 row)
>>
* insert into eha17_t1 values('10/12/90',90,33,'DECEMBER');\g
<<
(1 row)
>>
* insert into eha17_t1 values('17/12/90',90,34,'DECEMBER');\g
<<
(1 row)
>>
* insert into eha17_t1 values('24/12/90',90,35,'DECEMBER');\g
<<
(1 row)
>>
* insert into eha17_t1 values('31/12/90',90,36,'DECEMBER');\g
<<
(1 row)
>>
* insert into eha17_t1 values('7/1/90',90,37,'JANUARY');\g
<<
(1 row)
>>
* insert into eha17_t1 values('14/1/90',90,37,'JANUARY');\g
<<
(1 row)
>>
* insert into eha17_t1 values('21/1/90',90,38,'JANUARY');\g
<<
(1 row)
>>
* insert into eha17_t1 values('28/1/90',90,39,'JANUARY');\g
<<
(1 row)
>>
* insert into eha17_t1 values('4/2/90',90,40,'FEBURARY');\g
<<
(1 row)
>>
* insert into eha17_t1 values('11/2/90',90,41,'FEBURARY');\g
<<
(1 row)
>>
* insert into eha17_t1 values('18/2/90',90,42,'FEBURARY');\g
<<
(1 row)
>>
* insert into eha17_t1 values('24/3/90',90,43,'MARCH');\g
<<
(1 row)
>>
* insert into eha17_t1 values('11/3/90',90,44,'MARCH');\g
<<
(1 row)
>>
* insert into eha17_t1 values('18/3/90',90,45,'MARCH');\g
<<
(1 row)
>>
* insert into eha17_t1 values('25/3/90',90,46,'MARCH');\g
<<
(1 row)
>>
* insert into eha17_t1 values('1/4/90',90,47,'APRIL');\g
<<
(1 row)
>>
* insert into eha17_t1 values('8/4/90',90,48,'APRIL');\g
<<
(1 row)
>>
* insert into eha17_t1 values('15/4/90',90,49,'APRIL');\g
<<
(1 row)
>>
* insert into eha17_t1 values('20/4/90',90,50,'APRIL');\g
<<
(1 row)
>>
* insert into eha17_t1 values('27/4/90',90,51,'APRIL');\g
<<
(1 row)
>>
* modify eha17_t1 to isam on begin_date;\g
<<
(53 rows)
>>
* create index week_ind1 on eha17_t1(fin_year,period) with page_size=4096;\g
<<
(53 rows)
>>
* select * from eha17_t1 where begin_date between ' ' and ' ';\g
<<

+-------------------------+------+------+---------+
|begin_date               |fin_ye|period|month    |
+-------------------------+------+------+---------+
+-------------------------+------+------+---------+
(0 rows)
>>
* select * from eha17_t1 
<<
>>
* 	where begin_date between date(' ') and date('01/01/92');\g
<<

+-------------------------+------+------+---------+
|begin_date               |fin_ye|period|month    |
+-------------------------+------+------+---------+
|07/01/90                 |    90|    37|JANUARY  |
|14/01/90                 |    90|    37|JANUARY  |
|21/01/90                 |    90|    38|JANUARY  |
|28/01/90                 |    90|    39|JANUARY  |
|04/02/90                 |    90|    40|FEBURARY |
|11/02/90                 |    90|    41|FEBURARY |
|18/02/90                 |    90|    42|FEBURARY |
|11/03/90                 |    90|    44|MARCH    |
|18/03/90                 |    90|    45|MARCH    |
|24/03/90                 |    90|    43|MARCH    |
|25/03/90                 |    90|    46|MARCH    |
|01/04/90                 |    90|    47|APRIL    |
|08/04/90                 |    90|    48|APRIL    |
|15/04/90                 |    90|    49|APRIL    |
|20/04/90                 |    90|    50|APRIL    |
|27/04/90                 |    90|    51|APRIL    |
|30/04/90                 |    90|     1|APRIL    |
|07/05/90                 |    90|     1|MAY      |
|14/05/90                 |    90|     2|MAY      |
|21/05/90                 |    90|     3|MAY      |
|28/05/90                 |    90|     4|MAY      |
|04/06/90                 |    90|     5|JUNE     |
|11/06/90                 |    90|     6|JUNE     |
|18/06/90                 |    90|     7|JUNE     |
|25/06/90                 |    90|     8|JUNE     |
|02/07/90                 |    90|     9|JULY     |
|06/07/90                 |    90|    14|JULY     |
|09/07/90                 |    90|    10|JULY     |
|16/07/90                 |    90|    11|JULY     |
|23/07/90                 |    90|    12|JULY     |
|30/07/90                 |    90|    13|JULY     |
|06/08/90                 |    90|    15|AUGUST   |
|13/08/90                 |    90|    16|AUGUST   |
|20/08/90                 |    90|    17|AUGUST   |
|27/08/90                 |    90|    18|AUGUST   |
|03/09/90                 |    90|    19|SEPTEMBER|
|10/09/90                 |    90|    20|SEPTEMBER|
|17/09/90                 |    90|    21|SEPTEMBER|
|24/09/90                 |    90|    22|SEPTEMBER|
|01/10/90                 |    90|    23|OCTOBER  |
|08/10/90                 |    90|    24|OCTOBER  |
|15/10/90                 |    90|    25|OCTOBER  |
|22/10/90                 |    90|    26|OCTOBER  |
|29/10/90                 |    90|    27|OCTOBER  |
|05/11/90                 |    90|    28|NOVEMBER |
|12/11/90                 |    90|    29|NOVEMBER |
|19/11/90                 |    90|    30|NOVEMBER |
|26/11/90                 |    90|    31|NOVEMBER |
|03/12/90                 |    90|    32|DECEMBER |
|10/12/90                 |    90|    33|DECEMBER |
|17/12/90                 |    90|    34|DECEMBER |
|24/12/90                 |    90|    35|DECEMBER |
|31/12/90                 |    90|    36|DECEMBER |
+-------------------------+------+------+---------+
(53 rows)
>>
* select * from eha17_t1 
<<
>>
* 	where begin_date between date('01/01/89') and date(' ');\g
<<

+-------------------------+------+------+---------+
|begin_date               |fin_ye|period|month    |
+-------------------------+------+------+---------+
+-------------------------+------+------+---------+
(0 rows)
>>
* select * from eha17_t1
<<
>>
* 	where begin_date between date('01/11/91') and date('01/01/92');\g
<<

+-------------------------+------+------+---------+
|begin_date               |fin_ye|period|month    |
+-------------------------+------+------+---------+
+-------------------------+------+------+---------+
(0 rows)
>>
* select * from eha17_t1 
<<
>>
* 	where begin_date between '01/11/91' and ' ';\g
<<

+-------------------------+------+------+---------+
|begin_date               |fin_ye|period|month    |
+-------------------------+------+------+---------+
+-------------------------+------+------+---------+
(0 rows)
>>
* select * from eha17_t1
<<
>>
* 	where begin_date >= date('01/11/91') and begin_date <= date(' ');\g
/*
This is where the bug shows up.
*/
<<

+-------------------------+------+------+---------+
|begin_date               |fin_ye|period|month    |
+-------------------------+------+------+---------+
+-------------------------+------+------+---------+
(0 rows)
>>
* \q
<<
>>


Ending at: Mon Jun  8 15:30:15 1992
