/*
Copyright (c) 2008 Ingres Corporation

	Test Name: qp130.sep (formerly eha14.sep)
	Time: 	
	User Name: testenv
 	Test ID :  qp130.sep
	Module  : 
	Filename:  qp130.sep
	Purpose	:  To test for bug 37469
	Input Files  : none
	Output Files : none 
	Database     : SEPPARAMDB
	Tables       : eha14_t1
	Synopsis     : Create views with aggregates and group by clause.
		Then create a view off of a join of those views. Then
		do a select and a select distinct from the last table to see
		the bug.

	History	: Created by CAMACHO.
	  26-Mar-1999	(kamra01) modified VPG_SZ to 4096
	  11-Feb-2008	(vande02) Added order by clauses to maintain order
				  related to change 490727 and faster hash
                                  aggregation.  Minor header corrections.
*/
? fill part.dat 
!!
            1	           22	              $34.95
            1	            4	              $26.95
            1	            7	              $26.95
            3	            3	              $27.95
            3	            4	              $28.95
            3	            2	              $24.95
            3	           66	               $3.95
            3	            3	              $24.95
            5	           32	              $33.95
            5	           72	              $24.95
            5	           77	              $22.95
            6	           12	              $26.95
            6	           22	              $87.95
            7	           92	              $22.95
            7	           62	              $21.95
            7	           52	              $22.95
            9	           32	              $29.95
            9	           42	              $87.95
            9	          992	              $34.95
           10	           82	              $24.95
           10	           72	              $64.95
           10	          662	              $84.95
           11	           52	              $27.95
           11	           42	              $27.95
           11	            2	              $27.95
!!
? fill hour.dat 
!!
            1	             $100.00
            1	             $200.00
            2	             $300.00
            2	             $400.00
            3	             $500.00
            3	             $600.00
            3	             $700.00
            4	             $800.00
            4	             $900.00
            5	             $230.00
            5	             $230.00
            7	             $670.00
            7	             $788.00
            7	             $430.00
            7	             $200.00
            8	             $222.00
            8	             $798.00
            9	             $980.00
            9	             $220.00
            9	             $200.00
           11	             $203.50
           11	             $200.00
           11	             $203.00
           11	             $200.00
           11	             $399.99
           11	             $983.34
           11	             $200.00
!!
? fill work.dat 
!!
           13	            1
           13	            2
           13	            3
           14	            4
           14	            5
           14	            6
           15	            7
           15	            8
           15	            9
           16	           10
           16	           11
!!
? sql -s SEPPARAMDB 
<<
>>
* drop table eha14_t1; \g
<<
~
>>
* drop table eha14_t2;\g
<<
~
>>
* drop table eha14_t3;\g
<<
~
>>
* create table eha14_t1 (unit_nbr integer, wo_nbr integer) with page_size=4096; \g
<<
>>
* create table eha14_t2 (wo_nbr integer, labour_cost money) with page_size=4096;\g
<<
>>
* create table eha14_t3 (wo_nbr integer, quantity integer, 
<<
>>
*	unit_price money) with page_size=4096;\g
<<
>>
* copy eha14_t3(
<<
>>
* 	wo_nbr= c0tab, quantity= c0tab,	unit_price= c0nl)
<<
>>
* 	from 'part.dat'\g
<<
(25 rows)
>>
* copy eha14_t2(
<<
>>
* 	wo_nbr= c0tab, labour_cost= c0nl)
<<
>>
* 	from 'hour.dat'\g
<<
(27 rows)
>>
* copy eha14_t1(
<<
>>
* 	unit_nbr= c0tab, wo_nbr= c0nl)
<<
>>
* from 'work.dat';\g
<<
(11 rows)
>>
* drop view eha14_v1; \g
<<
~
>>
* drop view labour;\g
<<
~
>>
* create view labour (unit_nbr, wo_nbr, cost1) as 
<<
>>
* 	select w.unit_nbr, w.wo_nbr, sum(h.labour_cost)
<<
>>
* 		from eha14_t2 h, eha14_t1 w
<<
>>
* 		where h.wo_nbr = w.wo_nbr
<<
>>
* 		group by w.unit_nbr, w.wo_nbr;\g
<<
>>
* create view eha14_v1 (unit_nbr, wo_nbr, cost2) as
<<
>>
* 	select w.unit_nbr, w.wo_nbr, sum(p.quantity * p.unit_price)
<<
>>
* 		from eha14_t3 p, eha14_t1 w
<<
>>
* 		where p.wo_nbr = w.wo_nbr
<<
>>
* 		group by w.unit_nbr, w.wo_nbr; \g
/*
	The following view is what instigated the problem.  The subselects
	within the view don't use the distinct clause, but the union
	processing causes distinct processing, and that causes the bug to
	manifest itself.
*/
<<
>>
* drop view eha14_v2;\g
<<
~
>>
* create view eha14_v2 (unit_nbr, wo_nbr, lab_cost, part_cost) as
<<
>>
* 	select a.unit_nbr, a.wo_nbr, ifnull(a.cost1,0), ifnull(b.cost2,0)
<<
>>
* 		from labour a, eha14_v1 b
<<
>>
* 		where a.wo_nbr = b.wo_nbr
<<
>>
* 	union all
<<
>>
* 	select c.unit_nbr, c.wo_nbr, ifnull(c.cost1,0), 0 
<<
>>
* 		from labour c
<<
>>
* 		where c.wo_nbr not in (select eha14_v1.wo_nbr from eha14_v1)
<<
>>
* 	union all
<<
>>
* 	select d.unit_nbr, d.wo_nbr, 0, ifnull(d.cost2,0)
<<
>>
* 		from eha14_v1 d
<<
>>
* 		where d.wo_nbr not in (select labour.wo_nbr from labour);\g
<<
>>
* select * from eha14_t1 order by 1, 2\g
<<

+-------------+-------------+
|unit_nbr     |wo_nbr       |
+-------------+-------------+
|           13|            1|
|           13|            2|
|           13|            3|
|           14|            4|
|           14|            5|
|           14|            6|
|           15|            7|
|           15|            8|
|           15|            9|
|           16|           10|
|           16|           11|
+-------------+-------------+
(11 rows)
>>
* select * from eha14_t2 order by 1, 2\g
<<

+-------------+--------------------+
|wo_nbr       |labour_cost         |
+-------------+--------------------+
|            1|             $100.00|
|            1|             $200.00|
|            2|             $300.00|
|            2|             $400.00|
|            3|             $500.00|
|            3|             $600.00|
|            3|             $700.00|
|            4|             $800.00|
|            4|             $900.00|
|            5|             $230.00|
|            5|             $230.00|
|            7|             $200.00|
|            7|             $430.00|
|            7|             $670.00|
|            7|             $788.00|
|            8|             $222.00|
|            8|             $798.00|
|            9|             $200.00|
|            9|             $220.00|
|            9|             $980.00|
|           11|             $200.00|
|           11|             $200.00|
|           11|             $200.00|
|           11|             $203.00|
|           11|             $203.50|
|           11|             $399.99|
|           11|             $983.34|
+-------------+--------------------+
(27 rows)
>>
* select * from eha14_t3 order by 1, 2 \g
<<

+-------------+-------------+--------------------+
|wo_nbr       |quantity     |unit_price          |
+-------------+-------------+--------------------+
|            1|            4|              $26.95|
|            1|            7|              $26.95|
|            1|           22|              $34.95|
|            3|            2|              $24.95|
|            3|            3|              $24.95|
|            3|            3|              $27.95|
|            3|            4|              $28.95|
|            3|           66|               $3.95|
|            5|           32|              $33.95|
|            5|           72|              $24.95|
|            5|           77|              $22.95|
|            6|           12|              $26.95|
|            6|           22|              $87.95|
|            7|           52|              $22.95|
|            7|           62|              $21.95|
|            7|           92|              $22.95|
|            9|           32|              $29.95|
|            9|           42|              $87.95|
|            9|          992|              $34.95|
|           10|           72|              $64.95|
|           10|           82|              $24.95|
|           10|          662|              $84.95|
|           11|            2|              $27.95|
|           11|           42|              $27.95|
|           11|           52|              $27.95|
+-------------+-------------+--------------------+
(25 rows)
>>
* select * from labour order by wo_nbr \g
<<

+-------------+-------------+--------------------+
|unit_nbr     |wo_nbr       |cost1               |
+-------------+-------------+--------------------+
|           13|            1|             $300.00|
|           13|            2|             $700.00|
|           13|            3|            $1800.00|
|           14|            4|            $1700.00|
|           14|            5|             $460.00|
|           15|            7|            $2088.00|
|           15|            8|            $1020.00|
|           15|            9|            $1400.00|
|           16|           11|            $2389.83|
+-------------+-------------+--------------------+
(9 rows)
>>
* select * from eha14_v1 order by wo_nbr \g
<<

+-------------+-------------+--------------------+
|unit_nbr     |wo_nbr       |cost2               |
+-------------+-------------+--------------------+
|           13|            1|            $1065.35|
|           13|            3|             $585.10|
|           14|            5|            $4649.95|
|           14|            6|            $2258.30|
|           15|            7|            $4665.70|
|           15|            9|           $39322.70|
|           16|           10|           $62959.20|
|           16|           11|            $2683.20|
+-------------+-------------+--------------------+
(8 rows)
>>
* select * from eha14_v2 order by 1,2 \g
<<

+-------------+-------------+--------------------+--------------------+
|unit_nbr     |wo_nbr       |lab_cost            |part_cost           |
+-------------+-------------+--------------------+--------------------+
|           13|            1|             $300.00|            $1065.35|
|           13|            2|             $700.00|               $0.00|
|           13|            3|            $1800.00|             $585.10|
|           14|            4|            $1700.00|               $0.00|
|           14|            5|             $460.00|            $4649.95|
|           14|            6|               $0.00|            $2258.30|
|           15|            7|            $2088.00|            $4665.70|
|           15|            8|            $1020.00|               $0.00|
|           15|            9|            $1400.00|           $39322.70|
|           16|           10|               $0.00|           $62959.20|
|           16|           11|            $2389.83|            $2683.20|
+-------------+-------------+--------------------+--------------------+
(11 rows)
>>
* select wo_nbr from eha14_v1 order by 1 \g
/*
	Below are a couple of more simple selects to illustrate the
	problems more succinctly.
*/
<<

+-------------+
|wo_nbr       |
+-------------+
|            1|
|            3|
|            5|
|            6|
|            7|
|            9|
|           10|
|           11|
+-------------+
(8 rows)
>>
* select distinct wo_nbr from eha14_v1 order by 1 \g
<<

+-------------+
|wo_nbr       |
+-------------+
|            1|
|            3|
|            5|
|            6|
|            7|
|            9|
|           10|
|           11|
+-------------+
(8 rows)
>>
* drop table eha14_t1; \g
<<
~
>>
* drop table eha14_t2;\g
<<
~
>>
* drop table eha14_t3;\g
<<
~
>>
* \q
<<
>>


Ending at: Mon Feb 11 13:23:11 2008
