/*
	Test Name    : eia29
	Time	     :
	User Name    : testenv
 
	Test ID      : eia29
	Module       : 
	Filename     : eia29.sep
	Purpose	     : to test for bug 42363
	Input Files  : none
	Output Files : none
	Database     : SEPPARAMDB
	Tables       : eia29_t1, eia29_t2
	Synopsis     : Create two tables. First has 2 columns, a
		char(6) and a char(3). Second has a char(9).
		Do a select of a concatenation of the two columns of 
		the first table. Then do a select of a concatenation of 
		the two columns of the first table with a qualification
		that the char(6) column of table 1 equal the char(9) column
		of table 2. Bug is to not print the concatenation
		on the second query, only the char(6).
	History      :
		17-Jun-1992 Created by CAMACHO
		 26-March-1999  (kamra01) modified VPG_SZ to 8192	
*/
? sql -s SEPPARAMDB 
<<
>>
* drop eia29_t1;\g
<<
~
>>
* create table eia29_t1 (char6fld char(6), char3fld char(3)) with page_size=8192;\g
<<
>>
* insert into eia29_t1 values ('abcdef', '000');\g
<<
(1 row)
>>
* insert into eia29_t1 values ('ghijkl', '000');\g
<<
(1 row)
>>
* insert into eia29_t1 values ('mnopqr', '000');\g
<<
(1 row)
>>
* insert into eia29_t1 values ('stuvwx', '001');\g
<<
(1 row)
>>
* insert into eia29_t1 values ('yzABCD', '001');\g
<<
(1 row)
>>
* drop eia29_t2;\g
<<
~
>>
* create table eia29_t2 (char9fld char(9)) with page_size=8192;\g
<<
>>
* insert into eia29_t2 values ('mnopqr');\g
<<
(1 row)
>>
* insert into eia29_t2 values ('abcdef');\g
<<
(1 row)
>>
* commit;\g
<<
>>
* select * from eia29_t1;\g
<<
+------+------+
|char6f|char3f|
+------+------+
|abcdef|000   |
|ghijkl|000   |
|mnopqr|000   |
|stuvwx|001   |
|yzABCD|001   |
+------+------+
(5 rows)
>>
* select * from eia29_t2;\g
<<
+---------+
|char9fld |
+---------+
|mnopqr   |
|abcdef   |
+---------+
(2 rows)
>>
* select new = char6fld + char3fld from eia29_t1;\g
<<
+---------+
|new      |
+---------+
|abcdef000|
|ghijkl000|
|mnopqr000|
|stuvwx001|
|yzABCD001|
+---------+
(5 rows)
>>
* select new = a.char6fld + a.char3fld
<<
>>
* 	from eia29_t1 a, eia29_t2 b
<<
>>
* 	where a.char6fld = b.char9fld;\g
<<

+---------+
|new      |
+---------+
|abcdef000|
|mnopqr000|
+---------+
(2 rows)
>>
* commit;\g
<<
>>
* \q
<<
>>


Ending at: Wed Jun 17 11:04:39 1992
