/*
        Test Name: eia26.sep
        Time: 24-JUL-1989 17:50:20
        User Name: testenv

        Test ID : eia26
        Module  : 
        Filename: eia26.sep
        Purpose : to test for bugs #40762
        Input Files  :
        Output Files :
        Database     : SEPPARAMDB
        Tables       : eia26_t1, eia26_t2
        Synopsis     : setup tables and give queries to see 
			bug #40762.

        History :11-12-91 converted to sep script by CAMACHO
          26-May-1992	(Author)
          26-May-1992	(Author)
*/
? sql -s SEPPARAMDB 
<<
>>
* drop eia26_t1;\g
<<
~
>>
* drop eia26_t2;\g
<<
~
>>
* create table eia26_t2(
<<
>>
* 	col1 i4 with null, col2 i4 with null, col3 c7 with null)
<<
>>
* 	with noduplicates, page_size=8192;\g
<<
>>
* insert into eia26_t2 ( col1, col2 ) values ( 19, 4179 );\g
<<
(1 row)
>>
* insert into eia26_t2 ( col1, col2 ) values ( 20, 4179 );\g
<<
(1 row)
>>
* insert into eia26_t2 ( col1, col2 ) values ( 21, 4179 );\g
<<
(1 row)
>>
* insert into eia26_t2 ( col1, col2 ) values ( 22, 4179 );\g
<<
(1 row)
>>
* insert into eia26_t2 ( col1, col2 ) values ( 23, 5342 );\g
<<
(1 row)
>>
* insert into eia26_t2 ( col1, col2 ) values ( 24, 436 );\g
<<
(1 row)
>>
* insert into eia26_t2 ( col1, col2 ) values ( 25, 436 );\g
<<
(1 row)
>>
* insert into eia26_t2 ( col1, col2 ) values ( 26, 5709 );\g
<<
(1 row)
>>
* insert into eia26_t2 ( col1, col2 ) values ( 27, 5709 );\g
<<
(1 row)
>>
* insert into eia26_t2 ( col1, col2 ) values ( 28, 54 );\g
<<
(1 row)
>>
* insert into eia26_t2 ( col1, col2 ) values ( 29, 4826 );\g
<<
(1 row)
>>
* insert into eia26_t2 ( col1, col2 ) values ( 30, 2893 );\g
<<
(1 row)
>>
* insert into eia26_t2 ( col1, col2 ) values ( 31, 5180 );\g
<<
(1 row)
>>
* insert into eia26_t2 ( col1, col2 ) values ( 32, 1866 );\g
<<
(1 row)
>>
* modify eia26_t2 to isam on col1, col3, col2
<<
>>
* 	with fillfactor = 80, page_size = 8192;\g
<<
(14 rows)
>>
* create table eia26_t1(
<<
>>
* 	col2 i4 with null, col1	i4 with null, col3 c7 with null)
<<
>>
* 	with noduplicates, page_size=8192;\g
<<
>>
* insert into eia26_t1 ( col1, col2 ) values ( 20, 4179 );\g
<<
(1 row)
>>
* insert into eia26_t1 ( col1, col2 ) values ( 21, 4179 );\g
<<
(1 row)
>>
* insert into eia26_t1 ( col1, col2 ) values ( 22, 4179 );\g
<<
(1 row)
>>
* insert into eia26_t1 ( col1, col2 ) values ( 23, 5342 );\g
<<
(1 row)
>>
* insert into eia26_t1 ( col1, col2 ) values ( 24, 436 );\g
<<
(1 row)
>>
* insert into eia26_t1 ( col1, col2 ) values ( 25, 436 );\g
<<
(1 row)
>>
* insert into eia26_t1 ( col1, col2 ) values ( 26, 5709 );\g
<<
(1 row)
>>
* insert into eia26_t1 ( col1, col2 ) values ( 27, 5709 );\g
<<
(1 row)
>>
* insert into eia26_t1 ( col1, col2 ) values ( 28, 54 );\g
<<
(1 row)
>>
* insert into eia26_t1 ( col1, col2 ) values ( 29, 4826 );\g
<<
(1 row)
>>
* insert into eia26_t1 ( col1, col2 ) values ( 30, 2893 );\g
<<
(1 row)
>>
* insert into eia26_t1 ( col1, col2 ) values ( 31, 5180 );\g
<<
(1 row)
>>
* insert into eia26_t1 ( col1, col2 ) values ( 32, 1866 );\g
<<
(1 row)
>>
* select * from eia26_t1;\g
<<

+-------------+-------------+-------+
|col2         |col1         |col3   |
+-------------+-------------+-------+
|         4179|           20|       |
|         4179|           21|       |
|         4179|           22|       |
|         5342|           23|       |
|          436|           24|       |
|          436|           25|       |
|         5709|           26|       |
|         5709|           27|       |
|           54|           28|       |
|         4826|           29|       |
|         2893|           30|       |
|         5180|           31|       |
|         1866|           32|       |
+-------------+-------------+-------+
(13 rows)
>>
* select * from eia26_t2;\g
<<

+-------------+-------------+-------+
|col1         |col2         |col3   |
+-------------+-------------+-------+
|           19|         4179|       |
|           20|         4179|       |
|           21|         4179|       |
|           22|         4179|       |
|           23|         5342|       |
|           24|          436|       |
|           25|          436|       |
|           26|         5709|       |
|           27|         5709|       |
|           28|           54|       |
|           29|         4826|       |
|           30|         2893|       |
|           31|         5180|       |
|           32|         1866|       |
+-------------+-------------+-------+
(14 rows)
>>
* select t1.col1, t1.col2, t1.col3
<<
>>
*        from eia26_t1 t1, eia26_t2 t2
<<
>>
*        where t2.col1 = t1.col1
<<
>>
*          and (( t2.col3 is NULL and t1.col3 is NULL)
<<
>>
*               or ( t2.col3 = t1.col3 ))
<<
>>
*          and t1.col2 = 5709
<<
>>
*          and t1.col1 < 30;\g
<<
+-------------+-------------+-------+
|col1         |col2         |col3   |
+-------------+-------------+-------+
|           26|         5709|       |
|           27|         5709|       |
+-------------+-------------+-------+
(2 rows)
>>
* select t1.col1, t1.col2, t1.col3
<<
>>
*        from eia26_t1 t1, eia26_t2 t2
<<
>>
*        where t2.col1 = t1.col1
<<
>>
*          and ((t2.col3 is NULL  and t1.col3 is NULL)
<<
>>
*              or ( t2.col3 = t1.col3 ))
<<
>>
* 	 and t1.col1 < 30;\g
<<
+-------------+-------------+-------+
|col1         |col2         |col3   |
+-------------+-------------+-------+
|           20|         4179|       |
|           21|         4179|       |
|           22|         4179|       |
|           23|         5342|       |
|           24|          436|       |
|           25|          436|       |
|           26|         5709|       |
|           27|         5709|       |
|           28|           54|       |
|           29|         4826|       |
+-------------+-------------+-------+
(10 rows)
>>
* select t1.col1, t1.col2, t1.col3
<<
>>
*        from eia26_t1 t1, eia26_t2 t2
<<
>>
*        where t2.col1 = t1.col1
<<
>>
*          and (ifnull(t2.col3,' ')=ifnull(t1.col3,' '))
<<
>>
*          and t1.col2 = 5709
<<
>>
* 	 and t1.col1 < 30;\g
<<
+-------------+-------------+-------+
|col1         |col2         |col3   |
+-------------+-------------+-------+
|           26|         5709|       |
|           27|         5709|       |
+-------------+-------------+-------+
(2 rows)
>>
* select t1.col1, t1.col2, t1.col3
<<
>>
*        from eia26_t1 t1, eia26_t2 t2
<<
>>
*        where t2.col1 = t1.col1
<<
>>
*          and (ifnull(t2.col3,' ')=ifnull(t1.col3,' '))
<<
>>
* 	 and t1.col1 < 30;\g
<<
+-------------+-------------+-------+
|col1         |col2         |col3   |
+-------------+-------------+-------+
|           20|         4179|       |
|           21|         4179|       |
|           22|         4179|       |
|           23|         5342|       |
|           24|          436|       |
|           25|          436|       |
|           26|         5709|       |
|           27|         5709|       |
|           28|           54|       |
|           29|         4826|       |
+-------------+-------------+-------+
(10 rows)
>>
* drop table eia26_t1;\g
<<
~
>>
* drop table eia26_t2;\g
<<
~
>>
* \q
<<
>>


Ending at: Tue May 26 16:52:14 1992
