/*
	Test Name    : eja01.sep (former eja01.sep)
	Time         : 10-JUL-1989 15:25:40
	User Name    : testenv
 
	Test ID      : eja01
	Module       : be/qryproc
	Filename     : eja01.sep
	Purpose	     : Simple check of every command, function, datatype, 
		       ingres command and operator defined in the INGRES V3.0
		       Reference Manual.
	Input Files  : 
	Output Files :
	Database     :SEPPARAMDB
	Tables       :
	Synopsis     :
	History      : 30-MAR-1987	Created		T.M. Szato	Author
           6-Oct-1993	(garys) Updated canon to accept integer overflow error
				message.  Integer overflow is no longer ignored
				on table integer columns.
			 26-March-1999  (kamra01) modified VPG_SZ to 8192	
*/
? sql -s SEPPARAMDB 
<<
>>
* drop eja01_emp,eja01_dept,eja01_bldg,eja01_oldemp,eja01_order,eja01_detail, eja01_-
suppinfo\g
<<
~
>>
* drop eja01_partinfo, eja01_priceinfo\g
<<
~
>>
* drop eja01\g
<<
~
>>
* create table eja01_emp (name vchar(30), salary float4, dept c10, div c2, mgr c15, -
birthdate date, num_dep integer1) with page_size=8192\g
<<
>>
* create table eja01_dept (dname c10, div c2, sales integer4, bldg c1, floor integer-
1, num_emp integer2) with page_size=8192\g
<<
>>
* create table eja01_bldg (bldg c1, st_addr vchar(40), city vchar(15), state c2, zip-
 integer2) with page_size=8192\g
<<
>>
* create table eja01_oldemp (name vchar(30), pension float4, dept c10, div c2, mgr c-
15, birthdate date, num_dep integer1) with page_size=8192\g
<<
>>
* create table eja01_order (orderno integer4, date date, suppno integer2,  status c1-
) with page_size=8192\g
<<
>>
* create table eja01_detail (orderno integer4, partno integer4, quan integer4) with page_size=8192\g
<<
>>
* create table eja01_suppinfo (suppno integer4, suppname c30, suppaddr c30, suppcity-
 c30, suppstate c2, suppzip integer4) with page_size=8192\g
<<
>>
* create table eja01_partinfo (partno integer4, descrip vchar(40)) with page_size=8192\g
<<
>>
* create table eja01_priceinfo (partno integer4, suppno integer4, catno c30, price m-
oney) with page_size=8192\g
<<
>>
* insert into eja01_emp (name,salary,dept,div,mgr,birthdate,num_dep) values ('Ramos'-
,30000,'tech sup','NW','shigio','21-Jan-1941',0)\g
<<
(1 row)
>>
* insert into eja01_emp (name,salary,dept,div,mgr,birthdate,num_dep) values ('Clark'-
,40000,'sales','NC','Verducci','18-Nov-1949',1)\g
<<
(1 row)
>>
* insert into eja01_emp (name,salary,dept,div,mgr,birthdate,num_dep) values ('Shigio-
',28000,'sales','SE','Verducci','9-Jul-1948',3)\g
<<
(1 row)
>>
* insert into eja01_emp (name,salary,dept,div,mgr,birthdate,num_dep) values ('McTigu-
e',41000,'sales','NW','Verducci','9-Apr-1953',1)\g
<<
(1 row)
>>
* insert into eja01_emp (name,salary,dept,div,mgr,birthdate,num_dep) values ('Ming',-
22000,'tech sup','SE','Shigio','4-May-1956',1)\g
<<
(1 row)
>>
* insert into eja01_emp (name,salary,dept,div,mgr,birthdate,num_dep) values ('Blumbe-
rg',32000,'sales','SC','Clark','6-Dec-1952',2)\g
<<
(1 row)
>>
* insert into eja01_emp (name,salary,dept,div,mgr,birthdate,num_dep) values ('Verduc-
ci',55000,'admin','NW',' ','25-dec-1958',2)\g
<<
(1 row)
>>
* insert into eja01_emp (name,salary,dept,div,mgr,birthdate,num_dep) values ('Vasos'-
,15000,'admin','NW','Verducci','14-Jun-1961',1)\g
<<
(1 row)
>>
* insert into eja01_dept (dname,div,sales,bldg,floor,num_emp) values ('admin','NW',0-
,'A',1,2)\g
<<
(1 row)
>>
* insert into eja01_dept (dname,div,sales,bldg,floor,num_emp) values ('sales','NC',1-
20000,'C',1,1)\g
<<
(1 row)
>>
* insert into eja01_dept (dname,div,sales,bldg,floor,num_emp) values ('sales','NW',2-
00000,'A',2,1)\g
<<
(1 row)
>>
* insert into eja01_dept (dname,div,sales,bldg,floor,num_emp) values ('sales','SC',9-
5000,'E',1,1)\g
<<
(1 row)
>>
* insert into eja01_dept (dname,div,sales,bldg,floor,num_emp) values ('sales','SE',1-
75000,'D',18,1)\g
<<
(1 row)
>>
* insert into eja01_dept (dname,div,sales,bldg,floor,num_emp) values ('tech sup','NW-
',0,'B',1,1)\g
<<
(1 row)
>>
* insert into eja01_dept (dname,div,sales,bldg,floor,num_emp) values ('tech sup','SE-
',0,'D',19,1)\g
<<
(1 row)
>>
* insert into eja01_bldg (bldg,st_addr,city,state,zip) values ('A','1000 Univer\sity-
 Ave','Berkeley','CA',94000)\g
<<
E_US1068 Integer overflow detected in query.
    (Wed Oct  6 18:11:38 1993)

>>
* insert into eja01_bldg (bldg,st_addr,city,state,zip) values ('B','1800 Shattuck Av-
e','Berkeley','CA',94100)\g
<<
E_US1068 Integer overflow detected in query.
    (Wed Oct  6 18:11:57 1993)

>>
* insert into eja01_bldg (bldg,st_addr,city,state,zip) values ('c','900 Lakeshore Bl-
vd','Chicago','IL',60090)\g
<<
E_US1068 Integer overflow detected in query.
    (Wed Oct  6 18:11:59 1993)

>>
* insert into eja01_bldg (bldg,st_addr,city,state,zip) values ('D','24130 Pennsylvan-
ia Ave','Washington','DC',20198)\g
<<
(1 row)
>>
* insert into eja01_bldg (bldg,st_addr,city,state,zip) values ('E','42318 Woodsay Bl-
vd','Houston','TX',77009)\g
<<
E_US1068 Integer overflow detected in query.
    (Wed Oct  6 18:12:00 1993)

>>
* insert into eja01_bldg (bldg,st_addr,city,state,zip) values ('F','1585 Eye St','Wa-
shington','DC',20199)\g
<<
(1 row)
>>
* insert into eja01_order (orderno, date, suppno, status) values (1,'10-May-1984',27-
,'c')\g
<<
(1 row)
>>
* insert into eja01_order (orderno, date, suppno, status) values (2,'12-May-1984',27-
,'c')\g
<<
(1 row)
>>
* insert into eja01_order (orderno, date, suppno, status) values (3,'12-May-1984',6,-
'c')\g
<<
(1 row)
>>
* insert into eja01_order (orderno, date, suppno, status) values (4,'9-Jun-1984',6,'-
c')\g
<<
(1 row)
>>
* insert into eja01_order (orderno, date, suppno, status) values (5,'10-Jun-1984',72-
,'p')\g
<<
(1 row)
>>
* insert into eja01_order (orderno, date, suppno, status) values (6,'30-Jun-1984',27-
,'p')\g
<<
(1 row)
>>
* insert into eja01_detail (orderno, partno, quan) values (1,51173,5)\g
<<
(1 row)
>>
* insert into eja01_detail (orderno, partno, quan) values (1,51175,100)\g
<<
(1 row)
>>
* insert into eja01_detail (orderno, partno, quan) values (1,1,12)\g
<<
(1 row)
>>
* insert into eja01_detail (orderno, partno, quan) values (2,51173,10)\g
<<
(1 row)
>>
* insert into eja01_detail (orderno, partno, quan) values (3,51173,5)\g
<<
(1 row)
>>
* insert into eja01_detail (orderno, partno, quan) values (4,51173,100)\g
<<
(1 row)
>>
* insert into eja01_detail (orderno, partno, quan) values (5,57003,12)\g
<<
(1 row)
>>
* insert into eja01_detail (orderno, partno, quan) values (6,51175,100)\g
<<
(1 row)
>>
* insert into eja01_detail (orderno, partno, quan) values (6,51180,10)\g
<<
(1 row)
>>
* insert into eja01_suppinfo (suppno,suppname,suppaddr,suppcity,suppstate,suppzip) v-
alues (6,'Office Express','35 Oxford Road','Berkeley','CA',94706)\g
<<
(1 row)
>>
* insert into eja01_suppinfo (suppno,suppname,suppaddr,suppcity,suppstate,suppzip) v-
alues (27,'Handy Office Supply','20 First Street','Oakland','CA',94699)\g
<<
(1 row)
>>
* insert into eja01_suppinfo (suppno,suppname,suppaddr,suppcity,suppstate,suppzip) v-
alues (72,'El Cheapo Supply','9500 Fruitvale Ave','Oakland','CA',94602)\g
<<
(1 row)
>>
* insert into eja01_partinfo (partno,descrip) values (1,'Desk Chair')\g
<<
(1 row)
>>
* insert into eja01_partinfo (partno,descrip) values (3,'Oak Desk')\g\g
<<
(1 row)
(1 row)
>>
* insert into eja01_partinfo (partno,descrip) values (51173,'No. 2 Paper Clips')\g
<<
(1 row)
>>
* insert into eja01_partinfo (partno,descrip) values (51175,'Yellow Ruled Pads')\g
<<
(1 row)
>>
* insert into eja01_partinfo (partno,descrip) values (51180,'Plastic Rulers')\g\g
<<
(1 row)
(1 row)
>>
* insert into eja01_partinfo (partno,descrip) values (57003,'pilot Razor Point Pens'-
)\g\g
<<
(1 row)
(1 row)
>>
* insert into eja01_priceinfo (partno,suppno, catno, price) values (1,27,'29331X',17-
5.00)\g\g
<<
(1 row)
(1 row)
>>
* insert into eja01_priceinfo (partno,suppno, catno, price) values (3,6,'7500P',1299-
.00)\g\g
<<
(1 row)
(1 row)
>>
* insert into eja01_priceinfo (partno,suppno, catno, price) values (51173,6,'35000Q'-
,0.57)\g\g
<<
(1 row)
(1 row)
>>
* insert into eja01_priceinfo (partno,suppno, catno, price) values (51173,27,'10179A-
',0.31)\g\g
<<
(1 row)
(1 row)
>>
* insert into eja01_priceinfo (partno,suppno, catno, price) values (51173,72,'42725Z-
',0.17)\g\g
<<
(1 row)
(1 row)
>>
* insert into eja01_priceinfo (partno,suppno, catno, price) values (51175,27,'73122Z-
',0.90)\g
<<
(1 row)
>>
* insert into eja01_priceinfo (partno,suppno, catno, price) values (51173,27,'10179A-
',0.31)\g\g
<<
(1 row)
(1 row)
>>
* insert into eja01_priceinfo (partno,suppno, catno, price) values (51173,72,'42725Z-
',0.17)\g\g
<<
(1 row)
(1 row)
>>
* insert into eja01_priceinfo (partno,suppno, catno, price) values (51175,27,'73122Z-
',0.90)\g
<<
(1 row)
>>
* insert into eja01_priceinfo (partno,suppno, catno, price) values (51180,27,'73255Z-
',0.59)\g
<<
(1 row)
>>
* insert into eja01_priceinfo (partno,suppno, catno, price) values (57003,72,'43733Y-
',0.69)\g
<<
(1 row)
>>
* insert into eja01_priceinfo (partno,suppno, catno, price) values (57003,72,'43733Y-
',0.69)\g
<<
(1 row)
>>
* commit\g
<<
>>
* create table eja01 as select * from eja01_emp with page_size=8192\g
<<
(8 rows)
>>
* select * from eja01 where name like '%' order by name\g
<<

+------------------------------+-----------+----------+------+---------------+-------
-------------------+------+
|name                          |salary     |dept      |div   |mgr            |birthd-
ate                |num_de|
+------------------------------+-----------+----------+------+---------------+-------
-------------------+------+
|Blumberg                      |  32000.000|sales     |SC    |Clark          |06-dec-
-1952              |     2|
|Clark                         |  40000.000|sales     |NC    |Verducci       |18-nov-
-1949              |     1|
|McTigue                       |  41000.000|sales     |NW    |Verducci       |09-apr-
-1953              |     1|
|Ming                          |  22000.000|tech sup  |SE    |Shigio         |04-may-
-1956              |     1|
|Ramos                         |  30000.000|tech sup  |NW    |shigio         |21-jan-
-1941              |     0|
|Shigio                        |  28000.000|sales     |SE    |Verducci       |09-jul-
-1948              |     3|
|Vasos                         |  15000.000|admin     |NW    |Verducci       |14-jun-
-1961              |     1|
|Verducci                      |  55000.000|admin     |NW    |               |25-dec-
-1958              |     2|
+------------------------------+-----------+----------+------+---------------+-------
-------------------+------+
(8 rows)
>>
* select * from eja01 where name like 'j%' \g
<<

+------------------------------+-----------+----------+------+---------------+-------
-------------------+------+
|name                          |salary     |dept      |div   |mgr            |birthd-
ate                |num_de|
+------------------------------+-----------+----------+------+---------------+-------
-------------------+------+
+------------------------------+-----------+----------+------+---------------+-------
-------------------+------+
(0 rows)
>>
* select * from eja01 where name like '%e'\g
<<

+------------------------------+-----------+----------+------+---------------+-------
-------------------+------+
|name                          |salary     |dept      |div   |mgr            |birthd-
ate                |num_de|
+------------------------------+-----------+----------+------+---------------+-------
-------------------+------+
|McTigue                       |  41000.000|sales     |NW    |Verducci       |09-apr-
-1953              |     1|
+------------------------------+-----------+----------+------+---------------+-------
-------------------+------+
(1 row)
>>
* select * from eja01 where name like '?'\g
<<

+------------------------------+-----------+----------+------+---------------+-------
-------------------+------+
|name                          |salary     |dept      |div   |mgr            |birthd-
ate                |num_de|
+------------------------------+-----------+----------+------+---------------+-------
-------------------+------+
+------------------------------+-----------+----------+------+---------------+-------
-------------------+------+
(0 rows)
>>
* select * from eja01 where name like 'j?%'\g
<<

+------------------------------+-----------+----------+------+---------------+-------
-------------------+------+
|name                          |salary     |dept      |div   |mgr            |birthd-
ate                |num_de|
+------------------------------+-----------+----------+------+---------------+-------
-------------------+------+
+------------------------------+-----------+----------+------+---------------+-------
-------------------+------+
(0 rows)
>>
* select * from eja01 where name like '?%'\g
<<

+------------------------------+-----------+----------+------+---------------+-------
-------------------+------+
|name                          |salary     |dept      |div   |mgr            |birthd-
ate                |num_de|
+------------------------------+-----------+----------+------+---------------+-------
-------------------+------+
+------------------------------+-----------+----------+------+---------------+-------
-------------------+------+
(0 rows)
>>
* select * from eja01 where name like 'j??????????'\g
<<

+------------------------------+-----------+----------+------+---------------+-------
-------------------+------+
|name                          |salary     |dept      |div   |mgr            |birthd-
ate                |num_de|
+------------------------------+-----------+----------+------+---------------+-------
-------------------+------+
+------------------------------+-----------+----------+------+---------------+-------
-------------------+------+
(0 rows)
>>
* select * from eja01 where name like '?o%'\g
<<

+------------------------------+-----------+----------+------+---------------+-------
-------------------+------+
|name                          |salary     |dept      |div   |mgr            |birthd-
ate                |num_de|
+------------------------------+-----------+----------+------+---------------+-------
-------------------+------+
+------------------------------+-----------+----------+------+---------------+-------
-------------------+------+
(0 rows)
>>
* select * from eja01 where name like 'm*?'\g
<<

+------------------------------+-----------+----------+------+---------------+-------
-------------------+------+
|name                          |salary     |dept      |div   |mgr            |birthd-
ate                |num_de|
+------------------------------+-----------+----------+------+---------------+-------
-------------------+------+
+------------------------------+-----------+----------+------+---------------+-------
-------------------+------+
(0 rows)
>>
* select * from eja01 where name not like '%'\g
<<

+------------------------------+-----------+----------+------+---------------+-------
-------------------+------+
|name                          |salary     |dept      |div   |mgr            |birthd-
ate                |num_de|
+------------------------------+-----------+----------+------+---------------+-------
-------------------+------+
+------------------------------+-----------+----------+------+---------------+-------
-------------------+------+
(0 rows)
>>
* select * from eja01 where name not like 'j%' order by name\g
<<

+------------------------------+-----------+----------+------+---------------+-------
-------------------+------+
|name                          |salary     |dept      |div   |mgr            |birthd-
ate                |num_de|
+------------------------------+-----------+----------+------+---------------+-------
-------------------+------+
|Blumberg                      |  32000.000|sales     |SC    |Clark          |06-dec-
-1952              |     2|
|Clark                         |  40000.000|sales     |NC    |Verducci       |18-nov-
-1949              |     1|
|McTigue                       |  41000.000|sales     |NW    |Verducci       |09-apr-
-1953              |     1|
|Ming                          |  22000.000|tech sup  |SE    |Shigio         |04-may-
-1956              |     1|
|Ramos                         |  30000.000|tech sup  |NW    |shigio         |21-jan-
-1941              |     0|
|Shigio                        |  28000.000|sales     |SE    |Verducci       |09-jul-
-1948              |     3|
|Vasos                         |  15000.000|admin     |NW    |Verducci       |14-jun-
-1961              |     1|
|Verducci                      |  55000.000|admin     |NW    |               |25-dec-
-1958              |     2|
+------------------------------+-----------+----------+------+---------------+-------
-------------------+------+
(8 rows)
>>
* select * from eja01 where name not like '%e' order by name\g
<<

+------------------------------+-----------+----------+------+---------------+-------
-------------------+------+
|name                          |salary     |dept      |div   |mgr            |birthd-
ate                |num_de|
+------------------------------+-----------+----------+------+---------------+-------
-------------------+------+
|Blumberg                      |  32000.000|sales     |SC    |Clark          |06-dec-
-1952              |     2|
|Clark                         |  40000.000|sales     |NC    |Verducci       |18-nov-
-1949              |     1|
|Ming                          |  22000.000|tech sup  |SE    |Shigio         |04-may-
-1956              |     1|
|Ramos                         |  30000.000|tech sup  |NW    |shigio         |21-jan-
-1941              |     0|
|Shigio                        |  28000.000|sales     |SE    |Verducci       |09-jul-
-1948              |     3|
|Vasos                         |  15000.000|admin     |NW    |Verducci       |14-jun-
-1961              |     1|
|Verducci                      |  55000.000|admin     |NW    |               |25-dec-
-1958              |     2|
+------------------------------+-----------+----------+------+---------------+-------
-------------------+------+
(7 rows)
>>
* select * from eja01 where name not like '?' order by name\g
<<

+------------------------------+-----------+----------+------+---------------+-------
-------------------+------+
|name                          |salary     |dept      |div   |mgr            |birthd-
ate                |num_de|
+------------------------------+-----------+----------+------+---------------+-------
-------------------+------+
|Blumberg                      |  32000.000|sales     |SC    |Clark          |06-dec-
-1952              |     2|
|Clark                         |  40000.000|sales     |NC    |Verducci       |18-nov-
-1949              |     1|
|McTigue                       |  41000.000|sales     |NW    |Verducci       |09-apr-
-1953              |     1|
|Ming                          |  22000.000|tech sup  |SE    |Shigio         |04-may-
-1956              |     1|
|Ramos                         |  30000.000|tech sup  |NW    |shigio         |21-jan-
-1941              |     0|
|Shigio                        |  28000.000|sales     |SE    |Verducci       |09-jul-
-1948              |     3|
|Vasos                         |  15000.000|admin     |NW    |Verducci       |14-jun-
-1961              |     1|
|Verducci                      |  55000.000|admin     |NW    |               |25-dec-
-1958              |     2|
+------------------------------+-----------+----------+------+---------------+-------
-------------------+------+
(8 rows)
>>
* select * from eja01 where name not like 'j?%' order by name\g
<<

+------------------------------+-----------+----------+------+---------------+-------
-------------------+------+
|name                          |salary     |dept      |div   |mgr            |birthd-
ate                |num_de|
+------------------------------+-----------+----------+------+---------------+-------
-------------------+------+
|Blumberg                      |  32000.000|sales     |SC    |Clark          |06-dec-
-1952              |     2|
|Clark                         |  40000.000|sales     |NC    |Verducci       |18-nov-
-1949              |     1|
|McTigue                       |  41000.000|sales     |NW    |Verducci       |09-apr-
-1953              |     1|
|Ming                          |  22000.000|tech sup  |SE    |Shigio         |04-may-
-1956              |     1|
|Ramos                         |  30000.000|tech sup  |NW    |shigio         |21-jan-
-1941              |     0|
|Shigio                        |  28000.000|sales     |SE    |Verducci       |09-jul-
-1948              |     3|
|Vasos                         |  15000.000|admin     |NW    |Verducci       |14-jun-
-1961              |     1|
|Verducci                      |  55000.000|admin     |NW    |               |25-dec-
-1958              |     2|
+------------------------------+-----------+----------+------+---------------+-------
-------------------+------+
(8 rows)
>>
* select * from eja01 where name not like '?%' order by name\g
<<

+------------------------------+-----------+----------+------+---------------+-------
-------------------+------+
|name                          |salary     |dept      |div   |mgr            |birthd-
ate                |num_de|
+------------------------------+-----------+----------+------+---------------+-------
-------------------+------+
|Blumberg                      |  32000.000|sales     |SC    |Clark          |06-dec-
-1952              |     2|
|Clark                         |  40000.000|sales     |NC    |Verducci       |18-nov-
-1949              |     1|
|McTigue                       |  41000.000|sales     |NW    |Verducci       |09-apr-
-1953              |     1|
|Ming                          |  22000.000|tech sup  |SE    |Shigio         |04-may-
-1956              |     1|
|Ramos                         |  30000.000|tech sup  |NW    |shigio         |21-jan-
-1941              |     0|
|Shigio                        |  28000.000|sales     |SE    |Verducci       |09-jul-
-1948              |     3|
|Vasos                         |  15000.000|admin     |NW    |Verducci       |14-jun-
-1961              |     1|
|Verducci                      |  55000.000|admin     |NW    |               |25-dec-
-1958              |     2|
+------------------------------+-----------+----------+------+---------------+-------
-------------------+------+
(8 rows)
>>
* select * from eja01 where name not like 'j??????????' order by name \g
<<

+------------------------------+-----------+----------+------+---------------+-------
-------------------+------+
|name                          |salary     |dept      |div   |mgr            |birthd-
ate                |num_de|
+------------------------------+-----------+----------+------+---------------+-------
-------------------+------+
|Blumberg                      |  32000.000|sales     |SC    |Clark          |06-dec-
-1952              |     2|
|Clark                         |  40000.000|sales     |NC    |Verducci       |18-nov-
-1949              |     1|
|McTigue                       |  41000.000|sales     |NW    |Verducci       |09-apr-
-1953              |     1|
|Ming                          |  22000.000|tech sup  |SE    |Shigio         |04-may-
-1956              |     1|
|Ramos                         |  30000.000|tech sup  |NW    |shigio         |21-jan-
-1941              |     0|
|Shigio                        |  28000.000|sales     |SE    |Verducci       |09-jul-
-1948              |     3|
|Vasos                         |  15000.000|admin     |NW    |Verducci       |14-jun-
-1961              |     1|
|Verducci                      |  55000.000|admin     |NW    |               |25-dec-
-1958              |     2|
+------------------------------+-----------+----------+------+---------------+-------
-------------------+------+
(8 rows)
>>
* select * from eja01 where name not like '?o%' order by name\g
<<

+------------------------------+-----------+----------+------+---------------+-------
-------------------+------+
|name                          |salary     |dept      |div   |mgr            |birthd-
ate                |num_de|
+------------------------------+-----------+----------+------+---------------+-------
-------------------+------+
|Blumberg                      |  32000.000|sales     |SC    |Clark          |06-dec-
-1952              |     2|
|Clark                         |  40000.000|sales     |NC    |Verducci       |18-nov-
-1949              |     1|
|McTigue                       |  41000.000|sales     |NW    |Verducci       |09-apr-
-1953              |     1|
|Ming                          |  22000.000|tech sup  |SE    |Shigio         |04-may-
-1956              |     1|
|Ramos                         |  30000.000|tech sup  |NW    |shigio         |21-jan-
-1941              |     0|
|Shigio                        |  28000.000|sales     |SE    |Verducci       |09-jul-
-1948              |     3|
|Vasos                         |  15000.000|admin     |NW    |Verducci       |14-jun-
-1961              |     1|
|Verducci                      |  55000.000|admin     |NW    |               |25-dec-
-1958              |     2|
+------------------------------+-----------+----------+------+---------------+-------
-------------------+------+
(8 rows)
>>
* select * from eja01 where name not like 'm*?' order by name\g
<<

+------------------------------+-----------+----------+------+---------------+-------
-------------------+------+
|name                          |salary     |dept      |div   |mgr            |birthd-
ate                |num_de|
+------------------------------+-----------+----------+------+---------------+-------
-------------------+------+
|Blumberg                      |  32000.000|sales     |SC    |Clark          |06-dec-
-1952              |     2|
|Clark                         |  40000.000|sales     |NC    |Verducci       |18-nov-
-1949              |     1|
|McTigue                       |  41000.000|sales     |NW    |Verducci       |09-apr-
-1953              |     1|
|Ming                          |  22000.000|tech sup  |SE    |Shigio         |04-may-
-1956              |     1|
|Ramos                         |  30000.000|tech sup  |NW    |shigio         |21-jan-
-1941              |     0|
|Shigio                        |  28000.000|sales     |SE    |Verducci       |09-jul-
-1948              |     3|
|Vasos                         |  15000.000|admin     |NW    |Verducci       |14-jun-
-1961              |     1|
|Verducci                      |  55000.000|admin     |NW    |               |25-dec-
-1958              |     2|
+------------------------------+-----------+----------+------+---------------+-------
-------------------+------+
(8 rows)
>>
* select *from eja01 where dept='[p-z]%' \g
<<

+------------------------------+-----------+----------+------+---------------+-------
-------------------+------+
|name                          |salary     |dept      |div   |mgr            |birthd-
ate                |num_de|
+------------------------------+-----------+----------+------+---------------+-------
-------------------+------+
+------------------------------+-----------+----------+------+---------------+-------
-------------------+------+
(0 rows)
>>
* select * from eja01 where dept='%[gp-pr]%'\g
<<

+------------------------------+-----------+----------+------+---------------+-------
-------------------+------+
|name                          |salary     |dept      |div   |mgr            |birthd-
ate                |num_de|
+------------------------------+-----------+----------+------+---------------+-------
-------------------+------+
+------------------------------+-----------+----------+------+---------------+-------
-------------------+------+
(0 rows)
>>
* select * from eja01 where salary <= 35000 order by name\g
<<

+------------------------------+-----------+----------+------+---------------+-------
-------------------+------+
|name                          |salary     |dept      |div   |mgr            |birthd-
ate                |num_de|
+------------------------------+-----------+----------+------+---------------+-------
-------------------+------+
|Blumberg                      |  32000.000|sales     |SC    |Clark          |06-dec-
-1952              |     2|
|Ming                          |  22000.000|tech sup  |SE    |Shigio         |04-may-
-1956              |     1|
|Ramos                         |  30000.000|tech sup  |NW    |shigio         |21-jan-
-1941              |     0|
|Shigio                        |  28000.000|sales     |SE    |Verducci       |09-jul-
-1948              |     3|
|Vasos                         |  15000.000|admin     |NW    |Verducci       |14-jun-
-1961              |     1|
+------------------------------+-----------+----------+------+---------------+-------
-------------------+------+
(5 rows)
>>
* select * from eja01 where 35000 <= salary order by name\g
<<

+------------------------------+-----------+----------+------+---------------+-------
-------------------+------+
|name                          |salary     |dept      |div   |mgr            |birthd-
ate                |num_de|
+------------------------------+-----------+----------+------+---------------+-------
-------------------+------+
|Clark                         |  40000.000|sales     |NC    |Verducci       |18-nov-
-1949              |     1|
|McTigue                       |  41000.000|sales     |NW    |Verducci       |09-apr-
-1953              |     1|
|Verducci                      |  55000.000|admin     |NW    |               |25-dec-
-1958              |     2|
+------------------------------+-----------+----------+------+---------------+-------
-------------------+------+
(3 rows)
>>
* select * from eja01 where 30000+5000 <= salary order by name\g
<<

+------------------------------+-----------+----------+------+---------------+-------
-------------------+------+
|name                          |salary     |dept      |div   |mgr            |birthd-
ate                |num_de|
+------------------------------+-----------+----------+------+---------------+-------
-------------------+------+
|Clark                         |  40000.000|sales     |NC    |Verducci       |18-nov-
-1949              |     1|
|McTigue                       |  41000.000|sales     |NW    |Verducci       |09-apr-
-1953              |     1|
|Verducci                      |  55000.000|admin     |NW    |               |25-dec-
-1958              |     2|
+------------------------------+-----------+----------+------+---------------+-------
-------------------+------+
(3 rows)
>>
* select * from eja01 where 40000-5000 <= salary order by name\g
<<

+------------------------------+-----------+----------+------+---------------+-------
-------------------+------+
|name                          |salary     |dept      |div   |mgr            |birthd-
ate                |num_de|
+------------------------------+-----------+----------+------+---------------+-------
-------------------+------+
|Clark                         |  40000.000|sales     |NC    |Verducci       |18-nov-
-1949              |     1|
|McTigue                       |  41000.000|sales     |NW    |Verducci       |09-apr-
-1953              |     1|
|Verducci                      |  55000.000|admin     |NW    |               |25-dec-
-1958              |     2|
+------------------------------+-----------+----------+------+---------------+-------
-------------------+------+
(3 rows)
>>
* select * from eja01 where 700*50 <= salary order by name\g
<<

+------------------------------+-----------+----------+------+---------------+-------
-------------------+------+
|name                          |salary     |dept      |div   |mgr            |birthd-
ate                |num_de|
+------------------------------+-----------+----------+------+---------------+-------
-------------------+------+
|Clark                         |  40000.000|sales     |NC    |Verducci       |18-nov-
-1949              |     1|
|McTigue                       |  41000.000|sales     |NW    |Verducci       |09-apr-
-1953              |     1|
|Verducci                      |  55000.000|admin     |NW    |               |25-dec-
-1958              |     2|
+------------------------------+-----------+----------+------+---------------+-------
-------------------+------+
(3 rows)
>>
* select * from eja01 where 70000/2 <= salary order by name\g
<<

+------------------------------+-----------+----------+------+---------------+-------
-------------------+------+
|name                          |salary     |dept      |div   |mgr            |birthd-
ate                |num_de|
+------------------------------+-----------+----------+------+---------------+-------
-------------------+------+
|Clark                         |  40000.000|sales     |NC    |Verducci       |18-nov-
-1949              |     1|
|McTigue                       |  41000.000|sales     |NW    |Verducci       |09-apr-
-1953              |     1|
|Verducci                      |  55000.000|admin     |NW    |               |25-dec-
-1958              |     2|
+------------------------------+-----------+----------+------+---------------+-------
-------------------+------+
(3 rows)
>>
* select * from eja01 having 35000 <= avg(age)\g
<<
E_US0836 line 1, Column 'age' not found in any specified table.
    (11-JUL-1989 09:03:01)

>>
* select * from eja01 having 35000 <= min(age)\g
<<
E_US0836 line 1, Column 'age' not found in any specified table.
    (11-JUL-1989 09:03:06)

>>
* select * from eja01 having 35000 <= max(age)\g
<<
E_US0836 line 1, Column 'age' not found in any specified table.
    (11-JUL-1989 09:03:12)

>>
* select * from eja01 where dept >= 'sales' order by name \g
<<

+------------------------------+-----------+----------+------+---------------+-------
-------------------+------+
|name                          |salary     |dept      |div   |mgr            |birthd-
ate                |num_de|
+------------------------------+-----------+----------+------+---------------+-------
-------------------+------+
|Blumberg                      |  32000.000|sales     |SC    |Clark          |06-dec-
-1952              |     2|
|Clark                         |  40000.000|sales     |NC    |Verducci       |18-nov-
-1949              |     1|
|McTigue                       |  41000.000|sales     |NW    |Verducci       |09-apr-
-1953              |     1|
|Ming                          |  22000.000|tech sup  |SE    |Shigio         |04-may-
-1956              |     1|
|Ramos                         |  30000.000|tech sup  |NW    |shigio         |21-jan-
-1941              |     0|
|Shigio                        |  28000.000|sales     |SE    |Verducci       |09-jul-
-1948              |     3|
+------------------------------+-----------+----------+------+---------------+-------
-------------------+------+
(6 rows)
>>
* select * from eja01 where 'sales' >=dept order by name\g
<<

+------------------------------+-----------+----------+------+---------------+-------
-------------------+------+
|name                          |salary     |dept      |div   |mgr            |birthd-
ate                |num_de|
+------------------------------+-----------+----------+------+---------------+-------
-------------------+------+
|Blumberg                      |  32000.000|sales     |SC    |Clark          |06-dec-
-1952              |     2|
|Clark                         |  40000.000|sales     |NC    |Verducci       |18-nov-
-1949              |     1|
|McTigue                       |  41000.000|sales     |NW    |Verducci       |09-apr-
-1953              |     1|
|Shigio                        |  28000.000|sales     |SE    |Verducci       |09-jul-
-1948              |     3|
|Vasos                         |  15000.000|admin     |NW    |Verducci       |14-jun-
-1961              |     1|
|Verducci                      |  55000.000|admin     |NW    |               |25-dec-
-1958              |     2|
+------------------------------+-----------+----------+------+---------------+-------
-------------------+------+
(6 rows)
>>
* \q
<<
~
>>


Ending at: Wed Oct  6 18:12:14 1993
