/*
	Test Name: epa01.sep
	Time     : 24-May-1993 18:26:22
	User Name: testenv

	Test ID  : epa01.sep
	Module   : 
	Filename : 
	Purpose  : test bug #49513
	Input Files  : 
	Output Files : 
	Database     : 
	Tables       : 
	Synopsis     : 
	History      : 24-May-1993 (jpark)
	               26-March-1999  (kamra01) modified VPG_SZ to 2048 
*/
? fill drp.sql 
!!
drop hbaholiday\p\g
drop bbb\p\g
drop bobobo\p\g
drop bobo\p\g
!!
? fill epa01.sql 
!!
create table hbaholiday (holiday date) with page_size=2048
\p\g

/* Create table as select constant */
create table bbb as select 3 with page_size=2048
\p\g
select * from bbb
\p\g
select distinct 1 from bbb
\p\g
select distinct 1 from bbb
where 3=4
\p\g
select distinct 1 from bbb
where 3=4
or 5=1
\p\g
select distinct 1 from bbb
where EXISTS( SELECT 1 FROM hbaholiday WHERE holiday  = '10-feb-1993');
\p\g
select * from bbb
where 3=4
OR
EXISTS( SELECT 1 FROM hbaholiday WHERE holiday  = '10-feb-1993');
\p\g
select distinct 1 from bbb
where 3=4
OR
EXISTS( SELECT 1 FROM hbaholiday WHERE holiday  = '10-feb-1993');
\p\g

/* Define view on table bbb  */
create view bobobo as select * from bbb
\p\g
select * from bobobo
\p\g
select distinct 1 from bobobo
\p\g
select distinct 1 from bobobo
where 3=4
\p\g
select distinct 1 from bobobo
where 3=4
or 5=1
\p\g
select distinct 1 from bobobo
where EXISTS( SELECT 1 FROM hbaholiday WHERE holiday  = '10-feb-1993');
\p\g
select * from bobobo
where 3=4
OR
EXISTS( SELECT 1 FROM hbaholiday WHERE holiday  = '10-feb-1993');
\p\g
select distinct 1 from bobobo
where 3=4
OR
EXISTS( SELECT 1 FROM hbaholiday WHERE holiday  = '10-feb-1993');
\p\g


/* Create a view without underlying table */
create view bobo as select 3
\p\g
select * from bobo
\p\g
select distinct 1 from bobo
\p\g
select distinct 1 from bobo
where 3=4
\p\g
select distinct 1 from bobo
where 3=4
or 5=1
\p\g
select distinct 1 from bobobo
where EXISTS( SELECT 1 FROM hbaholiday WHERE holiday  = '10-feb-1993');
\p\g

/* This returns a different result than the previous table and view  */

select * from bobo
where 3=4
OR
EXISTS( SELECT 1 FROM hbaholiday WHERE holiday  = '10-feb-1993');
\p\g

/* This returns a different result than the previous table and view  */ 

select distinct 1 from bobo
where 3=4
OR
EXISTS( SELECT 1 FROM hbaholiday WHERE holiday  = '10-feb-1993');
\p\g
!!
? sql -s SEPPARAMDB 
<<
>>
* set autocommit on \g
<<
>>
* \i drp.sql
<<
~
>>
* \i epa01.sql
<<
 create table hbaholiday (holiday date) with page_size=2048

/* Create table as select constant */
create table bbb as select 3 with page_size=2048
(1 row)
select * from bbb

+------+
|col1  |
+------+
|     3|
+------+
(1 row)
select distinct 1 from bbb

+------+
|col1  |
+------+
|     1|
+------+
(1 row)
select distinct 1 from bbb
where 3=4

+------+
|col1  |
+------+
+------+
(0 rows)
select distinct 1 from bbb
where 3=4
or 5=1

+------+
|col1  |
+------+
+------+
(0 rows)
select distinct 1 from bbb
where EXISTS( SELECT 1 FROM hbaholiday WHERE holiday  = '10-feb-1993');

+------+
|col1  |
+------+
+------+
(0 rows)
select * from bbb
where 3=4
OR
EXISTS( SELECT 1 FROM hbaholiday WHERE holiday  = '10-feb-1993');

+------+
|col1  |
+------+
+------+
(0 rows)
select distinct 1 from bbb
where 3=4
OR
EXISTS( SELECT 1 FROM hbaholiday WHERE holiday  = '10-feb-1993');

+------+
|col1  |
+------+
+------+
(0 rows)

/* Define view on table bbb  */
create view bobobo as select * from bbb
select * from bobobo

+------+
|col1  |
+------+
|     3|
+------+
(1 row)
select distinct 1 from bobobo

+------+
|col1  |
+------+
|     1|
+------+
(1 row)
select distinct 1 from bobobo
where 3=4

+------+
|col1  |
+------+
+------+
(0 rows)
select distinct 1 from bobobo
where 3=4
or 5=1

+------+
|col1  |
+------+
+------+
(0 rows)
select distinct 1 from bobobo
where EXISTS( SELECT 1 FROM hbaholiday WHERE holiday  = '10-feb-1993');

+------+
|col1  |
+------+
+------+
(0 rows)
select * from bobobo
where 3=4
OR
EXISTS( SELECT 1 FROM hbaholiday WHERE holiday  = '10-feb-1993');

+------+
|col1  |
+------+
+------+
(0 rows)
select distinct 1 from bobobo
where 3=4
OR
EXISTS( SELECT 1 FROM hbaholiday WHERE holiday  = '10-feb-1993');

+------+
|col1  |
+------+
+------+
(0 rows)


/* Create a view without underlying table */
create view bobo as select 3
select * from bobo

+------+
|col1  |
+------+
|     3|
+------+
(1 row)
select distinct 1 from bobo

+------+
|col1  |
+------+
|     1|
+------+
(1 row)
select distinct 1 from bobo
where 3=4

+------+
|col1  |
+------+
+------+
(0 rows)
select distinct 1 from bobo
where 3=4
or 5=1

+------+
|col1  |
+------+
+------+
(0 rows)
select distinct 1 from bobobo
where EXISTS( SELECT 1 FROM hbaholiday WHERE holiday  = '10-feb-1993');

+------+
|col1  |
+------+
+------+
(0 rows)

/* This returns a different result than the previous table and view  */

select * from bobo
where 3=4
OR
EXISTS( SELECT 1 FROM hbaholiday WHERE holiday  = '10-feb-1993');

+------+
|col1  |
+------+
+------+
(0 rows)

/* This returns a different result than the previous table and view  */ 

select distinct 1 from bobo
where 3=4
OR
EXISTS( SELECT 1 FROM hbaholiday WHERE holiday  = '10-feb-1993');

+------+
|col1  |
+------+
+------+
(0 rows)
>>
* \q
<<
>>


Ending at: Fri Jun  4 13:56:08 1993
