/*
	Test ID  : eta03
	Module   : defaults
	Filename : eta03.sep
	Purpose  : To test the special characters inside a user defined
		default.
	Input Files  : none
	Output Files : none
	Database     : SEPPARAMDB
	Tables       : eta03_t1
	Synopsis     : Create tables that have columns with defaults that
		use the special characters like 'space' and % 
		'% &()*+ - , ./:;<=>?_ |'. Insert rows into these tables
		through views and see the defaults in the table.

	History      :  6-dec-1993 (camacho) created.
	26-March-1999  (kamra01) modified VPG_SZ to 8192

*/
? sql -s SEPPARAMDB
<<
>>
* drop foo;\g
<<
~
>>
* create table foo (a i4, col c(20) WITH DEFAULT '') with page_size=8192;\g
<<
>>
* create view fooview as select a from foo;\g
<<
>>
* insert into fooview values ( 1 );\g
<<
(1 row)
>>
* select * from foo;\g
<<

+-------------+--------------------+
|a            |col                 |
+-------------+--------------------+
|            1|                    |
+-------------+--------------------+
(1 row)
>>
* drop foo;\g
<<
~
>>
* create table foo (a i4, col c(20) WITH DEFAULT ' ') with page_size=8192;\g
<<
>>
* create view fooview as select a from foo;\g
<<
>>
* insert into fooview values ( 1 );\g
<<
(1 row)
>>
* select * from foo;\g
<<

+-------------+--------------------+
|a            |col                 |
+-------------+--------------------+
|            1|                    |
+-------------+--------------------+
(1 row)
>>
* drop foo;\g
<<
~
>>
* create table foo (a i4, col c(20) WITH DEFAULT ' testdefaults ') with page_size=8192;\g
<<
>>
* create view fooview as select a from foo;\g
<<
>>
* insert into fooview values ( 1 );\g
<<
(1 row)
>>
* select * from foo;\g
<<

+-------------+--------------------+
|a            |col                 |
+-------------+--------------------+
|            1|   testdefaults     |
+-------------+--------------------+
(1 row)
>>
* drop foo;\g
<<
~
>>
* create table foo (a i4, col c(20) WITH DEFAULT ' test defaults here ') with page_size=8192;\g
<<
>>
* create view fooview as select a from foo;\g
<<
>>
* insert into fooview values ( 1 );\g
<<
(1 row)
>>
* select * from foo;\g
<<

+-------------+--------------------+
|a            |col                 |
+-------------+--------------------+
|            1| test defaults here |
+-------------+--------------------+
(1 row)
>>
* drop foo;\g
<<
~
>>
* create table foo (a i4, col c(30) WITH DEFAULT ' % &()*+ - , ./:;<=>?_ |') with page_size=8192;\g
<<
>>
* create view fooview as select a from foo;\g
<<
>>
* insert into fooview values ( 1 );\g
<<
(1 row)
>>
* select * from foo;\g
<<

+-------------+------------------------------+
|a            |col                           |
+-------------+------------------------------+
|            1| % &()*+ - , ./:;<=>?_ |      |
+-------------+------------------------------+
(1 row)
>>
* drop foo;\g
<<
~
>>
* create table foo (a i4, col c(30) WITH DEFAULT ' "I" "N" "G" ') with page_size=8192;\g
<<
>>
* create view fooview as select a from foo;\g
<<
>>
* insert into fooview values ( 1 );\g
<<
(1 row)
>>
* select * from foo;\g
<<

+-------------+------------------------------+
|a            |col                           |
+-------------+------------------------------+
|            1| "I" "N" "G"                  |
+-------------+------------------------------+
(1 row)
>>
* drop foo;\g
<<
~
>>
* create table foo (a i4, col c(30) WITH DEFAULT ' ''Defaults'' ') with page_size=8192;\g
<<
>>
* create view fooview as select a from foo;\g
<<
>>
* insert into fooview values ( 1 );\g
<<
(1 row)
>>
* select * from foo;\g
<<

+-------------+------------------------------+
|a            |col                           |
+-------------+------------------------------+
|            1| 'Defaults'                   |
+-------------+------------------------------+
(1 row)
>>
* \q
<<
~
>>


Ending at:  7-Jun-1993 13:00:17
