/*
	Test ID  : eta05
	Module   : user defined defaults
	Filename : eta05.sep
	Purpose  : To test the limits on the datatypes that 
		retrieve user defined defaults of USERNAMEs.
	Input Files  : none
	Output Files : none
	Database     : SEPPARAMDB
	Tables       : eta05_table1
	Synopsis     : Create tables with columns of different sizes 
		and try to give the column a user default like $DBA 
		or CURRENT_USER.

	History      :  4-Jun-1993 (camacho) created test.
	26-March-1999  (kamra01) modified VPG_SZ to 8192

*/
? sql -s SEPPARAMDB 
<<
>>
* drop table eta05_table1;\g
<<
~
>>
* create table eta05_table1 ( a i4, col c(31) WITH DEFAULT $DBA)with page_size=8192;\g
<<
E_PS0498 Column 'col' cannot hold a user function as a default.   
    The column is either too small or is not one of the character datatypes.
    
    The column must be at least 32 characters long in order to use defaults
    such as USER, CURRENT_USER, SESSION_USER, or SYSTEM_USER.
    (Fri Jun  4 15:14:31 1993)

>>
* drop table eta05_table1;\g
<<
~
>>
* drop table eta05_table1;\g
<<
~
>>
* create table eta05_table1 ( a i4, col c(32) WITH DEFAULT $DBA)with page_size=8192;\g
<<
>>
* create view eta05_view1 as select a from eta05_table1;\g
<<
>>
* insert into eta05_view1 values ( 1 );\g
<<
(1 row)
>>
* select * from eta05_table1;\g
<<

+-------------+--------------------------------------------------+
|a            |col                                               |
+-------------+--------------------------------------------------+
|            1|testenv                                           |
+-------------+--------------------------------------------------+
(1 row)
>>
* drop table eta05_table1;\g
<<
~
>>
* drop table eta05_table1;\g
<<
~
>>
* create table eta05_table1 ( a i4, col c(33) WITH DEFAULT $DBA)with page_size=8192;\g
<<
>>
* create view eta05_view1 as select a from eta05_table1;\g
<<
>>
* insert into eta05_view1 values ( 1 );\g
<<
(1 row)
>>
* select * from eta05_table1;\g
<<

+-------------+--------------------------------------------------+
|a            |col                                               |
+-------------+--------------------------------------------------+
|            1|testenv                                           |
+-------------+--------------------------------------------------+
(1 row)
>>
* drop table eta05_table1;\g
<<
~
>>
* drop table eta05_table1;\g
<<
~
>>
* create table eta05_table1 ( a i4, col c(2000) WITH DEFAULT $DBA)with page_size=8192;\g
<<
>>
* create view eta05_view1 as select a from eta05_table1;\g
<<
>>
* insert into eta05_view1 values ( 1 );\g
<<
(1 row)
>>
* select * from eta05_table1;\g
<<

+-------------+--------------------------------------------------+
|a            |col                                               |
+-------------+--------------------------------------------------+
|            1|testenv                                           |
+-------------+--------------------------------------------------+
(1 row)
>>
* drop table eta05_table1;\g
<<
~
>>
* \q
<<
>>


Ending at: Fri Jun  4 15:14:37 1993
