/*
        Test Name    : qp332.sep
        Time         : Thu Jan 30 15:50:40 2003
        User Name    : testenv

        Test ID      : qp332
        Module       :
        Filename     : qp332.sep
        Purpose      : Testing Ingres 2.6 SP2 'Lock Timeout of NOWAIT' 
        Input Files  : none
        Output Files : none
        Database     : SEPPARAMDB
        Tables       : qp332_tbl1, qp332_tbl2 
        Synopsis     : Testing that 'SET LOCKMODE ... TIMEOUT=NOWAIT' has 
                       no adverse effect when locks are requested on  
                       resources that are not currently locked. Savepoints
                       are created and rolled back during the MQT and
                       the resources are left in the correct post-MQT state. 
                       Locking Level = PAGE. 
        Setup        :

        History:  27-Feb-2003 (sykga01)  Created.
	  14-Jun-2004   (sinra04) Replaced esqlc command with sepesqlc command
			to make tests when run on VMS use same canon as that
			of  Unix & Windows.

*/

/*
** Define the SQL script to create
** and populate the test tables (qp332_tbl1 and qp332_tbl2)
*/

? fill setup.sql
!!
create table qp332_tbl1 (lname char(24), fname char(24), telephone char(14))\p\g
insert into qp332_tbl1 values ('Davis', 'Steven', '(516) 735-4647')\p\g
insert into qp332_tbl1 values ('Davidson', 'Mary', '(516) 735-8181')\p\g
insert into qp332_tbl1 values ('Davidson', 'John', '(516) 735-8181')\p\g
insert into qp332_tbl1 values ('Smith', 'William', '(631) 442-5242')\p\g
insert into qp332_tbl1 values ('Johnson', 'James', '(516) 675-6154')\p\g
insert into qp332_tbl1 values ('Walsh', 'Joan', '(516) 331-2365')\p\g
insert into qp332_tbl1 values ('Williams', 'Charles', '(212) 599-1001')\p\g
insert into qp332_tbl1 values ('Andrews', 'Alison', '(212) 664-3001')\p\g
create table qp332_tbl2 (lname char(24), fname char(24), telephone char(14))\p\g
insert into qp332_tbl2 values ('Bush', 'George', '(516) 735-4647')\p\g
insert into qp332_tbl2 values ('Blair', 'Tony', '(516) 735-8181')\p\g
insert into qp332_tbl2 values ('Hussain', 'Saddam', '(516) 735-8181')\p\g
!!

/*
** Define the main C executable
*/ 

? fill qp332.sc 
!!
/*
** Standard C Runtime header file
*/
#include <stdio.h>
/*
** Ingres required by Ingres LIBQ runtime for Ingres error handling
*/
EXEC SQL INCLUDE sqlca;   

/*
**  Local variable: program syntax message 
*/
char  *syntax = "\nSyntax:  qp332.sep, dbname: qryprocdb\n";

/*
** The main() program
*/

main(int argc, char *argv[])
{
/*
**  Declare host language variables used in queries.
*/
   EXEC SQL BEGIN DECLARE SECTION;
        char   *dbname;
        char   qp1[72];
        char   qp2[72];
        char   err_msg[101];
   EXEC SQL END DECLARE SECTION;


/*
**  Checks that 2 arguments were specified on the command
**  line that launched the program (1 arg plus the program name).
**  If not enough args, then print a message and exit. 
*/
   if (argc < 2)
   {
      printf(syntax);
      exit(-1);
   }
/*
**  Set local variables: dbname is the database passed in at the 
**  command line.
*/
   dbname = argv[1];

/*
** Connect to Session 1
*/

   printf("\nConnecting to Session 1\n");

   EXEC SQL CONNECT :dbname session 1;


/*
**  Set the error handler to 
**  call an error routine but continue program execution. 
*/

    EXEC SQL WHENEVER NOT FOUND CONTINUE;

        EXEC SQL WHENEVER SQLWARNING CONTINUE;
        EXEC SQL WHENEVER SQLERROR goto ERR; 
    EXEC SQL COMMIT;

    START:

/*
** Set lockmode session timeout to NOWAIT and select from the 
** 'locked' qp332_tbl1 table (Level=PAGE). 
*/

   printf("\n");

   printf("\nSetting Lockmode Timeout NOWAIT (Level=PAGE)\n");

   EXEC SQL SET LOCKMODE SESSION WHERE LEVEL=PAGE, TIMEOUT=NOWAIT;

/*
**  START MQT
**  INSERT a row into the qp332_tbl2 table 
*/

   printf("\nINSERT first row into the qp332_tbl2 table in Session 1\n");

   EXEC SQL INSERT INTO 
                qp332_tbl2 
                (
                lname,
                fname,
                telephone
                )
            VALUES
                (
                'Clinton',
                'Bill',
                '012345678'
                );

/*
** Create a Savepoint for the qp332_tbl2 table
*/

    EXEC SQL savepoint a;


   printf("\nINSERT second row into the qp332_tbl2 table in Session 1\n");

   EXEC SQL INSERT INTO 
                qp332_tbl2 
                (
                lname,
                fname,
                telephone
                )
            VALUES
                (
                'Regan',
                'Ronald',
                '98765432'
                );

/*
** Create a Savepoint for the qp332_tbl2 table
*/

    EXEC SQL savepoint b;

/*
** Undo the second append.
*/

    EXEC SQL ROLLBACK TO a;

/*
**  Query the qp332_tbl1 table 
**  The qp332_tbl1 table is not locked and hence the query should
**  be successful
*/

   printf("\n");

   printf("\nSELECT from qp332_tbl1s table in Session 1\n");

   printf("\n");

   EXEC SQL SELECT 
                TRIM(lname) + ', ' + TRIM(fname) + ' ' + telephone
            INTO 
                :qp1
            FROM 
                qp332_tbl1
            ORDER BY lname, fname, telephone; 
   EXEC SQL BEGIN;
      printf("%s\n", qp1);
   EXEC SQL END;

  EXEC SQL COMMIT;

/*
** End of MQT
*/

      goto END;

/*
**  ERROR ROUTINE:
**  Return an error message and roll back the MQT
*/

   ERR:
       EXEC SQL WHENEVER SQLERROR CALL SQLPRINT;

           if (sqlca.sqlcode != 0) 
              { 
               EXEC SQL inquire_sql (:err_msg=ERRORTEXT);
               printf("\n%s\n", err_msg);
               EXEC SQL ROLLBACK; 
   	       printf("\nLock Timeout - MQT Rolled back\n");
              }

   END:

/*
** Check the MQT was successful
*/

   printf("\nSELECT from qp332_tbl2 table to check Savepoint\n");

   printf("\n");

   EXEC SQL SELECT 
                TRIM(lname) + ', ' + TRIM(fname) + ' ' + telephone
            INTO 
                :qp2 
            FROM 
                qp332_tbl2 
            ORDER BY lname, fname, telephone; 
   EXEC SQL BEGIN;
      printf("%s\n", qp2);
   EXEC SQL END;

/*  
**  Disconnect from Session 1.
*/

   printf("\nDisconnecting from Session 1\n");

   EXEC SQL disconnect session 1;

/*
**  END OF EXEC SQL Script. 
*/
}
!!

/*
** End of main C executable definition
*/

/* 
** Preprocess, Compile and Link EXEC SQL Script
*/

? sepesqlc qp332.sc 
<<
ESQL qp332.sc:
>>
? sepcc qp332 
<<
~
>>
? seplnk qp332 
<<
>>

/*
** Create and populate the test tables
*/

? sql -s SEPPARAMDB
<<

>>
* drop table qp332_tbl1; \g
<<
~
>>
* drop table qp332_tbl2; \g
<<
~
>>
* \i setup.sql
<<
create table qp332_tbl1 (lname char(24), fname char(24), telephone char(14))
insert into qp332_tbl1 values ('Davis', 'Steven', '(516) 735-4647')
(1 row)
insert into qp332_tbl1 values ('Davidson', 'Mary', '(516) 735-8181')
(1 row)
insert into qp332_tbl1 values ('Davidson', 'John', '(516) 735-8181')
(1 row)
insert into qp332_tbl1 values ('Smith', 'William', '(631) 442-5242')
(1 row)
insert into qp332_tbl1 values ('Johnson', 'James', '(516) 675-6154')
(1 row)
insert into qp332_tbl1 values ('Walsh', 'Joan', '(516) 331-2365')
(1 row)
insert into qp332_tbl1 values ('Williams', 'Charles', '(212) 599-1001')
(1 row)
insert into qp332_tbl1 values ('Andrews', 'Alison', '(212) 664-3001')
(1 row)
create table qp332_tbl2 (lname char(24), fname char(24), telephone char(14))
insert into qp332_tbl2 values ('Bush', 'George', '(516) 735-4647')
(1 row)
insert into qp332_tbl2 values ('Blair', 'Tony', '(516) 735-8181')
(1 row)
insert into qp332_tbl2 values ('Hussain', 'Saddam', '(516) 735-8181')
(1 row)
>>
* \q
<<
~
>>

/*
** Run the EXEC SQL Script
*/

? run qp332.exe SEPPARAMDB 
<<
Connecting to Session 1


Setting Lockmode Timeout NOWAIT (Level=PAGE)

INSERT first row into the qp332_tbl2 table in Session 1

INSERT second row into the qp332_tbl2 table in Session 1


SELECT from qp332_tbl1s table in Session 1

Andrews, Alison (212) 664-3001
Davidson, John (516) 735-8181
Davidson, Mary (516) 735-8181
Davis, Steven (516) 735-4647
Johnson, James (516) 675-6154
Smith, William (631) 442-5242
Walsh, Joan (516) 331-2365
Williams, Charles (212) 599-1001

SELECT from qp332_tbl2 table to check Savepoint

Blair, Tony (516) 735-8181
Bush, George (516) 735-4647
Clinton, Bill 012345678
Hussain, Saddam (516) 735-8181

Disconnecting from Session 1
>>
? delete qp332.c 
<<
~
>>
? delete qp332.obj 
<<
~
>>
? delete qp332.o 
<<
~
>>
? delete qp332.exe 
<<
~
>>


Ending at: Wed Mar 22 17:31:02 2000
