/*
        Test Name    : qp335.sep
        Time         : Thu Jan 30 15:50:40 2003
        User Name    : testenv

        Test ID      : qp335
        Module       :
        Filename     : qp335.sep
        Purpose      : Testing Ingres 2.6 SP2 'Lock Timeout of NOWAIT' 
        Input Files  : none
        Output Files : none
        Database     : SEPPARAMDB
        Tables       : qp335_tbl1, qp335_tbl2, qp335_tbl3 
        Synopsis     : Testing that variations of 'SET LOCKMODE ... TIMEOUT' 
                       can be issued more than once within a single MQT.
        Setup        :

        History:  27-Feb-2003 (sykga01)  Created.
	  14-Jun-2004   (sinra04) Replaced esqlc command with sepesqlc command
			to make tests when run on VMS use same canon as that
			of  Unix & Windows.

*/

/*
** Define the SQL script to create
** and populate the test tables 
*/

? fill setup.sql
!!
create table qp335_tbl1 (lname char(24), fname char(24), telephone char(14))\p\g
insert into qp335_tbl1 values ('Davis', 'Steven', '(516) 735-4647')\p\g
insert into qp335_tbl1 values ('Davidson', 'Mary', '(516) 735-8181')\p\g
insert into qp335_tbl1 values ('Davidson', 'John', '(516) 735-8181')\p\g
insert into qp335_tbl1 values ('Smith', 'William', '(631) 442-5242')\p\g
insert into qp335_tbl1 values ('Johnson', 'James', '(516) 675-6154')\p\g
insert into qp335_tbl1 values ('Walsh', 'Joan', '(516) 331-2365')\p\g
insert into qp335_tbl1 values ('Williams', 'Charles', '(212) 599-1001')\p\g
insert into qp335_tbl1 values ('Andrews', 'Alison', '(212) 664-3001')\p\g
create table qp335_tbl2 (lname char(24), fname char(24), telephone char(14))\p\g
insert into qp335_tbl2 values ('Bush', 'George', '(516) 735-4647')\p\g
insert into qp335_tbl2 values ('Blair', 'Tony', '(516) 735-8181')\p\g
insert into qp335_tbl2 values ('Hussain', 'Saddam', '(516) 735-8181')\p\g
create table qp335_tbl3 (lname char(24), fname char(24), telephone char(14))\p\g
insert into qp335_tbl3 values ('Nixon', 'Richard', '(516) 735-4647')\p\g
insert into qp335_tbl3 values ('Kennedy', 'John', '(516) 735-8181')\p\g
insert into  qp335_tbl3 values ('Ford', 'Gerald', '(516) 735-8181')\p\g
!!

/*
** Define the main C executable
*/ 

? fill qp335.sc 
!!
/*
** Standard C Runtime header file
*/
#include <stdio.h>
/*
** SQLCA required by Ingres LIBQ runtime for Ingres error handling
*/
EXEC SQL INCLUDE sqlca;   

/*
**  Local variable: program syntax message 
*/
char  *syntax = "\nSyntax:  qp335.sep, dbname: qryrprocdb\n";

/*
** The main() program
*/

main(int argc, char *argv[])
{
/*
**  Declare host language variables used in queries.
*/
   EXEC SQL BEGIN DECLARE SECTION;
        char   *dbname;
        char   qp1[72];
        char   qp2[72];
        char   qp3[72];
        char   err_msg[101];
   EXEC SQL END DECLARE SECTION;


/*
**  Checks that 2 arguments were specified on the command
**  line that launched the program (1 arg plus the program name).
**  If not enough args, then print a message and exit. 
*/
   if (argc < 2)
   {
      printf(syntax);
      exit(-1);
   }
/*
**  Set local variables: dbname is the database passed in at the 
**  command line.
*/
   dbname = argv[1];

/*
** Connect to Session 1
*/

   printf("\nConnecting to Session 1\n");

   EXEC SQL CONNECT :dbname session 1;


/*
**  Set the error handler to 
**  call an error routine but continue program execution. 
*/

    EXEC SQL WHENEVER NOT FOUND CONTINUE;

        EXEC SQL WHENEVER SQLWARNING CONTINUE;
        EXEC SQL WHENEVER SQLERROR goto ERR; 
    EXEC SQL COMMIT;

    START:

/*
** Set lockmode session timeout to 10 seconds and query the 
** qp335_tbl1 table. 
*/

   printf("\n");

   printf("\nSetting Lockmode Timeout 10\n");

   EXEC SQL SET LOCKMODE SESSION WHERE TIMEOUT=10;

/*
**  Query the qp335_tbl1 table 
*/

   printf("\n");

   printf("\nSELECT from qp335_tbl1 table\n");

   printf("\n");

   EXEC SQL SELECT 
                TRIM(lname) + ', ' + TRIM(fname) + ' ' + telephone
            INTO 
                :qp1 
            FROM 
                qp335_tbl1
            ORDER BY lname, fname, telephone;
   EXEC SQL BEGIN;
      printf("%s\n", qp1);
   EXEC SQL END;

/*
** Set lockmode session timeout to NOWAIT and UPDATE the 
** qp335_tbl3 table. 
*/

   printf("\n");

   printf("\nSetting Lockmode Timeout NOWAIT\n");


   EXEC SQL SET LOCKMODE SESSION WHERE TIMEOUT=NOWAIT;


/*
**  UPDATE all rows in the qp335_tbl3 table 
*/

   printf("\nUPDATE all rows in the qp335_tbl3 table\n");

   EXEC SQL UPDATE 
                qp335_tbl3
            SET 
                fname = 'Belinda'; 

/*
** Set lockmode session timeout to System and delete 
** from the qp335_tbl2 table. 
*/

   printf("\n");

   printf("\nSetting Lockmode Timeout SYSTEM\n");


   EXEC SQL SET LOCKMODE SESSION WHERE TIMEOUT=SYSTEM;


/*
**  Delete a row from the qp335_tbl2 table 
*/

   printf("\nDelete a row from the qp335_tbl2 table\n");

   EXEC SQL DELETE FROM 
                qp335_tbl2 
            WHERE 
                fname = 'Saddam'; 

  EXEC SQL COMMIT;

/*
** End of MQT
*/

      goto END;

/*
** ERROR ROUTINE
** Return an error message and roll back the MQT
*/

   ERR:
       EXEC SQL WHENEVER SQLERROR CALL SQLPRINT;

           if (sqlca.sqlcode != 0) 
              { 
               EXEC SQL inquire_sql (:err_msg=ERRORTEXT);
               printf("\n%s\n", err_msg);
               EXEC SQL ROLLBACK; 
   	       printf("\nLock Timeout - MQT Rolled back\n");
              }

   END:

/*
** Check the MQT completed successfully
*/

   printf("\nSELECT from qp335_tbl3 table to check update\n");

   printf("\n");

   EXEC SQL SELECT 
                TRIM(lname) + ', ' + TRIM(fname) + ' ' + telephone
            INTO 
                :qp3 
            FROM 
                qp335_tbl3 
            ORDER BY lname, fname, telephone;
   EXEC SQL BEGIN;
      printf("%s\n", qp3);
   EXEC SQL END;

   printf("\nSELECT from qp335_tbl2 table to check delete\n");

   printf("\n");

   EXEC SQL SELECT 
                TRIM(lname) + ', ' + TRIM(fname) + ' ' + telephone
            INTO 
                :qp2 
            FROM 
                qp335_tbl2 
            ORDER BY lname, fname, telephone;
   EXEC SQL BEGIN;
      printf("%s\n", qp2);
   EXEC SQL END;

/*  
**  Disconnect from Session 1.
*/

   printf("\nDisconnecting from Session 1\n");

   EXEC SQL disconnect session 1;

/*
**  END OF EXEC SQL Script. 
*/
}
!!

/*
** End of main C executable definition
*/

/* 
** Preprocess, Compile and Link EXEC SQL Script
*/

? sepesqlc qp335.sc 
<<
ESQL qp335.sc:
>>
? sepcc qp335 
<<
~
>>
? seplnk qp335 
<<
>>

/*
** Create and populate test tables
*/

? sql -s SEPPARAMDB
<<

>>
* drop table qp335_tbl1; \g
<<
~
>>
* drop table qp335_tbl2; \g
<<
~
>>
* drop table qp335_tbl3; \g
<<
~
>>
* \i setup.sql
<<
create table qp335_tbl1 (lname char(24), fname char(24), telephone char(14))
insert into qp335_tbl1 values ('Davis', 'Steven', '(516) 735-4647')
(1 row)
insert into qp335_tbl1 values ('Davidson', 'Mary', '(516) 735-8181')
(1 row)
insert into qp335_tbl1 values ('Davidson', 'John', '(516) 735-8181')
(1 row)
insert into qp335_tbl1 values ('Smith', 'William', '(631) 442-5242')
(1 row)
insert into qp335_tbl1 values ('Johnson', 'James', '(516) 675-6154')
(1 row)
insert into qp335_tbl1 values ('Walsh', 'Joan', '(516) 331-2365')
(1 row)
insert into qp335_tbl1 values ('Williams', 'Charles', '(212) 599-1001')
(1 row)
insert into qp335_tbl1 values ('Andrews', 'Alison', '(212) 664-3001')
(1 row)
create table qp335_tbl2 (lname char(24), fname char(24), telephone char(14))
insert into qp335_tbl2 values ('Bush', 'George', '(516) 735-4647')
(1 row)
insert into qp335_tbl2 values ('Blair', 'Tony', '(516) 735-8181')
(1 row)
insert into qp335_tbl2 values ('Hussain', 'Saddam', '(516) 735-8181')
(1 row)
create table qp335_tbl3 (lname char(24), fname char(24), telephone char(14))
insert into qp335_tbl3 values ('Nixon', 'Richard', '(516) 735-4647')
(1 row)
insert into qp335_tbl3 values ('Kennedy', 'John', '(516) 735-8181')
(1 row)
insert into qp335_tbl3 values ('Ford', 'Gerald', '(516) 735-8181')
(1 row)
>>
* \q
<<
~
>>

/*
** Run the EXEC SQL Script
*/

? run qp335.exe SEPPARAMDB 
<<
Connecting to Session 1


Setting Lockmode Timeout 10


SELECT from qp335_tbl1 table

Andrews, Alison (212) 664-3001
Davidson, John (516) 735-8181
Davidson, Mary (516) 735-8181
Davis, Steven (516) 735-4647
Johnson, James (516) 675-6154
Smith, William (631) 442-5242
Walsh, Joan (516) 331-2365
Williams, Charles (212) 599-1001


Setting Lockmode Timeout NOWAIT

UPDATE all rows in the qp335_tbl3 table


Setting Lockmode Timeout SYSTEM

Delete a row from the qp335_tbl2 table

SELECT from qp335_tbl3 table to check update

Ford, Belinda (516) 735-8181
Kennedy, Belinda (516) 735-8181
Nixon, Belinda (516) 735-4647

SELECT from qp335_tbl2 table to check delete

Blair, Tony (516) 735-8181
Bush, George (516) 735-4647

Disconnecting from Session 1
>>
? delete qp335.c 
<<
~
>>
? delete qp335.obj 
<<
~
>>
? delete qp335.o 
<<
~
>>
? delete qp335.exe 
<<
~
>>


Ending at: Wed Mar 22 17:31:02 2000
