/*
        Test Name    : qp342.sep
        Time         : Thu Jan 30 15:50:40 2003
        User Name    : testenv

        Test ID      : qp342
        Module       :
        Filename     : qp342.sep
        Purpose      : Testing Ingres 2.6 SP2 'Lock Timeout of NOWAIT' 
        Input Files  : none
        Output Files : none
        Database     : SEPPARAMDB
        Tables       : qp342_tbl1, qp342_tbl2 
        Synopsis     : Testing 'Lockmode Timeout NOWAIT' by locking a
                       resource in one session and then requesting the
                       same resource as part of a MQT (contained in a DB
                       procedure) in a second session. 
        Setup        :

        History:  27-Feb-2003 (sykga01)  Created.
	  14-Jun-2004   (sinra04) Replaced esqlc command with sepesqlc command
			to make tests when run on VMS use same canon as that
			of  Unix & Windows.

/*

/*
** Define the SQL script to create
** and populate the test tables (qp342_tbl1 and qp342_tbl2)
** and database procedure (qp342_proc)
*/

? fill setup.sql
!!
create table qp342_tbl1 (lname char(24), fname char(24), telephone char(14))\p\g
insert into qp342_tbl1 values ('Davis', 'Steven', '(516) 735-4647')\p\g
insert into qp342_tbl1 values ('Davidson', 'Mary', '(516) 735-8181')\p\g
insert into qp342_tbl1 values ('Davidson', 'John', '(516) 735-8181')\p\g
insert into qp342_tbl1 values ('Smith', 'William', '(631) 442-5242')\p\g
insert into qp342_tbl1 values ('Johnson', 'James', '(516) 675-6154')\p\g
insert into qp342_tbl1 values ('Walsh', 'Joan', '(516) 331-2365')\p\g
insert into qp342_tbl1 values ('Williams', 'Charles', '(212) 599-1001')\p\g
insert into qp342_tbl1 values ('Andrews', 'Alison', '(212) 664-3001')\p\g
create table qp342_tbl2 (lname char(24), fname char(24), telephone char(14))\p\g
insert into qp342_tbl2 values ('Bush', 'George', '(516) 735-4647')\p\g
insert into qp342_tbl2 values ('Blair', 'Tony', '(516) 735-8181')\p\g
insert into qp342_tbl2 values ('Hussain', 'Saddam', '(516) 735-8181')\p\g
create procedure qp342_proc as declare qp1 varchar(72);
begin
update qp342_tbl2 set fname='SESSION';
select trim(lname) + ', ' + trim(fname) + ' ' + telephone 
into :qp1 
from qp342_tbl1
order by lname, fname, telephone;
commit;
end\p\g
!!

/*
** Define the main C executable
*/ 

? fill qp342.sc 
!!
/*
** Standard C Runtime header file
*/
#include <stdio.h>
/*
**  SQLCA required by Ingres LIBQ runtime for Ingres error handling
*/
EXEC SQL INCLUDE sqlca;   

/*
**  Local variable: program syntax message 
*/
char  *syntax = "\nSyntax:  qp342.sep, dbname: qryprocdb\n";

/*
** The main() program
*/

main(int argc, char *argv[])
{
/*
**  Declare host language variables used in queries.
*/
   EXEC SQL BEGIN DECLARE SECTION;
        char   *dbname;
        char   qp2[72];
        char   err_msg[101];
   EXEC SQL END DECLARE SECTION;


/*
**  Checks that 2 arguments were specified on the command
**  line that launched the program (1 arg plus the program name).
**  If not enough args, then print a message and exit. 
*/
   if (argc < 2)
   {
      printf(syntax);
      exit(-1);
   }
/*
**  Set local variables: dbname is the database passed in at the 
**  command line.
*/
   dbname = argv[1];

/*
** Connect to Session 1
*/

   printf("\nConnecting to Session 1\n");

   EXEC SQL CONNECT :dbname session 1;

   printf("\n");


/*
**  Update and lock the qp342_tbl1 table;
*/

   printf("\nUpdating the qp342_tbl1 table in Session 1\n");

   EXEC SQL UPDATE 
                qp342_tbl1
            SET 
                fname='SESSION' 
            WHERE 
                lname='Davis'; 

/*
** Connect to Session 2
*/

   printf("\nConnecting to Session 2\n");

   EXEC SQL CONNECT :dbname session 2;


/*
**  Set the error handler to 
**  call an error routine but continue program execution. 
*/

    EXEC SQL WHENEVER NOT FOUND CONTINUE;

        EXEC SQL WHENEVER SQLWARNING CONTINUE;
        EXEC SQL WHENEVER SQLERROR goto ERR; 
    EXEC SQL COMMIT;

    START:

/*
** Set lockmode session timeout to NOWAIT and query the 
** 'locked' qp342_tbl1 table. 
*/

   printf("\n");

   printf("\nSetting Lockmode Timeout NOWAIT\n");

   EXEC SQL SET LOCKMODE SESSION WHERE TIMEOUT=NOWAIT;

/*
** Call a DB Procedure that will attempt to take locks on the
** the 'locked' qp342_tbl1 table
*/

   printf("\nCall DB procedure to query locked qp342_tbl1 table\n");

   EXEC SQL EXECUTE PROCEDURE qp342_proc; 


      goto END;

/*
** ERROR ROUTINE: 
** Return an error message and roll back the MQT
*/

   ERR:
       EXEC SQL WHENEVER SQLERROR CALL SQLPRINT;

           if (sqlca.sqlcode != 0) 
              { 
               EXEC SQL inquire_sql (:err_msg=ERRORTEXT);
               printf("\n%s\n", err_msg);
               EXEC SQL ROLLBACK; 
   	       printf("\nLock Timeout - MQT Rolled back\n");
              }

   END:

/*
** Check that the MQT initiated in the DB procedure has been 
** successfully rolled back.
*/
 
   printf("\nSELECT from qp342_tbl2 table to check ROLLBACK\n");

   printf("\n");

   EXEC SQL SELECT 
                fname 
            INTO 
                :qp2 
            FROM 
                qp342_tbl2 
            ORDER BY fname ASC;
   EXEC SQL BEGIN;
      printf("%s\n", qp2);
   EXEC SQL END;
/*
** Disconnect from Session 2
*/

   printf("\nDisconnecting from Session 2\n");

   EXEC SQL DISCONNECT session 2;

/*  
**  Disconnect from Session 1.
*/

   printf("\nDisconnecting from Session 1\n");

   EXEC SQL disconnect session 1;

/*
**  END OF EXEC SQL Script. 
*/
}
!!

/*
** End of main C executable definition
*/ 

/* 
** Preprocess, Compile and Link EXEC SQL Script
*/

? sepesqlc qp342.sc 
<<
ESQL qp342.sc:
>>
? sepcc qp342 
<<
~
>>
? seplnk qp342 
<<
>>

/*
** Create and populate test tables and DB procedure
*/

? sql -s SEPPARAMDB
<<

>>
* drop table qp342_tbl1; \g
<<
~
>>
* drop table qp342_tbl2; \g
<<
~
>>
* drop procedure qp342_proc; \g
<<
~
>>
* \i setup.sql
<<
create table qp342_tbl1 (lname char(24), fname char(24), telephone char(14))
insert into qp342_tbl1 values ('Davis', 'Steven', '(516) 735-4647')
(1 row)
insert into qp342_tbl1 values ('Davidson', 'Mary', '(516) 735-8181')
(1 row)
insert into qp342_tbl1 values ('Davidson', 'John', '(516) 735-8181')
(1 row)
insert into qp342_tbl1 values ('Smith', 'William', '(631) 442-5242')
(1 row)
insert into qp342_tbl1 values ('Johnson', 'James', '(516) 675-6154')
(1 row)
insert into qp342_tbl1 values ('Walsh', 'Joan', '(516) 331-2365')
(1 row)
insert into qp342_tbl1 values ('Williams', 'Charles', '(212) 599-1001')
(1 row)
insert into qp342_tbl1 values ('Andrews', 'Alison', '(212) 664-3001')
(1 row)
create table qp342_tbl2 (lname char(24), fname char(24), telephone char(14))
insert into qp342_tbl2 values ('Bush', 'George', '(516) 735-4647')
(1 row)
insert into qp342_tbl2 values ('Blair', 'Tony', '(516) 735-8181')
(1 row)
insert into qp342_tbl2 values ('Hussain', 'Saddam', '(516) 735-8181')
(1 row)
create procedure qp342_proc as declare qp1 varchar(72);
begin
update qp342_tbl2 set fname='SESSION';
select trim(lname) + ', ' + trim(fname) + ' ' + telephone
into :qp1
from qp342_tbl1
order by lname, fname, telephone;
commit;
end
>>
* \q
<<
~
>>

/*
** Run the EXEC SQL Script and compare results with the canon
*/

? run qp342.exe SEPPARAMDB 
<<
Connecting to Session 1


Updating the qp342_tbl1 table in Session 1

Connecting to Session 2


Setting Lockmode Timeout NOWAIT

Call DB procedure to query locked qp342_tbl1 table

E_US125E Timeout occurred on lock request (see SET LOCKMODE command).
    (Fri Mar 14 14:38:25 2003)

Lock Timeout - MQT Rolled back

SELECT from qp342_tbl2 table to check ROLLBACK

George
Saddam
Tony

Disconnecting from Session 2

Disconnecting from Session 1
>>
? delete qp342.c 
<<
~
>>
? delete qp342.obj 
<<
~
>>
? delete qp342.o 
<<
~
>>
? delete qp342.exe 
<<
~
>>


Ending at: Wed Mar 22 17:31:02 2000
