/*
        Test Name    : qp341.sep
        Time         : Thu Jan 30 15:50:40 2003
        User Name    : testenv

        Test ID      : qp341
        Module       :
        Filename     : qp341.sep
        Purpose      : Testing Ingres 2.6 SP2 'Lock Timeout of NOWAIT' 
        Input Files  : none
        Output Files : none
        Database     : SEPPARAMDB
        Tables       : qp341_tbl1, qp341_tbl2 
        Synopsis     : Test that 
                       'SET LOCKMODE ON <table> ... TIMEOUT=NOWAIT ' 
                       has no adverse effect when locks are taken on 
                       the same unlocked table within an MQT.
                       Set Trace Point DM35
        Setup        :

        History:  27-Feb-2003 (sykga01)  Created.
	  14-Jun-2004   (sinra04) Replaced esqlc command with sepesqlc command
			to make tests when run on VMS use same canon as that
			of  Unix & Windows.

*/

/*
** Define the SQL script to create
** and populate the test tables, view and index 
*/

? fill setup.sql
!!
create table qp341_tbl1 (lname char(24), fname char(24), telephone char(14))\p\g
insert into qp341_tbl1 values ('Davis', 'Steven', '(516) 735-4647')\p\g
insert into qp341_tbl1 values ('Davidson', 'Mary', '(516) 735-8181')\p\g
insert into qp341_tbl1 values ('Davidson', 'John', '(516) 735-8181')\p\g
insert into qp341_tbl1 values ('Smith', 'William', '(631) 442-5242')\p\g
insert into qp341_tbl1 values ('Johnson', 'James', '(516) 675-6154')\p\g
insert into qp341_tbl1 values ('Walsh', 'Joan', '(516) 331-2365')\p\g
insert into qp341_tbl1 values ('Williams', 'Charles', '(212) 599-1001')\p\g
insert into qp341_tbl1 values ('Andrews', 'Alison', '(212) 664-3001')\p\g
create table qp341_tbl2 (lname char(24), fname char(24), telephone char(14))\p\g
insert into qp341_tbl2 values ('Bush', 'George', '(516) 735-4647')\p\g
insert into qp341_tbl2 values ('Blair', 'Tony', '(516) 735-8181')\p\g
insert into qp341_tbl2 values ('Hussain', 'Saddam', '(516) 735-8181')\p\g
create view qp341_vw as SELECT * FROM qp341_tbl2 WHERE lname LIKE 'B%'\p\g
create index qp341_idx on qp341_tbl2 (lname)\p\g
!!

/*
** Define the main C executable
*/ 

? fill qp341.sc 
!!
/*
** Standard C Runtime header file
*/
#include <stdio.h>
/*
**  SQLCA required by Ingres LIBQ runtime for Ingres error handling
*/
EXEC SQL INCLUDE sqlca;   

/*
**  Local variable: program syntax message 
*/
char  *syntax = "\nSyntax: qp341.sep, dbname: qryprocdb\n";

/*
** The main() program
*/

main(int argc, char *argv[])
{
/*
**  Declare host language variables used in queries.
*/
   EXEC SQL BEGIN DECLARE SECTION;
        char   *dbname;
        char   qp1[72];
        char   emp[72];
        char   idx[72];
        char   vw[72];
        char   err_msg[101];
   EXEC SQL END DECLARE SECTION;


/*
**  Checks that 2 arguments were specified on the command
**  line that launched the program (1 arg plus the program name).
**  If not enough args, then print a message and exit. 
*/
   if (argc < 2)
   {
      printf(syntax);
      exit(-1);
   }
/*
**  Set local variables: dbname is the database passed in at the 
**  command line.
*/
   dbname = argv[1];


/*
** Connect to Session 1
*/

   printf("\nConnecting to Session 1\n");

   EXEC SQL CONNECT :dbname session 1;

/*
** Set Trace Point DM35
*/

   EXEC SQL SET TRACE POINT DM35;

/*
**  Set the error handler to 
**  call an error routine but continue program execution. 
*/

    EXEC SQL WHENEVER NOT FOUND CONTINUE;

        EXEC SQL WHENEVER SQLWARNING CONTINUE;
        EXEC SQL WHENEVER SQLERROR goto ERR; 
    EXEC SQL COMMIT;

    START:

/*
** Set lockmode TIMEOUT=NOWAIT on qp341_tbl1 and qp341_tbl2 tables 
*/

   printf("\n");

   printf("\nSet Lockmode TIMEOUT=NOWAIT on qp341_tbl1 and qp341_tbl2\n");

   EXEC SQL SET LOCKMODE ON qp341_tbl1 WHERE TIMEOUT=NOWAIT;
   EXEC SQL SET LOCKMODE ON qp341_tbl2  WHERE TIMEOUT=NOWAIT;

/*
**  START OF MQT
**  INSERT row in the qp341_tbl2 table 
**  This will update the qp341_vw VIEW and qp341_idx INDEX
*/

   printf("\nINSERT row in the qp341_tbl2 table\n");

   EXEC SQL INSERT INTO 
                qp341_tbl2 
                (
                lname,
                fname,
                telephone
                )
            VALUES
                ('Benn',
                 'Tony',
                 '999999999'
                );


/*
**  Query the qp341_tbl1 table 
*/

   printf("\n");

   printf("\nSELECT from qp341_tbl1 table\n");

   printf("\n");

   EXEC SQL SELECT 
                TRIM(lname) + ', ' + TRIM(fname) + ' ' + telephone
            INTO 
                :qp1
            FROM 
                qp341_tbl1
            ORDER BY lname, fname, telephone;  
   EXEC SQL BEGIN;
      printf("%s\n", qp1);
   EXEC SQL END;


  EXEC SQL COMMIT;

/*
** END OF MQT
*/

      goto END;

/*
**  ERROR ROUTINE
**  Return an error message and roll back the MQT
*/

   ERR:
       EXEC SQL WHENEVER SQLERROR CALL SQLPRINT;

           if (sqlca.sqlcode != 0) 
              { 
               EXEC SQL inquire_sql (:err_msg=ERRORTEXT);
               printf("\n%s\n", err_msg);
               EXEC SQL ROLLBACK; 
   	       printf("\nLock Timeout - MQT Rolled back\n");
              }

   END:

/*
** Check the qp341_tbl2 TABLE has been appended as per MQT
*/

   printf("\nSELECT from qp341_tbl2 table\n");

   printf("\n");

   EXEC SQL SELECT 
                TRIM(lname) + ', ' + TRIM(fname) + ' ' + telephone
            INTO 
                :emp 
            FROM 
                qp341_tbl2 
            ORDER BY lname, fname, telephone;  
   EXEC SQL BEGIN;
      printf("%s\n", emp);
   EXEC SQL END;

/*
** Check the qp341_tbl2 VIEW has been updated as per MQT
*/

   printf("\nSELECT from qp341_vw VIEW\n");

   printf("\n");

   EXEC SQL SELECT
                TRIM(lname) + ', ' + TRIM(fname) + ' ' + telephone
            INTO 
                :vw 
            FROM 
                qp341_vw 
            ORDER BY lname, fname, telephone;  
   EXEC SQL BEGIN;
      printf("%s\n", vw);
   EXEC SQL END;

/*
** Check the qp341_tbl2 INDEX has been updated as per MQT
*/

   printf("\nSELECT from qp341_idx INDEX\n");

   printf("\n");

   EXEC SQL SELECT 
                TRIM(lname) + ', ' + TRIM(CHAR(tidp))
            INTO 
                :idx 
            FROM 
                qp341_idx 
            ORDER BY lname, tidp;  
   EXEC SQL BEGIN;
      printf("%s\n", idx);
   EXEC SQL END;

/*  
**  Disconnect from Session 1.
*/

   printf("\nDisconnecting from Session 1\n");

   EXEC SQL disconnect session 1;

/*
**  END OF EXEC SQL Script. 
*/
}
!!

/*
** End of main C executable definition
*/

/* 
** Preprocess, Compile and Link EXEC SQL Script
*/

? sepesqlc qp341.sc 
<<
ESQL qp341.sc:
>>
? sepcc qp341 
<<
~
>>
? seplnk qp341 
<<
>>

/*
** Create and populate qp341_tbl1 table
*/

? sql -s SEPPARAMDB
<<

>>
* drop table qp341_tbl1; \g
<<
~
>>
* drop table qp341_tbl2; \g
<<
~
>>
* \i setup.sql
<<
create table qp341_tbl1 (lname char(24), fname char(24), telephone char(14))
insert into qp341_tbl1 values ('Davis', 'Steven', '(516) 735-4647')
(1 row)
insert into qp341_tbl1 values ('Davidson', 'Mary', '(516) 735-8181')
(1 row)
insert into qp341_tbl1 values ('Davidson', 'John', '(516) 735-8181')
(1 row)
insert into qp341_tbl1 values ('Smith', 'William', '(631) 442-5242')
(1 row)
insert into qp341_tbl1 values ('Johnson', 'James', '(516) 675-6154')
(1 row)
insert into qp341_tbl1 values ('Walsh', 'Joan', '(516) 331-2365')
(1 row)
insert into qp341_tbl1 values ('Williams', 'Charles', '(212) 599-1001')
(1 row)
insert into qp341_tbl1 values ('Andrews', 'Alison', '(212) 664-3001')
(1 row)
create table qp341_tbl2 (lname char(24), fname char(24), telephone char(14))
insert into qp341_tbl2 values ('Bush', 'George', '(516) 735-4647')
(1 row)
insert into qp341_tbl2 values ('Blair', 'Tony', '(516) 735-8181')
(1 row)
insert into qp341_tbl2 values ('Hussain', 'Saddam', '(516) 735-8181')
(1 row)
create view qp341_vw as SELECT * FROM qp341_tbl2 WHERE lname LIKE 'B%'
create index qp341_idx on qp341_tbl2 (lname)
(3 rows)
>>
* \q
<<
~
>>

/*
** Run the EXEC SQL Script
*/

? run qp341.exe SEPPARAMDB 
<<
Connecting to Session 1


Set Lockmode TIMEOUT=NOWAIT on qp341_tbl1 and qp341_tbl2

INSERT row in the qp341_tbl2 table


SELECT from qp341_tbl1 table

Andrews, Alison (212) 664-3001
Davidson, John (516) 735-8181
Davidson, Mary (516) 735-8181
Davis, Steven (516) 735-4647
Johnson, James (516) 675-6154
Smith, William (631) 442-5242
Walsh, Joan (516) 331-2365
Williams, Charles (212) 599-1001

SELECT from qp341_tbl2 table

Benn, Tony 999999999
Blair, Tony (516) 735-8181
Bush, George (516) 735-4647
Hussain, Saddam (516) 735-8181

SELECT from qp341_vw VIEW

Benn, Tony 999999999
Blair, Tony (516) 735-8181
Bush, George (516) 735-4647

SELECT from qp341_idx INDEX

Benn, 3
Blair, 1
Bush, 0
Hussain, 2

Disconnecting from Session 1
>>
? delete qp341.c 
<<
~
>>
? delete qp341.obj 
<<
~
>>
? delete qp341.o 
<<
~
>>
? delete qp341.exe 
<<
~
>>


Ending at: Wed Mar 22 17:31:02 2000
