/*
Copyright (c) 2004 Ingres Corporation


	Test Name: utl27.sep
	Time: Fri Apr  6 15:48:22 2001
	User Name: testenv
	Terminal type: septerm
 
	Test ID : utl27.sep 
	Module  : be/util 
	Filename: utl27.sep
	Purpose	: To test the new copydb flags first available with Ingres
                  II 2.6/0106 and later releases.
	Input Files  : all.in
	Output Files : all.out
	Database     : utildb3, utildb4
	Tables       : util_copydb_table, util_alongtablenameforingres,
                       util_alongtablename
	Synopsis     : The first two things this test is to verify the copydb
                       utility help command. Followed by copying everything from
                       database utildb3 to another database, utildb4. From
                       database utildb4, verify that everything has been copied
                       over with select and help queries. 

 History:  6-Apr-2001	(wu$ca01)	Created
           9-Aug-2001	(wu$ca01) Recanonize-usage message changed, new
                        -parallel flag. Clarified the Purpose text.
          19-Sep-2001	(vande02) Add new canons for usage message as the flag
			-no_persit has been added.  Test case for -no_persist
			will be added later.
          14-Nov-2001	(wu$ca01) Recanonize copydb usage message.
          17-Jun-2002	(hanje04) Recanonize copydb output.
          06-Aug-2002	(wu$ca01) Recanonize-copydb usage message changed.
          22-Jun-2004	(wu$ca01) Recanonize copydb usage message, new
                        -journal flag. Remove help indexes and replace with
                        select indexes.
          29-Oct-2004	(vande02) Adding NT_GENERIC canons until Linux Ingres r3
			has the fix which corrects the usage message to copydb
			(-with_sequences was added).  See issue 13691586.
          06-Dec-2004	(vande02) Copydb -help issue 13691586 is fixed on all
			r3 bl108 platforms and only one main canon is needed.
          14-Mar-2005	(vande02) Updated copydb -help canons with new flag
			[-online] added as of r3.0.2.
	  13-July-2005  (boija02) Added new no-seq flag to copydb usage messages
          30-Jan-2006	(boija02) Updated copyright info for Ingres Corp.
	  07-Mar-2006 	(boija02) Added vms canons for copydb usage messages
          31-Oct-2006	(vande02) Update canon from help procedure which now
			includes a format with line numbers. Removed SQL
			print syntax.
          14-Nov-2006   (kiria01) b116944/b117102 Added nodependency_check to
                        copydb interface.
          19-Mar-2008   (hanal04) SIR 101117 Add -group_tab_idx flag to
                                  copydb.
           3-Dec-2008   (hanal04) SIR 116958 Add -no_rep flag to copydb.
*/
? copydb -help 
<<
INGRES COPYDB Copyright 2004 Ingres Corporation
E_UG0014 -help:  Bad argument.

E_UG0011 Correct syntax:
    copydb [-param_file=filename] | [ dbname [-c] [-row_labels] [-uusername]
    [-Ggroupid] [-group_tab_idx] [-parallel] [-journal] [-P] 
    [-source=dirname] [-dest=dirname] [-ddirname] [-with_tables] 
    [-with_modify] [-nodependency_check] [-with_data] [-all] [-order_ccm] 
    [-with_index] [-with_constr] [-with_views] [-with_synonyms] 
    [-with_events] [-with_proc] [-with_reg] [-with_rules] [-with_alarms] 
    [-with_comments] [-with_roles] [-with_sequences] [-no_seq] [-add_drop] 
    [-infile=filename] [-outfile=filename] [-with_permits] [-relpath] 
    [-no_loc] [-no_perm] [-noint] [-no_persist] [-no_repmod] [-no_rep] 
    [-online] {tablename|viewname}]

>>
<< if (VMS)
INGRES COPYDB Copyright 2004 Computer Associates Intl, Inc.
E_UG0014 -help:  Bad argument.

E_UG0011 Correct syntax:
    copydb [-param_file=file] dbname [-c] [-row_labels] [-uuser] [-Ggroupid]
    [-group_tab_idx] [-parallel[ [-P] [-source=dir] [-dest=dir] [-ddirectory] [-order_ccm]
    {table|view} ... See Command Reference for additional parameters
>>
? copydb utildb3 -u 
<<
INGRES COPYDB Copyright 2004 Ingres Corporation
E_UG0012 -u:  Expects value.

E_UG0011 Correct syntax:
    copydb [-param_file=filename] | [ dbname [-c] [-row_labels] [-uusername]
    [-Ggroupid ] [-group_tab_idx] [-parallel] [-journal] [-P]
    [-source=dirname] [-dest=dirname] [-ddirname] [-with_tables]
    [-with_modify] [-nodependency_check] [-with_data] [-all] [-order_ccm]
    [-with_index] [-with_constr] [-with_views] [-with_synonyms]
    [-with_events] [-with_proc] [-with_reg] [-with_rules] [-with_alarms]
    [-with_comments] [-with_roles] [-with_sequences] [-no_seq] [-add_drop]
    [-infile=filename] [-outfile=filename] [-with_permits] [-relpath]
    [-no_loc] [-no_perm] [-noint] [-no_persist] [-no_repmod] [-no_rep]
    [-online] {tablename|viewname}]

>>
<< if (VMS)
INGRES COPYDB Copyright 2004 Computer Associates Intl, Inc.
E_UG0012 -u:  Expects value.

E_UG0011 Correct syntax:
    copydb [-param_file=file] dbname [-c] [-row_labels] [-uuser] [-Ggroupid]
    [-group_tab_idx] [-parallel[ [-P] [-source=dir] [-dest=dir] [-ddirectory] [-order_ccm]
    {table|view} ... See Command Reference for additional parameters
>>
? copydb -add_drop -all -order_ccm -no_loc -infile=all.in -outfile=all.out -noint util-
db3 
<<
~
>>
? sql -s SEPPARAMDB3 
<<

>>
* \i all.out 
<<
~
>>
* \q 
<<
~
>>
? sql -s SEPPARAMDB4 
<<

>>
* \i all.in 
<<
~
>>
* select * from util_copydb_table order by name\g 
<<

+----------+------+---------------+------------------------------+-------------+-----
---------------------+------+----+----------+-----------+-----------+------+------+--
-------------------------------+--------------------------------+--------------------
-+----------------+--------+--------------------------------+
|name      |state |city           |address                       |zip          |dob -
                     |gender|age |status    |id         |height     |weight|class |i-
ndustry                        |title                           |salary             -
 |code            |tablekey|type                            |
+----------+------+---------------+------------------------------+-------------+-----
---------------------+------+----+----------+-----------+-----------+------+------+--
-------------------------------+--------------------------------+--------------------
-+----------------+--------+--------------------------------+
|bebe      |IL    |chicago        |111 michigan avenue           |        60611|11-j-
an-1971              |f     |  30|single    |    109.000|    160.600|   120|   111|b-
usiness                        |accountant                      |           $32000.0-
0|kkkkkkkkkkkkkkkk|12345678|abcdefghijklmnopqrstuvwxyz      |
|bill      |IL    |rockford       |4218 newburg                  |        61108|13-m-
ar-1955              |m     |  46|married   |     99.000|    180.000|   203|    56|b-
usiness                        |manager                         |           $70000.0-
0|kkkkkkkkkkkkkkkk|12345678|xyz99999999988888888666666      |
|christian |IL    |batavia        |555 randall road              |        60510|14-a-
pr-1979              |m     |  22|single    |     12.000|    175.000|   160|    11|b-
usiness                        |intern                          |           $18000.0-
0|kkkkkkkkkkkkkkkk|12345678|w000-12689-#####^et=******      |
|darien    |IL    |joliet         |3802 plainfield               |        60435|25-m-
ay-1975              |m     |  26|single    |     39.000|    180.000|   170|    70|b-
usiness                        |technical support               |           $45000.0-
0|kkkkkkkkkkkkkkkk|12345678|yr<2001>@!#$%^&*()_+={}[]?      |
|faith     |IL    |elgin          |251 grove avenue              |        60120|06-j-
un-1939              |f     |  62|married   |    222.000|    160.000|   150|    33|b-
usiness                        |senior manager                  |          $110000.0-
0|kkkkkkkkkkkkkkkk|12345678|$1234567890.00,^%%%%%%%%%%      |
|jack      |IL    |chicago        |2500 s state                  |        60616|05-n-
ov-1973              |m     |  28|single    |    570.000|    169.000|   140|    27|b-
usiness                        |sale representative             |           $55000.0-
0|kkkkkkkkkkkkkkkk|12345678|testing 4 blob datatypes        |
|katie     |IL    |springfield    |2944 dirksen parkway          |        62703|12-f-
eb-1960              |f     |  41|divorced  |    120.000|    165.000|   122|    99|b-
usiness                        |consultant                      |           $40000.0-
0|kkkkkkkkkkkkkkkk|12345678|abc1234567890efghijklmnopq      |
|mary      |IL    |zion           |3399 sheridan road            |        60099|10-j-
ul-1956              |f     |  45|divorced  |    317.000|    155.000|   180|   100|b-
usiness                        |developer                       |           $35000.0-
0|kkkkkkkkkkkkkkkk|12345678|po:4xxx8qrstuvwxyz920123456     |
|nick      |IL    |peoria         |2600 westlake                 |        61615|18-a-
ug-1970              |m     |  31|married   |    344.000|    180.000|   175|    32|b-
usiness                        |financial consultant            |           $31000.0-
0|kkkkkkkkkkkkkkkk|12345678|a0b9c8d7e6f5g4h3i2j1k10l11m     |
|steven    |IL    |decatur        |500 east fitzgerald           |        62521|25-d-
ec-1950              |m     |  51|married   |    129.000|    176.000|   165|    25|b-
usiness                        |manager                         |           $60000.0-
0|kkkkkkkkkkkkkkkk|12345678|pleezzzzzz:P:):(:q^_^%*Q*!      |
+----------+------+---------------+------------------------------+-------------+-----
---------------------+------+----+----------+-----------+-----------+------+------+--
-------------------------------+--------------------------------+--------------------
-+----------------+--------+--------------------------------+
(10 rows)
>>
* select * from util_alongtablenameforingres order by name\g 
<<
 
+----------+-------------------------+-------------+
|name      |hire_date                |years        |
+----------+-------------------------+-------------+
|bebe      |20-mar-1995              |            6|
|bill      |21-feb-1989              |           12|
|christian |25-aug-2000              |            1|
|darien    |20-nov-1999              |            2|
|faith     |15-sep-1980              |           21|
|jack      |11-mar-1998              |            3|
|katie     |01-jan-1990              |           11|
|mary      |01-jan-1991              |           10|
|nick      |01-oct-1997              |            4|
|steven    |01-jan-1988              |           13|
+----------+-------------------------+-------------+
(10 rows)
>>
* select * from util_alongtablename order by data\g 
<<
 
+----------+-------------+
|data      |id           |
+----------+-------------+
|aaaa      |            4|
|dddddddd  |            8|
|x         |            1|
|zz        |            2|
+----------+-------------+
(4 rows)
>>
* select * from util_view1 order by name\g 
<<
 
+----------+--------------------+-------------------------+
|name      |salary              |hire_date                |
+----------+--------------------+-------------------------+
|bebe      |           $32000.00|20-mar-1995              |
|bill      |           $70000.00|21-feb-1989              |
|christian |           $18000.00|25-aug-2000              |
|darien    |           $45000.00|20-nov-1999              |
|faith     |          $110000.00|15-sep-1980              |
|jack      |           $55000.00|11-mar-1998              |
|katie     |           $40000.00|01-jan-1990              |
|mary      |           $35000.00|01-jan-1991              |
|nick      |           $31000.00|01-oct-1997              |
|steven    |           $60000.00|01-jan-1988              |
+----------+--------------------+-------------------------+
(10 rows)
>>
* select * from util_maintable order by name\g 
<<
 
+----------+------+---------------+------------------------------+-------------+-----
---------------------+------+----+----------+-----------+-----------+------+------+--
-------------------------------+--------------------------------+--------------------
-+----------------+--------+--------------------------------+
|name      |state |city           |address                       |zip          |dob -
                     |gender|age |status    |id         |height     |weight|class |i-
ndustry                        |title                           |salary             -
 |code            |tablekey|type                            |
+----------+------+---------------+------------------------------+-------------+-----
---------------------+------+----+----------+-----------+-----------+------+------+--
-------------------------------+--------------------------------+--------------------
-+----------------+--------+--------------------------------+
|bebe      |IL    |chicago        |111 michigan avenue           |        60611|11-j-
an-1971              |f     |  30|single    |    109.000|    160.600|   120|   111|b-
usiness                        |accountant                      |           $32000.0-
0|kkkkkkkkkkkkkkkk|12345678|abcdefghijklmnopqrstuvwxyz      |
|bill      |IL    |rockford       |4218 newburg                  |        61108|13-m-
ar-1955              |m     |  46|married   |     99.000|    180.000|   203|    56|b-
usiness                        |manager                         |           $70000.0-
0|kkkkkkkkkkkkkkkk|12345678|xyz99999999988888888666666      |
|christian |IL    |batavia        |555 randall road              |        60510|14-a-
pr-1979              |m     |  22|single    |     12.000|    175.000|   160|    11|b-
usiness                        |intern                          |           $18000.0-
0|kkkkkkkkkkkkkkkk|12345678|w000-12689-#####^et=******      |
|darien    |IL    |joliet         |3802 plainfield               |        60435|25-m-
ay-1975              |m     |  26|single    |     39.000|    180.000|   170|    70|b-
usiness                        |technical support               |           $45000.0-
0|kkkkkkkkkkkkkkkk|12345678|yr<2001>@!#$%^&*()_+={}[]?      |
|faith     |IL    |elgin          |251 grove avenue              |        60120|06-j-
un-1939              |f     |  62|married   |    222.000|    160.000|   150|    33|b-
usiness                        |senior manager                  |          $110000.0-
0|kkkkkkkkkkkkkkkk|12345678|$1234567890.00,^%%%%%%%%%%      |
|jack      |IL    |chicago        |2500 s state                  |        60616|05-n-
ov-1973              |m     |  28|single    |    570.000|    169.000|   140|    27|b-
usiness                        |sale representative             |           $55000.0-
0|kkkkkkkkkkkkkkkk|12345678|testing 4 blob datatypes        |
|katie     |IL    |springfield    |2944 dirksen parkway          |        62703|12-f-
eb-1960              |f     |  41|divorced  |    120.000|    165.000|   122|    99|b-
usiness                        |consultant                      |           $40000.0-
0|kkkkkkkkkkkkkkkk|12345678|abc1234567890efghijklmnopq      |
|mary      |IL    |zion           |3399 sheridan road            |        60099|10-j-
ul-1956              |f     |  45|divorced  |    317.000|    155.000|   180|   100|b-
usiness                        |developer                       |           $35000.0-
0|kkkkkkkkkkkkkkkk|12345678|po:4xxx8qrstuvwxyz920123456     |
|nick      |IL    |peoria         |2600 westlake                 |        61615|18-a-
ug-1970              |m     |  31|married   |    344.000|    180.000|   175|    32|b-
usiness                        |financial consultant            |           $31000.0-
0|kkkkkkkkkkkkkkkk|12345678|a0b9c8d7e6f5g4h3i2j1k10l11m     |
|steven    |IL    |decatur        |500 east fitzgerald           |        62521|25-d-
ec-1950              |m     |  51|married   |    129.000|    176.000|   165|    25|b-
usiness                        |manager                         |           $60000.0-
0|kkkkkkkkkkkkkkkk|12345678|pleezzzzzz:P:):(:q^_^%*Q*!      |
+----------+------+---------------+------------------------------+-------------+-----
---------------------+------+----+----------+-----------+-----------+------+------+--
-------------------------------+--------------------------------+--------------------
-+----------------+--------+--------------------------------+
(10 rows)
>>
* select * from util_shortname order by name\g 
<<
 
+----------+-------------------------+-------------+
|name      |hire_date                |years        |
+----------+-------------------------+-------------+
|bebe      |20-mar-1995              |            6|
|bill      |21-feb-1989              |           12|
|christian |25-aug-2000              |            1|
|darien    |20-nov-1999              |            2|
|faith     |15-sep-1980              |           21|
|jack      |11-mar-1998              |            3|
|katie     |01-jan-1990              |           11|
|mary      |01-jan-1991              |           10|
|nick      |01-oct-1997              |            4|
|steven    |01-jan-1988              |           13|
+----------+-------------------------+-------------+
(10 rows)
>>
* select name from util_idx1 order by name \g
<<

+----------+
|name      |
+----------+
|bebe      |
|bill      |
|christian |
|darien    |
|faith     |
|jack      |
|katie     |
|mary      |
|nick      |
|steven    |
+----------+
(10 rows)
>>
* select address from util_idx2 order by address \g
<<

+------------------------------+
|address                       |
+------------------------------+
|111 michigan avenue           |
|2500 s state                  |
|251 grove avenue              |
|2600 westlake                 |
|2944 dirksen parkway          |
|3399 sheridan road            |
|3802 plainfield               |
|4218 newburg                  |
|500 east fitzgerald           |
|555 randall road              |
+------------------------------+
(10 rows)
>>
* select dob from util_idx3 order by dob \g
<<

+-------------------------+
|dob                      |
+-------------------------+
|06-jun-1939              |
|25-dec-1950              |
|13-mar-1955              |
|10-jul-1956              |
|12-feb-1960              |
|18-aug-1970              |
|11-jan-1971              |
|05-nov-1973              |
|25-may-1975              |
|14-apr-1979              |
+-------------------------+
(10 rows)
>>
* help procedure util_proc1\g 
<<
Procedure:            util_proc1
Owner:                testenv
Procedure Type:       native
Object type:          user object
Created:              31-oct-2006 13:49:20     

Procedure Definition:
/*    1 */ create procedure  util_proc1(data char(10) not null, id int
not null) as begin update "testenv". util_alongtablename set id=:id   
where data= :data;                                                    
/*    2 */ end                                                        



>>
* help rule util_rule1\g 
<<
 
Rule:                 util_rule1
Procedure Type:       user object
Owner:                testenv
Table:                util_alongtablename

Rule Definition:
create rule  util_rule1 after insert into util_alongtablename where   
old.id<0 execute procedure "testenv". util_proc1(data=old.data, id=0) 



>>
* help security_alarm on table util_alongtablename\g 
<<
 
Security alarms on util_alongtablename are:


Security alarm 1:
create security_alarm "util_alarm1" on table util_alongtablename  if  
success when update by public                                         



>>
* \q 
<<
~
>>


Ending at: Tue Oct 31 13:41:49 2006
