/*
	Test Name: utl28.sep
	Time: Fri Apr  6 16:50:40 2001
	User Name: testenv
	Terminal type: septerm
 
	Test ID : utl28.sep 
	Module  : be/util
	Filename: utl28.sep
	Purpose	: To test the new copydb utility first available with Ingres
                  II 2.6/0106 and later releases.
	Input Files  : create.in
	Output Files : create.out
	Database     : utildb3, utildb4
	Tables       : util_copydb_table, util_alongtablenameforingres,
                       util_alongtablename
	Synopsis     : This test is to copy the database utildb3 with the drop
                       statements before any create statements in case the
                       tables, views, and synonyms already exist. It is
                       copying the tables (total of three tables, including two
                       table names with the same first eight characters), and
                       the views and synonyms without the machine specific path
                       (option -relpath).  And this will be copy into files
                       called create.in and create.out by using the options
                       (-infile and -outfile), instead of the usual copy.in and
                       copy.out file names. The contents of both create.in and
                       create.out files should be in alphabetical order by the
                       table name. Then all these will be created in another
                       database, utildb4.

 History:  6-Apr-2001	(wu$ca01)	Created
           9-Aug-2001	(wu$ca01) Added commands to cleanup temporary test 
                        files at the end. Clarified the Purpose text.
*/
? fill utl28_drop.sql
!!
drop table util_copydb_table\p\g
drop table util_alongtablenameforingres\p\g
drop table util_alongtablename\p\g
drop index idx1\p\g
drop index idx2\p\g
drop index idx3\p\g
drop view myview;\p\g
drop dbevent event1\p\g
drop synonym maintable\p\g
drop synonym shortname\p\g
drop procedure newproc1\p\g
drop rule rule1\p\g
drop security_alarm on util_copydb_table alarm1\p\g
alter table util_alongtablename drop constraint const1 restrict\p\g
alter table util_alongtablename drop constraint const2 restrict\p\g
!!
? copydb -add_drop -with_tables -with_data -with_views -with_synonyms -relpath -infile-
=create.in -outfile=create.out -noint utildb3 
<<
~
>>
? sql -s SEPPARAMDB3 
<<

>>
* \i create.out 
<<
~
>>
* \q 
<<

>>
? sql -s SEPPARAMDB4 
<<

>>
* \i utl28_drop.sql
<<
~
>>
* \i create.in 
<<
~
>>
* select * from util_copydb_table order by name\p\g 
<<
select * from util_copydb_table order by name

+----------+------+---------------+------------------------------+-------------+-----
---------------------+------+----+----------+-----------+-----------+------+------+--
-------------------------------+--------------------------------+--------------------
-+----------------+--------+--------------------------------+
|name      |state |city           |address                       |zip          |dob -
                     |gender|age |status    |id         |height     |weight|class |i-
ndustry                        |title                           |salary             -
 |code            |tablekey|type                            |
+----------+------+---------------+------------------------------+-------------+-----
---------------------+------+----+----------+-----------+-----------+------+------+--
-------------------------------+--------------------------------+--------------------
-+----------------+--------+--------------------------------+
|bebe      |IL    |chicago        |111 michigan avenue           |        60611|11-j-
an-1971              |f     |  30|single    |    109.000|    160.600|   120|   111|b-
usiness                        |accountant                      |           $32000.0-
0|kkkkkkkkkkkkkkkk|12345678|abcdefghijklmnopqrstuvwxyz      |
|bill      |IL    |rockford       |4218 newburg                  |        61108|13-m-
ar-1955              |m     |  46|married   |     99.000|    180.000|   203|    56|b-
usiness                        |manager                         |           $70000.0-
0|kkkkkkkkkkkkkkkk|12345678|xyz99999999988888888666666      |
|christian |IL    |batavia        |555 randall road              |        60510|14-a-
pr-1979              |m     |  22|single    |     12.000|    175.000|   160|    11|b-
usiness                        |intern                          |           $18000.0-
0|kkkkkkkkkkkkkkkk|12345678|w000-12689-#####^et=******      |
|darien    |IL    |joliet         |3802 plainfield               |        60435|25-m-
ay-1975              |m     |  26|single    |     39.000|    180.000|   170|    70|b-
usiness                        |technical support               |           $45000.0-
0|kkkkkkkkkkkkkkkk|12345678|yr<2001>@!#$%^&*()_+={}[]?      |
|faith     |IL    |elgin          |251 grove avenue              |        60120|06-j-
un-1939              |f     |  62|married   |    222.000|    160.000|   150|    33|b-
usiness                        |senior manager                  |          $110000.0-
0|kkkkkkkkkkkkkkkk|12345678|$1234567890.00,^%%%%%%%%%%      |
|jack      |IL    |chicago        |2500 s state                  |        60616|05-n-
ov-1973              |m     |  28|single    |    570.000|    169.000|   140|    27|b-
usiness                        |sale representative             |           $55000.0-
0|kkkkkkkkkkkkkkkk|12345678|testing 4 blob datatypes        |
|katie     |IL    |springfield    |2944 dirksen parkway          |        62703|12-f-
eb-1960              |f     |  41|divorced  |    120.000|    165.000|   122|    99|b-
usiness                        |consultant                      |           $40000.0-
0|kkkkkkkkkkkkkkkk|12345678|abc1234567890efghijklmnopq      |
|mary      |IL    |zion           |3399 sheridan road            |        60099|10-j-
ul-1956              |f     |  45|divorced  |    317.000|    155.000|   180|   100|b-
usiness                        |developer                       |           $35000.0-
0|kkkkkkkkkkkkkkkk|12345678|po:4xxx8qrstuvwxyz920123456     |
|nick      |IL    |peoria         |2600 westlake                 |        61615|18-a-
ug-1970              |m     |  31|married   |    344.000|    180.000|   175|    32|b-
usiness                        |financial consultant            |           $31000.0-
0|kkkkkkkkkkkkkkkk|12345678|a0b9c8d7e6f5g4h3i2j1k10l11m     |
|steven    |IL    |decatur        |500 east fitzgerald           |        62521|25-d-
ec-1950              |m     |  51|married   |    129.000|    176.000|   165|    25|b-
usiness                        |manager                         |           $60000.0-
0|kkkkkkkkkkkkkkkk|12345678|pleezzzzzz:P:):(:q^_^%*Q*!      |
+----------+------+---------------+------------------------------+-------------+-----
---------------------+------+----+----------+-----------+-----------+------+------+--
-------------------------------+--------------------------------+--------------------
-+----------------+--------+--------------------------------+
(10 rows)
>>
* select * from util_alongtablenameforingres order by name\p\g 
<<
 
select * from util_alongtablenameforingres order by name

+----------+-------------------------+-------------+
|name      |hire_date                |years        |
+----------+-------------------------+-------------+
|bebe      |20-mar-1995              |            6|
|bill      |21-feb-1989              |           12|
|christian |25-aug-2000              |            1|
|darien    |20-nov-1999              |            2|
|faith     |15-sep-1980              |           21|
|jack      |11-mar-1998              |            3|
|katie     |01-jan-1990              |           11|
|mary      |01-jan-1991              |           10|
|nick      |01-oct-1997              |            4|
|steven    |01-jan-1988              |           13|
+----------+-------------------------+-------------+
(10 rows)
>>
* select * from util_alongtablename order by data\p\g 
<<
 
select * from util_alongtablename order by data

+----------+-------------+
|data      |id           |
+----------+-------------+
|aaaa      |            4|
|dddddddd  |            8|
|x         |            1|
|zz        |            2|
+----------+-------------+
(4 rows)
>>
* select * from util_view1 order by name\p\g 
<<
 
select * from util_view1 order by name

+----------+--------------------+-------------------------+
|name      |salary              |hire_date                |
+----------+--------------------+-------------------------+
|bebe      |           $32000.00|20-mar-1995              |
|bill      |           $70000.00|21-feb-1989              |
|christian |           $18000.00|25-aug-2000              |
|darien    |           $45000.00|20-nov-1999              |
|faith     |          $110000.00|15-sep-1980              |
|jack      |           $55000.00|11-mar-1998              |
|katie     |           $40000.00|01-jan-1990              |
|mary      |           $35000.00|01-jan-1991              |
|nick      |           $31000.00|01-oct-1997              |
|steven    |           $60000.00|01-jan-1988              |
+----------+--------------------+-------------------------+
(10 rows)
>>
* select * from util_maintable order by name\p\g 
<<
 
select * from util_maintable order by name

+----------+------+---------------+------------------------------+-------------+-----
---------------------+------+----+----------+-----------+-----------+------+------+--
-------------------------------+--------------------------------+--------------------
-+----------------+--------+--------------------------------+
|name      |state |city           |address                       |zip          |dob -
                     |gender|age |status    |id         |height     |weight|class |i-
ndustry                        |title                           |salary             -
 |code            |tablekey|type                            |
+----------+------+---------------+------------------------------+-------------+-----
---------------------+------+----+----------+-----------+-----------+------+------+--
-------------------------------+--------------------------------+--------------------
-+----------------+--------+--------------------------------+
|bebe      |IL    |chicago        |111 michigan avenue           |        60611|11-j-
an-1971              |f     |  30|single    |    109.000|    160.600|   120|   111|b-
usiness                        |accountant                      |           $32000.0-
0|kkkkkkkkkkkkkkkk|12345678|abcdefghijklmnopqrstuvwxyz      |
|bill      |IL    |rockford       |4218 newburg                  |        61108|13-m-
ar-1955              |m     |  46|married   |     99.000|    180.000|   203|    56|b-
usiness                        |manager                         |           $70000.0-
0|kkkkkkkkkkkkkkkk|12345678|xyz99999999988888888666666      |
|christian |IL    |batavia        |555 randall road              |        60510|14-a-
pr-1979              |m     |  22|single    |     12.000|    175.000|   160|    11|b-
usiness                        |intern                          |           $18000.0-
0|kkkkkkkkkkkkkkkk|12345678|w000-12689-#####^et=******      |
|darien    |IL    |joliet         |3802 plainfield               |        60435|25-m-
ay-1975              |m     |  26|single    |     39.000|    180.000|   170|    70|b-
usiness                        |technical support               |           $45000.0-
0|kkkkkkkkkkkkkkkk|12345678|yr<2001>@!#$%^&*()_+={}[]?      |
|faith     |IL    |elgin          |251 grove avenue              |        60120|06-j-
un-1939              |f     |  62|married   |    222.000|    160.000|   150|    33|b-
usiness                        |senior manager                  |          $110000.0-
0|kkkkkkkkkkkkkkkk|12345678|$1234567890.00,^%%%%%%%%%%      |
|jack      |IL    |chicago        |2500 s state                  |        60616|05-n-
ov-1973              |m     |  28|single    |    570.000|    169.000|   140|    27|b-
usiness                        |sale representative             |           $55000.0-
0|kkkkkkkkkkkkkkkk|12345678|testing 4 blob datatypes        |
|katie     |IL    |springfield    |2944 dirksen parkway          |        62703|12-f-
eb-1960              |f     |  41|divorced  |    120.000|    165.000|   122|    99|b-
usiness                        |consultant                      |           $40000.0-
0|kkkkkkkkkkkkkkkk|12345678|abc1234567890efghijklmnopq      |
|mary      |IL    |zion           |3399 sheridan road            |        60099|10-j-
ul-1956              |f     |  45|divorced  |    317.000|    155.000|   180|   100|b-
usiness                        |developer                       |           $35000.0-
0|kkkkkkkkkkkkkkkk|12345678|po:4xxx8qrstuvwxyz920123456     |
|nick      |IL    |peoria         |2600 westlake                 |        61615|18-a-
ug-1970              |m     |  31|married   |    344.000|    180.000|   175|    32|b-
usiness                        |financial consultant            |           $31000.0-
0|kkkkkkkkkkkkkkkk|12345678|a0b9c8d7e6f5g4h3i2j1k10l11m     |
|steven    |IL    |decatur        |500 east fitzgerald           |        62521|25-d-
ec-1950              |m     |  51|married   |    129.000|    176.000|   165|    25|b-
usiness                        |manager                         |           $60000.0-
0|kkkkkkkkkkkkkkkk|12345678|pleezzzzzz:P:):(:q^_^%*Q*!      |
+----------+------+---------------+------------------------------+-------------+-----
---------------------+------+----+----------+-----------+-----------+------+------+--
-------------------------------+--------------------------------+--------------------
-+----------------+--------+--------------------------------+
(10 rows)
>>
* select * from util_shortname order by name\p\g 
<<
 
select * from util_shortname order by name

+----------+-------------------------+-------------+
|name      |hire_date                |years        |
+----------+-------------------------+-------------+
|bebe      |20-mar-1995              |            6|
|bill      |21-feb-1989              |           12|
|christian |25-aug-2000              |            1|
|darien    |20-nov-1999              |            2|
|faith     |15-sep-1980              |           21|
|jack      |11-mar-1998              |            3|
|katie     |01-jan-1990              |           11|
|mary      |01-jan-1991              |           10|
|nick      |01-oct-1997              |            4|
|steven    |01-jan-1988              |           13|
+----------+-------------------------+-------------+
(10 rows)
>>
* \q 
<<

>>
? delete create.in
<<
~
>>
? delete create.out
<<
~
>>

Ending at: Fri Apr  6 16:57:47 2001
