/*
Copyright (c) 2005 Ingres Corporation


        Test Name: utl35.sep
        Time: Wed Apr 11 12:49:18 2001
        User Name: testenv
        Terminal type: septerm

        Test ID : utl35.sep
        Module  : be/util
        Filename: utl35.sep
        Purpose : To test the new usermod utility first available with Ingres
                  II 2.6/0106 and later releases.
        Input Files  : usermod.in
        Output Files : usermod.out
        Database     : utildb3, utildb4
        Tables       : utl35_copydb_table
        Synopsis     : This test will copy table utl35_copydb_table and the 
                       indexes from utildb3 to utildb4. In database utildb4, 
                       insert some rows into the table. Then execute the 
                       usermod utility to modify the table.

 History: 11-Apr-2001   (wu$ca01)       Created
          05-Jun-2001	(wu$ca01) Test will fail on both UNIX and NT platforms.
                        See issue 10883265. Need to recanonize on help indexes
                        util_idx2 and util_idx3 once the issue is fixed.
          09-Aug-2001	(wu$ca01) Added commands to cleanup temporary test
                        files at the end. Clarified the Purpose text.
          11-Dec-2001	(wu$ca01) Issue 10883265 resolved, update test.
                        Corrected the object names in the fill file. Take out
                        the help queries from this test. Canonize the usermod
                        output is a better way to prove that it works, and
                        verify with select queries.
           8-May-2003	(wu$ca01) Updated test due to schema has changed (i.e.
                        'util_alongtablename.tes to 
                        util_alongtablename.testenv').
          25-Nov-2003	(rogch01) Included setup from utl32 to allow this test
			to be run in isolation.  Lost all references to database
			objects not used by this test.  Removed all the \p
			characters. Renamed the one table this test uses and the
			usermod output after the test itself. Used SEPPARAMDB3/4
			consistently.  Recanonised -help output.  This was
			previously masked by usermod not being in the
			commands.sep file correctly.  See issue 13091933.
			Recanonised for parallel index creation.
          14-Mar-2005   (vande02) Updated usermod -help canon with new flag
                       	[-online] added as of r3.0.2.  Added copyright lines.
          30-Jan-2006	(boija02) Updated copyright info for Ingres Corp.
          14-Nov-2006   (kiria01) b116944/b117102 Added nodependency_check to
                        copydb interface.
          19-Mar-2008   (hanal04) Bug 101117 usermod now does index creation on
                        a per table basis so there is no INDEX banner.
          24-Feb-2009	(thaju02) B99758 copydb now generates page_size=
			clause for objects with the default pagesize.
           2-Oct-2009   (hanal04) Bug 122647
                        Update copydb output in canons to include new warning.
*/
? sql -s SEPPARAMDB3 
<<

>>
* drop table utl35_copydb_table\g
<<
~
>>
* create table utl35_copydb_table(name varchar(10) not null, state c(2), city char(1-
5), address text(30), zip int, DOB date not null, gender byte, age decimal(3,0), sta-
tus byte varying(10), id float, height float(4), weight smallint, class integer1,  i-
ndustry long byte, title long varchar, salary money, code object_key, tablekey table-
_key, type blob)\g
<<

>>
* insert into utl35_copydb_table values('bebe', 'IL', 'chicago', '111 michigan avenu-
e',60611, '01-11-1971', 'f', 30, 'single',109, 160.6, 120, 111, 'business', 'account-
ant', 32000, 'kkkkkkkkkkkkkkkk', '12345678', 'abcdefghijklmnopqrstuvwxyz')\g
<<
(1 row)
>>
* insert into utl35_copydb_table values('katie','IL', 'springfield', '2944 dirksen p-
arkway', 62703, '02-12-1960', 'f',41, 'divorced', 120, 165, 122, 99, 'business',  'c-
onsultant', 40000, 'kkkkkkkkkkkkkkkk', '12345678', 'abc1234567890efghijklmnopq')\g
<<
(1 row)
>>
* insert into utl35_copydb_table values('bill', 'IL', 'rockford', '4218 newburg', 61-
108, '03-13-1955', 'm', 46, 'married', 99,  180, 203, 56, 'business', 'manager', 700-
00, 'kkkkkkkkkkkkkkkk', '12345678', 'xyz99999999988888888666666')\g
<<
(1 row)
>>
* insert into utl35_copydb_table values('christian', 'IL', 'batavia', '555 randall r-
oad', 60510, '04-14-1979', 'm', 22, 'single', 12, 175, 160, 11, 'business', 'intern'-
, 18000, 'kkkkkkkkkkkkkkkk', '12345678', 'w000-12689-#####^et=******')\g
<<
(1 row)
>>
* insert into utl35_copydb_table values('darien', 'IL', 'joliet', '3802 plainfield',-
 60435, '05-25-1975', 'm', 26, 'single', 39, 180, 170, 70, 'business', 'technical su-
pport', 45000, 'kkkkkkkkkkkkkkkk', '12345678', 'yr<2001>@!#$%^&*()_+={}[]?')\g
<<
(1 row)
>>
* insert into utl35_copydb_table values('faith', 'IL', 'elgin', '251 grove avenue', -
60120, '06-06-1939', 'f', 62, 'married', 222, 160, 150, 33, 'business', 'senior mana-
ger', 110000, 'kkkkkkkkkkkkkkkk', '12345678', '$1234567890.00,^%%%%%%%%%%')\g
<<
(1 row)
>>
* insert into utl35_copydb_table values('jack', 'IL', 'chicago', '2500 s state', 606-
16,'11-05-1973', 'm', 28, 'single', 570, 169, 140, 27, 'business', 'sale representat-
ive', 55000, 'kkkkkkkkkkkkkkkk', '12345678', 'testing 4 blob datatypes')\g
<<
(1 row)
>>
* insert into utl35_copydb_table values('mary', 'IL', 'zion', '3399 sheridan road', -
60099, '07-10-1956', 'f', 45, 'divorced', 317, 155, 180, 100, 'business', 'developer-
', 35000, 'kkkkkkkkkkkkkkkk', '12345678', 'po:4xxx8qrstuvwxyz920123456')\g
<<
(1 row)
>>
* insert into utl35_copydb_table values('nick', 'IL', 'peoria', '2600 westlake', 616-
15,'08-18-1970', 'm', 31, 'married', 344, 180, 175, 32, 'business', 'financial consu-
ltant', 31000, 'kkkkkkkkkkkkkkkk', '12345678', 'a0b9c8d7e6f5g4h3i2j1k10l11m')\g
<<
(1 row)
>>
* insert into utl35_copydb_table values('steven', 'IL', 'decatur', '500 east fitzger-
ald', 62521, '12-25-1950', 'm', 51, 'married', 129, 176, 165, 25, 'business', 'manag-
er', 60000, 'kkkkkkkkkkkkkkkk', '12345678', 'pleezzzzzz:P:):(:q^_^%*Q*!')\g
<<
(1 row)
>>
* create index utl35_idx1 on utl35_copydb_table(name) with structure=hash, persisten-
ce;\g
<<
(10 rows)
>>
* create index utl35_idx2 on utl35_copydb_table(address) with structure=isam, nopers-
istence;\g
<<
(10 rows)
>>
* create index utl35_idx3 on utl35_copydb_table(DOB) unique with structure=isam, com-
pression;\g 
<<
(10 rows)
>>
* alter table utl35_copydb_table add constraint utl35_const1 check (salary>0);\g
<<

>>
* alter table utl35_copydb_table add constraint utl35_const2 check(age>21);\g
<<

>>
* create synonym utl35_maintable for utl35_copydb_table;\g
<<

>>
* comment on table utl35_copydb_table is 'This is the main table that I will use';\g
<<

>>
* \q
<<
~
>>
? copydb SEPPARAMDB3 -add_drop -with_tables -with_data -with_index -infile=utl35.in -o-
utfile=utl35.out -noint utl35_copydb_table 
<<
INGRES COPYDB Copyright 2003 Ingres Corporation
Unload directory is 'TST_ROOT_OUTPUT:[BE.UTIL]'.
Reload directory is 'TST_ROOT_OUTPUT:[BE.UTIL]'.
E_XF014A Warning: column 'tablekey' of table 'testenv.utl35_copydb_table'
    is a user-maintained logical key.  If 'tablekey' contains a
      copy of a system-maintained logical key, it will no longer be
     valid after reloading the database.

E_XF014A Warning: column 'code' of table 'testenv.utl35_copydb_table'
    is a user-maintained logical key.  If 'code' contains a
      copy of a system-maintained logical key, it will no longer be
     valid after reloading the database.

There is one table owned by user 'testenv'.

COPYDB has created the scripts copy.out and copy.in. From an Ingres
prompt, run sql utildb3 < copy.out to copy the data.
>>
? sql -s SEPPARAMDB3 
<<

>>
* \i utl35.out 
<<
~
>>
* \q 
<<
~
>>
? sql -s SEPPARAMDB4 
<<

>>
* drop table utl35_copydb_table\g
<<
~
>>
* \i utl35.in 
<<
~
>>
* insert into utl35_copydb_table values('brenda', 'IL', 'chicago', '300 michigan ave-
nue', 60611, '04-11-1970', 'f', 31, 'single',109, 166, 120, 105,'business', 'sales',-
 33000, 'kkkkkkkkkkkkkkkk', '12345678','asdfghjklqwertyuiopzxcvbnm')\g 
<<
(1 row)
>>
* insert into utl35_copydb_table values('kenny', 'IL', 'chicago', '2500 halsted', 60-
607,'9-11-1971', 'm', 30, 'single',210, 177.6, 166, 67,'business','technical support-
', 42000,'kkkkkkkkkkkkkkkk','12345678','!QAZ@WSX#EDC$RFV%TGB^Y&U')\g 
<<
(1 row)
>>
* insert into utl35_copydb_table values('henry', 'IL', 'chicago', '20 dearborn', 606-
10, '06-11-1975', 'm', 26, 'single',78, 170, 150, 90, 'business','sales', 33000, 'kk-
kkkkkkkkkkkkkk', '12345678',':p;)<>*&*#_*%*%:q_p(@@@@@@')\g 
<<
(1 row)
>>
* insert into utl35_copydb_table values('christy', 'IL', 'batavia', '1500 randall ro-
ad', 60510, '02-14-1974', 'f', 27, 'single', 12, 165, 120, 122,'business', 'secretar-
y', 30000,'kkkkkkkkkkkkkkkk','12345678','0987654321zyxwvutsrqpon')\g 
<<
(1 row)
>>
* \q 
<<
~
>>
? usermod -help 
<<
 Error: Incorrect parameters supplied 
 	 Usage: usermod dbname [-uusername][{table1 table2 table3 ...}] [-noint] [-repmod -
[+w|-w]] [-online]
>>
? usermod SEPPARAMDB4 utl35_copydb_table -noint 
<<
INGRES COPYDB Copyright 2007 Ingres Corporation
Unload directory is '/tmp'.
Reload directory is '/tmp'.
E_XF014A Warning: column 'tablekey' of table 'testenv.utl35_copydb_table' 
    is a user-maintained logical key.  If 'tablekey' contains a 
      copy of a system-maintained logical key, it will no longer be 
     valid after reloading the database.

E_XF014A Warning: column 'code' of table 'testenv.utl35_copydb_table' 
    is a user-maintained logical key.  If 'code' contains a 
      copy of a system-maintained logical key, it will no longer be 
     valid after reloading the database.

There is one table owned by user 'testenv'.
INGRES TERMINAL MONITOR Copyright 2007 Ingres Corporation
set autocommit on
set nojournaling
set session with privileges=all

	/* TABLES */
modify utl35_copydb_table to heap
with extend = 16,
	allocation = 4,
	page_size = 2048,
	nodependency_check
(14 rows)
create index (utl35_idx2 on utl35_copydb_table (
	address)
with structure = isam,
	page_size = 2048,
	nocompression,
	key = (address),
	fillfactor = 80,
	location = (ii_database)),
(utl35_idx3 on utl35_copydb_table (
	dob) unique 
with structure = isam,
	page_size = 2048,
	compression = (nokey, data),
	key = (dob),
	fillfactor = 80,
	location = (ii_database))
(14 rows)
>>
? sql -s SEPPARAMDB4 
<<

>>
* select count(*) from utl35_copydb_table\g
<<

+-------------+
|col1         |
+-------------+
|           14|
+-------------+
(1 row)
>>
* select name from utl35_idx1 order by name\g
<<

+----------+
|name      |
+----------+
|bebe      |
|bill      |
|brenda    |
|christian |
|christy   |
|darien    |
|faith     |
|henry     |
|jack      |
|katie     |
|kenny     |
|mary      |
|nick      |
|steven    |
+----------+
(14 rows)
>>
* select address from utl35_idx2 order by 1\g
<<

+------------------------------+
|address                       |
+------------------------------+
|111 michigan avenue           |
|1500 randall road             |
|20 dearborn                   |
|2500 halsted                  |
|2500 s state                  |
|251 grove avenue              |
|2600 westlake                 |
|2944 dirksen parkway          |
|300 michigan avenue           |
|3399 sheridan road            |
|3802 plainfield               |
|4218 newburg                  |
|500 east fitzgerald           |
|555 randall road              |
+------------------------------+
(14 rows)
>>
* select dob from utl35_idx3 order by 1\g
<<

+-------------------------+
|dob                      |
+-------------------------+
|06-jun-1939              |
|25-dec-1950              |
|13-mar-1955              |
|10-jul-1956              |
|12-feb-1960              |
|11-apr-1970              |
|18-aug-1970              |
|11-jan-1971              |
|11-sep-1971              |
|05-nov-1973              |
|14-feb-1974              |
|25-may-1975              |
|11-jun-1975              |
|14-apr-1979              |
+-------------------------+
(14 rows)
>>
* \q
<<
~
>>
? delete utl35.in 
<<
file was deleted
>>
? delete utl35.out 
<<
file was deleted
>>
? delete utl35_copydb_table.testenv 
<<
file was deleted
>>


Ending at: Tue Feb 24 19:39:40 2009
