/*
	Test Name: utl46.sep
	Time: Sat Jan 12 07:52:05 2002
	User Name: testenv
	Terminal type: septerm
 
   Test ID : utl46
   Module  : BE/UTIL
   Filename: utl46.sep
   Purpose  : To test auditdb with the table=owner.table option.
   Input Files  : utl46_usr1_tbl1.sql, utl46_usr2_tbl1.sql, utl46_tbl2.sql,
                  utl46_tbl3.sql
   Output Files : testenv.trl, ingres.trl
   Database     : SEPPARAMDB
   Tables       : utl46_tbl1, utl46_tbl2, utl46_tbl3
   Synopsis     : This test will verify that the -table=owner.table option of
                  the auditdb command returns the correct data. The auditdb
                  output will be copied to an ingres table where a select can
                  then be done to verify the pertinent data.

 History: 31-Jan-2002   (marwi08)   Created

*/
? ckpdb +j SEPPARAMDB 
<<
~
>>
? sql -s SEPPARAMDB 
<<
~
>>
* drop utl46_tbl1;\g 
<<
~
>>
* create table utl46_tbl1 
<<

>>
* (col1 integer not null not default, 
<<

>>
* col2 char(8) not null not default)\g 
<<

>>
* commit\g 
<<

>>
* insert into utl46_tbl1 values (1, 'test1')\g 
<<
(1 row)
>>
* insert into utl46_tbl1 values (2, 'test2')\g 
<<
(1 row)
>>
* commit\g 
<<

>>
* \q 
<<

>>
? qasetusertm ingres sql -s SEPPARAMDB 
<<
~
>>
* drop utl46_tbl1;\g 
<<
~
>>
* create table utl46_tbl1 
<<

>>
* (num1 integer not null not default, 
<<

>>
* num2 integer not null not default, 
<<

>>
* words char(8) not null not default)\g 
<<

>>
* commit\g 
<<

>>
* insert into utl46_tbl1 values (1,1,'word1')\g 
<<
(1 row)
>>
* insert into utl46_tbl1 values (2,2,'word3')\g 
<<
(1 row)
>>
* commit\g 
<<

>>
* update utl46_tbl1 
<<

>>
* set words='word2' 
<<

>>
* where words='word3'\g 
<<
(1 row)
>>
* commit\g 
<<

>>
* insert into utl46_tbl1 values (3,3,'word3')\g 
<<
(1 row)
>>
* commit\g 
<<

>>
* \q 
<<

>>
? auditdb SEPPARAMDB -table=testenv.utl46_tbl1 -file=testenv.trl 
<<
~
>>
? auditdb SEPPARAMDB -table=ingres.utl46_tbl1 -file=ingres.trl 
<<
~
>>
? sql -s SEPPARAMDB 
<<
~
>>
* drop utl46_tbl2, utl46_tbl3;\g 
<<
~
>>
* create table utl46_tbl2 
<<

>>
* (date date not null with default, 
<<

>>
* username char(32) not null with default, 
<<

>>
* operation char(8) not null with default, 
<<

>>
* tranid1 integer not null with default, 
<<

>>
* tranid2 integer not null with default, 
<<

>>
* table_id1 integer not null with default, 
<<

>>
* table_id2 integer not null with default, 
<<

>>
* col1 integer not null not default, 
<<

>>
* col2 char(8) not null not default)\g 
<<

>>
* create table utl46_tbl3 
<<

>>
* (date date not null with default, 
<<

>>
* username char(32) not null with default, 
<<

>>
* operation char(8) not null with default, 
<<

>>
* tranid1 integer not null with default, 
<<

>>
* tranid2 integer not null with default, 
<<

>>
* table_id1 integer not null with default, 
<<

>>
* table_id2 integer not null with default, 
<<

>>
* num1 integer not null not default, 
<<

>>
* num2 integer not null not default, 
<<

>>
* words char(8) not null not default)\g 
<<

>>
* copy table utl46_tbl2 () from 'testenv.trl'\g 
<<
(2 rows)
>>
* copy table utl46_tbl3 () from 'ingres.trl'\g 
<<
(5 rows)
>>
* select username, operation, col1, col2 from utl46_tbl2\g 
<<

+--------------------------------+--------+-------------+--------+
|username                        |operatio|col1         |col2    |
+--------------------------------+--------+-------------+--------+
|testenv                         |append  |            1|test1   |
|testenv                         |append  |            2|test2   |
+--------------------------------+--------+-------------+--------+
(2 rows)
>>
* select username, operation, num1, num2, words from utl46_tbl3\g 
<<

+--------------------------------+--------+-------------+-------------+--------+
|username                        |operatio|num1         |num2         |words   |
+--------------------------------+--------+-------------+-------------+--------+
|ingres                          |append  |            1|            1|word1   |
|ingres                          |append  |            2|            2|word3   |
|ingres                          |repold  |            2|            2|word3   |
|ingres                          |repnew  |            2|            2|word2   |
|ingres                          |append  |            3|            3|word3   |
+--------------------------------+--------+-------------+-------------+--------+
(5 rows)
>>
* drop utl46_tbl1, utl46_tbl2, utl46_tbl3;\g
<<
~
>>
* \q 
<<

>>
? qasetusertm ingres sql -s SEPPARAMDB 
<<
~
>>
* drop utl46_tbl1;\g 
<<
~
>>
* \q
<<
~
>>
? delete ingres.trl 
<<
file was deleted
>>
? delete testenv.trl 
<<
file was deleted
>>


Ending at: Sat Jan 12 08:09:20 2002
