/*
Copyright (c) 2008 Ingres Corporation

	Test Name: fld12.sep
	Time: Tue Dec 10 15:37:18 1996
	User Name: testenv
	Terminal type: septerm
 
	Test ID : (TBD)
	Module  : 
	Filename: fld12.sep
	Purpose	: To stress test fastload with maximum row width and 
		  table name with maximum characters.
	Input Files  : setup.sql
	Output Files :
	Database     : SEPPARAMDB
	Tables       : tdata, ttest, aa123456789012345678901234567890
	Synopsis     :
	Assertion    : 1. If a table is wild table (row width 2008 bytes),
			you could load data into the table successfully
			by using 'fastload'.
		       2. If a table name has maximum number of characters(32)
			you could load data into the table successfully by
			using 'fastload'.

 History: 10-Dec-1996	(panph01) Created
          24-Mar-1997	(seran01) Changed canon for help table command to 
                                  reflect OI 2.0 changes
          10-Jun-1997	(wanya01) add NT canon
	  28-Jul-1998   (chegu01) added "delete test.dat*" command for cleanup.
          07-Jan-1999   (hanch04) Replace table version with TBL_VER
	  23-Mar-1999   (vande02) Hard-coded VPG_SZ to 2K and changed 'sql -s
                                  SEPPARAMDB' canon to be empty, therfore, if
                                  the test db does not exist, you will catch
                                  the msg. "TM could not connect to db." and
				  removed TBL_VER (grammar.lex masks table vers
          30-Apr-2003	(sinra04) Corrected "delete test.dat*" command to 
                                  "delete test.dat" so that file does gets
                                  deleted from output directory.
          24-Jun-2004   (vande02) Updating canons with new text for expected
                       		  warning message as of Ingres r3.  Aligned
				  history comments.
           5-Sep-2008	(vande02) Added new main canons when fastload infor
                                  is displayed in a certain order from MAIN
                                  versus the order from II 9.2.
*/
? fill setup.sql 
!!
create table tdata ( col1 integer, col2 varchar(2000)) with page_size=2048; 
\p\g
create table ttest as select * from tdata; 
\p\g
create table aa123456789012345678901234567890 as select * from tdata; 
\p\g
insert into tdata values (3, 'dklfjadifoicxovjsdklgjagiajgklajdiddsafljidfa');
\p\g
insert into tdata values (5, 'icisoajfeklviae,z,ifjdklafmaidjfewlaidzjvdk');
\p\g
insert into tdata select * from tdata;
\p\g
insert into tdata select * from tdata;
\p\g
copy tdata() into 'test.dat'; 
\p\g

!!
? sql -s SEPPARAMDB 
<<

>>
* drop tdata, ttest, aa123456789012345678901234567890; \g 
<<
~
>>
* \i setup.sql 
<<
 
create table tdata ( col1 integer, col2 varchar(2000)) with page_size=2048; 
create table ttest as select * from tdata; 
(0 rows)
create table aa123456789012345678901234567890 as select * from tdata; 
(0 rows)
insert into tdata values (3, 'dklfjadifoicxovjsdklgjagiajgklajdiddsafljidfa');
(1 row)
insert into tdata values (5, 'icisoajfeklviae,z,ifjdklafmaidjfewlaidzjvdk');
(1 row)
insert into tdata select * from tdata;
(2 rows)
insert into tdata select * from tdata;
(4 rows)
copy tdata() into 'test.dat'; 
(8 rows)
>>
* help table ttest; \g
<<
Name:                 ttest
Owner:                testenv
Created:              10-dec-1996 16:00:18     
Location:             ii_database
Type:                 user table
Version:              OI2.0
Page size:            2048
Cache priority:       0
Alter table version:  0
Alter table totwidth: 2008
Row width:            2008
Number of rows:       0
Storage structure:    heap
Compression:          data
Duplicate Rows:       allowed
Number of pages:      3
Overflow data pages:  0
Journaling:           enabled after the next checkpoint
Base table for view:  no
Permissions:          none
Integrities:          none
Optimizer statistics: none

Column Information:
                                                                  Key
Column Name                      Type       Length Nulls Defaults Seq
col1                             integer         4  yes    null       
col2                             varchar      2000  yes    null       

Secondary indexes:    none



>>
* \q 
<<
~
>>
? isql SEPPARAMDB 
<<
~
>>
^^ select * from tdata; `CR'seled`^H'ct * from ttest; `CR'select * from aa12334`^H'`-
^H'456789012345678901234567890; `^H'`ESC'
<<

%% CHANGED FIELD Enter Statements:
##
__________________________________________________________________________________
| Enter SQL Statements              Database: testdb                             |
| +--------------------------------------------------------------------------+   |
| |select * from tdata; _                                                     |   |
| |                                                                          |   |
| |                                                                          |   |
| |                                                                          |   |
| |                                                                          |   |
| |                                                                          |   |
| |                                                                          |   |
| |                                                                          |   |
| |                                                                          |   |
| |                                                                          |   |
| |                                                                          |   |
| |                                                                          |   |
| |                                                                          |   |
| |                                                                          |   |
| |                                                                          |   |
| |                                                                          |   |
| |                                                                          |   |
| |                                                                          |   |
| |                                                                          |   |
| +--------------------------------------------------------------------------+   |
|                                                                                |
|  Go  Resume  Complete  Blank  Edit  File  OnError  LineEdit  >                 |
__________________________________________________________________________________
@@

%% INSERT loop:
##
__________________________________________________________________________________
| Enter SQL Statements              Database: testdb                             |
| +--------------------------------------------------------------------------+   |
| |select * from tdata;                                                      |   |
| |_                                                                          |   |
| |                                                                          |   |
| |                                                                          |   |
| |                                                                          |   |
| |                                                                          |   |
| |                                                                          |   |
| |                                                                          |   |
| |                                                                          |   |
| |                                                                          |   |
| |                                                                          |   |
| |                                                                          |   |
| |                                                                          |   |
| |                                                                          |   |
| |                                                                          |   |
| |                                                                          |   |
| |                                                                          |   |
| |                                                                          |   |
| |                                                                          |   |
| +--------------------------------------------------------------------------+   |
|                                                                                |
|  Go  Resume  Complete  Blank  Edit  File  OnError  LineEdit  >                 |
__________________________________________________________________________________
@@

%% CHANGED FIELD Enter Statements:
##
__________________________________________________________________________________
| Enter SQL Statements              Database: testdb                             |
| +--------------------------------------------------------------------------+   |
| |select * from tdata;                                                      |   |
| |select * from ttest; _                                                     |   |
| |                                                                          |   |
| |                                                                          |   |
| |                                                                          |   |
| |                                                                          |   |
| |                                                                          |   |
| |                                                                          |   |
| |                                                                          |   |
| |                                                                          |   |
| |                                                                          |   |
| |                                                                          |   |
| |                                                                          |   |
| |                                                                          |   |
| |                                                                          |   |
| |                                                                          |   |
| |                                                                          |   |
| |                                                                          |   |
| |                                                                          |   |
| +--------------------------------------------------------------------------+   |
|                                                                                |
|  Go  Resume  Complete  Blank  Edit  File  OnError  LineEdit  >                 |
__________________________________________________________________________________
@@

%% INSERT loop:
##
__________________________________________________________________________________
| Enter SQL Statements              Database: testdb                             |
| +--------------------------------------------------------------------------+   |
| |select * from tdata;                                                      |   |
| |select * from ttest;                                                      |   |
| |_                                                                          |   |
| |                                                                          |   |
| |                                                                          |   |
| |                                                                          |   |
| |                                                                          |   |
| |                                                                          |   |
| |                                                                          |   |
| |                                                                          |   |
| |                                                                          |   |
| |                                                                          |   |
| |                                                                          |   |
| |                                                                          |   |
| |                                                                          |   |
| |                                                                          |   |
| |                                                                          |   |
| |                                                                          |   |
| |                                                                          |   |
| +--------------------------------------------------------------------------+   |
|                                                                                |
|  Go  Resume  Complete  Blank  Edit  File  OnError  LineEdit  >                 |
__________________________________________________________________________________
@@

%% MENU KEY selected

%% CHANGED FIELD Enter Statements:
##
__________________________________________________________________________________
| Enter SQL Statements              Database: testdb                             |
| +--------------------------------------------------------------------------+   |
| |select * from tdata;                                                      |   |
| |select * from ttest;                                                      |   |
| |select * from aa123456789012345678901234567890;_                           |   |
| |                                                                          |   |
| |                                                                          |   |
| |                                                                          |   |
| |                                                                          |   |
| |                                                                          |   |
| |                                                                          |   |
| |                                                                          |   |
| |                                                                          |   |
| |                                                                          |   |
| |                                                                          |   |
| |                                                                          |   |
| |                                                                          |   |
| |                                                                          |   |
| |                                                                          |   |
| |                                                                          |   |
| |                                                                          |   |
| +--------------------------------------------------------------------------+   |
|                                                                                |
|  Go  Resume  Complete  Blank  Edit  File  OnError  LineEdit  >                 |
__________________________________________________________________________________
@@
>>
<< IF (NT_GENERIC) 

%% CHANGED FIELD Enter Statements:
##
__________________________________________________________________________________
| Enter SQL Statements              Database: flddb                              |
| +--------------------------------------------------------------------------+   |
| |select * from tdata; _                                                     |   |
| |                                                                          |   |
| |                                                                          |   |
| |                                                                          |   |
| |                                                                          |   |
| |                                                                          |   |
| |                                                                          |   |
| |                                                                          |   |
| |                                                                          |   |
| |                                                                          |   |
| |                                                                          |   |
| |                                                                          |   |
| |                                                                          |   |
| |                                                                          |   |
| |                                                                          |   |
| |                                                                          |   |
| |                                                                          |   |
| |                                                                          |   |
| |                                                                          |   |
| +--------------------------------------------------------------------------+   |
|                                                                                |
|                                                                                |
|  Go  Resume  Complete  Blank  Edit  File  OnError  LineEdit  >                 |
__________________________________________________________________________________
@@

%% INSERT loop:
##
__________________________________________________________________________________
| Enter SQL Statements              Database: flddb                              |
| +--------------------------------------------------------------------------+   |
| |select * from tdata;                                                      |   |
| |_                                                                          |   |
| |                                                                          |   |
| |                                                                          |   |
| |                                                                          |   |
| |                                                                          |   |
| |                                                                          |   |
| |                                                                          |   |
| |                                                                          |   |
| |                                                                          |   |
| |                                                                          |   |
| |                                                                          |   |
| |                                                                          |   |
| |                                                                          |   |
| |                                                                          |   |
| |                                                                          |   |
| |                                                                          |   |
| |                                                                          |   |
| |                                                                          |   |
| +--------------------------------------------------------------------------+   |
|                                                                                |
|                                                                                |
|  Go  Resume  Complete  Blank  Edit  File  OnError  LineEdit  >                 |
__________________________________________________________________________________
@@

%% CHANGED FIELD Enter Statements:
##
__________________________________________________________________________________
| Enter SQL Statements              Database: flddb                              |
| +--------------------------------------------------------------------------+   |
| |select * from tdata;                                                      |   |
| |select * from ttest; _                                                     |   |
| |                                                                          |   |
| |                                                                          |   |
| |                                                                          |   |
| |                                                                          |   |
| |                                                                          |   |
| |                                                                          |   |
| |                                                                          |   |
| |                                                                          |   |
| |                                                                          |   |
| |                                                                          |   |
| |                                                                          |   |
| |                                                                          |   |
| |                                                                          |   |
| |                                                                          |   |
| |                                                                          |   |
| |                                                                          |   |
| |                                                                          |   |
| +--------------------------------------------------------------------------+   |
|                                                                                |
|                                                                                |
|  Go  Resume  Complete  Blank  Edit  File  OnError  LineEdit  >                 |
__________________________________________________________________________________
@@

%% INSERT loop:
##
__________________________________________________________________________________
| Enter SQL Statements              Database: flddb                              |
| +--------------------------------------------------------------------------+   |
| |select * from tdata;                                                      |   |
| |select * from ttest;                                                      |   |
| |_                                                                          |   |
| |                                                                          |   |
| |                                                                          |   |
| |                                                                          |   |
| |                                                                          |   |
| |                                                                          |   |
| |                                                                          |   |
| |                                                                          |   |
| |                                                                          |   |
| |                                                                          |   |
| |                                                                          |   |
| |                                                                          |   |
| |                                                                          |   |
| |                                                                          |   |
| |                                                                          |   |
| |                                                                          |   |
| |                                                                          |   |
| +--------------------------------------------------------------------------+   |
|                                                                                |
|                                                                                |
|  Go  Resume  Complete  Blank  Edit  File  OnError  LineEdit  >                 |
__________________________________________________________________________________
@@

%% MENU KEY selected

%% CHANGED FIELD Enter Statements:
##
__________________________________________________________________________________
| Enter SQL Statements              Database: flddb                              |
| +--------------------------------------------------------------------------+   |
| |select * from tdata;                                                      |   |
| |select * from ttest;                                                      |   |
| |select * from aa123456789012345678901234567890;_                           |   |
| |                                                                          |   |
| |                                                                          |   |
| |                                                                          |   |
| |                                                                          |   |
| |                                                                          |   |
| |                                                                          |   |
| |                                                                          |   |
| |                                                                          |   |
| |                                                                          |   |
| |                                                                          |   |
| |                                                                          |   |
| |                                                                          |   |
| |                                                                          |   |
| |                                                                          |   |
| |                                                                          |   |
| |                                                                          |   |
| +--------------------------------------------------------------------------+   |
|                                                                                |
|                                                                                |
|  Go  Resume  Complete  Blank  Edit  File  OnError  LineEdit  >                 |
__________________________________________________________________________________
@@
>>
^^ go`CR'`ESC'
<<

%% MENU RESPONSE: Go
%% MENU:   Go  Resume  Complete  Blank  Edit  File  OnError  LineEdit  >
%% MENU AT POSITION `0' SELECTED VIA A FUNCTION/PF KEY

%% MENU AT POSITION `0' is "Go"

%% Run the request##
__________________________________________________________________________________
|Start of Output                                           Column 1/2016  Line 1 |
|_  1> select * from tdata                                                        |
|                                                                                |
|                                                                                |
|                                                                                |
|+-------------------------------------------------------------------------------|
||col1         |col2                                                             |
||-------------+-----------------------------------------------------------------|
||            3|dklfjadifoicxovjsdklgjagiajgklajdiddsafljidfa                    |
||            5|icisoajfeklviae,z,ifjdklafmaidjfewlaidzjvdk                      |
||            3|dklfjadifoicxovjsdklgjagiajgklajdiddsafljidfa                    |
||            5|icisoajfeklviae,z,ifjdklafmaidjfewlaidzjvdk                      |
||            3|dklfjadifoicxovjsdklgjagiajgklajdiddsafljidfa                    |
||            5|icisoajfeklviae,z,ifjdklafmaidjfewlaidzjvdk                      |
||            3|dklfjadifoicxovjsdklgjagiajgklajdiddsafljidfa                    |
||            5|icisoajfeklviae,z,ifjdklafmaidjfewlaidzjvdk                      |
|+-------------------------------------------------------------------------------|
|(8 rows)                                                                        |
|  2> select * from ttest                                                        |
|                                                                                |
|                                                                                |
|                                                                                |
|--------------------------------------------------------------------------------|
|  Print  File  Help  End                                                        |
__________________________________________________________________________________
@@
>>
<< IF (NT_GENERIC) 

%% MENU RESPONSE: Go
%% MENU:   Go  Resume  Complete  Blank  Edit  File  OnError  LineEdit  >
%% MENU AT POSITION `0' SELECTED VIA A FUNCTION/PF KEY

%% MENU AT POSITION `0' is "Go"

%% Run the request##
__________________________________________________________________________________
|Start of Output                                           Column 1/2016  Line 1 |
|_  1> select * from tdata                                                        |
|                                                                                |
|                                                                                |
|                                                                                |
|+-------------------------------------------------------------------------------|
||col1         |col2                                                             |
||-------------+-----------------------------------------------------------------|
||            3|dklfjadifoicxovjsdklgjagiajgklajdiddsafljidfa                    |
||            5|icisoajfeklviae,z,ifjdklafmaidjfewlaidzjvdk                      |
||            3|dklfjadifoicxovjsdklgjagiajgklajdiddsafljidfa                    |
||            5|icisoajfeklviae,z,ifjdklafmaidjfewlaidzjvdk                      |
||            3|dklfjadifoicxovjsdklgjagiajgklajdiddsafljidfa                    |
||            5|icisoajfeklviae,z,ifjdklafmaidjfewlaidzjvdk                      |
||            3|dklfjadifoicxovjsdklgjagiajgklajdiddsafljidfa                    |
||            5|icisoajfeklviae,z,ifjdklafmaidjfewlaidzjvdk                      |
|+-------------------------------------------------------------------------------|
|(8 rows)                                                                        |
|  2> select * from ttest                                                        |
|                                                                                |
|                                                                                |
|                                                                                |
|+-------------------------------------------------------------------------------|
|--------------------------------------------------------------------------------|
|  Print  File  Help  End                                                        |
__________________________________________________________________________________
@@
>>
^^ end`CR'`ESC'
<<
~
>>
^^ quit`CR'
<<
~
>>
? fastload SEPPARAMDB -file=test.dat -table=ttest 
<<
Row size   : 2008
Rows loaded: 8
Total bytes: 16064

WARNING: Cannot determine record size of input file:
fastload expects this file to be in binary format and contain
records of 2008 bytes in length.  Fastload will load a record from
each contiguous 2008 bytes of the file; a bad file format
will result in corrupted data being loaded into the table.

Begin load...
Load finished
>>
<<

WARNING: Cannot determine record size of input file:
fastload expects this file to be in binary format and contain
records of 2008 bytes in length.  Fastload will load a record from
each contiguous 2008 bytes of the file; a bad file format
will result in corrupted data being loaded into the table.

Begin load...
Load finished
Row size   : 2008
Rows loaded: 8
Total bytes: 16064
>>
? fastload SEPPARAMDB -file=test.dat -table=aa123456789012345678901234567890 
<<
Row size   : 2008
Rows loaded: 8
Total bytes: 16064

WARNING: Cannot determine record size of input file:
fastload expects this file to be in binary format and contain
records of 2008 bytes in length.  Fastload will load a record from
each contiguous 2008 bytes of the file; a bad file format
will result in corrupted data being loaded into the table.

Begin load...
Load finished
>>
<<

WARNING: Cannot determine record size of input file:
fastload expects this file to be in binary format and contain
records of 2008 bytes in length.  Fastload will load a record from
each contiguous 2008 bytes of the file; a bad file format
will result in corrupted data being loaded into the table.

Begin load...
Load finished
Row size   : 2008
Rows loaded: 8
Total bytes: 16064
>>
? isql SEPPARAMDB 
<<
~
>>
^^ select * from ttest; `CR'select * from aa123456789012345678901234567890`ESC'
<<

%% CHANGED FIELD Enter Statements:
##
__________________________________________________________________________________
| Enter SQL Statements              Database: testdb                             |
| +--------------------------------------------------------------------------+   |
| |select * from ttest; _                                                     |   |
| |                                                                          |   |
| |                                                                          |   |
| |                                                                          |   |
| |                                                                          |   |
| |                                                                          |   |
| |                                                                          |   |
| |                                                                          |   |
| |                                                                          |   |
| |                                                                          |   |
| |                                                                          |   |
| |                                                                          |   |
| |                                                                          |   |
| |                                                                          |   |
| |                                                                          |   |
| |                                                                          |   |
| |                                                                          |   |
| |                                                                          |   |
| |                                                                          |   |
| +--------------------------------------------------------------------------+   |
|                                                                                |
|  Go  Resume  Complete  Blank  Edit  File  OnError  LineEdit  >                 |
__________________________________________________________________________________
@@

%% INSERT loop:
##
__________________________________________________________________________________
| Enter SQL Statements              Database: testdb                             |
| +--------------------------------------------------------------------------+   |
| |select * from ttest;                                                      |   |
| |_                                                                          |   |
| |                                                                          |   |
| |                                                                          |   |
| |                                                                          |   |
| |                                                                          |   |
| |                                                                          |   |
| |                                                                          |   |
| |                                                                          |   |
| |                                                                          |   |
| |                                                                          |   |
| |                                                                          |   |
| |                                                                          |   |
| |                                                                          |   |
| |                                                                          |   |
| |                                                                          |   |
| |                                                                          |   |
| |                                                                          |   |
| |                                                                          |   |
| +--------------------------------------------------------------------------+   |
|                                                                                |
|  Go  Resume  Complete  Blank  Edit  File  OnError  LineEdit  >                 |
__________________________________________________________________________________
@@

%% MENU KEY selected

%% CHANGED FIELD Enter Statements:
##
__________________________________________________________________________________
| Enter SQL Statements              Database: testdb                             |
| +--------------------------------------------------------------------------+   |
| |select * from ttest;                                                      |   |
| |select * from aa123456789012345678901234567890_                            |   |
| |                                                                          |   |
| |                                                                          |   |
| |                                                                          |   |
| |                                                                          |   |
| |                                                                          |   |
| |                                                                          |   |
| |                                                                          |   |
| |                                                                          |   |
| |                                                                          |   |
| |                                                                          |   |
| |                                                                          |   |
| |                                                                          |   |
| |                                                                          |   |
| |                                                                          |   |
| |                                                                          |   |
| |                                                                          |   |
| |                                                                          |   |
| +--------------------------------------------------------------------------+   |
|                                                                                |
|  Go  Resume  Complete  Blank  Edit  File  OnError  LineEdit  >                 |
__________________________________________________________________________________
@@
>>
<< IF (NT_GENERIC) 

%% CHANGED FIELD Enter Statements:
##
__________________________________________________________________________________
| Enter SQL Statements              Database: flddb                              |
| +--------------------------------------------------------------------------+   |
| |select * from ttest; _                                                     |   |
| |                                                                          |   |
| |                                                                          |   |
| |                                                                          |   |
| |                                                                          |   |
| |                                                                          |   |
| |                                                                          |   |
| |                                                                          |   |
| |                                                                          |   |
| |                                                                          |   |
| |                                                                          |   |
| |                                                                          |   |
| |                                                                          |   |
| |                                                                          |   |
| |                                                                          |   |
| |                                                                          |   |
| |                                                                          |   |
| |                                                                          |   |
| |                                                                          |   |
| +--------------------------------------------------------------------------+   |
|                                                                                |
|                                                                                |
|  Go  Resume  Complete  Blank  Edit  File  OnError  LineEdit  >                 |
__________________________________________________________________________________
@@

%% INSERT loop:
##
__________________________________________________________________________________
| Enter SQL Statements              Database: flddb                              |
| +--------------------------------------------------------------------------+   |
| |select * from ttest;                                                      |   |
| |_                                                                          |   |
| |                                                                          |   |
| |                                                                          |   |
| |                                                                          |   |
| |                                                                          |   |
| |                                                                          |   |
| |                                                                          |   |
| |                                                                          |   |
| |                                                                          |   |
| |                                                                          |   |
| |                                                                          |   |
| |                                                                          |   |
| |                                                                          |   |
| |                                                                          |   |
| |                                                                          |   |
| |                                                                          |   |
| |                                                                          |   |
| |                                                                          |   |
| +--------------------------------------------------------------------------+   |
|                                                                                |
|                                                                                |
|  Go  Resume  Complete  Blank  Edit  File  OnError  LineEdit  >                 |
__________________________________________________________________________________
@@

%% MENU KEY selected

%% CHANGED FIELD Enter Statements:
##
__________________________________________________________________________________
| Enter SQL Statements              Database: flddb                              |
| +--------------------------------------------------------------------------+   |
| |select * from ttest;                                                      |   |
| |select * from aa123456789012345678901234567890_                            |   |
| |                                                                          |   |
| |                                                                          |   |
| |                                                                          |   |
| |                                                                          |   |
| |                                                                          |   |
| |                                                                          |   |
| |                                                                          |   |
| |                                                                          |   |
| |                                                                          |   |
| |                                                                          |   |
| |                                                                          |   |
| |                                                                          |   |
| |                                                                          |   |
| |                                                                          |   |
| |                                                                          |   |
| |                                                                          |   |
| |                                                                          |   |
| +--------------------------------------------------------------------------+   |
|                                                                                |
|                                                                                |
|  Go  Resume  Complete  Blank  Edit  File  OnError  LineEdit  >                 |
__________________________________________________________________________________
@@
>>
^^ go`CR'`ESC'
<<

%% MENU RESPONSE: Go
%% MENU:   Go  Resume  Complete  Blank  Edit  File  OnError  LineEdit  >
%% MENU AT POSITION `0' SELECTED VIA A FUNCTION/PF KEY

%% MENU AT POSITION `0' is "Go"

%% Run the request##
__________________________________________________________________________________
|Start of Output                                           Column 1/2016  Line 1 |
|_  1> select * from ttest                                                        |
|                                                                                |
|                                                                                |
|                                                                                |
|+-------------------------------------------------------------------------------|
||col1         |col2                                                             |
||-------------+-----------------------------------------------------------------|
||            3|dklfjadifoicxovjsdklgjagiajgklajdiddsafljidfa                    |
||            5|icisoajfeklviae,z,ifjdklafmaidjfewlaidzjvdk                      |
||            3|dklfjadifoicxovjsdklgjagiajgklajdiddsafljidfa                    |
||            5|icisoajfeklviae,z,ifjdklafmaidjfewlaidzjvdk                      |
||            3|dklfjadifoicxovjsdklgjagiajgklajdiddsafljidfa                    |
||            5|icisoajfeklviae,z,ifjdklafmaidjfewlaidzjvdk                      |
||            3|dklfjadifoicxovjsdklgjagiajgklajdiddsafljidfa                    |
||            5|icisoajfeklviae,z,ifjdklafmaidjfewlaidzjvdk                      |
|+-------------------------------------------------------------------------------|
|(8 rows)                                                                        |
|  2> select * from aa123456789012345678901234567890                             |
|                                                                                |
|                                                                                |
|                                                                                |
|--------------------------------------------------------------------------------|
|  Print  File  Help  End                                                        |
__________________________________________________________________________________
@@
>>
<< IF (NT_GENERIC) 

%% MENU RESPONSE: Go
%% MENU:   Go  Resume  Complete  Blank  Edit  File  OnError  LineEdit  >
%% MENU AT POSITION `0' SELECTED VIA A FUNCTION/PF KEY

%% MENU AT POSITION `0' is "Go"

%% Run the request##
__________________________________________________________________________________
|Start of Output                                           Column 1/2016  Line 1 |
|_  1> select * from ttest                                                        |
|                                                                                |
|                                                                                |
|                                                                                |
|+-------------------------------------------------------------------------------|
||col1         |col2                                                             |
||-------------+-----------------------------------------------------------------|
||            3|dklfjadifoicxovjsdklgjagiajgklajdiddsafljidfa                    |
||            5|icisoajfeklviae,z,ifjdklafmaidjfewlaidzjvdk                      |
||            3|dklfjadifoicxovjsdklgjagiajgklajdiddsafljidfa                    |
||            5|icisoajfeklviae,z,ifjdklafmaidjfewlaidzjvdk                      |
||            3|dklfjadifoicxovjsdklgjagiajgklajdiddsafljidfa                    |
||            5|icisoajfeklviae,z,ifjdklafmaidjfewlaidzjvdk                      |
||            3|dklfjadifoicxovjsdklgjagiajgklajdiddsafljidfa                    |
||            5|icisoajfeklviae,z,ifjdklafmaidjfewlaidzjvdk                      |
|+-------------------------------------------------------------------------------|
|(8 rows)                                                                        |
|  2> select * from aa123456789012345678901234567890                             |
|                                                                                |
|                                                                                |
|                                                                                |
|+-------------------------------------------------------------------------------|
|--------------------------------------------------------------------------------|
|  Print  File  Help  End                                                        |
__________________________________________________________________________________
@@
>>
^^ end`CR'`ESC'
<<
~
>>
^^ quit`CR'
<<
~
>>
? sql -s SEPPARAMDB 
<<

>>
* drop tdata, ttest, aa123456789012345678901234567890; \g 
<<
~
>>
* \q 
<<
~
>>
? delete test.dat 
<<
~
>>


Ending at: Fri Sep  5 12:57:56 2008
