/*
	Test Name: SYA02.SEP
	Time: 27-apr-1990
	User Name: qastars     
 
	Test ID : (TBD)
	Module  : 
	Filename:
	Purpose	:
	Input Files  :
	Output Files :
	Database     : STARDDB1
	Tables       :
	synopsis     :

	History	: 27-apr-1989	Created		jds		Author
		  08-jun-1990	jds
			minor bug fixes and cleanup
		  11-june	jds
			again...
		  26-SEP-1991	jds
			delete qasetuser - wasn't doing anything
			interesting anyway.
			Accept alternate order of rows as valid.

	First STAR transaction processing test.  ROLLBACK and ABORT
	syntax check.  Last transaction allowed to COMMIT, then
	changes removed.

	REQUIREs A DDB, LDB1 on any node 

	SVA01.SEP and SVA02.sep sets up the tables with TESTENV as the DBA
	  16-09-93     barbh
		       Changed SEPPARAM_DDB to SEPPARAMDB. This makes the
		       star test consistent with testkit standards.
	27-Dec-1999 (vande02)
                        Added empty canon to confirm db sql connection
	28-Dec-1999 (vande02)
			Added the -s flag for silent sql to avoid noisy diff
	04-Jan-2000 (vande02)
                        Removed sql Executing... lines from canons so they
                        will match for silent mode (sql -s) and no noisy difs.
*/
? sql -s SEPPARAMDB 
<<

>>
*  select * from tpf_spj1  where qty >= 400; \p \g
/*
added alt canons for different order of rows fron SUN 6.4

jds	10/2/91
*/
<<
/* SQL Startup File */
  select * from tpf_spj1  where qty >= 400; 


+------+------+------+------+
|sno   |pno   |jno   |qty   |
+------+------+------+------+
|s1    |p1    |j4    |   700|
|s2    |p3    |j1    |   400|
|s2    |p3    |j4    |   500|
|s2    |p3    |j5    |   600|
|s2    |p3    |j6    |   400|
|s2    |p3    |j7    |   800|
|s3    |p4    |j2    |   500|
|s5    |p4    |j4    |   800|
|s5    |p5    |j4    |   400|
|s5    |p5    |j5    |   500|
|s5    |p6    |j4    |   500|
+------+------+------+------+
(11 rows)
>>
<<
/* SQL Startup File */
  select * from tpf_spj1  where qty >= 400; 


+------+------+------+------+
|sno   |pno   |jno   |qty   |
+------+------+------+------+
|s1    |p1    |j4    |   700|
|s2    |p3    |j1    |   400|
|s2    |p3    |j4    |   500|
|s2    |p3    |j5    |   600|
|s2    |p3    |j6    |   400|
|s2    |p3    |j7    |   800|
|s3    |p4    |j2    |   500|
|s5    |p5    |j5    |   500|
|s5    |p4    |j4    |   800|
|s5    |p5    |j4    |   400|
|s5    |p6    |j4    |   500|
+------+------+------+------+
(11 rows)
>>
*  commit; \p \g
<<
  commit; 

>>
*  begin transaction; \p \g
<<
  begin transaction; 

>>
*  select dbmsinfo('transaction_state'); \p \g
<<
  select dbmsinfo('transaction_state'); 


+------+
|col1  |
+------+
|1     |
+------+
(1 row)
>>
*  savepoint one; \p \g
<<
  savepoint one; 

>>
*  update tpf_spj1  set qty=qty*11   where qty >= 400; \p \g
<<
  update tpf_spj1  set qty=qty*11   where qty >= 400; 

(11 rows)
>>
*  select * from tpf_spj1  where qty >= 400; \p \g
<<
  select * from tpf_spj1  where qty >= 400; 


+------+------+------+------+
|sno   |pno   |jno   |qty   |
+------+------+------+------+
|s1    |p1    |j4    |  7700|
|s2    |p3    |j1    |  4400|
|s2    |p3    |j4    |  5500|
|s2    |p3    |j5    |  6600|
|s2    |p3    |j6    |  4400|
|s2    |p3    |j7    |  8800|
|s3    |p4    |j2    |  5500|
|s5    |p4    |j4    |  8800|
|s5    |p5    |j4    |  4400|
|s5    |p5    |j5    |  5500|
|s5    |p6    |j4    |  5500|
+------+------+------+------+
(11 rows)
>>
<<
  select * from tpf_spj1  where qty >= 400; 


+------+------+------+------+
|sno   |pno   |jno   |qty   |
+------+------+------+------+
|s1    |p1    |j4    |  7700|
|s2    |p3    |j1    |  4400|
|s2    |p3    |j4    |  5500|
|s2    |p3    |j5    |  6600|
|s2    |p3    |j6    |  4400|
|s2    |p3    |j7    |  8800|
|s3    |p4    |j2    |  5500|
|s5    |p5    |j5    |  5500|
|s5    |p4    |j4    |  8800|
|s5    |p5    |j4    |  4400|
|s5    |p6    |j4    |  5500|
+------+------+------+------+
(11 rows)
>>
*  rollback to one; \p \g
<<
  rollback to one; 

>>
*  select * from tpf_spj1  where qty >= 400; \p \g
<<
  select * from tpf_spj1  where qty >= 400; 


+------+------+------+------+
|sno   |pno   |jno   |qty   |
+------+------+------+------+
|s1    |p1    |j4    |   700|
|s2    |p3    |j1    |   400|
|s2    |p3    |j4    |   500|
|s2    |p3    |j5    |   600|
|s2    |p3    |j6    |   400|
|s2    |p3    |j7    |   800|
|s3    |p4    |j2    |   500|
|s5    |p4    |j4    |   800|
|s5    |p5    |j4    |   400|
|s5    |p5    |j5    |   500|
|s5    |p6    |j4    |   500|
+------+------+------+------+
(11 rows)
>>
<<
  select * from tpf_spj1  where qty >= 400; 


+------+------+------+------+
|sno   |pno   |jno   |qty   |
+------+------+------+------+
|s1    |p1    |j4    |   700|
|s2    |p3    |j1    |   400|
|s2    |p3    |j4    |   500|
|s2    |p3    |j5    |   600|
|s2    |p3    |j6    |   400|
|s2    |p3    |j7    |   800|
|s3    |p4    |j2    |   500|
|s5    |p5    |j5    |   500|
|s5    |p4    |j4    |   800|
|s5    |p5    |j4    |   400|
|s5    |p6    |j4    |   500|
+------+------+------+------+
(11 rows)
>>
*  commit; \p \g
<<
  commit; 

>>
*  begin transaction; \p \g
<<
  begin transaction; 

>>
*  select dbmsinfo('transaction_state'); \p \g
<<
  select dbmsinfo('transaction_state'); 


+------+
|col1  |
+------+
|1     |
+------+
(1 row)
>>
*  savepoint one; \p \g
<<
  savepoint one; 

>>
*  select * from tpf_s1  where sno = 's6'; \p \g
<<
  select * from tpf_s1  where sno = 's6'; 


+------+--------------------+------+---------------+
|sno   |sname               |status|city           |
+------+--------------------+------+---------------+
+------+--------------------+------+---------------+
(0 rows)
>>
*  select * from tpf_sp1  where sno = 's6'; \p \g
<<
  select * from tpf_sp1  where sno = 's6'; 


+------+------+------+
|sno   |pno   |qty   |
+------+------+------+
+------+------+------+
(0 rows)
>>
*  insert into tpf_s1  (sno, sname, status, city)   values ('s6','Filbert',19,'Alame-
da'); \p \g
<<
  insert into tpf_s1  (sno, sname, status, city)   values ('s6','Filbert',19,'Alamed-
a'); 

(1 row)
>>
*  savepoint two; \p \g
<<
  savepoint two; 

>>
*  insert into tpf_sp1  (sno, pno, qty)   values ('s6', 'p6', 150); \p \g
<<
  insert into tpf_sp1  (sno, pno, qty)   values ('s6', 'p6', 150); 

(1 row)
>>
*  select * from tpf_s1  where sno = 's6'; \p \g
<<
  select * from tpf_s1  where sno = 's6'; 


+------+--------------------+------+---------------+
|sno   |sname               |status|city           |
+------+--------------------+------+---------------+
|s6    |Filbert             |    19|Alameda        |
+------+--------------------+------+---------------+
(1 row)
>>
*  select * from tpf_sp1  where sno = 's6'; \p \g
<<
  select * from tpf_sp1  where sno = 's6'; 


+------+------+------+
|sno   |pno   |qty   |
+------+------+------+
|s6    |p6    |   150|
+------+------+------+
(1 row)
>>
*  rollback to two; \p \g
<<
  rollback to two; 

>>
*  select * from tpf_sp1  where sno = 's6'; \p \g
<<
  select * from tpf_sp1  where sno = 's6'; 


+------+------+------+
|sno   |pno   |qty   |
+------+------+------+
+------+------+------+
(0 rows)
>>
*  rollback to one; \p \g
<<
  rollback to one; 

>>
*  select * from tpf_s1  where sno = 's6'; \p \g
<<
  select * from tpf_s1  where sno = 's6'; 


+------+--------------------+------+---------------+
|sno   |sname               |status|city           |
+------+--------------------+------+---------------+
+------+--------------------+------+---------------+
(0 rows)
>>
*  commit; \p \g
<<
  commit; 

>>
*  select dbmsinfo('transaction_state'); \p \g
<<
  select dbmsinfo('transaction_state'); 


+------+
|col1  |
+------+
|0     |
+------+
(1 row)
>>
*  commit; \p \g
<<
  commit; 

>>
*  begin transaction; \p \g
<<
  begin transaction; 

>>
*  select dbmsinfo('transaction_state'); \p \g
<<
  select dbmsinfo('transaction_state'); 


+------+
|col1  |
+------+
|1     |
+------+
(1 row)
>>
*  savepoint one; \p \g
<<
  savepoint one; 

>>
*  insert into tpf_s1  (sno, sname, status, city)   values ('s6','Filbert',19,'Alame-
da'); \p \g
<<
  insert into tpf_s1  (sno, sname, status, city)   values ('s6','Filbert',19,'Alamed-
a'); 

(1 row)
>>
*  insert into tpf_sp1  (sno, pno, qty)   values ('s6', 'p6', 150); \p \g
<<
  insert into tpf_sp1  (sno, pno, qty)   values ('s6', 'p6', 150); 

(1 row)
>>
*  select * from tpf_s1  where sno = 's6'; \p \g
<<
  select * from tpf_s1  where sno = 's6'; 


+------+--------------------+------+---------------+
|sno   |sname               |status|city           |
+------+--------------------+------+---------------+
|s6    |Filbert             |    19|Alameda        |
+------+--------------------+------+---------------+
(1 row)
>>
*  select * from tpf_sp1  where sno = 's6'; \p \g
<<
  select * from tpf_sp1  where sno = 's6'; 


+------+------+------+
|sno   |pno   |qty   |
+------+------+------+
|s6    |p6    |   150|
+------+------+------+
(1 row)
>>
*  rollback to one; \p \g
<<
  rollback to one; 

>>
*  select * from tpf_s1  where sno = 's6'; \p \g
<<
  select * from tpf_s1  where sno = 's6'; 


+------+--------------------+------+---------------+
|sno   |sname               |status|city           |
+------+--------------------+------+---------------+
+------+--------------------+------+---------------+
(0 rows)
>>
*  select * from tpf_sp1  where sno = 's6'; \p \g
<<
  select * from tpf_sp1  where sno = 's6'; 


+------+------+------+
|sno   |pno   |qty   |
+------+------+------+
+------+------+------+
(0 rows)
>>
*  commit; \p \g
<<
  commit; 

>>
*  select dbmsinfo('transaction_state'); \p \g
<<
  select dbmsinfo('transaction_state'); 


+------+
|col1  |
+------+
|0     |
+------+
(1 row)
>>
*  commit; \p \g
<<
  commit; 

>>
*  begin transaction; \p \g
<<
  begin transaction; 

>>
*  select dbmsinfo('transaction_state'); \p \g
<<
  select dbmsinfo('transaction_state'); 


+------+
|col1  |
+------+
|1     |
+------+
(1 row)
>>
*  savepoint one; \p \g
<<
  savepoint one; 

>>
*  insert into tpf_s1  (sno, sname, status, city)   values ('s6','Filbert',19,'Alame-
da'); \p \g
<<
  insert into tpf_s1  (sno, sname, status, city)   values ('s6','Filbert',19,'Alamed-
a'); 

(1 row)
>>
*  insert into tpf_sp1  (sno, pno, qty)   values ('s6', 'p6', 150); \p \g
<<
  insert into tpf_sp1  (sno, pno, qty)   values ('s6', 'p6', 150); 

(1 row)
>>
*  select * from tpf_s1  where sno = 's6'; \p \g
<<
  select * from tpf_s1  where sno = 's6'; 


+------+--------------------+------+---------------+
|sno   |sname               |status|city           |
+------+--------------------+------+---------------+
|s6    |Filbert             |    19|Alameda        |
+------+--------------------+------+---------------+
(1 row)
>>
*  select * from tpf_sp1  where sno = 's6'; \p \g
<<
  select * from tpf_sp1  where sno = 's6'; 


+------+------+------+
|sno   |pno   |qty   |
+------+------+------+
|s6    |p6    |   150|
+------+------+------+
(1 row)
>>
*  ROLLBACK WORK; \p \g
<<
  ROLLBACK WORK; 

>>
*  select * from tpf_s1  where sno = 's6'; \p \g
<<
  select * from tpf_s1  where sno = 's6'; 


+------+--------------------+------+---------------+
|sno   |sname               |status|city           |
+------+--------------------+------+---------------+
+------+--------------------+------+---------------+
(0 rows)
>>
*  select * from tpf_sp1  where sno = 's6'; \p \g
<<
  select * from tpf_sp1  where sno = 's6'; 


+------+------+------+
|sno   |pno   |qty   |
+------+------+------+
+------+------+------+
(0 rows)
>>
*  commit; \p \g
<<
  commit; 

>>
*  select dbmsinfo('transaction_state'); \p \g
<<
  select dbmsinfo('transaction_state'); 


+------+
|col1  |
+------+
|0     |
+------+
(1 row)
>>
*  commit; \p \g
<<
  commit; 

>>
*  begin transaction; \p \g
<<
  begin transaction; 

>>
*  select dbmsinfo('transaction_state'); \p \g
<<
  select dbmsinfo('transaction_state'); 


+------+
|col1  |
+------+
|1     |
+------+
(1 row)
>>
*  savepoint one; \p \g
<<
  savepoint one; 

>>
*  insert into tpf_s1  (sno, sname, status, city)   values ('s6','Filbert',19,'Alame-
da'); \p \g
<<
  insert into tpf_s1  (sno, sname, status, city)   values ('s6','Filbert',19,'Alamed-
a'); 

(1 row)
>>
*  insert into tpf_sp1  (sno, pno, qty)   values ('s6', 'p6', 150); \p \g
<<
  insert into tpf_sp1  (sno, pno, qty)   values ('s6', 'p6', 150); 

(1 row)
>>
*  select * from tpf_s1  where sno = 's6'; \p \g
<<
  select * from tpf_s1  where sno = 's6'; 


+------+--------------------+------+---------------+
|sno   |sname               |status|city           |
+------+--------------------+------+---------------+
|s6    |Filbert             |    19|Alameda        |
+------+--------------------+------+---------------+
(1 row)
>>
*  select * from tpf_sp1  where sno = 's6'; \p \g
<<
  select * from tpf_sp1  where sno = 's6'; 


+------+------+------+
|sno   |pno   |qty   |
+------+------+------+
|s6    |p6    |   150|
+------+------+------+
(1 row)
>>
*  ABORT to one; \p \g
<<
  ABORT to one; 

>>
*  select * from tpf_s1  where sno = 's6'; \p \g
<<
  select * from tpf_s1  where sno = 's6'; 


+------+--------------------+------+---------------+
|sno   |sname               |status|city           |
+------+--------------------+------+---------------+
+------+--------------------+------+---------------+
(0 rows)
>>
*  select * from tpf_sp1  where sno = 's6'; \p \g
<<
  select * from tpf_sp1  where sno = 's6'; 


+------+------+------+
|sno   |pno   |qty   |
+------+------+------+
+------+------+------+
(0 rows)
>>
*  commit; \p \g
<<
  commit; 

>>
*  select dbmsinfo('transaction_state'); \p \g
<<
  select dbmsinfo('transaction_state'); 


+------+
|col1  |
+------+
|0     |
+------+
(1 row)
>>
*  commit; \p \g
<<
  commit; 

>>
*  begin transaction; \p \g
<<
  begin transaction; 

>>
*  select dbmsinfo('transaction_state'); \p \g
<<
  select dbmsinfo('transaction_state'); 


+------+
|col1  |
+------+
|1     |
+------+
(1 row)
>>
*  savepoint one; \p \g
<<
  savepoint one; 

>>
*  insert into tpf_s1  (sno, sname, status, city)   values ('s6','Filbert',19,'Alame-
da'); \p \g
<<
  insert into tpf_s1  (sno, sname, status, city)   values ('s6','Filbert',19,'Alamed-
a'); 

(1 row)
>>
*  insert into tpf_sp1  (sno, pno, qty)   values ('s6', 'p6', 150); \p \g
<<
  insert into tpf_sp1  (sno, pno, qty)   values ('s6', 'p6', 150); 

(1 row)
>>
*  select * from tpf_s1  where sno = 's6'; \p \g
<<
  select * from tpf_s1  where sno = 's6'; 


+------+--------------------+------+---------------+
|sno   |sname               |status|city           |
+------+--------------------+------+---------------+
|s6    |Filbert             |    19|Alameda        |
+------+--------------------+------+---------------+
(1 row)
>>
*  select * from tpf_sp1  where sno = 's6'; \p \g
<<
  select * from tpf_sp1  where sno = 's6'; 


+------+------+------+
|sno   |pno   |qty   |
+------+------+------+
|s6    |p6    |   150|
+------+------+------+
(1 row)
>>
*  abort; \p \g
<<
  abort; 

>>
*  select * from tpf_s1  where sno = 's6'; \p \g
<<
  select * from tpf_s1  where sno = 's6'; 


+------+--------------------+------+---------------+
|sno   |sname               |status|city           |
+------+--------------------+------+---------------+
+------+--------------------+------+---------------+
(0 rows)
>>
*  select * from tpf_sp1  where sno = 's6'; \p \g
<<
  select * from tpf_sp1  where sno = 's6'; 


+------+------+------+
|sno   |pno   |qty   |
+------+------+------+
+------+------+------+
(0 rows)
>>
*  commit; \p \g
<<
  commit; 

>>
*  select dbmsinfo('transaction_state'); \p \g
<<
  select dbmsinfo('transaction_state'); 


+------+
|col1  |
+------+
|0     |
+------+
(1 row)
>>
*  commit; \p \g
<<
  commit; 

>>
*  begin transaction; \p \g
<<
  begin transaction; 

>>
*  select dbmsinfo('transaction_state'); \p \g
<<
  select dbmsinfo('transaction_state'); 


+------+
|col1  |
+------+
|1     |
+------+
(1 row)
>>
*  savepoint one; \p \g
<<
  savepoint one; 

>>
*  insert into tpf_s1  (sno, sname, status, city)   values ('s6','Filbert',19,'Alame-
da'); \p \g
<<
  insert into tpf_s1  (sno, sname, status, city)   values ('s6','Filbert',19,'Alamed-
a'); 

(1 row)
>>
*  insert into tpf_sp1  (sno, pno, qty)   values ('s6', 'p6', 150); \p \g
<<
  insert into tpf_sp1  (sno, pno, qty)   values ('s6', 'p6', 150); 

(1 row)
>>
*  select * from tpf_s1  where sno = 's6'; \p \g
<<
  select * from tpf_s1  where sno = 's6'; 


+------+--------------------+------+---------------+
|sno   |sname               |status|city           |
+------+--------------------+------+---------------+
|s6    |Filbert             |    19|Alameda        |
+------+--------------------+------+---------------+
(1 row)
>>
*  select * from tpf_sp1  where sno = 's6'; \p \g
<<
  select * from tpf_sp1  where sno = 's6'; 


+------+------+------+
|sno   |pno   |qty   |
+------+------+------+
|s6    |p6    |   150|
+------+------+------+
(1 row)
>>
*  rollback; \p \g
<<
  rollback; 

>>
*  select * from tpf_s1  where sno = 's6'; \p \g
<<
  select * from tpf_s1  where sno = 's6'; 


+------+--------------------+------+---------------+
|sno   |sname               |status|city           |
+------+--------------------+------+---------------+
+------+--------------------+------+---------------+
(0 rows)
>>
*  select * from tpf_sp1  where sno = 's6'; \p \g
<<
  select * from tpf_sp1  where sno = 's6'; 


+------+------+------+
|sno   |pno   |qty   |
+------+------+------+
+------+------+------+
(0 rows)
>>
*  commit; \p \g
<<
  commit; 

>>
*  select dbmsinfo('transaction_state'); \p \g
<<
  select dbmsinfo('transaction_state'); 


+------+
|col1  |
+------+
|0     |
+------+
(1 row)
>>
*  commit; \p \g
<<
  commit; 

>>
*  begin transaction; \p \g
<<
  begin transaction; 

>>
*  select dbmsinfo('transaction_state'); \p \g
<<
  select dbmsinfo('transaction_state'); 


+------+
|col1  |
+------+
|1     |
+------+
(1 row)
>>
*  savepoint one; \p \g
<<
  savepoint one; 

>>
*  insert into tpf_s1  (sno, sname, status, city)   values ('s6','Filbert',19,'Alame-
da'); \p \g
<<
  insert into tpf_s1  (sno, sname, status, city)   values ('s6','Filbert',19,'Alamed-
a'); 

(1 row)
>>
*  insert into tpf_sp1  (sno, pno, qty)   values ('s6', 'p6', 150); \p \g
<<
  insert into tpf_sp1  (sno, pno, qty)   values ('s6', 'p6', 150); 

(1 row)
>>
*  select * from tpf_s1  where sno = 's6'; \p \g
<<
  select * from tpf_s1  where sno = 's6'; 


+------+--------------------+------+---------------+
|sno   |sname               |status|city           |
+------+--------------------+------+---------------+
|s6    |Filbert             |    19|Alameda        |
+------+--------------------+------+---------------+
(1 row)
>>
*  select * from tpf_sp1  where sno = 's6'; \p \g
<<
  select * from tpf_sp1  where sno = 's6'; 


+------+------+------+
|sno   |pno   |qty   |
+------+------+------+
|s6    |p6    |   150|
+------+------+------+
(1 row)
>>
*  commit; \p \g
<<
  commit; 

>>
*  select dbmsinfo('transaction_state'); \p \g
<<
  select dbmsinfo('transaction_state'); 


+------+
|col1  |
+------+
|0     |
+------+
(1 row)
>>
*  commit; \p \g
<<
  commit; 

>>
*  select * from tpf_s1  where sno = 's6'; \p \g
<<
  select * from tpf_s1  where sno = 's6'; 


+------+--------------------+------+---------------+
|sno   |sname               |status|city           |
+------+--------------------+------+---------------+
|s6    |Filbert             |    19|Alameda        |
+------+--------------------+------+---------------+
(1 row)
>>
*  select * from tpf_sp1  where sno = 's6'; \p \g
<<
  select * from tpf_sp1  where sno = 's6'; 


+------+------+------+
|sno   |pno   |qty   |
+------+------+------+
|s6    |p6    |   150|
+------+------+------+
(1 row)
>>
*  commit; \p \g
<<
  commit; 

>>
* delete from tpf_s1 where sno = 's6'; \p\g
<<
delete from tpf_s1 where sno = 's6';
 
(1 row)
>>
* delete from tpf_sp1 where sno = 's6'; \p\g
<<
delete from tpf_sp1 where sno = 's6';
 
(1 row)
>>
* \q
<<
~
>>


Ending at: Wed Oct  2 09:46:13 1991
