/*
	Test Name: dt42.sep
	Time: Wed Feb 05 14:14:41 2003
	User Name: ingres
	Terminal type: septerm
 
	Test ID	: dt42.sep
	Module 	: 
	Filename:
	Purpose	: This test will test the c(expr, len) Data Type Conversion
                  Function.
	Input Files  : drop.sql, tables_setup.sql, insert_test.sql
	Output Files : None
	Database     : datatypedb
	Tables       : tbl_dt42_a, tbl_dt42_b
	Synopsis     : This test checks the c(expr, len) data type conversion
		       function. Data is passed to the c function from another
		       conversion function and table tbl_dt42_a.
		  

 History: 05-Feb-2003	(shafa01)	Created
	  14-Feb-2003 	(shafa01)	Startrak issue 12514147 E_SC0206 An
					Internal Error
          25-Sep-2003	(shafa01)       Test update with new canons. Problem
					reported in startrak issue 12514147
					has been resolved in 2.6.
*/
/*	
	This fill file is used to initialize the database by dropping the
	tables that will be used in the test.
*/
? fill drop.sql 
!!
drop tbl_dt42_a\p\g
drop tbl_dt42_b\p\g
!!
/*
	This fill file is used to setup the required tables for this test.
*/
? fill tables_setup.sql 
!!
create table tbl_dt42_a(c_byte byte(95) default NULL,c_byte_varying byte varying(95)-
 default NULL,c_c c(95) default NULL,c_char char(95) default NULL,c_date date defaul-
t NULL,c_decimal decimal(14,2) default NULL,c_float float default NULL,c_float4 f4 d-
efault NULL,c_int1 i1 default NULL,c_int2 smallint default NULL,c_int4 integer default -
NULL,c_integer integer default NULL,c_long_byte long byte,c_long_varchar long varcha-
r, c_money money default NULL, c_object_key object_key default NULL, c_table_key tab-
le_key default NULL, c_text text(95) default NULL,c_varchar varchar(95) default NULL)\g

INSERT INTO tbl_dt42_a (c_byte, c_byte_varying, c_c, c_char, c_date, c_decimal, c_fl-
oat, c_float4, c_int1, c_int2, c_int4, c_integer, c_long_byte, c_long_varchar, c_mon-
ey, c_object_key, c_table_key, c_text, c_varchar) VALUES ('abcdefghijklmnopqrstuvwxy-
zABCDEFGHIJKLMNOPPQRSTUVWXYZ1234567890`~!@#$%^&*()-+_=[]{}\|;:",.<>/?', 'abcdefghijklmn-
opqrstuvwxyzABCDEFGHIJKLMNOPPQRSTUVWXYZ1234567890`~!@#$%^&*()-+_=[]{}\|;:",.<>/?', '-
abcdefghijklmnopqrstuvwxyzABCDEFGHIJKLMNOPPQRSTUVWXYZ1234567890`~!@#$%^&*()-+_=[]{}\-
|;:",.<>/?', 'abcdefghijklmnopqrstuvwxyzABCDEFGHIJKLMNOPPQRSTUVWXYZ1234567890`~!@#$%^&*-
()-+_=[]{}\|;:",.<>/?', '100103', 999999999999.99, 999999999999.99, 999999999999.99,-
 127, 32767, 2147483647, 2147483647, 'abcdefghijklmnopqrstuvwxyzABCDEFGHIJKLMNOPPQRS-
TUVWXYZ1234567890`~!@#$%^&*()-+_=[]{}\|;:",.<>/?', 'abcdefghijklmnopqrstuvwxyzABCDEFGHI-
JKLMNOPPQRSTUVWXYZ1234567890`~!@#$%^&*()-+_=[]{}\|;:",.<>/?', 999999999999.99, '1234-
5678abcdefgh','1234abcd', 'abcdefghijklmnopqrstuvwxyzABCDEFGHIJKLMNOPPQRSTUVWXYZ1234-
567890`~!@#$%^&*()-+_=[]{}\|;:",.<>/?', 'abcdefghijklmnopqrstuvwxyzABCDEFGHIJKLMNOPPQRS-
TUVWXYZ1234567890`~!@#$%^&*()-+_=[]{}\|;:",.<>/?')\g

create table tbl_dt42_b(c_c c(100) default NULL, from_data_type char(38) default NUL-
L)\g
!!
/*
	This fill file executes certain insert and update commands specific to a
	test case performed later into the test.
*/
? fill insert_test.sql 
!!
insert into tbl_dt42_b (c_c) select c(c_byte) from tbl_dt42_a\g
update tbl_dt42_b set from_data_type='Converted from byte' where from_data_type is N-
ULL\g
insert into tbl_dt42_b (c_c) select c(c_byte_varying) from tbl_dt42_a\g
update tbl_dt42_b set from_data_type='Converted from varbyte' where from_data_type i-
s NULL\g
insert into tbl_dt42_b (c_c) select c(c_c) from tbl_dt42_a\g
update tbl_dt42_b set from_data_type='Converted from c' where from_data_type is NULL-
\g
insert into tbl_dt42_b (c_c) select c(c_char) from tbl_dt42_a\g
update tbl_dt42_b set from_data_type='Converted from char' where from_data_type is N-
ULL\g
insert into tbl_dt42_b (c_c) select c(c_date) from tbl_dt42_a\g
update tbl_dt42_b set from_data_type='Converted from date' where from_data_type is N-
ULL\g
insert into tbl_dt42_b (c_c) select c(c_decimal) from tbl_dt42_a\g
update tbl_dt42_b set from_data_type='Converted from decimal' where from_data_type i-
s NULL\g
insert into tbl_dt42_b (c_c) select c(c_float) from tbl_dt42_a\g
update tbl_dt42_b set from_data_type='Converted from float' where from_data_type is -
NULL\g
insert into tbl_dt42_b (c_c) select c(c_float4) from tbl_dt42_a\g
update tbl_dt42_b set from_data_type='Converted from float4' where from_data_type is-
 NULL\g
insert into tbl_dt42_b (c_c) select c(c_int1) from tbl_dt42_a\g
update tbl_dt42_b set from_data_type='Converted from int1' where from_data_type is N-
ULL\g
insert into tbl_dt42_b (c_c) select c(c_int2) from tbl_dt42_a\g
update tbl_dt42_b set from_data_type='Converted from int2' where from_data_type is N-
ULL\g
insert into tbl_dt42_b (c_c) select c(c_int4) from tbl_dt42_a\g
update tbl_dt42_b set from_data_type='Converted from int4' where from_data_type is N-
ULL\g
insert into tbl_dt42_b (c_c) select c(c_long_byte,100) from tbl_dt42_a\g
update tbl_dt42_b set from_data_type='Converted from long_byte' where from_data_type-
 is NULL\g
insert into tbl_dt42_b (c_c) select c(c_long_varchar,100) from tbl_dt42_a\g
update tbl_dt42_b set from_data_type='Converted from long_varchar' where from_data_t-
ype is NULL\g
insert into tbl_dt42_b (c_c) select c(c_money) from tbl_dt42_a\g
update tbl_dt42_b set from_data_type='Converted from money' where from_data_type is -
NULL\g
insert into tbl_dt42_b (c_c) select c(c_text) from tbl_dt42_a\g
update tbl_dt42_b set from_data_type='Converted from text' where from_data_type is N-
ULL\g
insert into tbl_dt42_b (c_c) select c(c_varchar) from tbl_dt42_a\g
update tbl_dt42_b set from_data_type='Converted from varchar' where from_data_type i-
s NULL\g
!!
? sql -s -f4n30.2 -f8n30.2 SEPPARAMDB 
<<
>>
/*
	In this section of the test the c function (primary) is calling another
	function (secondary) within it, which first converts the data to the
	respective data type (supported by c) and further converts to type c.
	 
*/
* select c(byte('abcdefghijklmnopqrstuvwxyzABCDEFGHIJKLMNOPPQRSTUVWXYZ1234567890`~!@-
#$%^&*()-+_=[]{}\|;:",.<>/?'))\g
<<

+------------------------------------------------------------------------------------
-----------+
|col1                                                                               -
           |
+------------------------------------------------------------------------------------
-----------+
|abcdefghijklmnopqrstuvwxyzABCDEFGHIJKLMNOPPQRSTUVWXYZ1234567890`~!@#$%^&*()-+_=[]{}-
\|;:",.<>/?|
+------------------------------------------------------------------------------------
-----------+
(1 row)
>>
* select c(varbyte('abcdefghijklmnopqrstuvwxyzABCDEFGHIJKLMNOPPQRSTUVWXYZ1234567890`-
~!@#$%^&*()-+_=[]{}\|;:",.<>/?'))\g 
<<

+------------------------------------------------------------------------------------
-----------+
|col1                                                                               -
           |
+------------------------------------------------------------------------------------
-----------+
|abcdefghijklmnopqrstuvwxyzABCDEFGHIJKLMNOPPQRSTUVWXYZ1234567890`~!@#$%^&*()-+_=[]{}-
\|;:",.<>/?|
+------------------------------------------------------------------------------------
-----------+
(1 row)
>>
* select c(c('abcdefghijklmnopqrstuvwxyzABCDEFGHIJKLMNOPPQRSTUVWXYZ1234567890`~!@#$%-
^&*()-+_=[]{}\|;:",.<>/?'))\g
<<

+------------------------------------------------------------------------------------
-----------+
|col1                                                                               -
           |
+------------------------------------------------------------------------------------
-----------+
|abcdefghijklmnopqrstuvwxyzABCDEFGHIJKLMNOPPQRSTUVWXYZ1234567890`~!@#$%^&*()-+_=[]{}-
\|;:",.<>/?|
+------------------------------------------------------------------------------------
-----------+
(1 row)
>>
* select c(char('abcdefghijklmnopqrstuvwxyzABCDEFGHIJKLMNOPPQRSTUVWXYZ1234567890`~!@-
#$%^&*()-+_=[]{}\|;:",.<>/?'))\g
<<

+------------------------------------------------------------------------------------
-----------+
|col1                                                                               -
           |
+------------------------------------------------------------------------------------
-----------+
|abcdefghijklmnopqrstuvwxyzABCDEFGHIJKLMNOPPQRSTUVWXYZ1234567890`~!@#$%^&*()-+_=[]{}-
\|;:",.<>/?|
+------------------------------------------------------------------------------------
-----------+
(1 row)
>>
* select c(date('101002'))\g
<<

+-------------------------+
|col1                     |
+-------------------------+
|10-oct-2002              |
+-------------------------+
(1 row)
>>
* select c(decimal(999999999999.99, 14, 2))\g
<<

+-----------------+
|col1  	          |
+-----------------+
|999999999999.99  |
+-----------------+
(1 row)
>>
/*
	Float8 is synonymous to Float and since there is no function called
   	float, the float8 function is used instead.
*/
* select c(float8(999999999999.99))\g 
<<

+-----------------+
|col1  	          |
+-----------------+
|999999999999.99  |
+-----------------+
(1 row)
>>
/*
	When 999999999999.99 is passed through a float4 conversion function, it
	produces 999999995904.00 as an approximate numeric value. 
*/
* select c(float4(999999999999.99))\g 
<<

+-----------------+
|col1  	          |
+-----------------+
|999999995904.00  |
+-----------------+
(1 row)
>>
* select c(int1(127))\g 
<<

+-----+
|col1 |
+-----+
|127  |
+-----+
(1 row)
>>
* select c(int2(32767))\g 
<<

+------+
|col1  |
+------+
|32767 |
+------+
(1 row)
>>
* select c(int4(2147483647))\g
<<

+-----------+
|col1       |
+-----------+
|2147483647 |
+-----------+
(1 row)
>>
/*
	For long_byte and long_varchar I had to specify a length of 100
	characters to be displayed to the screen, as the canons would have been
	too large to fit in the test.
*/
* select c(long_byte('abcdefghijklmnopqrstuvwxyzABCDEFGHIJKLMNOPPQRSTUVWXYZ123456789-
0`~!@#$%^&*()-+_=[]{}\|;:",.<>/?'), 100)\g
<<

+------------------------------------------------------------------------------------
-----------------+
|col1                                                                               -
                 |
+------------------------------------------------------------------------------------
-----------------+
|abcdefghijklmnopqrstuvwxyzABCDEFGHIJKLMNOPPQRSTUVWXYZ1234567890`~!@#$%^&*()-+_=[]{}-
\|;:",.<>/?      |
+------------------------------------------------------------------------------------
-----------------+
(1 row)
>>
* select c(long_varchar('abcdefghijklmnopqrstuvwxyzABCDEFGHIJKLMNOPPQRSTUVWXYZ123456-
7890`~!@#$%^&*()-+_=[]{}\|;:",.<>/?'), 100)\g
<<

+------------------------------------------------------------------------------------
-----------------+
|col1                                                                               -
                 |
+------------------------------------------------------------------------------------
-----------------+
|abcdefghijklmnopqrstuvwxyzABCDEFGHIJKLMNOPPQRSTUVWXYZ1234567890`~!@#$%^&*()-+_=[]{}-
\|;:",.<>/?      |
+------------------------------------------------------------------------------------
-----------------+
(1 row)
>>
* select c(money(999999999999.99))\g 
<<

+------------------+
|col1              |
+------------------+
| $ 999999999999.99|
+------------------+
(1 row)
>>
* select c(table_key('1234abcd'))\g
<<

+--------+
|col1    |
+--------+
|1234abcd|
+--------+
(1 row)
>>
* select c(object_key('12345678abcdefgh'))\g
<<

+----------------+
|col1            |
+----------------+
|12345678abcdefgh|
+----------------+
(1 row)
>>
* select c(text('abcdefghijklmnopqrstuvwxyzABCDEFGHIJKLMNOPPQRSTUVWXYZ1234567890`~!@-
#$%^&*()-+_=[]{}\|;:",.<>/?'))\g 
<<

+------------------------------------------------------------------------------------
-----------+
|col1                                                                               -
           |
+------------------------------------------------------------------------------------
-----------+
|abcdefghijklmnopqrstuvwxyzABCDEFGHIJKLMNOPPQRSTUVWXYZ1234567890`~!@#$%^&*()-+_=[]{}-
\|;:",.<>/?|
+------------------------------------------------------------------------------------
-----------+
(1 row)
>>
* select c(varchar('abcdefghijklmnopqrstuvwxyzABCDEFGHIJKLMNOPPQRSTUVWXYZ1234567890`-
~!@#$%^&*()-+_=[]{}\|;:",.<>/?'))\g 
<<

+------------------------------------------------------------------------------------
-----------+
|col1                                                                               -
           |
+------------------------------------------------------------------------------------
-----------+
|abcdefghijklmnopqrstuvwxyzABCDEFGHIJKLMNOPPQRSTUVWXYZ1234567890`~!@#$%^&*()-+_=[]{}-
\|;:",.<>/?|
+------------------------------------------------------------------------------------
-----------+
(1 row)
>>
/*
	In the following section the required tables for this test are created
	and then inserted with data to be tested with the c conversion
	function.
*/
* \i drop.sql
<<
~
>>
* \i tables_setup.sql
<<
(1 row)
>>
/*
	In the following section, values from selected columns of table
	tbl_dt42_a are passed through the c conversion function, which in turn are
	then inserted into the c_c column of table tbl_dt42_b. The	from_data_type
	column of table tbl_dt42_b shows what data type the c_c data was converted
	from.
*/
* \i insert_test.sql
<<
(1 row)
(1 row)
(1 row)
(1 row)
(1 row)
(1 row)
(1 row)
(1 row)
(1 row)
(1 row)
(1 row)
(1 row)
(1 row)
(1 row)
(1 row)
(1 row)
(1 row)
(1 row)
(1 row)
(1 row)
(1 row)
(1 row)
(1 row)
(1 row)
(1 row)
(1 row)
(1 row)
(1 row)
(1 row)
(1 row)
(1 row)
(1 row)
>>
* select * from tbl_dt42_b\p\g
<<
select * from tbl_dt42_b
+------------------------------------------------------------------------------------
-----------------+--------------------------------------+
|c_c                                                                                -
                 |from_data_type                        |
+------------------------------------------------------------------------------------
-----------------+--------------------------------------+
|abcdefghijklmnopqrstuvwxyzABCDEFGHIJKLMNOPPQRSTUVWXYZ1234567890`~!@#$%^&*()-+_=[]{}-
\|;:",.<>/?      |Converted from byte                   |
|abcdefghijklmnopqrstuvwxyzABCDEFGHIJKLMNOPPQRSTUVWXYZ1234567890`~!@#$%^&*()-+_=[]{}-
\|;:",.<>/?      |Converted from varbyte                |
|abcdefghijklmnopqrstuvwxyzABCDEFGHIJKLMNOPPQRSTUVWXYZ1234567890`~!@#$%^&*()-+_=[]{}-
\|;:",.<>/?      |Converted from c                      |
|abcdefghijklmnopqrstuvwxyzABCDEFGHIJKLMNOPPQRSTUVWXYZ1234567890`~!@#$%^&*()-+_=[]{}-
\|;:",.<>/?      |Converted from char                   |
|01-oct-2003                                                                        -
                 |Converted from date                   |
|999999999999.99                                                                    -
                 |Converted from decimal                |
|999999999999.99                                                                    -
                 |Converted from float                  |
|999999995904.00                                                                    -
                 |Converted from float4                 |
|127                                                                                -
                 |Converted from int1                   |
|32767                                                                              -
                 |Converted from int2                   |
|2147483647                                                                         -
                 |Converted from int4                   |
|abcdefghijklmnopqrstuvwxyzABCDEFGHIJKLMNOPPQRSTUVWXYZ1234567890`~!@#$%^&*()-+_=[]{}-
\|;:",.<>/?      |Converted from long_byte              |
|abcdefghijklmnopqrstuvwxyzABCDEFGHIJKLMNOPPQRSTUVWXYZ1234567890`~!@#$%^&*()-+_=[]{}-
\|;:",.<>/?      |Converted from long_varchar           |
|   $ 999999999999.99                                                               -
                 |Converted from money                  |
|abcdefghijklmnopqrstuvwxyzABCDEFGHIJKLMNOPPQRSTUVWXYZ1234567890`~!@#$%^&*()-+_=[]{}-
\|;:",.<>/?      |Converted from text                   |
|abcdefghijklmnopqrstuvwxyzABCDEFGHIJKLMNOPPQRSTUVWXYZ1234567890`~!@#$%^&*()-+_=[]{}-
\|;:",.<>/?      |Converted from varchar                |
+------------------------------------------------------------------------------------
-----------------+--------------------------------------+
(16 rows)
>>
* \i drop.sql
<<
drop tbl_dt42_a
drop tbl_dt42_b
>>
* \q 
<<
>>


Ending at: Thu Sep 25 15:39:57 2003
