/*
        Test Name: fia10
        Time:
        User Name: testenv

        Test ID : 
        Module  : be/datatypes
        Filename: 
        Purpose : 
        Input Files  : none
        Output Files : none
        Database     : 
        Tables       : 
        Synopsis     : 
                      

        History :  unknown 	Created         Author: John Black
		   07-aug-1992	Modified to sep format by John B. Park
                   10-Jan-1994  (jpark) updated canons.
		30-mar-1999     (yu$pe02) Hard code page size to 4K.
*/
? sql -s SEPPARAMDB 
<<
>>
* set autocommit on; \g
/*
** Miscellaneous Function Instances test cases 
*/
<<
>>
* drop table dt1, dt2;  \g
<<
~
>>
* create table dt1 (a decimal(15, 2), b f8, c i4)with page_size=4096; \g
/*
** 1. Test all function instances which ahve escaped use until now: is null, 
**    is not null, combinations of float and DECIMAL multiplication and 
**    division, unary operators on DECIMAL variables. 
*/
<<
>>
* insert into dt1 values (123.12, 123.1231, 123000);  \g
<<
(1 row)
>>
* insert into dt1 values (NULL, NULL, NULL);  \g
<<
(1 row)
>>
* insert into dt1 values (-123.11, -123.1232, -123000);  \g
<<
(1 row)
>>
* insert into dt1 values (0.0, 0, 0);  \g
<<
(1 row)
>>
* select a from dt1 where a is null; \g
<<
+-----------------+
|a                |
+-----------------+
|                 |
+-----------------+
(1 row)
>>
* select a from dt1 where a is not null;  \g
<<
+-----------------+
|a                |
+-----------------+
|           123.12|
|          -123.11|
|             0.00|
+-----------------+
(3 rows)
>>
* select a*b from dt1; \g
/*
** float * dec, dec * float, float / dec, dec * float, int * dec, dec * int, 
** int / dec, dec / int, are all isolated function instances (because of the 
** fact that float * money returns money; isn't it frustrating how one backward 
** compatibility issue causes so much inconsistency?) 
*/
<<
+-----------+
|col1       |
+-----------+
|  15158.916|
|           |
|  15157.697|
|      0.000|
+-----------+
(4 rows)
>>
* select b*a from dt1;  \g
<<
+-----------+
|col1       |
+-----------+
|  15158.916|
|           |
|  15157.697|
|      0.000|
+-----------+
(4 rows)
>>
* select a/b from dt1;  \g
<<
E_US106B Floating divide by zero detected in query.
    (Mon Jan 10 13:32:58 1994)

>>
* select b/a from dt1;  \g
<<
E_US106B Floating divide by zero detected in query.
    (Mon Jan 10 13:33:01 1994)

>>
* select a*c from dt1; \g
<<
+----------------------------+
|col1                        |
+----------------------------+
|                 15143760.00|
|                            |
|                 15142530.00|
|                        0.00|
+----------------------------+
(4 rows)
>>
* select c*a from dt1;  \g
<<
+----------------------------+
|col1                        |
+----------------------------+
|                 15143760.00|
|                            |
|                 15142530.00|
|                        0.00|
+----------------------------+
(4 rows)
>>
* select a/c from dt1;  \g
<<
E_AD1126 Packed Decimal divide by zero detected in query.
    (Mon Jan 10 13:33:05 1994)

>>
* select c/a from dt1;  \g
<<
E_AD1126 Packed Decimal divide by zero detected in query.
    (Mon Jan 10 13:33:07 1994)

>>
* select -a from dt1; \g
<<
+-----------------+
|col1             |
+-----------------+
|          -123.12|
|                 |
|           123.11|
|             0.00|
+-----------------+
(4 rows)
>>
* select +a from dt1;  \g
<<
+-----------------+
|col1             |
+-----------------+
|           123.12|
|                 |
|          -123.11|
|             0.00|
+-----------------+
(4 rows)
>>
* create table dt2 (a decimal(15,3), b f4, c f8, d i1, e i2, f i4, g money)with page_size=4096; \g
/*
** 2. Test all coercions between numeric types and DECIMAL. 
*/
<<
>>
* insert into dt2 values (123.12, 123.12, 123.12, 12, 12312,                        -
  12312312, '$123.12'); \g
<<
(1 row)
>>
* insert into dt2 select b, a, a, a, a, a, a from dt2; \g
<<
(1 row)
>>
* insert into dt2 (a) select c from dt2 where c is not null;  \g
<<
(2 rows)
>>
* insert into dt2 (a) select d from dt2 where d is not null;  \g
<<
(2 rows)
>>
* insert into dt2 (a) select e from dt2 where e is not null;  \g
<<
(2 rows)
>>
* insert into dt2 (a) select f from dt2 where f is not null;  \g
<<
(2 rows)
>>
* insert into dt2 (a) select g from dt2 where g is not null;  \g
<<
(2 rows)
>>
* select a, ii_dv_desc(a) from dt2; \g
<<
+-----------------+------------------------------+
|a                |col2                          |
+-----------------+------------------------------+
|          123.120|nullable decimal(15, 3)       |
|          123.120|nullable decimal(15, 3)       |
|          123.120|nullable decimal(15, 3)       |
|          123.120|nullable decimal(15, 3)       |
|           12.000|nullable decimal(15, 3)       |
|          123.000|nullable decimal(15, 3)       |
|        12312.000|nullable decimal(15, 3)       |
|          123.000|nullable decimal(15, 3)       |
|     12312312.000|nullable decimal(15, 3)       |
|          123.000|nullable decimal(15, 3)       |
|          123.120|nullable decimal(15, 3)       |
|          123.120|nullable decimal(15, 3)       |
+-----------------+------------------------------+
(12 rows)
>>
* select b, ii_dv_desc(b) from dt2 where b is not null;  \g
<<
+-----------+------------------------------+
|b          |col2                          |
+-----------+------------------------------+
|    123.120|nullable float4               |
|    123.120|nullable float4               |
+-----------+------------------------------+
(2 rows)
>>
* select c, ii_dv_desc(c) from dt2 where c is not null;  \g
<<
+-----------+------------------------------+
|c          |col2                          |
+-----------+------------------------------+
|    123.120|nullable float8               |
|    123.120|nullable float8               |
+-----------+------------------------------+
(2 rows)
>>
* select d, ii_dv_desc(d) from dt2 where d is not null;  \g
<<
+------+------------------------------+
|d     |col2                          |
+------+------------------------------+
|    12|nullable integer1             |
|   123|nullable integer1             |
+------+------------------------------+
(2 rows)
>>
* select e, ii_dv_desc(e) from dt2 where e is not null;  \g
<<
+------+------------------------------+
|e     |col2                          |
+------+------------------------------+
| 12312|nullable integer2             |
|   123|nullable integer2             |
+------+------------------------------+
(2 rows)
>>
* select f, ii_dv_desc(f) from dt2 where f is not null;  \g
<<
+-------------+------------------------------+
|f            |col2                          |
+-------------+------------------------------+
|     12312312|nullable integer4             |
|          123|nullable integer4             |
+-------------+------------------------------+
(2 rows)
>>
* select g, ii_dv_desc(g) from dt2 where g is not null;  \g
<<
+--------------------+------------------------------+
|g                   |col2                          |
+--------------------+------------------------------+
|             $123.12|nullable money                |
|             $123.12|nullable money                |
+--------------------+------------------------------+
(2 rows)
>>
* \q
<<
>>


Ending at: Mon Jan 10 13:33:11 1994
