/*
Copyright (c) 2007 Ingres Corporation

        Test Name    : dwt00.sep (formerly fia01)
        User Name    : testenv
        Module       : be/datatypes
        Purpose      : Verify valid/invalid DECIMAL column formats.
        Input Files  : none
        Output Files : none
        Database     : datatypedb
        Tables       : 
        Synopsis     : 1. Check all valid DECIMAL column formats
		          (DECIMAL[(p[,s])) and check to make sure correct
		          defaults are used.  Default Precision is 5; default
			  scale is 0.
		       2. Try various nullability settings in combination with 1.
		       3. Try synonyms "DEC" and "NUMERIC" for DECIMAL column
			  creation.  Do same tests as in 1. above.
		       4. Test table creation errors: invalid precision by itself,
			  ivalid precision with valid scale, valid precision with
			  invalid scale, expression in precision's position, and
			  non-integral type used in precision's position.

        History :
	      unknown	John Black   Create 
	  07-aug-1992	John B. Park Modified to sep format
          10-Jan-1994	(jpark)      Updated canons.
           7-Nov-1996	(Author)
	  23-Mar-1999   (vande02) Hard-coded VPG_SZ to 2K and added empty canon
				  after 'sql -s SEPPARAMDB1' if the test db does
				  not exist, you will see the msg."TM could not
				  connect to the database".
	   5-Jun-2007	(vande02) Changed 'create table' statements to hit the
				  new maximum(39)+1 for decimal data types as of
				  Ingres 2006 Release 3.

				  Cleaned up header and added the embedded
				  comments to the Synopsis.
*/
? sql -s SEPPARAMDB 
/*
** Table Creation test cases 
*/
<<

>>
* set autocommit on; \g
<<
>>
* drop table dt1, dt2, dt3; \g
<<
~
>>
* create table dt1 (a decimal,b decimal(10),c decimal(10,2),d decimal(31,0))with pag-
e_size=2048;\g
/*
** 1. Check all valid DECIMAL column formats (DECIMAL[(p[,s])) and check 
**    to make sure correct defaults are used. 
**    default Precision is 5; default scale is 0 
*/
<<
>>
* insert into dt1 values (1,1,1,1); \g
<<
(1 row)
>>
* select ii_dv_desc(a) from dt1;  \g
<<
+------------------------------+
|col1                          |
+------------------------------+
|nullable decimal(5, 0)        |
+------------------------------+
(1 row)
>>
* select ii_dv_desc(b) from dt1;  \g
<<
+------------------------------+
|col1                          |
+------------------------------+
|nullable decimal(10, 0)       |
+------------------------------+
(1 row)
>>
* select ii_dv_desc(c) from dt1;  \g
<<
+------------------------------+
|col1                          |
+------------------------------+
|nullable decimal(10, 2)       |
+------------------------------+
(1 row)
>>
* select ii_dv_desc(d) from dt1;  \g
<<
+------------------------------+
|col1                          |
+------------------------------+
|nullable decimal(31, 0)       |
+------------------------------+
(1 row)
>>
* drop table dt1; 
/*
** 2. Try various nullability settings in combination with above. 
*/
<<
>>
* create table dt1 (a decimal with null, 		    b decimal(10) not null, 		    c decim-
al(10,2) with null, 		    d decimal(31,0) not null)with page_size=2048; \g
<<
>>
* insert into dt1 values (1,1,1,1); \g
<<
(1 row)
>>
* select ii_dv_desc(a) from dt1;  \g
<<
+------------------------------+
|col1                          |
+------------------------------+
|nullable decimal(5, 0)        |
+------------------------------+
(1 row)
>>
* select ii_dv_desc(b) from dt1;  \g
<<
+------------------------------+
|col1                          |
+------------------------------+
|decimal(10, 0)                |
+------------------------------+
(1 row)
>>
* select ii_dv_desc(c) from dt1;  \g
<<
+------------------------------+
|col1                          |
+------------------------------+
|nullable decimal(10, 2)       |
+------------------------------+
(1 row)
>>
* select ii_dv_desc(d) from dt1;  \g
<<
+------------------------------+
|col1                          |
+------------------------------+
|decimal(31, 0)                |
+------------------------------+
(1 row)
>>
* create table dt2 (a numeric, b numeric(1), c numeric(15,15), d dec, 		    e dec(31-
), f dec(31,30), g dec(30,29))with page_size=2048; \g
/*
** 3. Try synonyms "DEC" and "NUMERIC" for DECIMAL column creation. 
**    Do same tests as in #1 above 
*/
<<
>>
* insert into dt2 values (1, 1, 0.1, 1, 1, 1, 1); \g
<<
(1 row)
>>
* select ii_dv_desc(a) from dt2;  \g
<<
+------------------------------+
|col1                          |
+------------------------------+
|nullable decimal(5, 0)        |
+------------------------------+
(1 row)
>>
* select ii_dv_desc(b) from dt2;  \g
<<
+------------------------------+
|col1                          |
+------------------------------+
|nullable decimal(1, 0)        |
+------------------------------+
(1 row)
>>
* select ii_dv_desc(c) from dt2;  \g
<<
+------------------------------+
|col1                          |
+------------------------------+
|nullable decimal(15, 15)      |
+------------------------------+
(1 row)
>>
* select ii_dv_desc(d) from dt2;  \g
<<
+------------------------------+
|col1                          |
+------------------------------+
|nullable decimal(5, 0)        |
+------------------------------+
(1 row)
>>
* select ii_dv_desc(e) from dt2;  \g
<<
+------------------------------+
|col1                          |
+------------------------------+
|nullable decimal(31, 0)       |
+------------------------------+
(1 row)
>>
* select ii_dv_desc(f) from dt2;  \g
<<
+------------------------------+
|col1                          |
+------------------------------+
|nullable decimal(31, 30)      |
+------------------------------+
(1 row)
>>
* select ii_dv_desc(g) from dt2;  \g
<<
+------------------------------+
|col1                          |
+------------------------------+
|nullable decimal(30, 29)      |
+------------------------------+
(1 row)
>>
* create table dt3 (a decimal(40))with page_size=2048; \g
/*
** 4. Test table creation errors: invalid precision by itself, ivalid 
**    precision with valid scale, valid precision with invalid scale, 
**    expression in precision's position, and non-integral type used in  
**    precision's position 
*/
<<
E_US07DE CREATE or ALTER TABLE: invalid column format 'decimal' on column
    'a'.
    (Thu Nov  7 06:36:33 1996)

>>
* create table dt3 (a decimal(0))with page_size=2048;  \g
<<
E_US07DE CREATE or ALTER TABLE: invalid column format 'decimal' on column
    'a'.
    (Thu Nov  7 06:36:35 1996)

>>
* create table dt3 (a decimal(40,0))with page_size=2048;  \g
<<
E_US07DE CREATE or ALTER TABLE: invalid column format 'decimal' on column
    'a'.
    (Thu Nov  7 06:36:37 1996)

>>
* create table dt3 (a decimal(0,0))with page_size=2048;  \g
<<
E_US07DE CREATE or ALTER TABLE: invalid column format 'decimal' on column
    'a'.
    (Thu Nov  7 06:36:39 1996)

>>
* create table dt3 (a decimal(10,11))with page_size=2048;  \g
<<
E_US07DE CREATE or ALTER TABLE: invalid column format 'decimal' on column
    'a'.
    (Thu Nov  7 06:36:40 1996)

>>
* create table dt3 (a decimal(10,-1))with page_size=2048;  \g
<<
E_US0F0F line 1, Syntax error on '-'.  The correct syntax is: 
    CREATE TABLE tablename ( 
       columnname format [default_clause] [null_clause]  [column_constraint]
    
     | table_constraint 
       {, ... } ) 
       [with_clause] 
     
     CREATE TABLE tablename [(colname_list)] 
       AS subselect 
   [with_clause] 
    (Mon Jan 10 11:14:54 1994)

E_US0AA2 line 1, Syntax error on '-'. An integer constant expected.
    (Mon Jan 10 11:14:54 1994)

>>
* create table dt3 (a decimal(31,40))with page_size=2048;  \g
<<
E_US07DE CREATE or ALTER TABLE: invalid column format 'decimal' on column
    'a'.
    (Thu Nov  7 06:36:43 1996)

>>
* create table dt3 (a decimal(1+2,1))with page_size=2048;  \g
<<
E_US0F0F line 1, Syntax error on '+'.  The correct syntax is: 
    CREATE TABLE tablename ( 
       columnname format [default_clause] [null_clause]  [column_constraint]
    
     | table_constraint 
       {, ... } ) 
       [with_clause] 
     
     CREATE TABLE tablename [(colname_list)] 
       AS subselect 
   [with_clause] 
    (Mon Jan 10 11:15:01 1994)

>>
* create table dt3 (a decimal(2.1,1))with page_size=2048;  \g
<<
E_US0F0F line 1, Syntax error on '2.1'.  The correct syntax is: 
    CREATE TABLE tablename ( 
       columnname format [default_clause] [null_clause]  [column_constraint]
    
     | table_constraint 
       {, ... } ) 
       [with_clause] 
     
     CREATE TABLE tablename [(colname_list)] 
       AS subselect 
   [with_clause] 
    (Mon Jan 10 11:15:04 1994)

E_US0AA2 line 1, Syntax error on '2.1'. An integer constant expected.
    (Mon Jan 10 11:15:04 1994)

>>
* \q
<<
>>


Ending at: Thu Nov  7 06:36:52 1996
