/*
        Test Name: fia05
        Time:
        User Name: testenv

        Test ID : 
        Module  : be/datatypes
        Filename: 
        Purpose : 
        Input Files  : none
        Output Files : none
        Database     : 
        Tables       : 
        Synopsis     : 
                      

        History :  unknown 	Created         Author: John Black
		   07-aug-1992	Modified to sep format by John B. Park
                   10-Jan-1994  (jpark) updated canons.
*/
? sql -s SEPPARAMDB 
<<
>>
* set autocommit on; \g
/*
** Numeric Functions test cases 
*/
<<
>>
* select abs(123456789.123), ii_dv_desc(abs(123456789.123)); \g
/*
** 1. Test numeric functions: abs(), mod(), atan(), cos(), exp(), log(), 
**    sin(), sqrt(), and ** (exponentiation) on DECIMAL values.  Verify 
**    correct result and correct result datatype. 
**   
** 2. Test ii_dv_desc() function indirectly by using throughout these tests. 
*/
<<

+--------------+------------------------------+
|col1          |col2                          |
+--------------+------------------------------+
| 123456789.123|decimal(12, 3)                |
+--------------+------------------------------+
(1 row)
>>
* select abs(-123456789.123), ii_dv_desc(abs(-123456789.123));  \g
<<

+--------------+------------------------------+
|col1          |col2                          |
+--------------+------------------------------+
| 123456789.123|decimal(12, 3)                |
+--------------+------------------------------+
(1 row)
>>
* select abs(0.123), ii_dv_desc(abs(0.123));  \g
<<

+------+------------------------------+
|col1  |col2                          |
+------+------------------------------+
| 0.123|decimal(4, 3)                 |
+------+------------------------------+
(1 row)
>>
* select abs(-0.123), ii_dv_desc(abs(-0.123));  \g
<<

+------+------------------------------+
|col1  |col2                          |
+------+------------------------------+
| 0.123|decimal(4, 3)                 |
+------+------------------------------+
(1 row)
>>
* select abs(0.0), ii_dv_desc(abs(0.0));  \g
<<

+----+------------------------------+
|col1|col2                          |
+----+------------------------------+
| 0.0|decimal(2, 1)                 |
+----+------------------------------+
(1 row)
>>
* select abs(-0.0), ii_dv_desc(abs(-0.0));  \g
<<

+----+------------------------------+
|col1|col2                          |
+----+------------------------------+
| 0.0|decimal(2, 1)                 |
+----+------------------------------+
(1 row)
>>
* select mod(123.123, 12); \g
/*
** There is no mod() for decimal; should coerce to integer
*/
<<
+------+
|col1  |
+------+
|     3|
+------+
(1 row)
>>
* select ii_dv_desc(mod(123.123, 12));  \g
<<
+------------------------------+
|col1                          |
+------------------------------+
|integer2                      |
+------------------------------+
(1 row)
>>
* select atan(123.123); \g
/*
** There is no decimal support for any of these; make sure they work by 
** coercing to float and have a float result 
*/
<<
+-----------+
|col1       |
+-----------+
|      1.563|
+-----------+
(1 row)
>>
* select ii_dv_desc(atan(123.123));  \g
<<
+------------------------------+
|col1                          |
+------------------------------+
|float8                        |
+------------------------------+
(1 row)
>>
* select cos(123.123); \g
<<
+-----------+
|col1       |
+-----------+
|     -0.825|
+-----------+
(1 row)
>>
* select ii_dv_desc(cos(123.123));  \g
<<
+------------------------------+
|col1                          |
+------------------------------+
|float8                        |
+------------------------------+
(1 row)
>>
* select exp(3.123); \g
<<
+-----------+
|col1       |
+-----------+
|     22.714|
+-----------+
(1 row)
>>
* select ii_dv_desc(exp(3.123));  \g
<<
+------------------------------+
|col1                          |
+------------------------------+
|float8                        |
+------------------------------+
(1 row)
>>
* select log(123.123); \g
<<
+-----------+
|col1       |
+-----------+
|      4.813|
+-----------+
(1 row)
>>
* select ii_dv_desc(log(123.123));  \g
<<
+------------------------------+
|col1                          |
+------------------------------+
|float8                        |
+------------------------------+
(1 row)
>>
* select sin(123.123); \g
<<
+-----------+
|col1       |
+-----------+
|     -0.565|
+-----------+
(1 row)
>>
* select ii_dv_desc(sin(123.123));  \g
<<
+------------------------------+
|col1                          |
+------------------------------+
|float8                        |
+------------------------------+
(1 row)
>>
* select sqrt(123.123); \g
<<
+-----------+
|col1       |
+-----------+
|     11.096|
+-----------+
(1 row)
>>
* select ii_dv_desc(sqrt(123.123));  \g
<<
+------------------------------+
|col1                          |
+------------------------------+
|float8                        |
+------------------------------+
(1 row)
>>
* select 123.123**10; \g
<<

+-----------+
|col1       |
+-----------+
| 8.006e+020|
+-----------+
(1 row)
>>
* select ii_dv_desc(123.123**10);  \g
<<
+------------------------------+
|col1                          |
+------------------------------+
|float8                        |
+------------------------------+
(1 row)
>>
* \q
<<
>>


Ending at: Mon Jan 10 11:52:02 1994
