/*
	Test Name: fja03.sep
	Time     : 25-Jun-1993 13:29:53
	User Name: testenv 

	Test ID  : fja03 
	Module   : datatypes 
	Filename : fja03.sep
	Purpose  : It tests the semantics and syntax of float precision  
	Input Files  : none 
	Output Files : none 
	Database     : SEPPARAMDB 
	Tables       : 
	Synopsis     : It creates tables with different size of float datatype 
	History      : 25-Jun-1993 (daniel lee)
        <<< IMPORTANT NOTE: >>>
	The float precision display in the canon may
	NOT be correct because of a problem with the
	terminal monitor(TM) when this test was written.
        It is strongly recommended to check the canon FIRST !!!
          20-Jun-1995	(ciodi01)
			Modified canons for statements "help table foo2;\g"
			and "help table foo3;\g" to reflect that the version
			is OPING1.1 and that the default for journalling a 
			table is now "enabled after next checkpoint"
			(before, it was "disabled").
          15-Sep-1995	(gauje02)  updated some canons to to reflect that the
                        version is now OPING1.2.
           7-Nov-1996	(Author)
          28-May-1997   (seran01) Changed canon for help table command to 
                         reflect OI 2.0 changes
          07-Jan-1999   (hanch04) Replace table version with TBL_VER
	  23-Mar-1999   (vande02) Hard-coded VPG_SZ to 4K and added
                                  empty canon after 'sql -s SEPPARAMDB1'
                                  if the test db does not exist, you
                                  will see the msg."TM could not connect" and 
				  removed TBL_VER (grammar.lex masks table vers)
          31-Mar-2010   (hanal04) Bug 123481 Extend width of Type column in
                                  HELP TABLE output.
*/
? sql -s SEPPARAMDB 
<<

>>
* drop foo2, foo3;\g
<<
~
>>
* create table foo2 ( col1 float(53)) with page_size=4096;\g
<<
>>
* create table foo3 ( col1 float(0)) with page_size=4096;\g
<<
>>
* help table foo2;\g
<<
Name:                 foo2
Owner:                testenv
Created:              07-nov-1996 06:41:24     
Location:             ii_database
Type:                 user table
Version:              OI2.0
Page size:            4096
Cache priority:       0
Alter table version:  0
Alter table totwidth: 9
Row width:            9
Number of rows:       0
Storage structure:    heap
Compression:          none
Duplicate Rows:       allowed
Number of pages:      3
Overflow data pages:  0
Journaling:           enabled after the next checkpoint
Base table for view:  no
Permissions:          none
Integrities:          none
Optimizer statistics: none

Column Information:
                                                                          Key
Column Name                      Type               Length Nulls Defaults Seq
col1                             float                   8  yes    null       

Secondary indexes:    none



>>
* help table foo3;\g
<<
Name:                 foo3
Owner:                testenv
Created:              07-nov-1996 06:41:25     
Location:             ii_database
Type:                 user table
Version:              OI2.0
Page size:            4096
Cache priority:       0
Alter table version:  0
Alter table totwidth: 5
Row width:            5
Number of rows:       0
Storage structure:    heap
Compression:          none
Duplicate Rows:       allowed
Number of pages:      3
Overflow data pages:  0
Journaling:           enabled after the next checkpoint
Base table for view:  no
Permissions:          none
Integrities:          none
Optimizer statistics: none

Column Information:
                                                                          Key
Column Name                      Type               Length Nulls Defaults Seq
col1                             float                   4  yes    null       

Secondary indexes:    none



>>
* insert into foo2 (col1) values (1.000000000000);\g
<<
(1 row)
>>
* insert into foo2 (col1) values (2.23232323232323323);\g
<<
(1 row)
>>
* insert into foo2 (col1) values (12.34529847);\g
<<
(1 row)
>>
* insert into foo3 (col1) values (123.098888);\g
<<
(1 row)
>>
* insert into foo3 (col1) values (121212122.00000009);\g
<<
(1 row)
>>
* select * from foo2;\g
<<

+-----------+
|col1       |
+-----------+
|      1.000|
|      2.232|
|     12.345|
+-----------+
(3 rows)
>>
* select ii_dv_desc(col1) from foo2;\g
<<

+------------------------------+
|col1                          |
+------------------------------+
|nullable float8               |
|nullable float8               |
|nullable float8               |
+------------------------------+
(3 rows)
>>
* select * from foo3;\g
<<

+-----------+
|col1       |
+-----------+
|    123.099|
| 1.212e+008|
+-----------+
(2 rows)
>>
* select ii_dv_desc(col1) from foo3;\g
<<

+------------------------------+
|col1                          |
+------------------------------+
|nullable float4               |
|nullable float4               |
+------------------------------+
(2 rows)
>>
* \q
<<
~
>>


Ending at: Thu Nov  7 06:41:45 1996
