/*
Copyright (c) 2007 Ingres Corporation

	Test Name: dtw26.sep (formerly fja14.sep)
	Time     : 28-Jun-1993 13:29:05
	User Name: testenv 

	Test ID  : dtw26
	Module   : datatypes 
	Filename : dtw26.sep 
	Purpose  : It tests the semantics and syntax of float precision
	Input Files  : none 
	Output Files : none 
	Database     : SEPPARAMDB 
	Tables       : 
	Synopsis     : It creates tables with different datatypes
		       and tests the functionality of the float precision
	History      : 28-Jun-1993 (daniel lee)
                       created the test
        <<< IMPORTANT NOTE: >>>
        The float precision display in the canon may
        NOT be correct because of a problem with the
        terminal monitor(TM) when this test was written.
        It is strongly recommended to check the canon FIRST !!!
        20-Jun-1995	(ciodi01) Replaced canon for the statement "select *
				  from fl_10402;" since very small positive or
				  negative numbers, which used to be displayed
				  as 0.000 or 0.001 are now correctly displayed
				  in exponential format.
        17-Dec-1997	(zhaqi01) Modify canon due to change of float
	30-mar-1999     (yu$pe02) Hard code page size to 8K.
        01-May-2007     (vande02) Added alternate canon for select from 'dt3' as
                                  Development have determined a minor floating
                                  point round up verses round down is acceptable
                                  behavior on platforms such as HP-UX. Made
                                  minor header corrections.
        05-Jun-2007     (vande02) Updated canons where ii_dv_desc returns the
				  new maximum precision of 39 when using
				  ii_dv_desc with aggregate (sum/avg) queries
				  and decimal columns.

				  This new max of 39 is as of Ingres 2006
				  Release 3.
*/
? sql -s SEPPARAMDB 
<<
>>
* set autocommit on;\g
<<
>>
* drop table fl_10400, fl_10401, fl_10402, fl_10403, fl_10404;\g
<<
~
>>
* drop table fl_10405, fl_10406, fl_10407;\g
<<
~
>>
* create table fl_10400 (a float8) with page_size=8192;\g
<<
>>
* create table fl_10401 ( d decimal(31, 0), f float8) with page_size=8192;\g
<<
>>
* create table fl_10402 ( d decimal(31, 31), f float8) with page_size=8192;\g
<<
>>
* create table fl_10403 ( d decimal(16, 7), f float8) with page_size=8192;\g
<<
>>
* create table fl_10404 ( d decimal(16, 8), f float8) with page_size=8192;\g
<<
>>
* create table fl_10405 ( d decimal(15, 7), f float8) with page_size=8192;\g
<<
>>
* create table fl_10406 ( d decimal(15, 6), f float8) with page_size=8192;\g
<<
>>
* insert into fl_10401 values (-500, -500e);\g
<<
(1 row)
>>
* insert into fl_10401 values (520110, 520110e);\g
<<
(1 row)
>>
* insert into fl_10401 values (0., 0e);\g
<<
(1 row)
>>
* insert into fl_10401 values (120., 120e);\g
<<
(1 row)
>>
* insert into fl_10401 values (-550., -550e);\g
<<
(1 row)
>>
* insert into fl_10401 values (-500000., -500000e);\g
<<
(1 row)
>>
* insert into fl_10401 values (900., 900e);\g
<<
(1 row)
>>
* insert into fl_10401 values (-512312300., -512312300e);\g
<<
(1 row)
>>
* insert into fl_10401 values (23., 23e);\g
<<
(1 row)
>>
* insert into fl_10401 values (44., 44e);\g
<<
(1 row)
>>
* insert into fl_10401 values (170001, 170001e);\g
<<
(1 row)
>>
* insert into fl_10401 values (12., 12e);\g
<<
(1 row)
>>
* insert into fl_10401 values (144., 144e);\g
<<
(1 row)
>>
* insert into fl_10401 values (19001002., 19001002e);\g
<<
(1 row)
>>
* insert into fl_10402 select decimal(d, 15, 0)/1000000000., f/1000000000e     from -
fl_10401;\g
<<
(14 rows)
>>
* insert into fl_10403 select decimal(d, 15, 0)/10000., f/10000e from     fl_10401;\-
g
<<
(14 rows)
>>
* insert into fl_10404 values (1., 1e);\g
<<
(1 row)
>>
* insert into fl_10405 values (1., 1e);\g
<<
(1 row)
>>
* insert into fl_10406 values (1., 1e);\g
<<
(1 row)
>>
* select * from fl_10401;\g
<<

+--------------------------------+-----------+
|d                               |f          |
+--------------------------------+-----------+
|                            -500|   -500.000|
|                          520110| 520110.000|
|                               0|      0.000|
|                             120|    120.000|
|                            -550|   -550.000|
|                         -500000|-500000.000|
|                             900|    900.000|
|                      -512312300|-5.123e+008|
|                              23|     23.000|
|                              44|     44.000|
|                          170001| 170001.000|
|                              12|     12.000|
|                             144|    144.000|
|                        19001002| 1.900e+007|
+--------------------------------+-----------+
(14 rows)
>>
* select min(d), ii_dv_desc(min(d)), min(f), ii_dv_desc(min(f)) from     fl_10401;\g
<<

+--------------------------------+------------------------------+-----------+--------
-----------------------+
|col1                            |col2                          |col3       |col4   -
                       |
+--------------------------------+------------------------------+-----------+--------
-----------------------+
|                      -512312300|nullable decimal(31, 0)       |-5.123e+008|nullabl-
e float8               |
+--------------------------------+------------------------------+-----------+--------
-----------------------+
(1 row)
>>
* select max(d), ii_dv_desc(max(d)), max(f), ii_dv_desc(max(f)) from     fl_10401;\g
<<

+--------------------------------+------------------------------+-----------+--------
-----------------------+
|col1                            |col2                          |col3       |col4   -
                       |
+--------------------------------+------------------------------+-----------+--------
-----------------------+
|                        19001002|nullable decimal(31, 0)       | 1.900e+007|nullabl-
e float8               |
+--------------------------------+------------------------------+-----------+--------
-----------------------+
(1 row)
>>
* select sum(d), ii_dv_desc(sum(d)), sum(f), ii_dv_desc(sum(f)) from     fl_10401;\g
<<

+--------------------------------+------------------------------+-----------+--------
-----------------------+
|col1                            |col2                          |col3       |col4   -
                       |
+--------------------------------+------------------------------+-----------+--------
-----------------------+
|                      -493120994|nullable decimal(39, 0)       |-4.931e+008|nullabl-
e float8               |
+--------------------------------+------------------------------+-----------+--------
-----------------------+
(1 row)
>>
* select avg(d), ii_dv_desc(avg(d)), avg(f), ii_dv_desc(avg(f)) from     fl_10401;\g
<<

+---------------------------------+------------------------------+-----------+-------
------------------------+
|col1                             |col2                          |col3       |col4  -
                        |
+---------------------------------+------------------------------+-----------+-------
------------------------+
|                      -35222928.1|nullable decimal(39, 1)       |-3.522e+007|nullab-
le float8               |
+---------------------------------+------------------------------+-----------+-------
------------------------+
(1 row)
>>
* select count(d), ii_dv_desc(count(d)), count(f), ii_dv_desc(count(f)) from     fl_-
10401;\g
<<

+-------------+------------------------------+-------------+-------------------------
------+
|col1         |col2                          |col3         |col4                    -
      |
+-------------+------------------------------+-------------+-------------------------
------+
|           14|integer4                      |           14|integer4                -
      |
+-------------+------------------------------+-------------+-------------------------
------+
(1 row)
>>
* insert into fl_10401 values (NULL, NULL);\g
<<
(1 row)
>>
* select min(d), ii_dv_desc(min(d)), min(f), ii_dv_desc(min(f)) from     fl_10401;\g
<<

+--------------------------------+------------------------------+-----------+--------
-----------------------+
|col1                            |col2                          |col3       |col4   -
                       |
+--------------------------------+------------------------------+-----------+--------
-----------------------+
|                      -512312300|nullable decimal(31, 0)       |-5.123e+008|nullabl-
e float8               |
+--------------------------------+------------------------------+-----------+--------
-----------------------+
(1 row)
>>
* select max(d), ii_dv_desc(max(d)), max(f), ii_dv_desc(max(f)) from     fl_10401;\g
<<

+--------------------------------+------------------------------+-----------+--------
-----------------------+
|col1                            |col2                          |col3       |col4   -
                       |
+--------------------------------+------------------------------+-----------+--------
-----------------------+
|                        19001002|nullable decimal(31, 0)       | 1.900e+007|nullabl-
e float8               |
+--------------------------------+------------------------------+-----------+--------
-----------------------+
(1 row)
>>
* select sum(d), ii_dv_desc(sum(d)), sum(f), ii_dv_desc(sum(f)) from     fl_10401;\g
<<

+--------------------------------+------------------------------+-----------+--------
-----------------------+
|col1                            |col2                          |col3       |col4   -
                       |
+--------------------------------+------------------------------+-----------+--------
-----------------------+
|                      -493120994|nullable decimal(39, 0)       |-4.931e+008|nullabl-
e float8               |
+--------------------------------+------------------------------+-----------+--------
-----------------------+
(1 row)
>>
* select avg(d), ii_dv_desc(avg(d)), avg(f), ii_dv_desc(avg(f)) from     fl_10401;\g
<<

+---------------------------------+------------------------------+-----------+-------
------------------------+
|col1                             |col2                          |col3       |col4  -
                        |
+---------------------------------+------------------------------+-----------+-------
------------------------+
|                      -35222928.1|nullable decimal(39, 1)       |-3.522e+007|nullab-
le float8               |
+---------------------------------+------------------------------+-----------+-------
------------------------+
(1 row)
>>
* select count(d), ii_dv_desc(count(d)), count(f), ii_dv_desc(count(f)) from     fl_-
10401;\g
<<

+-------------+------------------------------+-------------+-------------------------
------+
|col1         |col2                          |col3         |col4                    -
      |
+-------------+------------------------------+-------------+-------------------------
------+
|           14|integer4                      |           14|integer4                -
      |
+-------------+------------------------------+-------------+-------------------------
------+
(1 row)
>>
* select count(*) from fl_10401;\g
<<

+-------------+
|col1         |
+-------------+
|           15|
+-------------+
(1 row)
>>
* select avg(d), avg(f) from fl_10401 where d > 0.0;\g
<<

+---------------------------------+-----------+
|col1                             |col2       |
+---------------------------------+-----------+
|                        2188039.5|2188039.556|
+---------------------------------+-----------+
(1 row)
>>
* select * from fl_10402;\g
<<

+----------------------------------+-----------+
|d                                 |f          |
+----------------------------------+-----------+
|-0.0000005000000000000000000000000|     -0.000|
| 0.0005201100000000000000000000000|      0.001|
| 0.0000000000000000000000000000000|      0.000|
| 0.0000001200000000000000000000000|      0.000|
|-0.0000005500000000000000000000000|     -0.000|
|-0.0005000000000000000000000000000|     -0.001|
| 0.0000009000000000000000000000000|      0.000|
|-0.5123123000000000000000000000000|     -0.512|
| 0.0000000230000000000000000000000|      0.000|
| 0.0000000440000000000000000000000|      0.000|
| 0.0001700010000000000000000000000|      0.000|
| 0.0000000120000000000000000000000|      0.000|
| 0.0000001440000000000000000000000|      0.000|
| 0.0190010020000000000000000000000|      0.019|
+----------------------------------+-----------+
(14 rows)
>>
<<

+----------------------------------+-----------+
|d                                 |f          |
+----------------------------------+-----------+
|-0.0000005000000000000000000000000|     -0.000|
| 0.0005201100000000000000000000000|      0.001|
| 0.0000000000000000000000000000000|      0.000|
| 0.0000001200000000000000000000000|      0.000|
|-0.0000005500000000000000000000000|     -0.000|
|-0.0005000000000000000000000000000|     -0.000|
| 0.0000009000000000000000000000000|      0.000|
|-0.5123123000000000000000000000000|     -0.512|
| 0.0000000230000000000000000000000|      0.000|
| 0.0000000440000000000000000000000|      0.000|
| 0.0001700010000000000000000000000|      0.000|
| 0.0000000120000000000000000000000|      0.000|
| 0.0000001440000000000000000000000|      0.000|
| 0.0190010020000000000000000000000|      0.019|
+----------------------------------+-----------+
(14 rows)
>>
* select min(d), ii_dv_desc(min(d)), min(f), ii_dv_desc(min(f)) from     fl_10402;\g
<<

+----------------------------------+------------------------------+-----------+------
-------------------------+
|col1                              |col2                          |col3       |col4 -
                         |
+----------------------------------+------------------------------+-----------+------
-------------------------+
|-0.5123123000000000000000000000000|nullable decimal(31, 31)      |     -0.512|nulla-
ble float8               |
+----------------------------------+------------------------------+-----------+------
-------------------------+
(1 row)
>>
* select max(d), ii_dv_desc(max(d)), max(f), ii_dv_desc(max(f)) from     fl_10402;\g
<<

+----------------------------------+------------------------------+-----------+------
-------------------------+
|col1                              |col2                          |col3       |col4 -
                         |
+----------------------------------+------------------------------+-----------+------
-------------------------+
| 0.0190010020000000000000000000000|nullable decimal(31, 31)      |      0.019|nulla-
ble float8               |
+----------------------------------+------------------------------+-----------+------
-------------------------+
(1 row)
>>
* select sum(d), ii_dv_desc(sum(d)), sum(f), ii_dv_desc(sum(f)) from     fl_10402;\g
<<

+----------------------------------+------------------------------+-----------+------
-------------------------+
|col1                              |col2                          |col3       |col4 -
                         |
+----------------------------------+------------------------------+-----------+------
-------------------------+
|-0.4931209940000000000000000000000|nullable decimal(39, 31)      |     -0.493|nulla-
ble float8               |
+----------------------------------+------------------------------+-----------+------
-------------------------+
(1 row)
>>
* select avg(d), ii_dv_desc(avg(d)), avg(f), ii_dv_desc(avg(f)) from     fl_10402;\g
<<

+----------------------------------+------------------------------+-----------+------
-------------------------+
|col1                              |col2                          |col3       |col4 -
                         |
+----------------------------------+------------------------------+-----------+------
-------------------------+
|-0.03522292814285714285714285714285|nullable decimal(39, 32)      |     -0.035|nulla-
ble float8               |
+----------------------------------+------------------------------+-----------+------
-------------------------+
(1 row)
>>
* select count(d), ii_dv_desc(count(d)), count(f), ii_dv_desc(count(f)) from     fl_-
10402;\g
<<

+-------------+------------------------------+-------------+-------------------------
------+
|col1         |col2                          |col3         |col4                    -
      |
+-------------+------------------------------+-------------+-------------------------
------+
|           14|integer4                      |           14|integer4                -
      |
+-------------+------------------------------+-------------+-------------------------
------+
(1 row)
>>
* select * from fl_10403;\g
<<

+------------------+-----------+
|d                 |f          |
+------------------+-----------+
|        -0.0500000|     -0.050|
|        52.0110000|     52.011|
|         0.0000000|      0.000|
|         0.0120000|      0.012|
|        -0.0550000|     -0.055|
|       -50.0000000|    -50.000|
|         0.0900000|      0.090|
|    -51231.2300000| -51231.230|
|         0.0023000|      0.002|
|         0.0044000|      0.004|
|        17.0001000|     17.000|
|         0.0012000|      0.001|
|         0.0144000|      0.014|
|      1900.1002000|   1900.100|
+------------------+-----------+
(14 rows)
>>
* select min(d), ii_dv_desc(min(d)), min(f), ii_dv_desc(min(f)) from     fl_10403;\g
<<

+------------------+------------------------------+-----------+----------------------
---------+
|col1              |col2                          |col3       |col4                 -
         |
+------------------+------------------------------+-----------+----------------------
---------+
|    -51231.2300000|nullable decimal(16, 7)       | -51231.230|nullable float8      -
         |
+------------------+------------------------------+-----------+----------------------
---------+
(1 row)
>>
* select max(d), ii_dv_desc(max(d)), max(f), ii_dv_desc(max(f)) from     fl_10403;\g
<<

+------------------+------------------------------+-----------+----------------------
---------+
|col1              |col2                          |col3       |col4                 -
         |
+------------------+------------------------------+-----------+----------------------
---------+
|      1900.1002000|nullable decimal(16, 7)       |   1900.100|nullable float8      -
         |
+------------------+------------------------------+-----------+----------------------
---------+
(1 row)
>>
* select sum(d), ii_dv_desc(sum(d)), sum(f), ii_dv_desc(sum(f)) from     fl_10403;\g
<<

+---------------------------------+------------------------------+-----------+-------
------------------------+
|col1                             |col2                          |col3       |col4  -
                        |
+---------------------------------+------------------------------+-----------+-------
------------------------+
|                   -49312.0994000|nullable decimal(39, 7)       | -49312.099|nullab-
le float8               |
+---------------------------------+------------------------------+-----------+-------
------------------------+
(1 row)
>>
* select avg(d), ii_dv_desc(avg(d)), avg(f), ii_dv_desc(avg(f)) from     fl_10403;\g
<<

+---------------------------------+------------------------------+-----------+-------
------------------------+
|col1                             |col2                          |col3       |col4  -
                        |
+---------------------------------+------------------------------+-----------+-------
------------------------+
|                   -3522.29281428|nullable decimal(39, 8)       |  -3522.293|nullab-
le float8               |
+---------------------------------+------------------------------+-----------+-------
------------------------+
(1 row)
>>
* select count(d), ii_dv_desc(count(d)), count(f), ii_dv_desc(count(f)) from     fl_-
10403;\g
<<

+-------------+------------------------------+-------------+-------------------------
------+
|col1         |col2                          |col3         |col4                    -
      |
+-------------+------------------------------+-------------+-------------------------
------+
|           14|integer4                      |           14|integer4                -
      |
+-------------+------------------------------+-------------+-------------------------
------+
(1 row)
>>
* select min(d), ii_dv_desc(min(d)), min(f), ii_dv_desc(min(f)) from     fl_10404;\g
<<

+------------------+------------------------------+-----------+----------------------
---------+
|col1              |col2                          |col3       |col4                 -
         |
+------------------+------------------------------+-----------+----------------------
---------+
|        1.00000000|nullable decimal(16, 8)       |      1.000|nullable float8      -
         |
+------------------+------------------------------+-----------+----------------------
---------+
(1 row)
>>
* select max(d), ii_dv_desc(max(d)), max(f), ii_dv_desc(max(f)) from     fl_10404;\g
<<

+------------------+------------------------------+-----------+----------------------
---------+
|col1              |col2                          |col3       |col4                 -
         |
+------------------+------------------------------+-----------+----------------------
---------+
|        1.00000000|nullable decimal(16, 8)       |      1.000|nullable float8      -
         |
+------------------+------------------------------+-----------+----------------------
---------+
(1 row)
>>
* select sum(d), ii_dv_desc(sum(d)), sum(f), ii_dv_desc(sum(f)) from     fl_10404;\g
<<

+---------------------------------+------------------------------+-----------+-------
------------------------+
|col1                             |col2                          |col3       |col4  -
                        |
+---------------------------------+------------------------------+-----------+-------
------------------------+
|                       1.00000000|nullable decimal(39, 8)       |      1.000|nullab-
le float8               |
+---------------------------------+------------------------------+-----------+-------
------------------------+
(1 row)
>>
* select avg(d), ii_dv_desc(avg(d)), avg(f), ii_dv_desc(avg(f)) from     fl_10404;\g
<<

+---------------------------------+------------------------------+-----------+-------
------------------------+
|col1                             |col2                          |col3       |col4  -
                        |
+---------------------------------+------------------------------+-----------+-------
------------------------+
|                      1.000000000|nullable decimal(39, 9)       |      1.000|nullab-
le float8               |
+---------------------------------+------------------------------+-----------+-------
------------------------+
(1 row)
>>
* select min(d), ii_dv_desc(min(d)), min(f), ii_dv_desc(min(f)) from     fl_10405;\g
<<

+-----------------+------------------------------+-----------+-----------------------
--------+
|col1             |col2                          |col3       |col4                  -
        |
+-----------------+------------------------------+-----------+-----------------------
--------+
|        1.0000000|nullable decimal(15, 7)       |      1.000|nullable float8       -
        |
+-----------------+------------------------------+-----------+-----------------------
--------+
(1 row)
>>
* select max(d), ii_dv_desc(max(d)), max(f), ii_dv_desc(max(f)) from     fl_10405;\g
<<

+-----------------+------------------------------+-----------+-----------------------
--------+
|col1             |col2                          |col3       |col4                  -
        |
+-----------------+------------------------------+-----------+-----------------------
--------+
|        1.0000000|nullable decimal(15, 7)       |      1.000|nullable float8       -
        |
+-----------------+------------------------------+-----------+-----------------------
--------+
(1 row)
>>
* select sum(d), ii_dv_desc(sum(d)), sum(f), ii_dv_desc(sum(f)) from     fl_10405;\g
<<

+---------------------------------+------------------------------+-----------+-------
------------------------+
|col1                             |col2                          |col3       |col4  -
                        |
+---------------------------------+------------------------------+-----------+-------
------------------------+
|                        1.0000000|nullable decimal(39, 7)       |      1.000|nullab-
le float8               |
+---------------------------------+------------------------------+-----------+-------
------------------------+
(1 row)
>>
* select avg(d), ii_dv_desc(avg(d)), avg(f), ii_dv_desc(avg(f)) from     fl_10405;\g
<<

+---------------------------------+------------------------------+-----------+-------
------------------------+
|col1                             |col2                          |col3       |col4  -
                        |
+---------------------------------+------------------------------+-----------+-------
------------------------+
|                       1.00000000|nullable decimal(39, 8)       |      1.000|nullab-
le float8               |
+---------------------------------+------------------------------+-----------+-------
------------------------+
(1 row)
>>
* select min(d), ii_dv_desc(min(d)), min(f), ii_dv_desc(min(f)) from     fl_10406;\g
<<

+-----------------+------------------------------+-----------+-----------------------
--------+
|col1             |col2                          |col3       |col4                  -
        |
+-----------------+------------------------------+-----------+-----------------------
--------+
|         1.000000|nullable decimal(15, 6)       |      1.000|nullable float8       -
        |
+-----------------+------------------------------+-----------+-----------------------
--------+
(1 row)
>>
* select max(d), ii_dv_desc(max(d)), max(f), ii_dv_desc(max(f)) from     fl_10406;\g
<<

+-----------------+------------------------------+-----------+-----------------------
--------+
|col1             |col2                          |col3       |col4                  -
        |
+-----------------+------------------------------+-----------+-----------------------
--------+
|         1.000000|nullable decimal(15, 6)       |      1.000|nullable float8       -
        |
+-----------------+------------------------------+-----------+-----------------------
--------+
(1 row)
>>
* select sum(d), ii_dv_desc(sum(d)), sum(f), ii_dv_desc(sum(f)) from     fl_10406;\g
<<

+---------------------------------+------------------------------+-----------+-------
------------------------+
|col1                             |col2                          |col3       |col4  -
                        |
+---------------------------------+------------------------------+-----------+-------
------------------------+
|                         1.000000|nullable decimal(39, 6)       |      1.000|nullab-
le float8               |
+---------------------------------+------------------------------+-----------+-------
------------------------+
(1 row)
>>
* select avg(d), ii_dv_desc(avg(d)), avg(f), ii_dv_desc(avg(f)) from     fl_10406;\g
<<

+---------------------------------+------------------------------+-----------+-------
------------------------+
|col1                             |col2                          |col3       |col4  -
                        |
+---------------------------------+------------------------------+-----------+-------
------------------------+
|                        1.0000000|nullable decimal(39, 7)       |      1.000|nullab-
le float8               |
+---------------------------------+------------------------------+-----------+-------
------------------------+
(1 row)
>>
* select min(a), ifnull(min(a), 999999.) from fl_10400;\g
<<

+-----------+-----------+
|col1       |col2       |
+-----------+-----------+
|           | 999999.000|
+-----------+-----------+
(1 row)
>>
* select max(a), ifnull(max(a), -999999.) from fl_10400;\g
<<

+-----------+-----------+
|col1       |col2       |
+-----------+-----------+
|           |-999999.000|
+-----------+-----------+
(1 row)
>>
* select sum(a), ifnull(sum(a), -999999.) from fl_10400;\g
<<

+-----------+-----------+
|col1       |col2       |
+-----------+-----------+
|           |-999999.000|
+-----------+-----------+
(1 row)
>>
* select avg(a), ifnull(avg(a), -999999.) from fl_10400;\g
<<

+-----------+-----------+
|col1       |col2       |
+-----------+-----------+
|           |-999999.000|
+-----------+-----------+
(1 row)
>>
* select count(a), ifnull(count(a), -999999.) from fl_10400;\g
<<

+-------------+------------+
|col1         |col2        |
+-------------+------------+
|            0|           0|
+-------------+------------+
(1 row)
>>
* select avg(a), ifnull(avg(a), -999999.) from fl_10400 where a=1111111.;\g
<<

+-----------+-----------+
|col1       |col2       |
+-----------+-----------+
|           |-999999.000|
+-----------+-----------+
(1 row)
>>
* select avg(a), ifnull(avg(a), -999999.) from fl_10400 where a is null;\g
<<

+-----------+-----------+
|col1       |col2       |
+-----------+-----------+
|           |-999999.000|
+-----------+-----------+
(1 row)
>>
* \q
<<
~
>>


Ending at: Wed Dec 17 13:31:42 1997
