/*
	Test Name: fja16.sep 
	Time     : 28-Jun-1993 13:44:47
	User Name: testenv 

	Test ID  : fja16 
	Module   : datatypes 
	Filename : fja16.sep
	Purpose  : It tests the semantics and syntax of float precision
	Input Files  : none 
	Output Files : none 
	Database     : SEPPARAMDB 
	Tables       : 
	Synopsis     : It creates tables with different datatypes
		       and tests the functionality of the float precision
		        
	History      : 28-Jun-1993 (daniel lee)
                       created the test
        <<< IMPORTANT NOTE: >>>
        The float precision display in the canon may
        NOT be correct because of a problem with the
        terminal monitor(TM) when this test was written.
        It is strongly recommended to check the canon FIRST !!!
	23-Mar-1999   (vande02) Hard-coded VPG_SZ to 2K and added empty canon
                        after 'sql -s SEPPARAMDB1' if the test db does not exist
                        you will see the msg."TM could not connect". 
          29-Oct-2007	(kiria01) b117790
		Updating canons reflecting string-number coercion changes.
*/
? sql -s SEPPARAMDB 
<<

>>
* set autocommit on;\g
<<
>>
* drop table fl_10600, fl_10601, fl_10602, fl_10603, fl_10604, fl_10605;\g
<<
~
>>
* create table fl_10600 ( a f4 not null, b f8, c money ) with page_size=2048;\g
<<
>>
* create table fl_10601 ( a i1, b i2 not null, c i4 ) with page_size=2048;\g
<<
>>
* create table fl_10602 ( a decimal(10, 2), b decimal(31, 0), c decimal(4, 2)     no-
t null ) with page_size=2048;\g
<<
>>
* create table fl_10603 ( a decimal(31, 31) ) with page_size=2048;\g
<<
>>
* create table fl_10604 ( a char(10) ) with page_size=2048;\g
<<
>>
* create table fl_10605 ( a money ) with page_size=2048;\g
<<
>>
* insert into fl_10601 values (1, 1, 1);\g
<<
(1 row)
>>
* insert into fl_10601 values (-1, -1, -1);\g
<<
(1 row)
>>
* insert into fl_10600 values (2e, 2e, '2.00');\g
<<
(1 row)
>>
* insert into fl_10602 values (10.2, 31, 4.2);\g
<<
(1 row)
>>
* insert into fl_10603 values (.123123123123);\g
<<
(1 row)
>>
* insert into fl_10604 values ('$9999.99');\g
<<
(1 row)
>>
* select * from fl_10600;\g
<<

+-----------+-----------+--------------------+
|a          |b          |c                   |
+-----------+-----------+--------------------+
|      2.000|      2.000|               $2.00|
+-----------+-----------+--------------------+
(1 row)
>>
* select * from fl_10601;\g
<<

+------+------+-------------+
|a     |b     |c            |
+------+------+-------------+
|     1|     1|            1|
|    -1|    -1|           -1|
+------+------+-------------+
(2 rows)
>>
* select * from fl_10602;\g
<<

+------------+--------------------------------+------+
|a           |b                               |c     |
+------------+--------------------------------+------+
|       10.20|                              31|  4.20|
+------------+--------------------------------+------+
(1 row)
>>
* select * from fl_10603;\g
<<

+----------------------------------+
|a                                 |
+----------------------------------+
| 0.1231231231230000000000000000000|
+----------------------------------+
(1 row)
>>
* select * from fl_10604;\g
<<

+----------+
|a         |
+----------+
|$9999.99  |
+----------+
(1 row)
>>
* select a from fl_10600 union select a from fl_10600;\g
<<

+-----------+
|a          |
+-----------+
|      2.000|
+-----------+
(1 row)
>>
* select b from fl_10600 union select a from fl_10600;\g
<<

+-----------+
|b          |
+-----------+
|      2.000|
+-----------+
(1 row)
>>
* select c from fl_10600 union select a from fl_10600;\g
<<

+--------------------+
|c                   |
+--------------------+
|               $2.00|
+--------------------+
(1 row)
>>
* select c from fl_10600 union select b from fl_10600;\g
<<

+--------------------+
|c                   |
+--------------------+
|               $2.00|
+--------------------+
(1 row)
>>
* select c from fl_10600 union select c from fl_10600;\g
<<

+--------------------+
|c                   |
+--------------------+
|               $2.00|
+--------------------+
(1 row)
>>
* select a from fl_10601 union select a from fl_10600;\g
<<

+-----------+
|a          |
+-----------+
|     -1.000|
|      1.000|
|      2.000|
+-----------+
(3 rows)
>>
* select b from fl_10601 union select a from fl_10600;\g
<<

+-----------+
|b          |
+-----------+
|     -1.000|
|      1.000|
|      2.000|
+-----------+
(3 rows)
>>
* select c from fl_10601 union select a from fl_10600;\g
<<

+-----------+
|c          |
+-----------+
|     -1.000|
|      1.000|
|      2.000|
+-----------+
(3 rows)
>>
* select b from fl_10601 union select b from fl_10600;\g
<<

+-----------+
|b          |
+-----------+
|     -1.000|
|      1.000|
|      2.000|
+-----------+
(3 rows)
>>
* select c from fl_10601 union select b from fl_10600;\g
<<

+-----------+
|c          |
+-----------+
|     -1.000|
|      1.000|
|      2.000|
+-----------+
(3 rows)
>>
* select b from fl_10601 union select c from fl_10600;\g
<<

+--------------------+
|b                   |
+--------------------+
|              $-1.00|
|               $1.00|
|               $2.00|
+--------------------+
(3 rows)
>>
* select c from fl_10601 union select c from fl_10600;\g
<<

+--------------------+
|c                   |
+--------------------+
|              $-1.00|
|               $1.00|
|               $2.00|
+--------------------+
(3 rows)
>>
* select a from fl_10602 union select a from fl_10600;\g
<<

+-----------+
|a          |
+-----------+
|      2.000|
|     10.200|
+-----------+
(2 rows)
>>
* select a from fl_10602 union select b from fl_10600;\g
<<

+-----------+
|a          |
+-----------+
|      2.000|
|     10.200|
+-----------+
(2 rows)
>>
* select a from fl_10602 union select c from fl_10600;\g
<<

+--------------------+
|a                   |
+--------------------+
|               $2.00|
|              $10.20|
+--------------------+
(2 rows)
>>
* select b from fl_10602 union select c from fl_10600;\g
<<

+--------------------+
|b                   |
+--------------------+
|               $2.00|
|              $31.00|
+--------------------+
(2 rows)
>>
* select a from fl_10600 union select a from fl_10605;\g
<<

+--------------------+
|a                   |
+--------------------+
|               $2.00|
+--------------------+
(1 row)
>>
* select a from fl_10600 union select a from fl_10604;\g
<<

+-----------+
|a          |
+-----------+
|$9999.99   |
|2.000      |
+-----------+
(2 rows)
>>
* select a from fl_10600 union select b from fl_10601 union select c from     fl_106-
02;\g
<<

+-----------+
|a          |
+-----------+
|     -1.000|
|      1.000|
|      2.000|
|      4.200|
+-----------+
(4 rows)
>>
* select b from fl_10600 union select c from fl_10601 union select a from     fl_106-
02;\g
<<

+-----------+
|b          |
+-----------+
|     -1.000|
|      1.000|
|      2.000|
|     10.200|
+-----------+
(4 rows)
>>
* select a from fl_10600 where a = 1 union select b from fl_10601 union     select c-
 from fl_10602;\g
<<

+-----------+
|a          |
+-----------+
|     -1.000|
|      1.000|
|      4.200|
+-----------+
(3 rows)
>>
* select b from fl_10600 where a < 0 union select c from fl_10600 where c !=     10 -
union select a from fl_10602;\g
<<

+--------------------+
|b                   |
+--------------------+
|               $2.00|
|              $10.20|
+--------------------+
(2 rows)
>>
* select a from fl_10600 union select b from fl_10600 union select c from     fl_106-
00 union select a from fl_10601 union select b from fl_10601 union     select c from-
 fl_10601 union select a from fl_10602 union select b from     fl_10602 union select-
 c from fl_10602 union select a from fl_10603 union     select a from fl_10604;\g
<<

+--------------------+
|a                   |
+--------------------+
|              $-1.00|
|               $0.12|
|               $1.00|
|               $2.00|
|               $4.20|
|              $10.20|
|              $31.00|
|            $9999.99|
+--------------------+
(8 rows)
>>
* \q
<<
~
>>


Ending at: Mon Oct 29 15:25:26 2007
