/*
	Test Name: fja11.sep 
	Time     : 28-Jun-1993 11:27:07
	User Name: testenv 

	Test ID  : fja11 
	Module   : datatypes 
	Filename : fja11.sep
	Purpose  : It tests the semantics and syntax of float precision
	Input Files  : none 
	Output Files : none 
	Database     : SEPPARAMDB 
	Tables       : 
	Synopsis     : It creates tables with different size of float datatypes
		       and tests its functionality.  It tests to see whether
		       the TM(terminal monitor) displays the float point 
		       correctly or not.
	History      : 28-Jun-1993 (daniel lee)
                       created the test 
       <<< IMPORTANT NOTE: >>>
       The float precision display in the canon may
       NOT be correct because of a problem with the
       terminal monitor(TM) when this test was written.
       It is strongly recommended to check the canon FIRST !!!
          20-Jun-1995	(ciodi01)
          17-Dec-1997	(zhaqi01) Modify canon due to change float
	30-mar-1999     (yu$pe02) Hard code page size to 8K.
          17-JAN-2004	(rogch01)
		See bug 85284.  Float8s are coerced to float4 in comparisons.
		Took the opportunity to display what we're comparing, too.
*/
? sql -s SEPPARAMDB 
<<
>>
* set autocommit on;\g
<<
>>
* drop table fl_101;\g
<<
~
>>
* select ii_dv_desc(float4(123.00)+321.0);\g
<<

+------------------------------+
|col1                          |
+------------------------------+
|float4                        |
+------------------------------+
(1 row)
>>
* select ii_dv_desc(float8(123.00)+321.0);\g
<<

+------------------------------+
|col1                          |
+------------------------------+
|float8                        |
+------------------------------+
(1 row)
>>
* select ii_dv_desc(float8(12325.002345)+54321.0001);\g
<<

+------------------------------+
|col1                          |
+------------------------------+
|float8                        |
+------------------------------+
(1 row)
>>
* select ii_dv_desc(float8(1232567.00234567)+7654321.000123);\g
<<

+------------------------------+
|col1                          |
+------------------------------+
|float8                        |
+------------------------------+
(1 row)
>>
* select ii_dv_desc(float8(123256789.0023456789)+987654321.00012345);\g
<<

+------------------------------+
|col1                          |
+------------------------------+
|float8                        |
+------------------------------+
(1 row)
>>
* select ii_dv_desc(float8(12325678901.002345678901)+10987654321.0001234567);\g
<<

+------------------------------+
|col1                          |
+------------------------------+
|float8                        |
+------------------------------+
(1 row)
>>
* create table fl_101 (m money, fs f4, fd f8, d decimal(12, 3), l i4, w i2, b     i1-
) with page_size=8192;\g
<<
>>
* insert into fl_101 values (1, 1, 1, 1, 1, 1, 1);\g
<<
(1 row)
>>
* insert into fl_101 values (1.0, 1.0, 1.0, 1.0, 1.0, 1.0, 1.0);\g
<<
(1 row)
>>
* insert into fl_101 values (1.00, 1.00, 1.00, 1.00, 1.00, 1.00, 1.00);\g
<<
(1 row)
>>
* insert into fl_101 values (1.000, 1.000, 1.000, 1.000, 1.000, 1.000,     1.000);\g
<<
(1 row)
>>
* insert into fl_101 values (11.0001, 11.0001, 11.0001, 11.0001, 11.0001,     11.000-
1, 11.0001);\g
<<
(1 row)
>>
* insert into fl_101 values (111.000101, 111.000101, 111.000101, 111.000101,     111-
.000101, 111.000101, 111.000101);\g
<<
(1 row)
>>
* insert into fl_101 values (111.0001011, 111.0001011, 111.0001011,     111.0001011,-
 111.0001011, 111.0001011, 111.0001011);\g
<<
(1 row)
>>
* insert into fl_101 values (123.12, 123.1231, 123.1231, 123.123, 123, 123,     123)-
;\g
<<
(1 row)
>>
* insert into fl_101 values (1234.123, 1234.1231, 1234.1231, 1234.123, 1234,     123-
4, 123);\g
<<
(1 row)
>>
* insert into fl_101 values (123.1234, 123.1234, 123.1234, 123.1234, 1234,     1234,-
 123);\g
<<
(1 row)
>>
* insert into fl_101 values (123.1234, 123.12341, 123.12341, 123.1234, 1234,     123-
4, 123);\g
<<
(1 row)
>>
* insert into fl_101 values (1234.12345, 1234.12345, 1234.12345, 1234.12345,     123-
4, 1234, 123);\g
<<
(1 row)
>>
* insert into fl_101 values (1234.12345, 1234.123451, 1234.123451,     1234.12345, 1-
234, 1234, 123);\g
<<
(1 row)
>>
* insert into fl_101 values (12345.123456, 12345.123456, 12345.123456,     12345.123-
456, 12345, 12345, 123);\g
<<
(1 row)
>>
* insert into fl_101 values (12345.123456, 12345.1234561, 12345.1234561,     12345.1-
23456, 12345, 12345, 123);\g
<<
(1 row)
>>
* insert into fl_101 values (123456.1234567, 123456.1234567, 123456.1234567,     123-
456.1234567, 123456, 123456, 123);\g
<<
E_US1068 Integer overflow detected in query.
    (Thu Jun 15 11:29:07 1995)
 
>>
* insert into fl_101 values (123456.1234567, 123456.1234567, 123456.1234567,     123-
456.1234567, 123456, 12345, 123);\g
<<
(1 row)
>>
* insert into fl_101 values (123456.1234567, 123456.12345671,     123456.12345671, 1-
23456.1234567, 123456, 12345, 123);\g
<<
(1 row)
>>
* select * from fl_101;\g
<<

+--------------------+-----------+-----------+--------------+-------------+------+---
----+
|m                   |fs         |fd         |d             |l            |w     |b -
    |
+--------------------+-----------+-----------+--------------+-------------+------+---
----+
|               $1.00|      1.000|      1.000|         1.000|            1|     1|  -
   1|
|               $1.00|      1.000|      1.000|         1.000|            1|     1|  -
   1|
|               $1.00|      1.000|      1.000|         1.000|            1|     1|  -
   1|
|               $1.00|      1.000|      1.000|         1.000|            1|     1|  -
   1|
|              $11.00|     11.000|     11.000|        11.000|           11|    11|  -
  11|
|             $111.00|    111.000|    111.000|       111.000|          111|   111|  -
 111|
|             $111.00|    111.000|    111.000|       111.000|          111|   111|  -
 111|
|             $123.12|    123.123|    123.123|       123.123|          123|   123|  -
 123|
|            $1234.12|   1234.123|   1234.123|      1234.123|         1234|  1234|  -
 123|
|             $123.12|    123.123|    123.123|       123.123|         1234|  1234|  -
 123|
|             $123.12|    123.123|    123.123|       123.123|         1234|  1234|  -
 123|
|            $1234.12|   1234.123|   1234.123|      1234.123|         1234|  1234|  -
 123|
|            $1234.12|   1234.123|   1234.123|      1234.123|         1234|  1234|  -
 123|
|           $12345.12|  12345.123|  12345.123|     12345.123|        12345| 12345|  -
 123|
|           $12345.12|  12345.123|  12345.123|     12345.123|        12345| 12345|  -
 123|
|          $123456.12| 123456.125| 123456.123|    123456.123|       123456| 12345|  -
 123|
|          $123456.12| 123456.125| 123456.123|    123456.123|       123456| 12345|  -
 123|
+--------------------+-----------+-----------+--------------+-------------+------+---
----+
(17 rows)
>>
* select ii_dv_desc(m) from fl_101;\g
<<

+------------------------------+
|col1                          |
+------------------------------+
|nullable money                |
|nullable money                |
|nullable money                |
|nullable money                |
|nullable money                |
|nullable money                |
|nullable money                |
|nullable money                |
|nullable money                |
|nullable money                |
|nullable money                |
|nullable money                |
|nullable money                |
|nullable money                |
|nullable money                |
|nullable money                |
|nullable money                |
+------------------------------+
(17 rows)
>>
* select ii_dv_desc(fs) from fl_101;\g
<<

+------------------------------+
|col1                          |
+------------------------------+
|nullable float4               |
|nullable float4               |
|nullable float4               |
|nullable float4               |
|nullable float4               |
|nullable float4               |
|nullable float4               |
|nullable float4               |
|nullable float4               |
|nullable float4               |
|nullable float4               |
|nullable float4               |
|nullable float4               |
|nullable float4               |
|nullable float4               |
|nullable float4               |
|nullable float4               |
+------------------------------+
(17 rows)
>>
* select ii_dv_desc(fd) from fl_101;\g
<<

+------------------------------+
|col1                          |
+------------------------------+
|nullable float8               |
|nullable float8               |
|nullable float8               |
|nullable float8               |
|nullable float8               |
|nullable float8               |
|nullable float8               |
|nullable float8               |
|nullable float8               |
|nullable float8               |
|nullable float8               |
|nullable float8               |
|nullable float8               |
|nullable float8               |
|nullable float8               |
|nullable float8               |
|nullable float8               |
+------------------------------+
(17 rows)
>>
* select ii_dv_desc(d) from fl_101;\g
<<

+------------------------------+
|col1                          |
+------------------------------+
|nullable decimal(12, 3)       |
|nullable decimal(12, 3)       |
|nullable decimal(12, 3)       |
|nullable decimal(12, 3)       |
|nullable decimal(12, 3)       |
|nullable decimal(12, 3)       |
|nullable decimal(12, 3)       |
|nullable decimal(12, 3)       |
|nullable decimal(12, 3)       |
|nullable decimal(12, 3)       |
|nullable decimal(12, 3)       |
|nullable decimal(12, 3)       |
|nullable decimal(12, 3)       |
|nullable decimal(12, 3)       |
|nullable decimal(12, 3)       |
|nullable decimal(12, 3)       |
|nullable decimal(12, 3)       |
+------------------------------+
(17 rows)
>>
* select ii_dv_desc(l) from fl_101;\g
<<

+------------------------------+
|col1                          |
+------------------------------+
|nullable integer4             |
|nullable integer4             |
|nullable integer4             |
|nullable integer4             |
|nullable integer4             |
|nullable integer4             |
|nullable integer4             |
|nullable integer4             |
|nullable integer4             |
|nullable integer4             |
|nullable integer4             |
|nullable integer4             |
|nullable integer4             |
|nullable integer4             |
|nullable integer4             |
|nullable integer4             |
|nullable integer4             |
+------------------------------+
(17 rows)
>>
* select ii_dv_desc(w) from fl_101;\g
<<

+------------------------------+
|col1                          |
+------------------------------+
|nullable integer2             |
|nullable integer2             |
|nullable integer2             |
|nullable integer2             |
|nullable integer2             |
|nullable integer2             |
|nullable integer2             |
|nullable integer2             |
|nullable integer2             |
|nullable integer2             |
|nullable integer2             |
|nullable integer2             |
|nullable integer2             |
|nullable integer2             |
|nullable integer2             |
|nullable integer2             |
|nullable integer2             |
+------------------------------+
(17 rows)
>>
* select ii_dv_desc(b) from fl_101;\g
<<

+------------------------------+
|col1                          |
+------------------------------+
|nullable integer1             |
|nullable integer1             |
|nullable integer1             |
|nullable integer1             |
|nullable integer1             |
|nullable integer1             |
|nullable integer1             |
|nullable integer1             |
|nullable integer1             |
|nullable integer1             |
|nullable integer1             |
|nullable integer1             |
|nullable integer1             |
|nullable integer1             |
|nullable integer1             |
|nullable integer1             |
|nullable integer1             |
+------------------------------+
(17 rows)
>>
* select fs, fd from fl_101 where fs = m;\g
<<

+-----------+-----------+
|fs         |fd         |
+-----------+-----------+
|      1.000|      1.000|
|      1.000|      1.000|
|      1.000|      1.000|
|      1.000|      1.000|
|     11.000|     11.000|
|    111.000|    111.000|
|    111.000|    111.000|
|    123.123|    123.123|
|   1234.123|   1234.123|
|    123.123|    123.123|
|    123.123|    123.123|
|   1234.123|   1234.123|
|   1234.123|   1234.123|
|  12345.123|  12345.123|
|  12345.123|  12345.123|
+-----------+-----------+
(15 rows)
>>
* select fs, m from fl_101 where money(fs) = m;\g
<<

+-----------+--------------------+
|fs         |m                   |
+-----------+--------------------+
|      1.000|               $1.00|
|      1.000|               $1.00|
|      1.000|               $1.00|
|      1.000|               $1.00|
|     11.000|              $11.00|
|    111.000|             $111.00|
|    111.000|             $111.00|
|    123.123|             $123.12|
|   1234.123|            $1234.12|
|    123.123|             $123.12|
|    123.123|             $123.12|
|   1234.123|            $1234.12|
|   1234.123|            $1234.12|
|  12345.123|           $12345.12|
|  12345.123|           $12345.12|
+-----------+--------------------+
(15 rows)
>>
* select fd, m from fl_101 where fd = m;\g
<<

+-----------+--------------------+
|fd         |m                   |
+-----------+--------------------+
|      1.000|               $1.00|
|      1.000|               $1.00|
|      1.000|               $1.00|
|      1.000|               $1.00|
|     11.000|              $11.00|
|    111.000|             $111.00|
|    111.000|             $111.00|
|    123.123|             $123.12|
|   1234.123|            $1234.12|
|    123.123|             $123.12|
|    123.123|             $123.12|
|   1234.123|            $1234.12|
|   1234.123|            $1234.12|
|  12345.123|           $12345.12|
|  12345.123|           $12345.12|
| 123456.123|          $123456.12|
| 123456.123|          $123456.12|
+-----------+--------------------+
(17 rows)
>>
* select fd, m from fl_101 where money(fd) = m;\g
<<

+-----------+--------------------+
|fd         |m                   |
+-----------+--------------------+
|      1.000|               $1.00|
|      1.000|               $1.00|
|      1.000|               $1.00|
|      1.000|               $1.00|
|     11.000|              $11.00|
|    111.000|             $111.00|
|    111.000|             $111.00|
|    123.123|             $123.12|
|   1234.123|            $1234.12|
|    123.123|             $123.12|
|    123.123|             $123.12|
|   1234.123|            $1234.12|
|   1234.123|            $1234.12|
|  12345.123|           $12345.12|
|  12345.123|           $12345.12|
| 123456.123|          $123456.12|
| 123456.123|          $123456.12|
+-----------+--------------------+
(17 rows)
>>
* select fs, d from fl_101 where fs = float4(d);\g
<<

+-----------+--------------+
|fs         |d             |
+-----------+--------------+
|      1.000|         1.000|
|      1.000|         1.000|
|      1.000|         1.000|
|      1.000|         1.000|
|   1234.123|      1234.123|
|  12345.123|     12345.123|
|  12345.123|     12345.123|
| 123456.125|    123456.123|
| 123456.125|    123456.123|
+-----------+--------------+
(9 rows)
>>
* select fs, d from fl_101 where fs = d;\g
<<

+-----------+--------------+
|fs         |d             |
+-----------+--------------+
|      1.000|         1.000|
|      1.000|         1.000|
|      1.000|         1.000|
|      1.000|         1.000|
|   1234.123|      1234.123|
|  12345.123|     12345.123|
|  12345.123|     12345.123|
| 123456.125|    123456.123|
| 123456.125|    123456.123|
+-----------+--------------+
(9 rows)
>>
* select fs, l from fl_101 where fs = l;\g
<<

+-----------+-------------+
|fs         |l            |
+-----------+-------------+
|      1.000|            1|
|      1.000|            1|
|      1.000|            1|
|      1.000|            1|
+-----------+-------------+
(4 rows)
>>
* select fs, l from fl_101 where fs = float4(l);\g
<<

+-----------+-------------+
|fs         |l            |
+-----------+-------------+
|      1.000|            1|
|      1.000|            1|
|      1.000|            1|
|      1.000|            1|
+-----------+-------------+
(4 rows)
>>
* select fd, l from fl_101 where fd = l;\g
<<

+-----------+-------------+
|fd         |l            |
+-----------+-------------+
|      1.000|            1|
|      1.000|            1|
|      1.000|            1|
|      1.000|            1|
+-----------+-------------+
(4 rows)
>>
* select fd, l from fl_101 where fd = float8(l);\g
<<

+-----------+-------------+
|fd         |l            |
+-----------+-------------+
|      1.000|            1|
|      1.000|            1|
|      1.000|            1|
|      1.000|            1|
+-----------+-------------+
(4 rows)
>>
* select fs, w from fl_101 where fs = w;\g
<<

+-----------+------+
|fs         |w     |
+-----------+------+
|      1.000|     1|
|      1.000|     1|
|      1.000|     1|
|      1.000|     1|
+-----------+------+
(4 rows)
>>
* select fs, w from fl_101 where fs = float4(w);\g
<<

+-----------+------+
|fs         |w     |
+-----------+------+
|      1.000|     1|
|      1.000|     1|
|      1.000|     1|
|      1.000|     1|
+-----------+------+
(4 rows)
>>
* select fd, w from fl_101 where fd = w;\g
<<

+-----------+------+
|fd         |w     |
+-----------+------+
|      1.000|     1|
|      1.000|     1|
|      1.000|     1|
|      1.000|     1|
+-----------+------+
(4 rows)
>>
* select fd, w from fl_101 where fd = float8(w);\g
<<

+-----------+------+
|fd         |w     |
+-----------+------+
|      1.000|     1|
|      1.000|     1|
|      1.000|     1|
|      1.000|     1|
+-----------+------+
(4 rows)
>>
* select fs, b from fl_101 where fs = float4(b);\g
<<

+-----------+------+
|fs         |b     |
+-----------+------+
|      1.000|     1|
|      1.000|     1|
|      1.000|     1|
|      1.000|     1|
+-----------+------+
(4 rows)
>>
* select fs, b from fl_101 where fs = b;\g
<<

+-----------+------+
|fs         |b     |
+-----------+------+
|      1.000|     1|
|      1.000|     1|
|      1.000|     1|
|      1.000|     1|
+-----------+------+
(4 rows)
>>
* select fd, b from fl_101 where fd = float8(b);\g
<<

+-----------+------+
|fd         |b     |
+-----------+------+
|      1.000|     1|
|      1.000|     1|
|      1.000|     1|
|      1.000|     1|
+-----------+------+
(4 rows)
>>
* select fd, b from fl_101 where fd = b;\g
<<

+-----------+------+
|fd         |b     |
+-----------+------+
|      1.000|     1|
|      1.000|     1|
|      1.000|     1|
|      1.000|     1|
+-----------+------+
(4 rows)
>>
* select fd, d from fl_101 where fd = float8(d);\g
<<

+-----------+--------------+
|fd         |d             |
+-----------+--------------+
|      1.000|         1.000|
|      1.000|         1.000|
|      1.000|         1.000|
|      1.000|         1.000|
+-----------+--------------+
(4 rows)
>>
* select fd, d from fl_101 where fd = d;\g
<<

+-----------+--------------+
|fd         |d             |
+-----------+--------------+
|      1.000|         1.000|
|      1.000|         1.000|
|      1.000|         1.000|
|      1.000|         1.000|
+-----------+--------------+
(4 rows)
>>
* select fs, m from fl_101 where fs != m;\g
<<

+-----------+--------------------+
|fs         |m                   |
+-----------+--------------------+
| 123456.125|          $123456.12|
| 123456.125|          $123456.12|
+-----------+--------------------+
(2 rows)
>>
* select fs, m from fl_101 where money(fs) != m;\g
<<

+-----------+--------------------+
|fs         |m                   |
+-----------+--------------------+
| 123456.125|          $123456.12|
| 123456.125|          $123456.12|
+-----------+--------------------+
(2 rows)
>>
* select fd, m from fl_101 where fd != m;\g
<<

+-----------+--------------------+
|fd         |m                   |
+-----------+--------------------+
+-----------+--------------------+
(0 rows)
>>
* select fd, m from fl_101 where money(fd) != m;\g
<<

+-----------+--------------------+
|fd         |m                   |
+-----------+--------------------+
+-----------+--------------------+
(0 rows)
>>
* select fs, m from fl_101 where fs < m;\g
<<

+-----------+--------------------+
|fs         |m                   |
+-----------+--------------------+
+-----------+--------------------+
(0 rows)
>>
* select fs, m from fl_101 where money(fs) < m;\g
<<

+-----------+--------------------+
|fs         |m                   |
+-----------+--------------------+
+-----------+--------------------+
(0 rows)
>>
* select fd, m from fl_101 where fd < m;\g
<<

+-----------+--------------------+
|fd         |m                   |
+-----------+--------------------+
+-----------+--------------------+
(0 rows)
>>
* select fd, m from fl_101 where money(fd) < m;\g
<<

+-----------+--------------------+
|fd         |m                   |
+-----------+--------------------+
+-----------+--------------------+
(0 rows)
>>
* select fs, m from fl_101 where fs <= m;\g
<<

+-----------+--------------------+
|fs         |m                   |
+-----------+--------------------+
|      1.000|               $1.00|
|      1.000|               $1.00|
|      1.000|               $1.00|
|      1.000|               $1.00|
|     11.000|              $11.00|
|    111.000|             $111.00|
|    111.000|             $111.00|
|    123.123|             $123.12|
|   1234.123|            $1234.12|
|    123.123|             $123.12|
|    123.123|             $123.12|
|   1234.123|            $1234.12|
|   1234.123|            $1234.12|
|  12345.123|           $12345.12|
|  12345.123|           $12345.12|
+-----------+--------------------+
(15 rows)
>>
* select fs, m from fl_101 where money(fs) <= m;\g
<<

+-----------+--------------------+
|fs         |m                   |
+-----------+--------------------+
|      1.000|               $1.00|
|      1.000|               $1.00|
|      1.000|               $1.00|
|      1.000|               $1.00|
|     11.000|              $11.00|
|    111.000|             $111.00|
|    111.000|             $111.00|
|    123.123|             $123.12|
|   1234.123|            $1234.12|
|    123.123|             $123.12|
|    123.123|             $123.12|
|   1234.123|            $1234.12|
|   1234.123|            $1234.12|
|  12345.123|           $12345.12|
|  12345.123|           $12345.12|
+-----------+--------------------+
(15 rows)
>>
* select fd, m from fl_101 where fd <= m;\g
<<

+-----------+--------------------+
|fd         |m                   |
+-----------+--------------------+
|      1.000|               $1.00|
|      1.000|               $1.00|
|      1.000|               $1.00|
|      1.000|               $1.00|
|     11.000|              $11.00|
|    111.000|             $111.00|
|    111.000|             $111.00|
|    123.123|             $123.12|
|   1234.123|            $1234.12|
|    123.123|             $123.12|
|    123.123|             $123.12|
|   1234.123|            $1234.12|
|   1234.123|            $1234.12|
|  12345.123|           $12345.12|
|  12345.123|           $12345.12|
| 123456.123|          $123456.12|
| 123456.123|          $123456.12|
+-----------+--------------------+
(17 rows)
>>
* select fd, m from fl_101 where money(fd) <= m;\g
<<

+-----------+--------------------+
|fd         |m                   |
+-----------+--------------------+
|      1.000|               $1.00|
|      1.000|               $1.00|
|      1.000|               $1.00|
|      1.000|               $1.00|
|     11.000|              $11.00|
|    111.000|             $111.00|
|    111.000|             $111.00|
|    123.123|             $123.12|
|   1234.123|            $1234.12|
|    123.123|             $123.12|
|    123.123|             $123.12|
|   1234.123|            $1234.12|
|   1234.123|            $1234.12|
|  12345.123|           $12345.12|
|  12345.123|           $12345.12|
| 123456.123|          $123456.12|
| 123456.123|          $123456.12|
+-----------+--------------------+
(17 rows)
>>
* select fs, m from fl_101 where fs >= m;\g
<<

+-----------+--------------------+
|fs         |m                   |
+-----------+--------------------+
|      1.000|               $1.00|
|      1.000|               $1.00|
|      1.000|               $1.00|
|      1.000|               $1.00|
|     11.000|              $11.00|
|    111.000|             $111.00|
|    111.000|             $111.00|
|    123.123|             $123.12|
|   1234.123|            $1234.12|
|    123.123|             $123.12|
|    123.123|             $123.12|
|   1234.123|            $1234.12|
|   1234.123|            $1234.12|
|  12345.123|           $12345.12|
|  12345.123|           $12345.12|
| 123456.125|          $123456.12|
| 123456.125|          $123456.12|
+-----------+--------------------+
(17 rows)
>>
* select fs, m from fl_101 where money(fs) >= m;\g
<<

+-----------+--------------------+
|fs         |m                   |
+-----------+--------------------+
|      1.000|               $1.00|
|      1.000|               $1.00|
|      1.000|               $1.00|
|      1.000|               $1.00|
|     11.000|              $11.00|
|    111.000|             $111.00|
|    111.000|             $111.00|
|    123.123|             $123.12|
|   1234.123|            $1234.12|
|    123.123|             $123.12|
|    123.123|             $123.12|
|   1234.123|            $1234.12|
|   1234.123|            $1234.12|
|  12345.123|           $12345.12|
|  12345.123|           $12345.12|
| 123456.125|          $123456.12|
| 123456.125|          $123456.12|
+-----------+--------------------+
(17 rows)
>>
* select fd, m from fl_101 where fd >= m;\g
<<

+-----------+--------------------+
|fd         |m                   |
+-----------+--------------------+
|      1.000|               $1.00|
|      1.000|               $1.00|
|      1.000|               $1.00|
|      1.000|               $1.00|
|     11.000|              $11.00|
|    111.000|             $111.00|
|    111.000|             $111.00|
|    123.123|             $123.12|
|   1234.123|            $1234.12|
|    123.123|             $123.12|
|    123.123|             $123.12|
|   1234.123|            $1234.12|
|   1234.123|            $1234.12|
|  12345.123|           $12345.12|
|  12345.123|           $12345.12|
| 123456.123|          $123456.12|
| 123456.123|          $123456.12|
+-----------+--------------------+
(17 rows)
>>
* select fd, m from fl_101 where money(fd) >= m;\g
<<

+-----------+--------------------+
|fd         |m                   |
+-----------+--------------------+
|      1.000|               $1.00|
|      1.000|               $1.00|
|      1.000|               $1.00|
|      1.000|               $1.00|
|     11.000|              $11.00|
|    111.000|             $111.00|
|    111.000|             $111.00|
|    123.123|             $123.12|
|   1234.123|            $1234.12|
|    123.123|             $123.12|
|    123.123|             $123.12|
|   1234.123|            $1234.12|
|   1234.123|            $1234.12|
|  12345.123|           $12345.12|
|  12345.123|           $12345.12|
| 123456.123|          $123456.12|
| 123456.123|          $123456.12|
+-----------+--------------------+
(17 rows)
>>
* select fs, m from fl_101 where fs > m;\g
<<

+-----------+--------------------+
|fs         |m                   |
+-----------+--------------------+
| 123456.125|          $123456.12|
| 123456.125|          $123456.12|
+-----------+--------------------+
(2 rows)
>>
* select fs, m from fl_101 where money(fs) > m;\g
<<

+-----------+--------------------+
|fs         |m                   |
+-----------+--------------------+
| 123456.125|          $123456.12|
| 123456.125|          $123456.12|
+-----------+--------------------+
(2 rows)
>>
* select fd, m from fl_101 where fd > m;\g
<<

+-----------+--------------------+
|fd         |m                   |
+-----------+--------------------+
+-----------+--------------------+
(0 rows)
>>
* select fd, m from fl_101 where money(fd) > m;\g
<<

+-----------+--------------------+
|fd         |m                   |
+-----------+--------------------+
+-----------+--------------------+
(0 rows)
>>
* select fd, fs from fl_101 where fd = fs;\g
<<

+-----------+-----------+
|fd         |fs         |
+-----------+-----------+
|      1.000|      1.000|
|      1.000|      1.000|
|      1.000|      1.000|
|      1.000|      1.000|
|     11.000|     11.000|
|    111.000|    111.000|
|    111.000|    111.000|
|    123.123|    123.123|
|   1234.123|   1234.123|
|    123.123|    123.123|
|    123.123|    123.123|
|   1234.123|   1234.123|
|   1234.123|   1234.123|
|  12345.123|  12345.123|
|  12345.123|  12345.123|
| 123456.123| 123456.125|
| 123456.123| 123456.125|
+-----------+-----------+
(17 rows)
>>
* select fd, fs from fl_101 where float4(fd) = fs;\g
<<

+-----------+-----------+
|fd         |fs         |
+-----------+-----------+
|      1.000|      1.000|
|      1.000|      1.000|
|      1.000|      1.000|
|      1.000|      1.000|
|     11.000|     11.000|
|    111.000|    111.000|
|    111.000|    111.000|
|    123.123|    123.123|
|   1234.123|   1234.123|
|    123.123|    123.123|
|    123.123|    123.123|
|   1234.123|   1234.123|
|   1234.123|   1234.123|
|  12345.123|  12345.123|
|  12345.123|  12345.123|
| 123456.123| 123456.125|
| 123456.123| 123456.125|
+-----------+-----------+
(17 rows)
>>
* select fd, fs from fl_101 where fd != fs;\g
<<

+-----------+-----------+
|fd         |fs         |
+-----------+-----------+
+-----------+-----------+
(0 rows)
>>
* select fd, fs from fl_101 where float4(fd) != fs;\g
<<

+-----------+-----------+
|fd         |fs         |
+-----------+-----------+
+-----------+-----------+
(0 rows)
>>
* select fs, d from fl_101 where fs != d;\g
<<

+-----------+-----------+
|fs         |d          |
+-----------+-----------+
|     11.000|     11.000|
|    111.000|    111.000|
|    111.000|    111.000|
|    123.123|    123.123|
|    123.123|    123.123|
|    123.123|    123.123|
|   1234.123|   1234.123|
|   1234.123|   1234.123|
+-----------+-----------+
(8 rows)
>>
* select fs, d from fl_101 where fs != float4(d);\g
<<

+-----------+-----------+
|fs         |d          |
+-----------+-----------+
|     11.000|     11.000|
|    111.000|    111.000|
|    111.000|    111.000|
|    123.123|    123.123|
|    123.123|    123.123|
|    123.123|    123.123|
|   1234.123|   1234.123|
|   1234.123|   1234.123|
+-----------+-----------+
(8 rows)
>>
* select fd, d from fl_101 where fd != d;\g
<<

+-----------+--------------+
|fd         |d             |
+-----------+--------------+
|     11.000|        11.000|
|    111.000|       111.000|
|    111.000|       111.000|
|    123.123|       123.123|
|   1234.123|      1234.123|
|    123.123|       123.123|
|    123.123|       123.123|
|   1234.123|      1234.123|
|   1234.123|      1234.123|
|  12345.123|     12345.123|
|  12345.123|     12345.123|
| 123456.123|    123456.123|
| 123456.123|    123456.123|
+-----------+--------------+
(13 rows)
>>
* select fd, d from fl_101 where fd != float8(d);\g
<<

+-----------+--------------+
|fd         |d             |
+-----------+--------------+
|     11.000|        11.000|
|    111.000|       111.000|
|    111.000|       111.000|
|    123.123|       123.123|
|   1234.123|      1234.123|
|    123.123|       123.123|
|    123.123|       123.123|
|   1234.123|      1234.123|
|   1234.123|      1234.123|
|  12345.123|     12345.123|
|  12345.123|     12345.123|
| 123456.123|    123456.123|
| 123456.123|    123456.123|
+-----------+--------------+
(13 rows)
>>
* select fs, d from fl_101 where fs < d;\g
<<

+-----------+--------------+
|fs         |d             |
+-----------+--------------+
+-----------+--------------+
(0 rows)
>>
* select fs, d from fl_101 where fs < float4(d);\g
<<

+-----------+--------------+
|fs         |d             |
+-----------+--------------+
+-----------+--------------+
(0 rows)
>>
* select fd, d from fl_101 where fd < d;\g
<<

+-----------+--------------+
|fd         |d             |
+-----------+--------------+
+-----------+--------------+
(0 rows)
>>
* select fd, d from fl_101 where fd < float8(d);\g
<<

+-----------+--------------+
|fd         |d             |
+-----------+--------------+
+-----------+--------------+
(0 rows)
>>
* select fs, d from fl_101 where fs <= d;\g
<<

+-----------+-----------+
|fs         |d          |
+-----------+-----------+
|      1.000|      1.000|
|      1.000|      1.000|
|      1.000|      1.000|
|      1.000|      1.000|
|   1234.123|   1234.123|
|  12345.123|  12345.123|
|  12345.123|  12345.123|
| 123456.125| 123456.123|
| 123456.125| 123456.123|
+-----------+-----------+
(9 rows)
>>
* select fs, d from fl_101 where fs <= float4(d);\g
<<

+-----------+-----------+
|fs         |d          |
+-----------+-----------+
|      1.000|      1.000|
|      1.000|      1.000|
|      1.000|      1.000|
|      1.000|      1.000|
|   1234.123|   1234.123|
|  12345.123|  12345.123|
|  12345.123|  12345.123|
| 123456.125| 123456.123|
| 123456.125| 123456.123|
+-----------+-----------+
(9 rows)
>>
* select fd, d from fl_101 where fd <= d;\g
<<

+-----------+--------------+
|fd         |d             |
+-----------+--------------+
|      1.000|         1.000|
|      1.000|         1.000|
|      1.000|         1.000|
|      1.000|         1.000|
+-----------+--------------+
(4 rows)
>>
* select fd, d from fl_101 where fd <= float8(d);\g
<<

+-----------+--------------+
|fd         |d             |
+-----------+--------------+
|      1.000|         1.000|
|      1.000|         1.000|
|      1.000|         1.000|
|      1.000|         1.000|
+-----------+--------------+
(4 rows)
>>
* select fs, d from fl_101 where fs > d;\g
<<

+-----------+-----------+
|fs         |d          |
+-----------+-----------+
|     11.000|     11.000|
|    111.000|    111.000|
|    111.000|    111.000|
|    123.123|    123.123|
|    123.123|    123.123|
|    123.123|    123.123|
|   1234.123|   1234.123|
|   1234.123|   1234.123|
+-----------+-----------+
(8 rows)
>>
* select fs, d from fl_101 where fs > float4(d);\g
<<

+-----------+-----------+
|fs         |d          |
+-----------+-----------+
|     11.000|     11.000|
|    111.000|    111.000|
|    111.000|    111.000|
|    123.123|    123.123|
|    123.123|    123.123|
|    123.123|    123.123|
|   1234.123|   1234.123|
|   1234.123|   1234.123|
+-----------+-----------+
(8 rows)
>>
* select fs, d from fl_101 where fd > d;\g
<<

+-----------+--------------+
|fs         |d             |
+-----------+--------------+
|     11.000|        11.000|
|    111.000|       111.000|
|    111.000|       111.000|
|    123.123|       123.123|
|   1234.123|      1234.123|
|    123.123|       123.123|
|    123.123|       123.123|
|   1234.123|      1234.123|
|   1234.123|      1234.123|
|  12345.123|     12345.123|
|  12345.123|     12345.123|
| 123456.125|    123456.123|
| 123456.125|    123456.123|
+-----------+--------------+
(13 rows)
>>
* select fd, d from fl_101 where fd > float8(d);\g
<<

+-----------+--------------+
|fd         |d             |
+-----------+--------------+
|     11.000|        11.000|
|    111.000|       111.000|
|    111.000|       111.000|
|    123.123|       123.123|
|   1234.123|      1234.123|
|    123.123|       123.123|
|    123.123|       123.123|
|   1234.123|      1234.123|
|   1234.123|      1234.123|
|  12345.123|     12345.123|
|  12345.123|     12345.123|
| 123456.123|    123456.123|
| 123456.123|    123456.123|
+-----------+--------------+
(13 rows)
>>
* select fs, d from fl_101 where fs >= d;\g
<<

+-----------+--------------+
|fs         |d             |
+-----------+--------------+
|      1.000|         1.000|
|      1.000|         1.000|
|      1.000|         1.000|
|      1.000|         1.000|
|     11.000|        11.000|
|    111.000|       111.000|
|    111.000|       111.000|
|    123.123|       123.123|
|   1234.123|      1234.123|
|    123.123|       123.123|
|    123.123|       123.123|
|   1234.123|      1234.123|
|   1234.123|      1234.123|
|  12345.123|     12345.123|
|  12345.123|     12345.123|
| 123456.125|    123456.123|
| 123456.125|    123456.123|
+-----------+--------------+
(17 rows)
>>
* select fs, d from fl_101 where fs >= float4(d);\g
<<

+-----------+--------------+
|fs         |d             |
+-----------+--------------+
|      1.000|         1.000|
|      1.000|         1.000|
|      1.000|         1.000|
|      1.000|         1.000|
|     11.000|        11.000|
|    111.000|       111.000|
|    111.000|       111.000|
|    123.123|       123.123|
|   1234.123|      1234.123|
|    123.123|       123.123|
|    123.123|       123.123|
|   1234.123|      1234.123|
|   1234.123|      1234.123|
|  12345.123|     12345.123|
|  12345.123|     12345.123|
| 123456.125|    123456.123|
| 123456.125|    123456.123|
+-----------+--------------+
(17 rows)
>>
* select fd, d from fl_101 where fd >= d;\g
<<

+-----------+--------------+
|fd         |d             |
+-----------+--------------+
|      1.000|         1.000|
|      1.000|         1.000|
|      1.000|         1.000|
|      1.000|         1.000|
|     11.000|        11.000|
|    111.000|       111.000|
|    111.000|       111.000|
|    123.123|       123.123|
|   1234.123|      1234.123|
|    123.123|       123.123|
|    123.123|       123.123|
|   1234.123|      1234.123|
|   1234.123|      1234.123|
|  12345.123|     12345.123|
|  12345.123|     12345.123|
| 123456.123|    123456.123|
| 123456.123|    123456.123|
+-----------+--------------+
(17 rows)
>>
* select fd, d from fl_101 where fd >= float8(d);\g
<<

+-----------+--------------+
|fd         |d             |
+-----------+--------------+
|      1.000|         1.000|
|      1.000|         1.000|
|      1.000|         1.000|
|      1.000|         1.000|
|     11.000|        11.000|
|    111.000|       111.000|
|    111.000|       111.000|
|    123.123|       123.123|
|   1234.123|      1234.123|
|    123.123|       123.123|
|    123.123|       123.123|
|   1234.123|      1234.123|
|   1234.123|      1234.123|
|  12345.123|     12345.123|
|  12345.123|     12345.123|
| 123456.123|    123456.123|
| 123456.123|    123456.123|
+-----------+--------------+
(17 rows)
>>
* select fs, l from fl_101 where fs != l;\g
<<

+-----------+-------------+
|fs         |l            |
+-----------+-------------+
|     11.000|           11|
|    111.000|          111|
|    111.000|          111|
|    123.123|          123|
|   1234.123|         1234|
|    123.123|         1234|
|    123.123|         1234|
|   1234.123|         1234|
|   1234.123|         1234|
|  12345.123|        12345|
|  12345.123|        12345|
| 123456.125|       123456|
| 123456.125|       123456|
+-----------+-------------+
(13 rows)
>>
* select fs, l from fl_101 where fs != float4(l);\g
<<

+-----------+-------------+
|fs         |l            |
+-----------+-------------+
|     11.000|           11|
|    111.000|          111|
|    111.000|          111|
|    123.123|          123|
|   1234.123|         1234|
|    123.123|         1234|
|    123.123|         1234|
|   1234.123|         1234|
|   1234.123|         1234|
|  12345.123|        12345|
|  12345.123|        12345|
| 123456.125|       123456|
| 123456.125|       123456|
+-----------+-------------+
(13 rows)
>>
* select fd, l from fl_101 where fd != l;\g
<<

+-----------+-------------+
|fd         |l            |
+-----------+-------------+
|     11.000|           11|
|    111.000|          111|
|    111.000|          111|
|    123.123|          123|
|   1234.123|         1234|
|    123.123|         1234|
|    123.123|         1234|
|   1234.123|         1234|
|   1234.123|         1234|
|  12345.123|        12345|
|  12345.123|        12345|
| 123456.123|       123456|
| 123456.123|       123456|
+-----------+-------------+
(13 rows)
>>
* select fd, l from fl_101 where fd != float8(l);\g
<<

+-----------+-------------+
|fd         |l            |
+-----------+-------------+
|     11.000|           11|
|    111.000|          111|
|    111.000|          111|
|    123.123|          123|
|   1234.123|         1234|
|    123.123|         1234|
|    123.123|         1234|
|   1234.123|         1234|
|   1234.123|         1234|
|  12345.123|        12345|
|  12345.123|        12345|
| 123456.123|       123456|
| 123456.123|       123456|
+-----------+-------------+
(13 rows)
>>
* select fs, l from fl_101 where fs < l;\g
<<

+-----------+-------------+
|fs         |l            |
+-----------+-------------+
|    123.123|         1234|
|    123.123|         1234|
+-----------+-------------+
(2 rows)
>>
* select fs, l from fl_101 where fs < float4(l);\g
<<

+-----------+-------------+
|fs         |l            |
+-----------+-------------+
|    123.123|         1234|
|    123.123|         1234|
+-----------+-------------+
(2 rows)
>>
* select fd, l from fl_101 where fd < l;\g
<<

+-----------+-------------+
|fd         |l            |
+-----------+-------------+
|    123.123|         1234|
|    123.123|         1234|
+-----------+-------------+
(2 rows)
>>
* select fd, l from fl_101 where fd < float8(l);\g
<<

+-----------+-------------+
|fd         |l            |
+-----------+-------------+
|    123.123|         1234|
|    123.123|         1234|
+-----------+-------------+
(2 rows)
>>
* select fs, l from fl_101 where fs <= l;\g
<<

+-----------+-------------+
|fs         |l            |
+-----------+-------------+
|      1.000|            1|
|      1.000|            1|
|      1.000|            1|
|      1.000|            1|
|    123.123|         1234|
|    123.123|         1234|
+-----------+-------------+
(6 rows)
>>
* select fs, l from fl_101 where fs <= float4(l);\g
<<

+-----------+-------------+
|fs         |l            |
+-----------+-------------+
|      1.000|            1|
|      1.000|            1|
|      1.000|            1|
|      1.000|            1|
|    123.123|         1234|
|    123.123|         1234|
+-----------+-------------+
(6 rows)
>>
* select fd, l from fl_101 where fd <= l;\g
<<

+-----------+-------------+
|fd         |l            |
+-----------+-------------+
|      1.000|            1|
|      1.000|            1|
|      1.000|            1|
|      1.000|            1|
|    123.123|         1234|
|    123.123|         1234|
+-----------+-------------+
(6 rows)
>>
* select fd, l from fl_101 where fd <= float8(l);\g
<<

+-----------+-------------+
|fd         |l            |
+-----------+-------------+
|      1.000|            1|
|      1.000|            1|
|      1.000|            1|
|      1.000|            1|
|    123.123|         1234|
|    123.123|         1234|
+-----------+-------------+
(6 rows)
>>
* select fs, l from fl_101 where fs > l;\g
<<

+-----------+-------------+
|fs         |l            |
+-----------+-------------+
|     11.000|           11|
|    111.000|          111|
|    111.000|          111|
|    123.123|          123|
|   1234.123|         1234|
|   1234.123|         1234|
|   1234.123|         1234|
|  12345.123|        12345|
|  12345.123|        12345|
| 123456.125|       123456|
| 123456.125|       123456|
+-----------+-------------+
(11 rows)
>>
* select fs, l from fl_101 where fs > float4(l);\g
<<

+-----------+-------------+
|fs         |l            |
+-----------+-------------+
|     11.000|           11|
|    111.000|          111|
|    111.000|          111|
|    123.123|          123|
|   1234.123|         1234|
|   1234.123|         1234|
|   1234.123|         1234|
|  12345.123|        12345|
|  12345.123|        12345|
| 123456.125|       123456|
| 123456.125|       123456|
+-----------+-------------+
(11 rows)
>>
* select fd, l from fl_101 where fd > l;\g
<<

+-----------+-------------+
|fd         |l            |
+-----------+-------------+
|     11.000|           11|
|    111.000|          111|
|    111.000|          111|
|    123.123|          123|
|   1234.123|         1234|
|   1234.123|         1234|
|   1234.123|         1234|
|  12345.123|        12345|
|  12345.123|        12345|
| 123456.123|       123456|
| 123456.123|       123456|
+-----------+-------------+
(11 rows)
>>
* select fd, l from fl_101 where fd > float8(l);\g
<<

+-----------+-------------+
|fd         |l            |
+-----------+-------------+
|     11.000|           11|
|    111.000|          111|
|    111.000|          111|
|    123.123|          123|
|   1234.123|         1234|
|   1234.123|         1234|
|   1234.123|         1234|
|  12345.123|        12345|
|  12345.123|        12345|
| 123456.123|       123456|
| 123456.123|       123456|
+-----------+-------------+
(11 rows)
>>
* select fs, l from fl_101 where fs >= l;\g
<<

+-----------+-------------+
|fs         |l            |
+-----------+-------------+
|      1.000|            1|
|      1.000|            1|
|      1.000|            1|
|      1.000|            1|
|     11.000|           11|
|    111.000|          111|
|    111.000|          111|
|    123.123|          123|
|   1234.123|         1234|
|   1234.123|         1234|
|   1234.123|         1234|
|  12345.123|        12345|
|  12345.123|        12345|
| 123456.125|       123456|
| 123456.125|       123456|
+-----------+-------------+
(15 rows)
>>
* select fs, l from fl_101 where fs >= float4(l);\g
<<

+-----------+-------------+
|fs         |l            |
+-----------+-------------+
|      1.000|            1|
|      1.000|            1|
|      1.000|            1|
|      1.000|            1|
|     11.000|           11|
|    111.000|          111|
|    111.000|          111|
|    123.123|          123|
|   1234.123|         1234|
|   1234.123|         1234|
|   1234.123|         1234|
|  12345.123|        12345|
|  12345.123|        12345|
| 123456.125|       123456|
| 123456.125|       123456|
+-----------+-------------+
(15 rows)
>>
* select fd, l from fl_101 where fd >= l;\g
<<

+-----------+-------------+
|fd         |l            |
+-----------+-------------+
|      1.000|            1|
|      1.000|            1|
|      1.000|            1|
|      1.000|            1|
|     11.000|           11|
|    111.000|          111|
|    111.000|          111|
|    123.123|          123|
|   1234.123|         1234|
|   1234.123|         1234|
|   1234.123|         1234|
|  12345.123|        12345|
|  12345.123|        12345|
| 123456.123|       123456|
| 123456.123|       123456|
+-----------+-------------+
(15 rows)
>>
* select fd, l from fl_101 where fd >= float8(l);\g
<<

+-----------+-------------+
|fd         |l            |
+-----------+-------------+
|      1.000|            1|
|      1.000|            1|
|      1.000|            1|
|      1.000|            1|
|     11.000|           11|
|    111.000|          111|
|    111.000|          111|
|    123.123|          123|
|   1234.123|         1234|
|   1234.123|         1234|
|   1234.123|         1234|
|  12345.123|        12345|
|  12345.123|        12345|
| 123456.123|       123456|
| 123456.123|       123456|
+-----------+-------------+
(15 rows)
>>
* select fs, w from fl_101 where fs != w;\g
<<

+-----------+------+
|fs         |w     |
+-----------+------+
|     11.000|    11|
|    111.000|   111|
|    111.000|   111|
|    123.123|   123|
|   1234.123|  1234|
|    123.123|  1234|
|    123.123|  1234|
|   1234.123|  1234|
|   1234.123|  1234|
|  12345.123| 12345|
|  12345.123| 12345|
| 123456.125| 12345|
| 123456.125| 12345|
+-----------+------+
(13 rows)
>>
* select fs, w from fl_101 where fs != float4(w);\g
<<

+-----------+------+
|fs         |w     |
+-----------+------+
|     11.000|    11|
|    111.000|   111|
|    111.000|   111|
|    123.123|   123|
|   1234.123|  1234|
|    123.123|  1234|
|    123.123|  1234|
|   1234.123|  1234|
|   1234.123|  1234|
|  12345.123| 12345|
|  12345.123| 12345|
| 123456.125| 12345|
| 123456.125| 12345|
+-----------+------+
(13 rows)
>>
* select fd, w from fl_101 where fd != w;\g
<<

+-----------+------+
|fd         |w     |
+-----------+------+
|     11.000|    11|
|    111.000|   111|
|    111.000|   111|
|    123.123|   123|
|   1234.123|  1234|
|    123.123|  1234|
|    123.123|  1234|
|   1234.123|  1234|
|   1234.123|  1234|
|  12345.123| 12345|
|  12345.123| 12345|
| 123456.123| 12345|
| 123456.123| 12345|
+-----------+------+
(13 rows)
>>
* select fd, w from fl_101 where fd != float8(w);\g
<<

+-----------+------+
|fd         |w     |
+-----------+------+
|     11.000|    11|
|    111.000|   111|
|    111.000|   111|
|    123.123|   123|
|   1234.123|  1234|
|    123.123|  1234|
|    123.123|  1234|
|   1234.123|  1234|
|   1234.123|  1234|
|  12345.123| 12345|
|  12345.123| 12345|
| 123456.123| 12345|
| 123456.123| 12345|
+-----------+------+
(13 rows)
>>
* select fs, w from fl_101 where fs < w;\g
<<

+-----------+------+
|fs         |w     |
+-----------+------+
|    123.123|  1234|
|    123.123|  1234|
+-----------+------+
(2 rows)
>>
* select fs, w from fl_101 where fs < float4(w);\g
<<

+-----------+------+
|fs         |w     |
+-----------+------+
|    123.123|  1234|
|    123.123|  1234|
+-----------+------+
(2 rows)
>>
* select fd, w from fl_101 where fd < w;\g
<<

+-----------+------+
|fd         |w     |
+-----------+------+
|    123.123|  1234|
|    123.123|  1234|
+-----------+------+
(2 rows)
>>
* select fd, w from fl_101 where fd < float8(w);\g
<<

+-----------+------+
|fd         |w     |
+-----------+------+
|    123.123|  1234|
|    123.123|  1234|
+-----------+------+
(2 rows)
>>
* select fs, w from fl_101 where fs <= w;\g
<<

+-----------+------+
|fs         |w     |
+-----------+------+
|      1.000|     1|
|      1.000|     1|
|      1.000|     1|
|      1.000|     1|
|    123.123|  1234|
|    123.123|  1234|
+-----------+------+
(6 rows)
>>
* select fs, w from fl_101 where fs <= float4(w);\g
<<

+-----------+------+
|fs         |w     |
+-----------+------+
|      1.000|     1|
|      1.000|     1|
|      1.000|     1|
|      1.000|     1|
|    123.123|  1234|
|    123.123|  1234|
+-----------+------+
(6 rows)
>>
* select fd, w from fl_101 where fd <= w;\g
<<

+-----------+------+
|fd         |w     |
+-----------+------+
|      1.000|     1|
|      1.000|     1|
|      1.000|     1|
|      1.000|     1|
|    123.123|  1234|
|    123.123|  1234|
+-----------+------+
(6 rows)
>>
* select fd, w from fl_101 where fd <= float8(w);\g
<<

+-----------+------+
|fd         |w     |
+-----------+------+
|      1.000|     1|
|      1.000|     1|
|      1.000|     1|
|      1.000|     1|
|    123.123|  1234|
|    123.123|  1234|
+-----------+------+
(6 rows)
>>
* select fs, w from fl_101 where fs > w;\g
<<

+-----------+------+
|fs         |w     |
+-----------+------+
|     11.000|    11|
|    111.000|   111|
|    111.000|   111|
|    123.123|   123|
|   1234.123|  1234|
|   1234.123|  1234|
|   1234.123|  1234|
|  12345.123| 12345|
|  12345.123| 12345|
| 123456.125| 12345|
| 123456.125| 12345|
+-----------+------+
(11 rows)
>>
* select fs, w from fl_101 where fs > float4(w);\g
<<

+-----------+------+
|fs         |w     |
+-----------+------+
|     11.000|    11|
|    111.000|   111|
|    111.000|   111|
|    123.123|   123|
|   1234.123|  1234|
|   1234.123|  1234|
|   1234.123|  1234|
|  12345.123| 12345|
|  12345.123| 12345|
| 123456.125| 12345|
| 123456.125| 12345|
+-----------+------+
(11 rows)
>>
* select fd, w from fl_101 where fd > w;\g
<<

+-----------+------+
|fd         |w     |
+-----------+------+
|     11.000|    11|
|    111.000|   111|
|    111.000|   111|
|    123.123|   123|
|   1234.123|  1234|
|   1234.123|  1234|
|   1234.123|  1234|
|  12345.123| 12345|
|  12345.123| 12345|
| 123456.123| 12345|
| 123456.123| 12345|
+-----------+------+
(11 rows)
>>
* select fd, w from fl_101 where fd > float8(w);\g
<<

+-----------+------+
|fd         |w     |
+-----------+------+
|     11.000|    11|
|    111.000|   111|
|    111.000|   111|
|    123.123|   123|
|   1234.123|  1234|
|   1234.123|  1234|
|   1234.123|  1234|
|  12345.123| 12345|
|  12345.123| 12345|
| 123456.123| 12345|
| 123456.123| 12345|
+-----------+------+
(11 rows)
>>
* select fs, w from fl_101 where fs >= w;\g
<<

+-----------+------+
|fs         |w     |
+-----------+------+
|      1.000|     1|
|      1.000|     1|
|      1.000|     1|
|      1.000|     1|
|     11.000|    11|
|    111.000|   111|
|    111.000|   111|
|    123.123|   123|
|   1234.123|  1234|
|   1234.123|  1234|
|   1234.123|  1234|
|  12345.123| 12345|
|  12345.123| 12345|
| 123456.125| 12345|
| 123456.125| 12345|
+-----------+------+
(15 rows)
>>
* select fs, w from fl_101 where fs >= float4(w);\g
<<

+-----------+------+
|fs         |w     |
+-----------+------+
|      1.000|     1|
|      1.000|     1|
|      1.000|     1|
|      1.000|     1|
|     11.000|    11|
|    111.000|   111|
|    111.000|   111|
|    123.123|   123|
|   1234.123|  1234|
|   1234.123|  1234|
|   1234.123|  1234|
|  12345.123| 12345|
|  12345.123| 12345|
| 123456.125| 12345|
| 123456.125| 12345|
+-----------+------+
(15 rows)
>>
* select fd, w from fl_101 where fd >= w;\g
<<

+-----------+------+
|fd         |w     |
+-----------+------+
|      1.000|     1|
|      1.000|     1|
|      1.000|     1|
|      1.000|     1|
|     11.000|    11|
|    111.000|   111|
|    111.000|   111|
|    123.123|   123|
|   1234.123|  1234|
|   1234.123|  1234|
|   1234.123|  1234|
|  12345.123| 12345|
|  12345.123| 12345|
| 123456.123| 12345|
| 123456.123| 12345|
+-----------+------+
(15 rows)
>>
* select fd, w from fl_101 where fd >= float8(w);\g
<<

+-----------+------+
|fd         |w     |
+-----------+------+
|      1.000|     1|
|      1.000|     1|
|      1.000|     1|
|      1.000|     1|
|     11.000|    11|
|    111.000|   111|
|    111.000|   111|
|    123.123|   123|
|   1234.123|  1234|
|   1234.123|  1234|
|   1234.123|  1234|
|  12345.123| 12345|
|  12345.123| 12345|
| 123456.123| 12345|
| 123456.123| 12345|
+-----------+------+
(15 rows)
>>
* \q
<<
~
>>


Ending at: 17-JAN-2004 15:11:53
