/*
Copyright (c) 2007 Ingres Corporation

	Test Name    : dtw29.sep (formerly fja17.sep)
	User Name    : testenv 
	Test ID      : dtw29.sep
	Module       : datatypes 
	Purpose      : It tests the semantics and syntax of float precision 
	Input Files  : none 
	Output Files : none 
	Database     : SEPPARAMDB 
	Tables       : 
	Synopsis     : It creates tables with different  datatypes
		       and tests the functionality of the float precision
	History      : 28-Jun-1993 (daniel lee)
                       created the test
        <<< IMPORTANT NOTE: >>>
        The float precision display in the canon may
        NOT be correct because of a problem with the
        terminal monitor(TM) when this test was written.
        It is strongly recommended to check the canon FIRST !!!
          21-Jun-1995	(ciodi01)
			Replaced canon for "select 1e-37;\g". Previously,
			very small numbers were displayed as 0.000, but
			they are now correctly displayed in exponential
			format.
			Replaced canons for the statements: select +1eo;
			select 1.eO; select +1.eO; 
			These statements used to cause syntax errors.
			Now, they return a column named 'o' with the
			value 1.000. Apparently, this is not a bug (see
			bug 68928), and canons were replaced since it
			is the current behavior.
          17-Dec-1997	(zhaqi01) Modify canon due to change float
          25-Jun-2004   (vande02) Updating canon for select of numeric literal
                                  2147483648 which can now be represented by
                                  new integer8 data type and function ii_dv_desc
				  describes thi number as a type of integer8.
				  This is as of Ingres r3.
           5-Jun-2007   (vande02) Changed two selects so the new maximum decimal
				  precision of 39+1 is hit to display the float8
				  in mantissia+exponent of 1.235e+039.  Made
				  header corrections.

				  This new max decimal precision of 39 is as of
				  Ingres 2006 Release 3.
*/
? sql -s SEPPARAMDB 
<<
>>
* set autocommit on;\g
<<
>>
* select 2147483648, ii_dv_desc(2147483648);\g
<<

+----------------------+------------------------------+
|col1                  |col2                          |
+----------------------+------------------------------+
|            2147483648|integer8                      |
+----------------------+------------------------------+
(1 row)
>>
* select 1e, ii_dv_desc(1e);\g
<<

+-----------+------------------------------+
|col1       |col2                          |
+-----------+------------------------------+
|      1.000|float8                        |
+-----------+------------------------------+
(1 row)
>>
* select 1.e0;\g
<<

+-----------+
|col1       |
+-----------+
|      1.000|
+-----------+
(1 row)
>>
* select 1.1e0;\g
<<

+-----------+
|col1       |
+-----------+
|      1.100|
+-----------+
(1 row)
>>
* select .1e0;\g
<<

+-----------+
|col1       |
+-----------+
|      0.100|
+-----------+
(1 row)
>>
* select 1e37;\g
<<

+-----------+
|col1       |
+-----------+
| 1.000e+037|
+-----------+
(1 row)
>>
* select 1e-37;\g
<<

+-----------+
|col1       |
+-----------+
|      0.000|
+-----------+
(1 row)
>>
* select -1.e0;\g
<<

+-----------+
|col1       |
+-----------+
|     -1.000|
+-----------+
(1 row)
>>
* select -.1e0;\g
<<

+-----------+
|col1       |
+-----------+
|     -0.100|
+-----------+
(1 row)
>>
* select -1e0;\g
<<

+-----------+
|col1       |
+-----------+
|     -1.000|
+-----------+
(1 row)
>>
* select +1.e0;\g
<<

+-----------+
|col1       |
+-----------+
|      1.000|
+-----------+
(1 row)
>>
* select +.1e0;\g
<<

+-----------+
|col1       |
+-----------+
|      0.100|
+-----------+
(1 row)
>>
* select +1e0;\g
<<

+-----------+
|col1       |
+-----------+
|      1.000|
+-----------+
(1 row)
>>
* select .e0;\g
<<
E_US09C5 line 1, Syntax error on '.'.  The correct syntax is: 
    SELECT [ALL|DISTINCT] target_list 
      FROM table(s) 
      [WHERE search_cond] 
      [GROUP BY col(s)] 
      [HAVING search_cond] 
 [UNION subselect] 
 [ORDER BY col(s)]
    (Mon Jun 28 14:02:24 1993)

>>
* select 1.1.e0;\g
<<
E_US09C5 line 1, Syntax error on '.'.  The correct syntax is: 
    SELECT [ALL|DISTINCT] target_list 
      FROM table(s) 
      [WHERE search_cond] 
      [GROUP BY col(s)] 
      [HAVING search_cond] 
 [UNION subselect] 
 [ORDER BY col(s)]
    (Mon Jun 28 14:02:25 1993)

>>
* select 1.1.1e0;\g
<<
E_US09C5 line 1, Syntax error on '.1e0'.  The correct syntax is: 
    SELECT [ALL|DISTINCT] target_list 
      FROM table(s) 
      [WHERE search_cond] 
      [GROUP BY col(s)] 
      [HAVING search_cond] 
 [UNION subselect] 
 [ORDER BY col(s)]
    (Mon Jun 28 14:02:25 1993)

>>
* select e0;\g
<<
E_US0837 line 1, FROM clause is mandatory when a column ('e0') has been
    specified in the target list.
    (Mon Jun 28 14:02:25 1993)

>>
* select -e0;\g
<<
E_US0837 line 1, FROM clause is mandatory when a column ('e0') has been
    specified in the target list.
    (Mon Jun 28 14:02:25 1993)

>>
* select +e0;\g
<<
E_US0837 line 1, FROM clause is mandatory when a column ('e0') has been
    specified in the target list.
    (Mon Jun 28 14:02:25 1993)

>>
* select 1e1.1;\g
<<
E_US09C5 line 1, Syntax error on '.1'.  The correct syntax is: 
    SELECT [ALL|DISTINCT] target_list 
      FROM table(s) 
      [WHERE search_cond] 
      [GROUP BY col(s)] 
      [HAVING search_cond] 
 [UNION subselect] 
 [ORDER BY col(s)]
    (Mon Jun 28 14:02:25 1993)

>>
* select +1eo;\g
<<

+-----------+
|o          |
+-----------+
|      1.000|
+-----------+
(1 row)
>>
* select 1.eO;\g
<<

+-----------+
|o          |
+-----------+
|      1.000|
+-----------+
(1 row)
>>
* select +1.eO;\g
<<

+-----------+
|o          |
+-----------+
|      1.000|
+-----------+
(1 row)
>>
* select -1.eO;\g
<<

+-----------+
|o          |
+-----------+
|     -1.000|
+-----------+
(1 row)
>>
* select -1.1eO;\g
<<

+-----------+
|o          |
+-----------+
|     -1.100|
+-----------+
(1 row)
>>
* select 1234567890123456789012345678901.,     ii_dv_desc(12345678901234567890123456-
78901.);\g
<<

+--------------------------------+------------------------------+
|col1                            |col2                          |
+--------------------------------+------------------------------+
| 1234567890123456789012345678901|decimal(31, 0)                |
+--------------------------------+------------------------------+
(1 row)
>>
* select .1234567890123456789012345678901,     ii_dv_desc(.1234567890123456789012345-
678901);\g
<<

+----------------------------------+------------------------------+
|col1                              |col2                          |
+----------------------------------+------------------------------+
| 0.1234567890123456789012345678901|decimal(31, 31)               |
+----------------------------------+------------------------------+
(1 row)
>>
* select 1234567890123456789012345678901234567890.,     ii_dv_desc(1234567890123456789012345-
678901234567890.);\g
<<

+-----------+------------------------------+
|col1       |col2                          |
+-----------+------------------------------+
| 1.235e+039|float8                        |
+-----------+------------------------------+
(1 row)
>>
* select .1234567890123456789012345678901234567890,     ii_dv_desc(.123456789012345678901234-
5678901234567890);\g
<<

+-----------+------------------------------+
|col1       |col2                          |
+-----------+------------------------------+
|      0.123|float8                        |
+-----------+------------------------------+
(1 row)
>>
* \q
<<

>>


Ending at: Fri Jun 25 18:39:09 2004
