/*
	Test Name: fja09.sep 
	Time     : 25-Jun-1993 15:43:15
	User Name: testenv 

	Test ID  : fja09 
	Module   : datatypes 
	Filename : fja09.sep
	Purpose  : It tests the semantics and syntax of float precision 
	Input Files  : none 
	Output Files : none 
	Database     : SEPPARAMDB 
	Tables       : 
	Synopsis     : It creates tables with different size of float datatypes
			       and tests its functionality
	History      : 25-Jun-1993 (daniel lee)
                       created the test
        <<< IMPORTANT NOTE: >>>
	The float precision display in the canon may
	NOT be correct because of a problem with the
	terminal monitor(TM) when this test was written.
	It is strongly recommended to check the canon FIRST !!!

          20-Jun-1995	(ciodi01)
			Replaced canon for select float4(100000000000000000000-
			00000000000000000000000000000000000.00), since this
			now produces an overflow error (before, it returned
			0.Inf).
*/
? sql -s SEPPARAMDB 
<<
>>
* set autocommit on;\g
<<
>>
* select float4 (12345.12345);\g
<<

+-----------+
|col1       |
+-----------+
|  12345.123|
+-----------+
(1 row)
>>
* select float8 (12345.12345);\g
<<

+-----------+
|col1       |
+-----------+
|  12345.123|
+-----------+
(1 row)
>>
* select float4 (-12345.0);\g
<<

+-----------+
|col1       |
+-----------+
| -12345.000|
+-----------+
(1 row)
>>
* select float8 (-12345.0);\g
<<

+-----------+
|col1       |
+-----------+
| -12345.000|
+-----------+
(1 row)
>>
* select float4 (123456789.123456);\g
<<

+-----------+
|col1       |
+-----------+
| 1.235e+008|
+-----------+
(1 row)
>>
* select float8 (123456789.123456);\g
<<

+-----------+
|col1       |
+-----------+
| 1.235e+008|
+-----------+
(1 row)
>>
* select float4 (-1234567890.0);\g
<<

+-----------+
|col1       |
+-----------+
|-1.235e+009|
+-----------+
(1 row)
>>
* select float8 (-1234567890.0);\g
<<

+-----------+
|col1       |
+-----------+
|-1.235e+009|
+-----------+
(1 row)
>>
* select float4 (12345678901234567890.12345678901234567890);\g
<<

+-----------+
|col1       |
+-----------+
| 1.235e+019|
+-----------+
(1 row)
>>
* select float8 (12345678901234567890.12345678901234567890);\g
<<

+-----------+
|col1       |
+-----------+
| 1.235e+019|
+-----------+
(1 row)
>>
* select float4 (-12345678901234567890.12345678901234567890);\g
<<

+-----------+
|col1       |
+-----------+
|-1.235e+019|
+-----------+
(1 row)
>>
* select float8 (-12345678901234567890.12345678901234567890);\g
<<

+-----------+
|col1       |
+-----------+
|-1.235e+019|
+-----------+
(1 row)
>>
* select float4 (12345678901234567890.12345678901234567890);\g
<<

+-----------+
|col1       |
+-----------+
| 1.235e+019|
+-----------+
(1 row)
>>
* select float8 (12345678901234567890.12345678901234567890);\g
<<

+-----------+
|col1       |
+-----------+
| 1.235e+019|
+-----------+
(1 row)
>>
* select float4 (-12345678901234567890.12345678901234567890);\g
<<

+-----------+
|col1       |
+-----------+
|-1.235e+019|
+-----------+
(1 row)
>>
* select float8 (-12345678901234567890.12345678901234567890);\g
<<

+-----------+
|col1       |
+-----------+
|-1.235e+019|
+-----------+
(1 row)
>>
* select float4 (12345678901234567890.123456789012345678901234567890);\g
<<

+-----------+
|col1       |
+-----------+
| 1.235e+019|
+-----------+
(1 row)
>>
* select float8 (12345678901234567890.123456789012345678901234567890);\g
<<

+-----------+
|col1       |
+-----------+
| 1.235e+019|
+-----------+
(1 row)
>>
* select float4 (-12345678901234567890.123456789012345678901234567890);\g
<<

+-----------+
|col1       |
+-----------+
|-1.235e+019|
+-----------+
(1 row)
>>
* select float8 (-12345678901234567890.123456789012345678901234567890);\g
<<

+-----------+
|col1       |
+-----------+
|-1.235e+019|
+-----------+
(1 row)
>>
* select float4 (12345678901234567890.123456789012345678901234567890);\g
<<

+-----------+
|col1       |
+-----------+
| 1.235e+019|
+-----------+
(1 row)
>>
* select float8 (12345678901234567890.123456789012345678901234567890);\g
<<

+-----------+
|col1       |
+-----------+
| 1.235e+019|
+-----------+
(1 row)
>>
* select float4 (-12345678901234567890.123456789012345678901234567890);\g
<<

+-----------+
|col1       |
+-----------+
|-1.235e+019|
+-----------+
(1 row)
>>
* select float8 (-12345678901234567890.123456789012345678901234567890);\g
<<

+-----------+
|col1       |
+-----------+
|-1.235e+019|
+-----------+
(1 row)
>>
* select float4(10000000000000000000000000000000000000000000000000000000.00);\g
<<
E_US106A Floating overflow detected in query.
    (Tue Jun 20 10:58:42 1995)

>>
* select float8(10000000000000000000000000000000000000000000000000000000.00);\g
<<

+-----------+
|col1       |
+-----------+
| 1.000e+055|
+-----------+
(1 row)
>>
* \q
<<
~
>>


Ending at: Tue Jun 20 10:58:52 1995
