/*
	Test Name: fja23.sep
	Time     : 25-Jun-1993 16:36:20
	User Name: testenv 

	Test ID  : fja23 
	Module   : datatypes 
	Filename : fja23.sep 
	Purpose  : It tests the semantics and syntax of float precision 
	Input Files  : none 
	Output Files : none 
	Database     : SEPPARAMDB 
	Tables       :  
	Synopsis     : It creates tables with different datatypes
		       and tests the functionality of the float precision
		       It uses "-xf" format.
	History      : 25-Jun-1993 (daniel lee)
                       created the test 
        <<< IMPORTANT NOTE: >>>
	The float precision display in the canon may
	NOT be correct because of a problem with the
	terminal monitor(TM) when this test was written.
	It is strongly recommended to check the canon FIRST !!!
          17-Dec-1997	(zhaqi01) Modify canon due to change float
		30-mar-1999     (yu$pe02) Hard code page size to 2K.
*/
? sql -s -xf SEPPARAMDB 
<<
~
>>
* set autocommit on;\g
<<
~
>>
* drop table foo93;\g
<<
~
>>
* create table foo93 (cola float8, colb float4, i integer, j integer1, k     integer-
2) with page_size=2048;\g
<<
~
>>
* insert into foo93 ( cola, colb, i, j, k ) values(123456789.123456789,     12345678-
9.123456789, 100, 123, 2000);\g
<<
(1 row)
>>
* insert into foo93 ( cola, colb, i, j, k ) values(1123456789.123456789,     1234567-
89.123456789, 200, 123, 2000);\g
<<
(1 row)
>>
* insert into foo93 ( cola, colb, i, j, k ) values(2123456789.123456789,     1234567-
89.123456789, 300, 123, 2000);\g
<<
(1 row)
>>
* insert into foo93 ( cola, colb, i, j, k ) values(3123456789.123456789,     1234567-
89.123456789, 400, 123, 2000);\g
<<
(1 row)
>>
* insert into foo93 ( cola, colb, i, j, k ) values(4123456789.123456789,     1234567-
89.123456789, 500, 123, 2000);\g
<<
(1 row)
>>
* insert into foo93 ( cola, colb, i, j, k ) values(5123456789.123456789,     1234567-
89.123456789, 600, 123, 2000);\g
<<
(1 row)
>>
* insert into foo93 ( cola, colb, i, j, k ) values(6123456789.123456789,     1234567-
89.123456789, 700, 123, 2000);\g
<<
(1 row)
>>
* insert into foo93 ( cola, colb, i, j, k ) values(7123456789.123456789,     1234567-
89.123456789, 800, 123, 2000);\g
<<
(1 row)
>>
* insert into foo93 ( cola, colb, i, j, k ) values(8123456789.123456789,     1234567-
89.123456789, 900, 123, 2000);\g
<<
(1 row)
>>
* insert into foo93 ( cola, colb, i, j, k ) values(9123456789.123456789,     1234567-
89.123456789, 1000, 125, 2000);\g
<<
(1 row)
>>
* insert into foo93 ( cola, colb, i, j, k ) values(10123456789.123456789,     123456-
789.123456789, 1100, 12345, 2000);\g
<<
E_US1068 Integer overflow detected in query.
    (Wed Dec 17 13:49:33 1997)

>>
* insert into foo93 ( cola, colb, i, j, k ) values(11123456789.123456789,     123456-
789.123456789, 1200, 12345, 2000);\g
<<
E_US1068 Integer overflow detected in query.
    (Wed Dec 17 13:49:34 1997)

>>
* insert into foo93 ( cola, colb, i, j, k ) values(12123456789.123456789,     123456-
789.123456789, 1300, 12345, 2000);\g
<<
E_US1068 Integer overflow detected in query.
    (Wed Dec 17 13:49:36 1997)

>>
* select * from foo93;\g
<<

+-----------+-----------+-------------+------+------+
|cola       |colb       |i            |j     |k     |
+-----------+-----------+-------------+------+------+
| 1.235e+008| 1.235e+008|          100|   123|  2000|
| 1.123e+009| 1.235e+008|          200|   123|  2000|
| 2.123e+009| 1.235e+008|          300|   123|  2000|
| 3.123e+009| 1.235e+008|          400|   123|  2000|
| 4.123e+009| 1.235e+008|          500|   123|  2000|
| 5.123e+009| 1.235e+008|          600|   123|  2000|
| 6.123e+009| 1.235e+008|          700|   123|  2000|
| 7.123e+009| 1.235e+008|          800|   123|  2000|
| 8.123e+009| 1.235e+008|          900|   123|  2000|
| 9.123e+009| 1.235e+008|         1000|   125|  2000|
+-----------+-----------+-------------+------+------+
(10 rows)
>>
* select cola / colb from foo93;\g
<<

+-----------+
|col1       |
+-----------+
|      1.000|
|      9.100|
|     17.200|
|     25.300|
|     33.400|
|     41.500|
|     49.600|
|     57.700|
|     65.800|
|     73.900|
+-----------+
(10 rows)
>>
* select int2(cola / colb) from foo93;\g
<<

+------+
|col1  |
+------+
|     1|
|     9|
|    17|
|    25|
|    33|
|    41|
|    49|
|    57|
|    65|
|    73|
+------+
(10 rows)
>>
* select int4(cola / colb) from foo93;\g
<<

+-------------+
|col1         |
+-------------+
|            1|
|            9|
|           17|
|           25|
|           33|
|           41|
|           49|
|           57|
|           65|
|           73|
+-------------+
(10 rows)
>>
* select float4(i / j) from foo93;\g
<<

+-----------+
|col1       |
+-----------+
|      0.000|
|      1.000|
|      2.000|
|      3.000|
|      4.000|
|      4.000|
|      5.000|
|      6.000|
|      7.000|
|      8.000|
+-----------+
(10 rows)
>>
* select float8(i / colb) from foo93;\g
<<

+-----------+
|col1       |
+-----------+
|      0.000|
|      0.000|
|      0.000|
|      0.000|
|      0.000|
|      0.000|
|      0.000|
|      0.000|
|      0.000|
|      0.000|
+-----------+
(10 rows)
>>
* select decimal(cola / colb) from foo93;\g
<<

+----------------+
|col1            |
+----------------+
|               1|
|               9|
|              17|
|              25|
|              33|
|              41|
|              49|
|              57|
|              65|
|              73|
+----------------+
(10 rows)
>>
* select colb / cola from foo93;\g
<<

+-----------+
|col1       |
+-----------+
|      1.000|
|      0.110|
|      0.058|
|      0.040|
|      0.030|
|      0.024|
|      0.020|
|      0.017|
|      0.015|
|      0.014|
+-----------+
(10 rows)
>>
* select int2(colb / cola) from foo93;\g
<<

+------+
|col1  |
+------+
|     1|
|     0|
|     0|
|     0|
|     0|
|     0|
|     0|
|     0|
|     0|
|     0|
+------+
(10 rows)
>>
* select int4(colb / cola) from foo93;\g
<<

+-------------+
|col1         |
+-------------+
|            1|
|            0|
|            0|
|            0|
|            0|
|            0|
|            0|
|            0|
|            0|
|            0|
+-------------+
(10 rows)
>>
* select float4(j / i) from foo93;\g
<<

+-----------+
|col1       |
+-----------+
|      1.000|
|      0.000|
|      0.000|
|      0.000|
|      0.000|
|      0.000|
|      0.000|
|      0.000|
|      0.000|
|      0.000|
+-----------+
(10 rows)
>>
* select float8(colb / i) from foo93;\g
<<

+-----------+
|col1       |
+-----------+
|1234567.875|
| 617283.938|
| 411522.625|
| 308641.969|
| 246913.578|
| 205761.312|
| 176366.844|
| 154320.984|
| 137174.219|
| 123456.789|
+-----------+
(10 rows)
>>
* select decimal(colb / cola) from foo93;\g
<<

+----------------+
|col1            |
+----------------+
|               1|
|               0|
|               0|
|               0|
|               0|
|               0|
|               0|
|               0|
|               0|
|               0|
+----------------+
(10 rows)
>>
* \q
<<
~
>>


Ending at: Wed Dec 17 13:50:05 1997
