/*
Copyright (c) 2008 Ingres Corporation

        Test Name       : date013.sep
        Suite           : be!datetime
        Purpose         : Test new TIME data type with:
                        :       date and date_part functions
        Database        : datetimedb
        Tables          : date013_tbl1,2,3,4,5,6,7,8a,8b,8c
        Filled Files    : none
        Copied Files    :
        Output files    :
        Run as          : testenv
        Synopsis        : Verifies the syntax and functionality of the date
                        : and date_part functions when the columns 'starttime'
			: and 'endtime' use the data type of TIME.  Terminal
			: monitor queries are used to verify the correct
			: results is returned using date and date_part
			: functions of hour, minute, second, and microsecond.
			: The various tables used have TIME columns with either:
			:  - defaults (no fractional second precision)
			:  - maximum of (9) fractional second precision
			:  - TIME WITH TIME ZONE
			:  - TIME WITHOUT TIME ZONE
			:  - TIME WITH LOCAL TIME ZONE
			:  - TIME with fractional second precisions of
			:    (1),(2),(3),(4),(5),(6),(7),(8),(9)
			:  Invalid syntax error checking
			:  Aggregates of adding hours, minutes, seconds.

 History: 30-Nov-2006   (Prathima) Created
           3-Apr-2007	(vande02)  Fixed up header, synopsis, added order by
				   clauses and many more queries.
           4-Mar-2008	(vande02)  Updated 2 canons due to change 490956 which
				   drops milliseconds from timestamp coercions
				   into ingresdate made by Level 2.  Arranged
				   the conversion of timestamp/time values into
				   ingresdate pinned precision to 0 thereby
				   clearing the milliseconds. 
*/
? setenv II_TIMEZONE_NAME NA-PACIFIC
<<
environment variable was defined
>>
? sql -s SEPPARAMDB 
<<

>>
* drop table date013_tbl1, date013_tbl2, date013_tbl3, date013_tbl4, date013_tbl5, d-
ate013_tbl6, date013_tbl7, date013_tbl8a, date013_tbl8b, date013_tbl8c;\g
<<
~
>>
* create table date013_tbl1 (id int,starttime time,endtime time);\g 
<<

>>
* insert into date013_tbl1 values(101,'00:00:00','23:59:59');\g
<<
(1 row)
>>
* insert into date013_tbl1 values(201,'01:01:50','22:50:50');\g
<<
(1 row)
>>
* insert into date013_tbl1 values(301,'02:20:40','21:45:40');\g
<<
(1 row)
>>
* insert into date013_tbl1 values(401,'03:33:30','20:33:30');\g
<<
(1 row)
>>
* insert into date013_tbl1 values(501,'04:45:20','19:20:20');\g
<<
(1 row)
>>
* insert into date013_tbl1 values(601,'05:50:10','18:01:10');\g
<<
(1 row)
>>
* insert into date013_tbl1 values(701,'06:59:59','17:00:59');\g
<<
(1 row)
>>
* insert into date013_tbl1 values(801,'06:60:60','16:60:60');\g
<<
E_US10D2 6:60:60 is not a valid time for a date/time column.
    (Thu Nov 30 05:28:21 2006)
>>
* insert into date013_tbl1 values(901,'06:00:00','24:00:00');\g
<<
E_US10D2 24:0:0 is not a valid time for a date/time column.
    (Thu Nov 30 05:28:21 2006)
>>
* select * from date013_tbl1 order by 1;\g 
<<

+-------------+---------------------+---------------------+
|id           |starttime            |endtime              |
+-------------+---------------------+---------------------+
|          101|00:00:00             |23:59:59             |
|          201|01:01:50             |22:50:50             |
|          301|02:20:40             |21:45:40             |
|          401|03:33:30             |20:33:30             |
|          501|04:45:20             |19:20:20             |
|          601|05:50:10             |18:01:10             |
|          701|06:59:59             |17:00:59             |
+-------------+---------------------+---------------------+
(7 rows)
>>
* select hour(date(starttime)) from date013_tbl1 order by 1;\g 
<<

+------+
|col1  |
+------+
|     0|
|     1|
|     2|
|     3|
|     4|
|     5|
|     6|
+------+
(7 rows)
>>
* select date_part('hour',date(endtime)) from date013_tbl1 order by 1;\g 
<<

+-------------+
|col1         |
+-------------+
|           17|
|           18|
|           19|
|           20|
|           21|
|           22|
|           23|
+-------------+
(7 rows)
>>
* select id, minute(date(starttime)) from date013_tbl1 order by 1;\g 
<<

+-------------+------+
|id           |col2  |
+-------------+------+
|          101|     0|
|          201|     1|
|          301|    20|
|          401|    33|
|          501|    45|
|          601|    50|
|          701|    59|
+-------------+------+
(7 rows)
>>
* select id, date_part('minutes',date(endtime)) from date013_tbl1 order by 1;\g 
<<

+-------------+-------------+
|id           |col2         |
+-------------+-------------+
|          101|           59|
|          201|           50|
|          301|           45|
|          401|           33|
|          501|           20|
|          601|            1|
|          701|            0|
+-------------+-------------+
(7 rows)
>>
* select id, second(date(starttime)) from date013_tbl1 order by 1;\g 
<<

+-------------+------+
|id           |col2  |
+-------------+------+
|          101|     0|
|          201|    50|
|          301|    40|
|          401|    30|
|          501|    20|
|          601|    10|
|          701|    59|
+-------------+------+
(7 rows)
>>
* select id,date_part('seconds',date(endtime)) from date013_tbl1 order by 1;\g 
<<

+-------------+-------------+
|id           |col2         |
+-------------+-------------+
|          101|           59|
|          201|           50|
|          301|           40|
|          401|           30|
|          501|           20|
|          601|           10|
|          701|           59|
+-------------+-------------+
(7 rows)
>>
* create table date013_tbl2 (id int,starttime time(9)) with page_size = 8192;\g
<<

>>
* insert into date013_tbl2 values(102,'00:30:30.12345');\g 
<<
(1 row)
>>
* insert into date013_tbl2 values(202,'01:30:30.123456789');\g 
<<
(1 row)
>>
* insert into date013_tbl2 values(302,'02:30:30.0123456789');\g 
<<
(1 row)
>>
* select * from date013_tbl2 order by 1;\g 
<<

+-------------+---------------------+
|id           |starttime            |
+-------------+---------------------+
|          102|00:30:30.123450000   |
|          202|01:30:30.123456789   |
|          302|02:30:30.012345678   |
+-------------+---------------------+
(3 rows)
>>
* alter table date013_tbl2 add endtime time(4);\g 
<<

>>
* insert into date013_tbl2 values(402,'04:30:30.12345','01:30:30.1234');\g 
<<
(1 row)
>>
* insert into date013_tbl2 values(502,'05:30:30.123456789','02:30:30.01234');\g 
<<
(1 row)
>>
* select * from date013_tbl2 order by 1;\g 
<<

+-------------+---------------------+---------------------+
|id           |starttime            |endtime              |
+-------------+---------------------+---------------------+
|          102|00:30:30.123450000   |                     |
|          202|01:30:30.123456789   |                     |
|          302|02:30:30.012345678   |                     |
|          402|04:30:30.123450000   |01:30:30.1234        |
|          502|05:30:30.123456789   |02:30:30.0123        |
+-------------+---------------------+---------------------+
(5 rows)
>>
* create table date013_tbl3(id int, starttime time(10),endtime time(9));\g 
<<
E_US07DE CREATE or ALTER TABLE: invalid column format 'time' on column
    'starttime'.
    (Fri Mar  9 13:29:51 2007)

>>
* create table date013_tbl3(id int, starttime time(-9),endtime time(10));\g 
<<
E_US0F0F line 1, Syntax error on '-'.  The correct syntax is: 
    CREATE TABLE tablename ( 
       columnname format [default_clause] [null_clause]  [column_constraint]
    
     | table_constraint 
       {, ... } ) 
       [with_clause] 
     
     CREATE TABLE tablename [(colname_list)] 
       AS subselect 
   [with_clause] 
    (Fri Mar  9 13:30:39 2007)

E_US0AA2 line 1, Syntax error on '-'. An integer constant expected.
    (Fri Mar  9 13:30:39 2007)

>>
* create table date013_tbl3(id int, starttime time(9),endtime time(9));\g 
<<

>>
* insert into date013_tbl3 values(103,'00:10:15.12345678','01:40:45.12345678');\g 
<<
(1 row)
>>
* insert into date013_tbl3 values(203,'01:20:25.123456789','02:50:55.123456789');\g
<<
(1 row)
>>
* insert into date013_tbl3 values(303,'02:30:35.0123456789','03:59:01.0123456789');\-
g 
<<
(1 row)
>>
* select * from date013_tbl3 order by 1; \g 
<<

+-------------+---------------------+---------------------+
|id           |starttime            |endtime              |
+-------------+---------------------+---------------------+
|          103|00:10:15.123456780   |01:40:45.123456780   |
|          203|01:20:25.123456789   |02:50:55.123456789   |
|          303|02:30:35.012345678   |03:59:01.012345678   |
+-------------+---------------------+---------------------+
(3 rows)
>>
* select id, hour(date(starttime)) from date013_tbl3 order by 1;\g
<<

+-------------+------+
|id           |col2  |
+-------------+------+
|          103|     0|
|          203|     1|
|          303|     2|
+-------------+------+
(3 rows)
>>
* select id, date_part('hrs',date(endtime)) from date013_tbl3 order by 1;\g
<<

+-------------+-------------+
|id           |col2         |
+-------------+-------------+
|          103|            1|
|          203|            2|
|          303|            3|
+-------------+-------------+
(3 rows)
>>
* select id, minute(date(starttime)) from date013_tbl3 order by 1;\g
<<

+-------------+------+
|id           |col2  |
+-------------+------+
|          103|    10|
|          203|    20|
|          303|    30|
+-------------+------+
(3 rows)
>>
* select id, date_part('mins',date(endtime)) from date013_tbl3 order by 1;\g
<<

+-------------+-------------+
|id           |col2         |
+-------------+-------------+
|          103|           40|
|          203|           50|
|          303|           59|
+-------------+-------------+
(3 rows)
>>
* select id, second(date(starttime)) from date013_tbl3 order by 1;\g 
<<

+-------------+------+
|id           |col2  |
+-------------+------+
|          103|    15|
|          203|    25|
|          303|    35|
+-------------+------+
(3 rows)
>>
* select id, date_part('sec',date(endtime)) from date013_tbl3 order by 1;\g 
<<

+-------------+-------------+
|id           |col2         |
+-------------+-------------+
|          103|           45|
|          203|           55|
|          303|            1|
+-------------+-------------+
(3 rows)
>>
* select id, microsecond(date(starttime)) from date013_tbl3 order by 1;\g
<<

+-------------+-------------+
|id           |col2         |
+-------------+-------------+
|          103|            0|
|          203|            0|
|          303|            0|
+-------------+-------------+
(3 rows)
>>
* select id, date_part('microsecond',date(endtime)) from date013_tbl3\g
<<

+-------------+-------------+
|id           |col2         |
+-------------+-------------+
|          103|            0|
|          203|            0|
|          303|            0|
+-------------+-------------+
(3 rows)
>>
* create table date013_tbl4 (id int,starttime time WITH TIME ZONE,endtime time WITH -
TIME ZONE);\g 
<<

>>
* insert into date013_tbl4 values(104,'00:00:00','23:59:59');\g
<<
(1 row)
>>
* insert into date013_tbl4 values(204,'01:01:50','22:50:50');\g
<<
(1 row)
>>
* insert into date013_tbl4 values(304,'02:20:40','21:45:40');\g
<<
(1 row)
>>
* insert into date013_tbl4 values(404,'03:33:30','20:33:30');\g
<<
(1 row)
>>
* insert into date013_tbl4 values(504,'04:45:20','19:20:20');\g
<<
(1 row)
>>
* insert into date013_tbl4 values(604,'05:50:10','18:01:10');\g
<<
(1 row)
>>
* insert into date013_tbl4 values(704,'06:59:59','17:00:59');\g
<<
(1 row)
>>
/*
	Canon one is showing local time zone NA-PACIFIC daylight savings. 
	Canon two is showing local time zone NA-PACIFIC not daylight savings. 
*/
* select * from date013_tbl4 order by 1;\g 
<<

+-------------+-------------------------------+-------------------------------+
|id           |starttime                      |endtime                        |
+-------------+-------------------------------+-------------------------------+
|          104|00:00:00-07:00                 |23:59:59-07:00                 |
|          204|01:01:50-07:00                 |22:50:50-07:00                 |
|          304|02:20:40-07:00                 |21:45:40-07:00                 |
|          404|03:33:30-07:00                 |20:33:30-07:00                 |
|          504|04:45:20-07:00                 |19:20:20-07:00                 |
|          604|05:50:10-07:00                 |18:01:10-07:00                 |
|          704|06:59:59-07:00                 |17:00:59-07:00                 |
+-------------+-------------------------------+-------------------------------+
(7 rows)
>>
<<

+-------------+-------------------------------+-------------------------------+
|id           |starttime                      |endtime                        |
+-------------+-------------------------------+-------------------------------+
|          104|00:00:00-08:00                 |23:59:59-08:00                 |
|          204|01:01:50-08:00                 |22:50:50-08:00                 |
|          304|02:20:40-08:00                 |21:45:40-08:00                 |
|          404|03:33:30-08:00                 |20:33:30-08:00                 |
|          504|04:45:20-08:00                 |19:20:20-08:00                 |
|          604|05:50:10-08:00                 |18:01:10-08:00                 |
|          704|06:59:59-08:00                 |17:00:59-08:00                 |
+-------------+-------------------------------+-------------------------------+
(7 rows)
>>
* select hour(date(starttime)) from date013_tbl4 order by 1;\g 
<<

+------+
|col1  |
+------+
|     0|
|     1|
|     2|
|     3|
|     4|
|     5|
|     6|
+------+
(7 rows)
>>
* select date_part('hours',date(endtime)) from date013_tbl4 order by 1;\g 
<<

+-------------+
|col1         |
+-------------+
|           17|
|           18|
|           19|
|           20|
|           21|
|           22|
|           23|
+-------------+
(7 rows)
>>
* select id, minute(date(starttime)) from date013_tbl4 order by 1;\g 
<<

+-------------+------+
|id           |col2  |
+-------------+------+
|          104|     0|
|          204|     1|
|          304|    20|
|          404|    33|
|          504|    45|
|          604|    50|
|          704|    59|
+-------------+------+
(7 rows)
>>
* select id, date_part('min',date(endtime)) from date013_tbl4 order by 1;\g 
<<

+-------------+-------------+
|id           |col2         |
+-------------+-------------+
|          104|           59|
|          204|           50|
|          304|           45|
|          404|           33|
|          504|           20|
|          604|            1|
|          704|            0|
+-------------+-------------+
(7 rows)
>>
* select id, second(date(starttime)) from date013_tbl4 order by 1;\g 
<<

+-------------+------+
|id           |col2  |
+-------------+------+
|          104|     0|
|          204|    50|
|          304|    40|
|          404|    30|
|          504|    20|
|          604|    10|
|          704|    59|
+-------------+------+
(7 rows)
>>
* select id, date_part('secs',date(endtime)) from date013_tbl4 order by 1;\g 
<<

+-------------+-------------+
|id           |col2         |
+-------------+-------------+
|          104|           59|
|          204|           50|
|          304|           40|
|          404|           30|
|          504|           20|
|          604|           10|
|          704|           59|
+-------------+-------------+
(7 rows)
>>
* create table date013_tbl5 (id int,starttime time WITHOUT TIME ZONE,endtime time WI-
THOUT TIME ZONE);\g 
<<

>>
* insert into date013_tbl5 values(105,'00:00:00','23:59:59');\g
<<
(1 row)
>>
* insert into date013_tbl5 values(205,'01:01:50','22:50:50');\g
<<
(1 row)
>>
* insert into date013_tbl5 values(305,'02:20:40','21:45:40');\g
<<
(1 row)
>>
* insert into date013_tbl5 values(405,'03:33:30','20:33:30');\g
<<
(1 row)
>>
* insert into date013_tbl5 values(505,'04:45:20','19:20:20');\g
<<
(1 row)
>>
* insert into date013_tbl5 values(605,'05:50:10','18:01:10');\g
<<
(1 row)
>>
* insert into date013_tbl5 values(705,'06:59:59','17:00:59');\g
<<
(1 row)
>>
* select * from date013_tbl5 order by 1;\g 
<<

+-------------+---------------------+---------------------+
|id           |starttime            |endtime              |
+-------------+---------------------+---------------------+
|          105|00:00:00             |23:59:59             |
|          205|01:01:50             |22:50:50             |
|          305|02:20:40             |21:45:40             |
|          405|03:33:30             |20:33:30             |
|          505|04:45:20             |19:20:20             |
|          605|05:50:10             |18:01:10             |
|          705|06:59:59             |17:00:59             |
+-------------+---------------------+---------------------+
(7 rows)
>>
* select hour(date(starttime)) from date013_tbl5 order by 1;\g 
<<

+------+
|col1  |
+------+
|     0|
|     1|
|     2|
|     3|
|     4|
|     5|
|     6|
+------+
(7 rows)
>>
* select date_part('hr',date(endtime)) from date013_tbl5 order by 1;\g
<<

+-------------+
|col1         |
+-------------+
|           17|
|           18|
|           19|
|           20|
|           21|
|           22|
|           23|
+-------------+
(7 rows)
>>
* select id, minute(date(starttime)) from date013_tbl5 order by 1;\g 
<<

+-------------+------+
|id           |col2  |
+-------------+------+
|          105|     0|
|          205|     1|
|          305|    20|
|          405|    33|
|          505|    45|
|          605|    50|
|          705|    59|
+-------------+------+
(7 rows)
>>
* select id, date_part('minutes',date(endtime)) from date013_tbl5 order by 1;\g
<<

+-------------+-------------+
|id           |col2         |
+-------------+-------------+
|          105|           59|
|          205|           50|
|          305|           45|
|          405|           33|
|          505|           20|
|          605|            1|
|          705|            0|
+-------------+-------------+
(7 rows)
>>
* select id, second(date(starttime)) from date013_tbl5 order by 1; \g 
<<

+-------------+------+
|id           |col2  |
+-------------+------+
|          105|     0|
|          205|    50|
|          305|    40|
|          405|    30|
|          505|    20|
|          605|    10|
|          705|    59|
+-------------+------+
(7 rows)
>>
* select id, date_part('seconds',date(endtime)) from date013_tbl5 order by 1;\g
<<

+-------------+-------------+
|id           |col2         |
+-------------+-------------+
|          105|           59|
|          205|           50|
|          305|           40|
|          405|           30|
|          505|           20|
|          605|           10|
|          705|           59|
+-------------+-------------+
(7 rows)
>>
* create table date013_tbl6 (id int,starttime time WITH LOCAL TIME ZONE,endtime time-
 WITH LOCAL TIME ZONE); \g 
<<

>>
* insert into date013_tbl6 values(106,'00:00:00','23:59:59');\g
<<
(1 row)
>>
* insert into date013_tbl6 values(206,'01:01:50','22:50:50');\g
<<
(1 row)
>>
* insert into date013_tbl6 values(306,'02:20:40','21:45:40');\g
<<
(1 row)
>>
* insert into date013_tbl6 values(406,'03:33:30','20:33:30');\g
<<
(1 row)
>>
* insert into date013_tbl6 values(506,'04:45:20','19:20:20');\g
<<
(1 row)
>>
* insert into date013_tbl6 values(606,'05:50:10','18:01:10');\g
<<
(1 row)
>>
* insert into date013_tbl6 values(706,'06:59:59','17:00:59');\g
<<
(1 row)
>>
* select * from date013_tbl6 order by 1;\g 
<<

+-------------+-------------------------------+-------------------------------+
|id           |starttime                      |endtime                        |
+-------------+-------------------------------+-------------------------------+
|          106|00:00:00                       |23:59:59                       |
|          206|01:01:50                       |22:50:50                       |
|          306|02:20:40                       |21:45:40                       |
|          406|03:33:30                       |20:33:30                       |
|          506|04:45:20                       |19:20:20                       |
|          606|05:50:10                       |18:01:10                       |
|          706|06:59:59                       |17:00:59                       |
+-------------+-------------------------------+-------------------------------+
(7 rows)
>>
* select hour(date(starttime)) from date013_tbl6 order by 1;\g 
<<

+------+
|col1  |
+------+
|     0|
|     1|
|     2|
|     3|
|     4|
|     5|
|     6|
+------+
(7 rows)
>>
* select date_part('hr',date(endtime)) from date013_tbl6 order by 1;\g 
<<

+-------------+
|col1         |
+-------------+
|           17|
|           18|
|           19|
|           20|
|           21|
|           22|
|           23|
+-------------+
(7 rows)
>>
* select id, minute(date(starttime)) from date013_tbl6 order by 1; \g 
<<

+-------------+------+
|id           |col2  |
+-------------+------+
|          106|     0|
|          206|     1|
|          306|    20|
|          406|    33|
|          506|    45|
|          606|    50|
|          706|    59|
+-------------+------+
(7 rows)
>>
* select id, date_part('mins',date(endtime)) from date013_tbl6 order by 1;\g
<<

+-------------+-------------+
|id           |col2         |
+-------------+-------------+
|          106|           59|
|          206|           50|
|          306|           45|
|          406|           33|
|          506|           20|
|          606|            1|
|          706|            0|
+-------------+-------------+
(7 rows)
>>
* select id, second(date(starttime)) from date013_tbl6 order by 1; \g 
<<

+-------------+------+
|id           |col2  |
+-------------+------+
|          106|     0|
|          206|    50|
|          306|    40|
|          406|    30|
|          506|    20|
|          606|    10|
|          706|    59|
+-------------+------+
(7 rows)
>>
* select id, date_part('sec',date(endtime)) from date013_tbl6 order by 1;\g
<<

+-------------+-------------+
|id           |col2         |
+-------------+-------------+
|          106|           59|
|          206|           50|
|          306|           40|
|          406|           30|
|          506|           20|
|          606|           10|
|          706|           59|
+-------------+-------------+
(7 rows)
>>
* create table date013_tbl7 (id int, starttime time(4) WITH TIME ZONE); \g 
<<

>>
/*
	Inserting microseconds preceeded by a colon is expected to fail.
*/
* insert into date013_tbl7 values(107,'01:30:30:1230'); \g 
<<
E_US10E7 '01:30:30:1230' is invalid format or value for time with time
    zone. Please enter a valid time value in hh:mm:ss[.fff...]+|-hh:mm format.
    (Thu Mar  8 19:36:21 2007)

>>
* insert into date013_tbl7 values(107,'01:00:59.1234'); \g 
<<
(1 row)
>>
* insert into date013_tbl7 values(207,'02:59:00.01234'); \g 
<<
(1 row)
>>
/*
	Canon one is showing local time zone NA-PACIFIC daylight savings. 
	Canon two is showing local time zone NA-PACIFIC not daylight savings. 
*/
* select * from date013_tbl7 order by 1; \g 
<<

+-------------+-------------------------------+
|id           |starttime                      |
+-------------+-------------------------------+
|          107|01:00:59.1234-07:00            |
|          207|02:59:00.0123-07:00            |
+-------------+-------------------------------+
(2 rows)
>>
<<

+-------------+-------------------------------+
|id           |starttime                      |
+-------------+-------------------------------+
|          107|01:00:59.1234-08:00            |
|          207|02:59:00.0123-08:00            |
+-------------+-------------------------------+
(2 rows)
>>
/*
	Test aggregates on TIME with values for hour, minute, second.
*/
* select id, date_part('hour',date(starttime) + date('4 hours')) from date013_tbl7 o-
rder by 1; \g 
<<

+-------------+-------------+
|id           |col2         |
+-------------+-------------+
|          107|            5|
|          207|            6|
+-------------+-------------+
(2 rows)
>>
* select id, date_part('hour',date(starttime) - date('1 hr')) from date013_tbl7 orde-
r by 1;\g
<<

+-------------+-------------+
|id           |col2         |
+-------------+-------------+
|          107|            0|
|          207|            1|
+-------------+-------------+
(2 rows)
>>
* select id, date_part('minute',date(starttime)+ date('1 minutes')) from date013_tbl-
7 order by 1; \g 
<<

+-------------+-------------+
|id           |col2         |
+-------------+-------------+
|          107|            1|
|          207|            0|
+-------------+-------------+
(2 rows)
>>
* select id, date_part('minute',date(starttime)- date('1 minutes')) from date013_tbl-
7 order by 1; \g 
<<

+-------------+-------------+
|id           |col2         |
+-------------+-------------+
|          107|           59|
|          207|           58|
+-------------+-------------+
(2 rows)
>>
* select id, date_part('second',date(starttime)+ date('10 seconds')) from date013_tb-
l7 order by 1; \g 
<<

+-------------+-------------+
|id           |col2         |
+-------------+-------------+
|          107|            9|
|          207|           10|
+-------------+-------------+
(2 rows)
>>
* select id, date_part('second',date(starttime)- date('10 seconds')) from date013_tb-
l7 order by 1; \g 
<<

+-------------+-------------+
|id           |col2         |
+-------------+-------------+
|          107|           49|
|          207|           50|
+-------------+-------------+
(2 rows)
>>
* create table date013_tbl8a (timeprec0 time(0),timeprec1 time(1), timeprec2 time(2)-
, timeprec3 time(3)); \g 
<<

>>
* insert into date013_tbl8a values('00:00:00','01:10:10.0','02:20:20.02','03:30:30.0-
13')\g
<<
(1 row)
>>
* insert into date013_tbl8a values('00:00:01','01:11:11.0','02:21:21.12','03:31:31.1-
23')\g
<<
(1 row)
>>
* select * from date013_tbl8a\g
<<

+---------------------+---------------------+---------------------+------------------
----+
|timeprec0            |timeprec1            |timeprec2            |timeprec3        -
    |
+---------------------+---------------------+---------------------+------------------
----+
|00:00:00             |01:10:10.0           |02:20:20.02          |03:30:30.013     -
    |
|00:00:01             |01:11:11.0           |02:21:21.12          |03:31:31.123     -
    |
+---------------------+---------------------+---------------------+------------------
----+
(2 rows)
>>
* create table date013_tbl8b (timeprec4 time(4), timeprec5 time(5), timeprec6 time(6-
)); \g
<<

>>
* insert into date013_tbl8b values('04:40:40.0124','05:50:50.01235','06:59:59.012346-
')\g
<<
(1 row)
>>
* insert into date013_tbl8b values('04:49:49.1234','05:59:59.12345','06:09:09.123456-
')\g
<<
(1 row)
>>
* select * from date013_tbl8b\g
<<

+---------------------+---------------------+---------------------+
|timeprec4            |timeprec5            |timeprec6            |
+---------------------+---------------------+---------------------+
|04:40:40.0124        |05:50:50.01235       |06:59:59.012346      |
|04:49:49.1234        |05:59:59.12345       |06:09:09.123456      |
+---------------------+---------------------+---------------------+
(2 rows)
>>
* create table date013_tbl8c (timeprec7 time(7), timeprec8 time(8), timeprec9 time(9-
)); \g
<<

>>
* insert into date013_tbl8c values('07:17:17.0123457','08:18:18.01234568','09:19:19.-
012345679')\g
<<
(1 row)
>>
* insert into date013_tbl8c values('07:27:27.1234567','08:28:28.12345678','09:29:29.-
123456789')\g
<<
(1 row)
>>
* select * from date013_tbl8c\g
<<

+---------------------+---------------------+---------------------+
|timeprec7            |timeprec8            |timeprec9            |
+---------------------+---------------------+---------------------+
|07:17:17.0123457     |08:18:18.01234568    |09:19:19.012345679   |
|07:27:27.1234567     |08:28:28.12345678    |09:29:29.123456789   |
+---------------------+---------------------+---------------------+
(2 rows)
>>
* drop table date013_tbl1, date013_tbl2, date013_tbl3, date013_tbl4, date013_tbl5, d-
ate013_tbl6, date013_tbl7, date013_tbl8a, date013_tbl8b, date013_tbl8c;\g
<<

>>
* \q
<<

>>


Ending at: Tue Apr  3 14:01:50 2007
