/*
Copyright (c) 2007 Ingres Corporation
 
	Test Name	: date011.sep
	Suite		: be!datetime
	Purpose		: Test new ANSIDATE data type with:
			: 	date and date_part functions 
	Database	: datetimedb
	Tables		: date011_tbl
	Filled Files	: none
	Copied Files	:
	Output files	:
	Run as		: testenv
	Synopsis	: Verifies the syntax and functionality of the date
			: and date_part functions when the column 'dob' has
			: the new data type of ANSIDATE.  Terminal monitor
			: queries are used to verify the correct results is
			: returned using date functions year, quarter, month,
			: week, week_iso, and day and using the date and
			: date_part functions.

 History:  4-Dec-2006	(Prathima) Created
           3-Apr-2007	(vande02)  Fixed up header, synopsis, added order by
				   clauses, changed table name to date011_tbl.
*/
? sql -s SEPPARAMDB 
<<

>>
* drop table date011_tbl\g
<<
~
>>
* create table date011_tbl(id int,dob ansidate); \g 
<<

>>
* insert into date011_tbl values('1150','1983-01-01'); \g 
<<
(1 row)
>>
* insert into date011_tbl values('1180','1984-02-29'); \g 
<<
(1 row)
>>
* insert into date011_tbl values('1200','1987-03-10'); \g 
<<
(1 row)
>>
* insert into date011_tbl values('1220','1989-04-15'); \g 
<<
(1 row)
>>
* insert into date011_tbl values('1250','1991-05-20'); \g 
<<
(1 row)
>>
* insert into date011_tbl values('1260','1993-06-25'); \g 
<<
(1 row)
>>
* insert into date011_tbl values('1270','1995-07-26'); \g 
<<
(1 row)
>>
* insert into date011_tbl values('1280','1997-08-27'); \g 
<<
(1 row)
>>
* insert into date011_tbl values('1290','1999-09-28'); \g 
<<
(1 row)
>>
* insert into date011_tbl values('1300','2001-10-29'); \g 
<<
(1 row)
>>
* insert into date011_tbl values('1330','2003-11-30'); \g 
<<
(1 row)
>>
* insert into date011_tbl values('1350','2005-12-31'); \g 
<<
(1 row)
>>
* select * from date011_tbl order by 1; \g 
<<

+-------------+-----------------+
|id           |dob              |
+-------------+-----------------+
|         1150|1983-01-01       |
|         1180|1984-02-29       |
|         1200|1987-03-10       |
|         1220|1989-04-15       |
|         1250|1991-05-20       |
|         1260|1993-06-25       |
|         1270|1995-07-26       |
|         1280|1997-08-27       |
|         1290|1999-09-28       |
|         1300|2001-10-29       |
|         1330|2003-11-30       |
|         1350|2005-12-31       |
+-------------+-----------------+
(12 rows)
>>
* select year(date(dob)) from date011_tbl order by 1; \g 
<<

+------+
|col1  |
+------+
|  1983|
|  1984|
|  1987|
|  1989|
|  1991|
|  1993|
|  1995|
|  1997|
|  1999|
|  2001|
|  2003|
|  2005|
+------+
(12 rows)
>>
* select date_part('year',date(dob)) from date011_tbl order by 1; \g 
<<

+------+
|col1  |
+------+
|  1983|
|  1984|
|  1987|
|  1989|
|  1991|
|  1993|
|  1995|
|  1997|
|  1999|
|  2001|
|  2003|
|  2005|
+------+
(12 rows)
>>
* select quarter(date(dob)) from date011_tbl order by 1; \g 
<<

+------+
|col1  |
+------+
|     1|
|     1|
|     1|
|     2|
|     2|
|     2|
|     3|
|     3|
|     3|
|     4|
|     4|
|     4|
+------+
(12 rows)
>>
* select date_part('quarter',date(dob)) from date011_tbl order by 1; \g 
<<

+------+
|col1  |
+------+
|     1|
|     1|
|     1|
|     2|
|     2|
|     2|
|     3|
|     3|
|     3|
|     4|
|     4|
|     4|
+------+
(12 rows)
>>
* select month(date(dob)) from date011_tbl order by 1; \g 
<<

+------+
|col1  |
+------+
|     1|
|     2|
|     3|
|     4|
|     5|
|     6|
|     7|
|     8|
|     9|
|    10|
|    11|
|    12|
+------+
(12 rows)
>>
* select date_part('month',date(dob)) from date011_tbl order by 1; \g 
<<

+------+
|col1  |
+------+
|     1|
|     2|
|     3|
|     4|
|     5|
|     6|
|     7|
|     8|
|     9|
|    10|
|    11|
|    12|
+------+
(12 rows)
>>
* select id, week(date(dob)) from date011_tbl order by 1; \g 
<<

+-------------+------+
|id           |col2  |
+-------------+------+
|         1150|     0|
|         1180|     9|
|         1200|    10|
|         1220|    15|
|         1250|    20|
|         1260|    25|
|         1270|    30|
|         1280|    34|
|         1290|    39|
|         1300|    44|
|         1330|    47|
|         1350|    52|
+-------------+------+
(12 rows)
>>
* select id, date_part('week',date(dob)) from date011_tbl order by 1; \g 
<<

+-------------+-------------+
|id           |col2         |
+-------------+-------------+
|         1150|            0|
|         1180|            9|
|         1200|           10|
|         1220|           15|
|         1250|           20|
|         1260|           25|
|         1270|           30|
|         1280|           34|
|         1290|           39|
|         1300|           44|
|         1330|           47|
|         1350|           52|
+-------------+-------------+
(12 rows)
>>
* select id, week_iso(date(dob)) from date011_tbl order by 1; \g 
<<

+-------------+------+
|id           |col2  |
+-------------+------+
|         1150|    52|
|         1180|     9|
|         1200|    11|
|         1220|    15|
|         1250|    21|
|         1260|    25|
|         1270|    30|
|         1280|    35|
|         1290|    39|
|         1300|    44|
|         1330|    48|
|         1350|    52|
+-------------+------+
(12 rows)
>>
* select id, date_part('week_iso',date(dob)) from date011_tbl order by 1; \g 
<<
E_US10DB the interval function recognizes no such unit as week_iso.
    (Mon Dec  4 03:39:17 2006)

>>
* select id, day(date(dob)) from date011_tbl order by 1; \g 
<<

+-------------+------+
|id           |col2  |
+-------------+------+
|         1150|     1|
|         1180|    29|
|         1200|    10|
|         1220|    15|
|         1250|    20|
|         1260|    25|
|         1270|    26|
|         1280|    27|
|         1290|    28|
|         1300|    29|
|         1330|    30|
|         1350|    31|
+-------------+------+
(12 rows)
>>
* select id, date_part('day',date(dob)) from date011_tbl order by 1; \g 
<<

+-------------+-------------+
|id           |col2         |
+-------------+-------------+
|         1150|            1|
|         1180|           29|
|         1200|           10|
|         1220|           15|
|         1250|           20|
|         1260|           25|
|         1270|           26|
|         1280|           27|
|         1290|           28|
|         1300|           29|
|         1330|           30|
|         1350|           31|
+-------------+-------------+
(12 rows)
>>
* drop table date011_tbl\g
<<

>>
* \q 
<<

>>


Ending at: Tue Apr  3 11:22:55 2007
