/*
Copyright (c) 2007 Ingres Corporation

        Test Name       : date012.sep
        Suite           : be!datetime
        Purpose         : Test new INGRESDATE data type with:
                        :       date and date_part functions
        Database        : datetimedb
        Tables          : date012_tbl
        Filled Files    : none
        Copied Files    :
        Output files    :
        Run as          : testenv
        Synopsis        : Verifies the syntax and functionality of the date
                        : and date_part functions when the column 'dob' has
                        : the new data type of INGRESDATE.  Terminal monitor
                        : queries are used to verify the correct results is
                        : returned using date functions year, quarter, month,
                        : week, week_iso, day, hour, minute, second, and
			: microsecond using the date and date_part functions.
        Issues          : Verifies the syntax and functionality of the date
                        : Issue 116961 closed because that is the way it works.
                        : Issue 116919 - microsecond on an ingresdate column
			:   does not return default of 3 digits of precision
			:   with the date function nor zero.
                        : Issue 116962 - Time values for seconds are stored and
			:   returned being rounded up or down randomly on an
			:   ingresdate column.
			: Change 485804 for issue 116919/116962 did not make it
			:   into the GA product.


 History:  4-Dec-2006   (Prathima) Created
           3-Apr-2007	(vande02)  Fixed up header, synopsis, added order by
				   clauses, specified ingresdate for dob column
				   data type, added some queries and embedded
				   comments where unexpected behavior is
				   occuring reported as issues 116919, 116962.
*/
? sql -s SEPPARAMDB 
<<

>>
* drop table date012_tbl\g
<<
~
>>
* create table date012_tbl(id int,dob ingresdate) with page_size=8192; \g 
<<

>>
* insert into date012_tbl values('1150','01-01-1983 23:59:59.11'); \g 
<<
(1 row)
>>
* insert into date012_tbl values('1180','02-29-1984 02:20:40.123'); \g 
<<
(1 row)
>>
* insert into date012_tbl values('1200','03-10-1987 20:33:30.1234'); \g 
<<
(1 row)
>>
* insert into date012_tbl values('1220','04-15-1989 04:45:20.12345'); \g 
<<
(1 row)
>>
* insert into date012_tbl values('1250','05-20-1991 19:20:20.123456'); \g 
<<
(1 row)
>>
* insert into date012_tbl values('1260','06-25-1993 05:50:10.1234567'); \g 
<<
(1 row)
>>
* insert into date012_tbl values('1270','07-26-1995 17:01:58.12345678'); \g 
<<
(1 row)
>>
* insert into date012_tbl values('1280','08-27-1997 06:59:59.123456789'); \g 
<<
(1 row)
>>
* insert into date012_tbl values('1290','09-28-1999 18:01:10.00'); \g 
<<
(1 row)
>>
* insert into date012_tbl values('1300','10-29-2001 03:33:30.01'); \g 
<<
(1 row)
>>
* insert into date012_tbl values('1330','11-30-2003 12:15:05.01234'); \g 
<<
(1 row)
>>
* insert into date012_tbl values('1350','12-31-2005 23:59:01.012345678'); \g 
<<
(1 row)
>>
* select * from date012_tbl order by 1; \g 
<<

+-------------+-------------------------+
|id           |dob                      |
+-------------+-------------------------+
|         1150|01-jan-1983 23:59:59     |
|         1180|29-feb-1984 02:20:41     |
|         1200|10-mar-1987 20:33:29     |
|         1220|15-apr-1989 04:45:18     |
|         1250|20-may-1991 19:20:21     |
|         1260|25-jun-1993 05:50:11     |
|         1270|26-jul-1995 17:01:59     |
|         1280|27-aug-1997 06:59:59     |
|         1290|28-sep-1999 18:01:10     |
|         1300|29-oct-2001 03:33:30     |
|         1330|30-nov-2003 12:15:04     |
|         1350|31-dec-2005 23:59:02     |
+-------------+-------------------------+
(12 rows)
>>
* select year(date(dob)) from date012_tbl order by 1; \g 
<<

+------+
|col1  |
+------+
|  1983|
|  1984|
|  1987|
|  1989|
|  1991|
|  1993|
|  1995|
|  1997|
|  1999|
|  2001|
|  2003|
|  2005|
+------+
(12 rows)
>>
* select date_part('year',date(dob)) from date012_tbl order by 1; \g 
<<

+------+
|col1  |
+------+
|  1983|
|  1984|
|  1987|
|  1989|
|  1991|
|  1993|
|  1995|
|  1997|
|  1999|
|  2001|
|  2003|
|  2005|
+------+
(12 rows)
>>
* select quarter(date(dob)) from date012_tbl order by 1; \g 
<<

+------+
|col1  |
+------+
|     1|
|     1|
|     1|
|     2|
|     2|
|     2|
|     3|
|     3|
|     3|
|     4|
|     4|
|     4|
+------+
(12 rows)
>>
* select date_part('quarter',date(dob)) from date012_tbl order by 1; \g 
<<

+------+
|col1  |
+------+
|     1|
|     1|
|     1|
|     2|
|     2|
|     2|
|     3|
|     3|
|     3|
|     4|
|     4|
|     4|
+------+
(12 rows)
>>
* select month(date(dob)) from date012_tbl order by 1; \g 
<<

+------+
|col1  |
+------+
|     1|
|     2|
|     3|
|     4|
|     5|
|     6|
|     7|
|     8|
|     9|
|    10|
|    11|
|    12|
+------+
(12 rows)
>>
* select date_part('month',date(dob)) from date012_tbl order by 1; \g 
<<

+------+
|col1  |
+------+
|     1|
|     2|
|     3|
|     4|
|     5|
|     6|
|     7|
|     8|
|     9|
|    10|
|    11|
|    12|
+------+
(12 rows)
>>
* select id, week(date(dob)) from date012_tbl order by 1; \g 
<<

+-------------+------+
|id           |col2  |
+-------------+------+
|         1150|     0|
|         1180|     9|
|         1200|    10|
|         1220|    15|
|         1250|    20|
|         1260|    25|
|         1270|    30|
|         1280|    34|
|         1290|    39|
|         1300|    44|
|         1330|    47|
|         1350|    52|
+-------------+------+
(12 rows)
>>
* select id, date_part('week',date(dob)) from date012_tbl order by 1; \g 
<<

+-------------+-------------+
|id           |col2         |
+-------------+-------------+
|         1150|            0|
|         1180|            9|
|         1200|           10|
|         1220|           15|
|         1250|           20|
|         1260|           25|
|         1270|           30|
|         1280|           34|
|         1290|           39|
|         1300|           44|
|         1330|           47|
|         1350|           52|
+-------------+-------------+
(12 rows)
>>
* select id, week_iso(date(dob)) from date012_tbl order by 1; \g 
<<

+-------------+------+
|id           |col2  |
+-------------+------+
|         1150|    52|
|         1180|     9|
|         1200|    11|
|         1220|    15|
|         1250|    21|
|         1260|    25|
|         1270|    30|
|         1280|    35|
|         1290|    39|
|         1300|    44|
|         1330|    48|
|         1350|    52|
+-------------+------+
(12 rows)
>>
* select id, date_part('week_iso',date(dob)) from date012_tbl order by 1; \g 
<<
E_US10DB the interval function recognizes no such unit as week_iso.
    (Mon Dec  4 03:39:17 2006)

>>
* select id, day(date(dob)) from date012_tbl order by 1; \g 
<<

+-------------+------+
|id           |col2  |
+-------------+------+
|         1150|     1|
|         1180|    29|
|         1200|    10|
|         1220|    15|
|         1250|    20|
|         1260|    25|
|         1270|    26|
|         1280|    27|
|         1290|    28|
|         1300|    29|
|         1330|    30|
|         1350|    31|
+-------------+------+
(12 rows)
>>
* select id, date_part('day',date(dob)) from date012_tbl order by 1; \g 
<<

+-------------+-------------+
|id           |col2         |
+-------------+-------------+
|         1150|            1|
|         1180|           29|
|         1200|           10|
|         1220|           15|
|         1250|           20|
|         1260|           25|
|         1270|           26|
|         1280|           27|
|         1290|           28|
|         1300|           29|
|         1330|           30|
|         1350|           31|
+-------------+-------------+
(12 rows)
>>
* select id, hour(date(dob)) from date012_tbl order by 1; \g
<<

+-------------+------+
|id           |col2  |
+-------------+------+
|         1150|    23|
|         1180|     2|
|         1200|    20|
|         1220|     4|
|         1250|    19|
|         1260|     5|
|         1270|    17|
|         1280|     6|
|         1290|    18|
|         1300|     3|
|         1330|    12|
|         1350|    23|
+-------------+------+
(12 rows)
>>
* select id, date_part('hr', date(dob)) from date012_tbl order by 1; \g
<<

+-------------+-------------+
|id           |col2         |
+-------------+-------------+
|         1150|           23|
|         1180|            2|
|         1200|           20|
|         1220|            4|
|         1250|           19|
|         1260|            5|
|         1270|           17|
|         1280|            6|
|         1290|           18|
|         1300|            3|
|         1330|           12|
|         1350|           23|
+-------------+-------------+
(12 rows)
>>
* select id, minute(date(dob)) from date012_tbl order by 1; \g
<<

+-------------+------+
|id           |col2  |
+-------------+------+
|         1150|    59|
|         1180|    20|
|         1200|    33|
|         1220|    45|
|         1250|    20|
|         1260|    50|
|         1270|     1|
|         1280|    59|
|         1290|     1|
|         1300|    33|
|         1330|    15|
|         1350|    59|
+-------------+------+
(12 rows)
>>
* select id, date_part('mins', date(dob)) from date012_tbl order by 1; \g
<<

+-------------+-------------+
|id           |col2         |
+-------------+-------------+
|         1150|           59|
|         1180|           20|
|         1200|           33|
|         1220|           45|
|         1250|           20|
|         1260|           50|
|         1270|            1|
|         1280|           59|
|         1290|            1|
|         1300|           33|
|         1330|           15|
|         1350|           59|
+-------------+-------------+
(12 rows)
>> 
/*
	Issue 116962 - Time values for seconds are stored and returned
	being rounded up or down randomly on an ingresdate column. 
	This will not match the canon until Bug 117623 fixed by
	change 485804 is in the product.
*/
* select id, second(date(dob)) from date012_tbl order by 1; \g
<<

+-------------+------+
|id           |col2  |
+-------------+------+
|         1150|    59|
|         1180|    40|
|         1200|    30|
|         1220|    20|
|         1250|    20|
|         1260|    10|
|         1270|    58|
|         1280|    59|
|         1290|    10|
|         1300|    30|
|         1330|     5|
|         1350|     1|
+-------------+------+
(12 rows)
>>
/*
	Issue 116962 - Time values for seconds are stored and returned
	being rounded up or down randomly on an ingresdate column. 
	This will not match the canon until Bug 117623 fixed by
	change 485804 is in the product.
*/
* select id, date_part('secs', date(dob)) from date012_tbl order by 1; \g
<<

+-------------+-------------+
|id           |col2         |
+-------------+-------------+
|         1150|           59|
|         1180|           40|
|         1200|           30|
|         1220|           20|
|         1250|           20|
|         1260|           10|
|         1270|           58|
|         1280|           59|
|         1290|           10|
|         1300|           30|
|         1330|            5|
|         1350|            1|
+-------------+-------------+
(12 rows)
>>
/*
	Issue 116919 - Microsecond on an ingresdate column does not
	return expected result.  This will not match the canon until
	Bug 117623 fixed by change 485804 is in the product.
	Correct result is - return zero for microsecond when coercing
	to ingresdate using 'date' function.
*/
* select id, microsecond(date(dob)) from date012_tbl order by 1; \g
<<

+-------------+-------------+
|id           |col2         |
+-------------+-------------+
|         1150|            0|
|         1180|            0|
|         1200|            0|
|         1220|            0|
|         1250|            0|
|         1260|            0|
|         1270|            0|
|         1280|            0|
|         1290|            0|
|         1300|            0|
|         1330|            0|
|         1350|            0|
+-------------+-------------+
(12 rows)
>>
/*
	Issue 116919 - Microsecond on an ingresdate column does not
	return expected result.  This will not match the canon until
	Bug 117623 fixed by change 485804 is in the product.
	Correct result is - return zero for microsecond when coercing
	to ingresdate using 'date' function.
*/
* select id, date_part('microsecond',date(dob)) from date012_tbl order by 1; \g
<<

+-------------+-------------+
|id           |col2         |
+-------------+-------------+
|         1150|            0|
|         1180|            0|
|         1200|            0|
|         1220|            0|
|         1250|            0|
|         1260|            0|
|         1270|            0|
|         1280|            0|
|         1290|            0|
|         1300|            0|
|         1330|            0|
|         1350|            0|
+-------------+-------------+
(12 rows)
>>
* drop table date012_tbl\g
<<

>>
* \q 
<<

>>


Ending at: Tue Apr  3 11:50:12 2007
