/*

  Copyright (c) 2008 Ingres Corporation

  Test Name     : date001_93.sep
  Suite         : be!datetime
  Focus         : Ingres 2006 Release 2 New Feature:
                : ANSI TIME [WITHOUT TIME ZONE] Datatype 

  Databases     : SEPPARAMDB (datetimedb)
  Tables        : dt001_t1, dt001_t4
  Filled Files  : 
  Copied Files  : 
  Output Files  :
  Prerequisites : None 
  Run as user   : testenv
  Summary       : Basic functionality test: 
                :   * Data inserted and retrieved correctly
                :   * Fractions of seconds
                :   * Simple predicates
                :   * ORDER BY

  Exp. DIFFs    : None
  History       : 19-Dec-2008 (sarjo01) Created from date001.sep.

*/

? sql -s SEPPARAMDB 
<<

>>
* drop dt001_t1, dt001_t4\g
<<
~
>>
* create table dt001_t4 (dt001_t4_c1 time, dt001_t4_c2 time without time zone,-
  dt001_t4_c3 time with time zone, dt001_t4_c4 time with local time zone)\g
<<

>>
* select attname, attfrmt from iiattribute where attname like 'dt001_t4%'-
  order by 1\g 
<<

+--------------------------------+------+
|attname                         |attfrm|
+--------------------------------+------+
|dt001_t4_c1                     |    -6|
|dt001_t4_c2                     |    -6|
|dt001_t4_c3                     |    -7|
|dt001_t4_c4                     |    -8|
+--------------------------------+------+
(4 rows)
>>
* drop dt001_t4\g
<<

>>
* create table dt001_t4 (c1 time zone, c2 int)\g
<<
E_US07DE CREATE or ALTER TABLE: invalid column format 'time zone' on
    column 'c1'.
    (Mon Dec 11 09:27:24 2006)

>>
* create table dt001_t4 (c1 time with zone, c2 int)\g
<<
E_US0F0F line 1, Syntax error on 'zone'.  The correct syntax is:
    CREATE TABLE tablename (
       columnname format [default_clause] [null_clause]  [column_constraint]

     | table_constraint
       {, ... } )
       [with_clause]

     CREATE TABLE tablename [(colname_list)]
       AS subselect
   [with_clause]
    (Mon Dec 11 09:29:32 2006)

>>
* create table dt001_t4 (c1 time with local zone, c2 int)\g
<<
E_US07DE CREATE or ALTER TABLE: invalid column format 'time with local
    zone' on column 'c1'.
    (Mon Dec 11 09:33:40 2006)

>>
* create table dt001_t4 (c1 time with local time zone (4), c2 int)\g
<<
E_US0F0F line 1, Syntax error on '('.  The correct syntax is:
    CREATE TABLE tablename (
       columnname format [default_clause] [null_clause]  [column_constraint]

     | table_constraint
       {, ... } )
       [with_clause]

     CREATE TABLE tablename [(colname_list)]
       AS subselect
   [with_clause]
    (Mon Dec 11 09:51:46 2006)

>>
* create table dt001_t4 (c1 time () with local time zone, c2 int)\g
<<
E_US0F0F line 1, Syntax error on ')'.  The correct syntax is:
    CREATE TABLE tablename (
       columnname format [default_clause] [null_clause]  [column_constraint]

     | table_constraint
       {, ... } )
       [with_clause]

     CREATE TABLE tablename [(colname_list)]
       AS subselect
   [with_clause]
    (Mon Dec 11 11:07:18 2006)

E_US0AA2 line 1, Syntax error on ')'. An integer constant expected.
    (Mon Dec 11 11:07:18 2006)

>>
* create table dt001_t4 (c1 time (10) with local time zone, c2 int)\g
<<
E_US07DE CREATE or ALTER TABLE: invalid column format 'time with local
    time zone' on column 'c1'.
    (Wed Jan 17 13:43:09 2007)

>>
* drop table dt001_t4\g
<<
~
>>
* create table dt001_t4 (-
  c1 time,-
  c2 time without time zone,-
  c3 time with time zone,-
  c4 time with local time zone,-
  c5 time (4),-
  c6 time (4) without time zone,-
  c7 time (4) with time zone,-
  c8 time (4) with local time zone-
  )\g
<<

>>
* drop table dt001_t4\g
<<
~
>>
* create table dt001_t1 (c1 time, c2 int)\g
<<

>>
* insert into dt001_t1 values (100, 1)\g
<<
E_US0B61 line 1, You cannot assign this 'integer' value to a column of
type 'time without time zone'. Explicitly convert the value to the
required type or check it is in the valid range for the target datatype.
    (Mon Dec 11 13:08:10 2006)

>>
* insert into dt001_t1 values ('10', 1)\g
<<
E_US10E6 '10' is an invalid format or value for time without time zone or
    time with local time zone. Please enter a valid time value in
    hh:mm:ss[.fff...] format.
    (Fri Dec 19 10:50:42 2008)

>>
* insert into dt001_t1 values ('10:10', 1)\g
<<
(1 row)
>>
* insert into dt001_t1 values ('10:10:61', 1)\g
<<
E_US10D2 10:10:61 is not a valid time for a date/time column.
    (Wed Jan 17 13:46:32 2007)

>>
* insert into dt001_t1 values ('24:10:10', 1)\g
<<
E_US10D2 24:10:10 is not a valid time for a date/time column.
    (Wed Jan 17 13:50:15 2007)

>>
* insert into dt001_t1 values ('10:60:10', 1)\g
<<
E_US10D2 10:60:10 is not a valid time for a date/time column.
    (Wed Jan 17 14:02:17 2007)

>>
* insert into dt001_t1 values ('10:10:10.', 1)\g
<<
E_US10E6 '10:10:10.' is an invalid format or value for time without time
    zone or time with local time zone. Please enter a valid time value in
    hh:mm:ss[.fff...] format.
    (Wed Jan 17 14:03:01 2007)

>>
* insert into dt001_t1 values ('10:10:10.x', 1)\g
<<
E_US10E6 '10:10:10.x' is an invalid format or value for time without time
    zone or time with local time zone. Please enter a valid time value in
    hh:mm:ss[.fff...] format.
    (Wed Jan 17 14:10:56 2007)

>>
* insert into dt001_t1 values ('10:10:10-10', 1)\g
<<
E_US10E6 '10:10:10-10' is an invalid format or value for time without time
    zone or time with local time zone. Please enter a valid time value in
    hh:mm:ss[.fff...] format.
    (Wed Jan 17 14:11:50 2007)

>>
* insert into dt001_t1 values ('10:10:10-10:99', 1)\g
<<
E_US10E6 '10:10:10-10:99' is an invalid format or value for time without
    time zone or time with local time zone. Please enter a valid time value
    in hh:mm:ss[.fff...] format.
    (Wed Jan 17 14:13:24 2007)

>>
* insert into dt001_t1 values ('10:10:10-25:00', 1)\g
<<
E_US10E6 '10:10:10-25:00' is an invalid format or value for time without
    time zone or time with local time zone. Please enter a valid time value
    in hh:mm:ss[.fff...] format.
    (Wed Jan 17 14:31:28 2007)

>>
* delete from dt001_t1\g
<<
~
>>
* insert into dt001_t1 values ('10:10:10-05:00', 1)\g
<<
(1 row)
>>
* insert into dt001_t1 values ('10:10:11+05:00', 2)\g
<<
(1 row)
>>
* insert into dt001_t1 values ('10:10:10', 3)\g
<<
(1 row)
>>
* insert into dt001_t1 values ('10:10:11', 4)\g
<<
(1 row)
>>
* insert into dt001_t1 values ('0:0:0', 5)\g
<<
(1 row)
>>
* insert into dt001_t1 values ('0:0:0-05:00', 6)\g
<<
(1 row)
>>
* insert into dt001_t1 values ('0:0:0-5:0', 7)\g
<<
(1 row)
>>
* insert into dt001_t1 values ('0:0:0-12:59', 8)\g
<<
(1 row)
>>
* insert into dt001_t1 values ('0:0:0+14:00', 9)\g
<<
(1 row)
>>
* insert into dt001_t1 values ('0:0:1', 10)\g
<<
(1 row)
>>
* insert into dt001_t1 values ('0:1:0', 11)\g
<<
(1 row)
>>
* insert into dt001_t1 values ('0:1:1', 12)\g
<<
(1 row)
>>
* insert into dt001_t1 values ('1:0:0', 13)\g
<<
(1 row)
>>
* insert into dt001_t1 values ('1:0:1', 14)\g
<<
(1 row)
>>
* insert into dt001_t1 values ('1:1:0', 15)\g
<<
(1 row)
>>
* insert into dt001_t1 values ('1:1:1', 16)\g
<<
(1 row)
>>
* insert into dt001_t1 values ('23:59:59', 17)\g
<<
(1 row)
>>
* insert into dt001_t1 values ('05:0:20', 18)\g
<<
(1 row)
>>
* insert into dt001_t1 values ('0:0:59', 19)\g
<<
(1 row)
>>
* insert into dt001_t1 values ('0:59:0', 20)\g
<<
(1 row)
>>
* insert into dt001_t1 values ('12:00:00', 21)\g
<<
(1 row)
>>
* insert into dt001_t1 values ('13:00:00', 22)\g
<<
(1 row)
>>
* select c1,c2 from dt001_t1 order by 2\g
<<

+---------------------+-------------+
|c1                   |c2           |
+---------------------+-------------+
|10:10:10             |            1|
|10:10:11             |            2|
|10:10:10             |            3|
|10:10:11             |            4|
|00:00:00             |            5|
|00:00:00             |            6|
|00:00:00             |            7|
|00:00:00             |            8|
|00:00:00             |            9|
|00:00:01             |           10|
|00:01:00             |           11|
|00:01:01             |           12|
|01:00:00             |           13|
|01:00:01             |           14|
|01:01:00             |           15|
|01:01:01             |           16|
|23:59:59             |           17|
|05:00:20             |           18|
|00:00:59             |           19|
|00:59:00             |           20|
|12:00:00             |           21|
|13:00:00             |           22|
+---------------------+-------------+
(22 rows)
>>
* select c1 from dt001_t1 order by 1\g
<<

+---------------------+
|c1                   |
+---------------------+
|00:00:00             |
|00:00:00             |
|00:00:00             |
|00:00:00             |
|00:00:00             |
|00:00:01             |
|00:00:59             |
|00:01:00             |
|00:01:01             |
|00:59:00             |
|01:00:00             |
|01:00:01             |
|01:01:00             |
|01:01:01             |
|05:00:20             |
|10:10:10             |
|10:10:10             |
|10:10:11             |
|10:10:11             |
|12:00:00             |
|13:00:00             |
|23:59:59             |
+---------------------+
(22 rows)
>>
* select c1 from dt001_t1 order by 1 desc\g
<<

+---------------------+
|c1                   |
+---------------------+
|23:59:59             |
|13:00:00             |
|12:00:00             |
|10:10:11             |
|10:10:11             |
|10:10:10             |
|10:10:10             |
|05:00:20             |
|01:01:01             |
|01:01:00             |
|01:00:01             |
|01:00:00             |
|00:59:00             |
|00:01:01             |
|00:01:00             |
|00:00:59             |
|00:00:01             |
|00:00:00             |
|00:00:00             |
|00:00:00             |
|00:00:00             |
|00:00:00             |
+---------------------+
(22 rows)
>>
* select min(c1), max(c1) from dt001_t1\g
<<

+---------------------+---------------------+
|col1                 |col2                 |
+---------------------+---------------------+
|00:00:00             |23:59:59             |
+---------------------+---------------------+
(1 row)
>>
* select * from dt001_t1 where c1 = '00:59:00'\g
<<

+---------------------+-------------+
|c1                   |c2           |
+---------------------+-------------+
|00:59:00             |           20|
+---------------------+-------------+
(1 row)
>>
* select * from dt001_t1 where c1 <> '00:59:00' order by 1\g
<<

+---------------------+-------------+
|c1                   |c2           |
+---------------------+-------------+
|00:00:00             |            9|
|00:00:00             |            8|
|00:00:00             |            7|
|00:00:00             |            6|
|00:00:00             |            5|
|00:00:01             |           10|
|00:00:59             |           19|
|00:01:00             |           11|
|00:01:01             |           12|
|01:00:00             |           13|
|01:00:01             |           14|
|01:01:00             |           15|
|01:01:01             |           16|
|05:00:20             |           18|
|10:10:10             |            3|
|10:10:10             |            1|
|10:10:11             |            2|
|10:10:11             |            4|
|12:00:00             |           21|
|13:00:00             |           22|
|23:59:59             |           17|
+---------------------+-------------+
(21 rows)
>>
* select * from dt001_t1 where c1 < '05:00:20' order by 1\g
<<

+---------------------+-------------+
|c1                   |c2           |
+---------------------+-------------+
|00:00:00             |            9|
|00:00:00             |            8|
|00:00:00             |            5|
|00:00:00             |            7|
|00:00:00             |            6|
|00:00:01             |           10|
|00:00:59             |           19|
|00:01:00             |           11|
|00:01:01             |           12|
|00:59:00             |           20|
|01:00:00             |           13|
|01:00:01             |           14|
|01:01:00             |           15|
|01:01:01             |           16|
+---------------------+-------------+
(14 rows)
>>
* select * from dt001_t1 where c1 > '01:01:00' order by 1\g
<<

+---------------------+-------------+
|c1                   |c2           |
+---------------------+-------------+
|01:01:01             |           16|
|05:00:20             |           18|
|10:10:10             |            3|
|10:10:10             |            1|
|10:10:11             |            2|
|10:10:11             |            4|
|12:00:00             |           21|
|13:00:00             |           22|
|23:59:59             |           17|
+---------------------+-------------+
(9 rows)
>>
* drop table dt001_t1\g
<<
~
>>
* create table dt001_t1 (c1 time(9))\g
<<

>>
* insert into dt001_t1 values ('1:1:1.')\g
<<
E_US10E6 '1:1:1.' is an invalid format or value for time without time zone
    or time with local time zone. Please enter a valid time value in
    hh:mm:ss[.fff...] format.
    (Fri Jan 19 10:39:26 2007)

>>
* insert into dt001_t1 values ('1:1:1.0x0')\g
<<
E_US10E6 '1:1:1.0x0' is an invalid format or value for time without time
    zone or time with local time zone. Please enter a valid time value in
    hh:mm:ss[.fff...] format.
    (Fri Jan 19 11:24:45 2007)

>>
* drop table dt001_t1\g
<<
~
>>
* create table dt001_t1 (c1 time(1), c2 time(4), c3 time(9), c4 int)\g
<<

>>
* insert into dt001_t1 values ('7:8:9','7:8:9','7:8:9',1)\g
<<
(1 row)
>>
* insert into dt001_t1 values ('7:8:9.0','7:8:9.0','7:8:9.0',2)\g
<<
(1 row)
>>
* insert into dt001_t1 values ('7:8:9.00','7:8:9.00','7:8:9.00',3)\g
<<
(1 row)
>>
* insert into dt001_t1 values ('7:8:9.000','7:8:9.000','7:8:9.000',4)\g
<<
(1 row)
>>
* insert into dt001_t1 values ('7:8:9.0000','7:8:9.0000','7:8:9.0000',5)\g
<<
(1 row)
>>
* insert into dt001_t1 values ('7:8:9.00000','7:8:9.00000','7:8:9.00000',6)\g
<<
(1 row)
>>
* insert into dt001_t1 values ('7:8:9.000000','7:8:9.000000','7:8:9.000000',7)\g
<<
(1 row)
>>
* insert into dt001_t1 values ('7:8:9.0000000','7:8:9.0000000',-
  '7:8:9.0000000',8)\g
<<
(1 row)
>>
* insert into dt001_t1 values ('7:8:9.00000000','7:8:9.00000000',-
  '7:8:9.00000000',9)\g
<<
(1 row)
>>
* insert into dt001_t1 values ('7:8:9.000000000','7:8:9.000000000',-
  '7:8:9.000000000',10)\g
<<
(1 row)
>>
* insert into dt001_t1 values ('7:8:9.1','7:8:9.1','7:8:9.1',-
  11)\g
<<
(1 row)
>>
* insert into dt001_t1 values ('7:8:9.100000001','7:8:9.100000001',-
  '7:8:9.100000001',12)\g
<<
(1 row)
>>
* insert into dt001_t1 values ('7:8:9.000000001','7:8:9.000000001',-
  '7:8:9.000000001',13)\g
<<
(1 row)
>>
* insert into dt001_t1 values ('7:8:9.111111111','7:8:9.111111111',-
  '7:8:9.111111111',14)\g
<<
(1 row)
>>
* insert into dt001_t1 values ('7:8:9.1111','7:8:9.1111','7:8:9.1111',15)\g
<<
(1 row)
>>
* insert into dt001_t1 values ('7:8:9.6666','7:8:9.6666','7:8:9.6666',16)\g
<<
(1 row)
>>
* insert into dt001_t1 values ('7:8:9.99999999','7:8:9.99999999',-
  '7:8:9.99999999',17)\g
<<
(1 row)
>>
* insert into dt001_t1 values ('7:8:9.999999999','7:8:9.999999999',-
  '7:8:9.999999999',18)\g
<<
(1 row)
>>
* insert into dt001_t1 values ('7:8:9.50055','7:8:9.50055','7:8:9.50055',19)\g
<<
(1 row)
>>
* insert into dt001_t1 values ('7:8:9.9876543219','7:8:9.9876543219',-
  '7:8:9.9876543219',20)\g
<<
(1 row)
>>
* insert into dt001_t1 values ('7:8:9.0876543219','7:8:9.0876543219',-
  '7:8:9.0876543219',21)\g
<<
(1 row)
>>
* insert into dt001_t1 values ('7:8:9.0076543219','7:8:9.0076543219',-
  '7:8:9.0076543219',22)\g
<<
(1 row)
>>
* insert into dt001_t1 values ('7:8:9.000100001','7:8:9.000100001',-
  '7:8:9.000100001',23)\g
<<
(1 row)
>>
* insert into dt001_t1 values ('7:8:9.606','7:8:9.606','7:8:9.606',24)\g
<<
(1 row)
>>
* insert into dt001_t1 values ('7:8:9.04','7:8:9.04','7:8:9.04',25)\g
<<
(1 row)
>>
* select c1,c4 from dt001_t1 order by 2\g
<<

+---------------------+-------------+
|c1                   |c4           |
+---------------------+-------------+
|07:08:09.0           |            1|
|07:08:09.0           |            2|
|07:08:09.0           |            3|
|07:08:09.0           |            4|
|07:08:09.0           |            5|
|07:08:09.0           |            6|
|07:08:09.0           |            7|
|07:08:09.0           |            8|
|07:08:09.0           |            9|
|07:08:09.0           |           10|
|07:08:09.1           |           11|
|07:08:09.1           |           12|
|07:08:09.0           |           13|
|07:08:09.1           |           14|
|07:08:09.1           |           15|
|07:08:09.6           |           16|
|07:08:09.9           |           17|
|07:08:09.9           |           18|
|07:08:09.5           |           19|
|07:08:09.9           |           20|
|07:08:09.0           |           21|
|07:08:09.0           |           22|
|07:08:09.0           |           23|
|07:08:09.6           |           24|
|07:08:09.0           |           25|
+---------------------+-------------+
(25 rows)
>>
* select c2,c4 from dt001_t1 order by 2\g
<<

+---------------------+-------------+
|c2                   |c4           |
+---------------------+-------------+
|07:08:09.0000        |            1|
|07:08:09.0000        |            2|
|07:08:09.0000        |            3|
|07:08:09.0000        |            4|
|07:08:09.0000        |            5|
|07:08:09.0000        |            6|
|07:08:09.0000        |            7|
|07:08:09.0000        |            8|
|07:08:09.0000        |            9|
|07:08:09.0000        |           10|
|07:08:09.1000        |           11|
|07:08:09.1000        |           12|
|07:08:09.0000        |           13|
|07:08:09.1111        |           14|
|07:08:09.1111        |           15|
|07:08:09.6666        |           16|
|07:08:09.9999        |           17|
|07:08:09.9999        |           18|
|07:08:09.5005        |           19|
|07:08:09.9876        |           20|
|07:08:09.0876        |           21|
|07:08:09.0076        |           22|
|07:08:09.0001        |           23|
|07:08:09.6060        |           24|
|07:08:09.0400        |           25|
+---------------------+-------------+
(25 rows)
>>
* select c3,c4 from dt001_t1 order by 2\g
<<

+---------------------+-------------+
|c3                   |c4           |
+---------------------+-------------+
|07:08:09.000000000   |            1|
|07:08:09.000000000   |            2|
|07:08:09.000000000   |            3|
|07:08:09.000000000   |            4|
|07:08:09.000000000   |            5|
|07:08:09.000000000   |            6|
|07:08:09.000000000   |            7|
|07:08:09.000000000   |            8|
|07:08:09.000000000   |            9|
|07:08:09.000000000   |           10|
|07:08:09.100000000   |           11|
|07:08:09.100000001   |           12|
|07:08:09.000000001   |           13|
|07:08:09.111111111   |           14|
|07:08:09.111100000   |           15|
|07:08:09.666600000   |           16|
|07:08:09.999999990   |           17|
|07:08:09.999999999   |           18|
|07:08:09.500550000   |           19|
|07:08:09.987654321   |           20|
|07:08:09.087654321   |           21|
|07:08:09.007654321   |           22|
|07:08:09.000100001   |           23|
|07:08:09.606000000   |           24|
|07:08:09.040000000   |           25|
+---------------------+-------------+
(25 rows)
>>
* select c1 from dt001_t1 order by 1\g
<<

+---------------------+
|c1                   |
+---------------------+
|07:08:09.0           |
|07:08:09.0           |
|07:08:09.0           |
|07:08:09.0           |
|07:08:09.0           |
|07:08:09.0           |
|07:08:09.0           |
|07:08:09.0           |
|07:08:09.0           |
|07:08:09.0           |
|07:08:09.0           |
|07:08:09.0           |
|07:08:09.0           |
|07:08:09.0           |
|07:08:09.0           |
|07:08:09.1           |
|07:08:09.1           |
|07:08:09.1           |
|07:08:09.1           |
|07:08:09.5           |
|07:08:09.6           |
|07:08:09.6           |
|07:08:09.9           |
|07:08:09.9           |
|07:08:09.9           |
+---------------------+
(25 rows)
>>
* select c2 from dt001_t1 order by 1\g
<<

+---------------------+
|c2                   |
+---------------------+
|07:08:09.0000        |
|07:08:09.0000        |
|07:08:09.0000        |
|07:08:09.0000        |
|07:08:09.0000        |
|07:08:09.0000        |
|07:08:09.0000        |
|07:08:09.0000        |
|07:08:09.0000        |
|07:08:09.0000        |
|07:08:09.0000        |
|07:08:09.0001        |
|07:08:09.0076        |
|07:08:09.0400        |
|07:08:09.0876        |
|07:08:09.1000        |
|07:08:09.1000        |
|07:08:09.1111        |
|07:08:09.1111        |
|07:08:09.5005        |
|07:08:09.6060        |
|07:08:09.6666        |
|07:08:09.9876        |
|07:08:09.9999        |
|07:08:09.9999        |
+---------------------+
(25 rows)
>>
* select c3 from dt001_t1 order by 1\g
<<

+---------------------+
|c3                   |
+---------------------+
|07:08:09.000000000   |
|07:08:09.000000000   |
|07:08:09.000000000   |
|07:08:09.000000000   |
|07:08:09.000000000   |
|07:08:09.000000000   |
|07:08:09.000000000   |
|07:08:09.000000000   |
|07:08:09.000000000   |
|07:08:09.000000000   |
|07:08:09.000000001   |
|07:08:09.000100001   |
|07:08:09.007654321   |
|07:08:09.040000000   |
|07:08:09.087654321   |
|07:08:09.100000000   |
|07:08:09.100000001   |
|07:08:09.111100000   |
|07:08:09.111111111   |
|07:08:09.500550000   |
|07:08:09.606000000   |
|07:08:09.666600000   |
|07:08:09.987654321   |
|07:08:09.999999990   |
|07:08:09.999999999   |
+---------------------+
(25 rows)
>>
* select c1 from dt001_t1 order by 1 desc\g
<<

+---------------------+
|c1                   |
+---------------------+
|07:08:09.9           |
|07:08:09.9           |
|07:08:09.9           |
|07:08:09.6           |
|07:08:09.6           |
|07:08:09.5           |
|07:08:09.1           |
|07:08:09.1           |
|07:08:09.1           |
|07:08:09.1           |
|07:08:09.0           |
|07:08:09.0           |
|07:08:09.0           |
|07:08:09.0           |
|07:08:09.0           |
|07:08:09.0           |
|07:08:09.0           |
|07:08:09.0           |
|07:08:09.0           |
|07:08:09.0           |
|07:08:09.0           |
|07:08:09.0           |
|07:08:09.0           |
|07:08:09.0           |
|07:08:09.0           |
+---------------------+
(25 rows)
>>
* select c2 from dt001_t1 order by 1 desc\g
<<

+---------------------+
|c2                   |
+---------------------+
|07:08:09.9999        |
|07:08:09.9999        |
|07:08:09.9876        |
|07:08:09.6666        |
|07:08:09.6060        |
|07:08:09.5005        |
|07:08:09.1111        |
|07:08:09.1111        |
|07:08:09.1000        |
|07:08:09.1000        |
|07:08:09.0876        |
|07:08:09.0400        |
|07:08:09.0076        |
|07:08:09.0001        |
|07:08:09.0000        |
|07:08:09.0000        |
|07:08:09.0000        |
|07:08:09.0000        |
|07:08:09.0000        |
|07:08:09.0000        |
|07:08:09.0000        |
|07:08:09.0000        |
|07:08:09.0000        |
|07:08:09.0000        |
|07:08:09.0000        |
+---------------------+
(25 rows)
>>
* select c3 from dt001_t1 order by 1 desc\g
<<

+---------------------+
|c3                   |
+---------------------+
|07:08:09.999999999   |
|07:08:09.999999990   |
|07:08:09.987654321   |
|07:08:09.666600000   |
|07:08:09.606000000   |
|07:08:09.500550000   |
|07:08:09.111111111   |
|07:08:09.111100000   |
|07:08:09.100000001   |
|07:08:09.100000000   |
|07:08:09.087654321   |
|07:08:09.040000000   |
|07:08:09.007654321   |
|07:08:09.000100001   |
|07:08:09.000000001   |
|07:08:09.000000000   |
|07:08:09.000000000   |
|07:08:09.000000000   |
|07:08:09.000000000   |
|07:08:09.000000000   |
|07:08:09.000000000   |
|07:08:09.000000000   |
|07:08:09.000000000   |
|07:08:09.000000000   |
|07:08:09.000000000   |
+---------------------+
(25 rows)
>>
* select min(c1), max(c1) from dt001_t1\g
<<

+---------------------+---------------------+
|col1                 |col2                 |
+---------------------+---------------------+
|07:08:09.0           |07:08:09.9           |
+---------------------+---------------------+
(1 row)
>>
* select min(c2), max(c2) from dt001_t1\g
<<

+---------------------+---------------------+
|col1                 |col2                 |
+---------------------+---------------------+
|07:08:09.0000        |07:08:09.9999        |
+---------------------+---------------------+
(1 row)
>>
* select min(c3), max(c3) from dt001_t1\g
<<

+---------------------+---------------------+
|col1                 |col2                 |
+---------------------+---------------------+
|07:08:09.000000000   |07:08:09.999999999   |
+---------------------+---------------------+
(1 row)
>>
* select c1 from dt001_t1 where c1 = '07:08:09'\g
<<

+---------------------+
|c1                   |
+---------------------+
|07:08:09.0           |
|07:08:09.0           |
|07:08:09.0           |
|07:08:09.0           |
|07:08:09.0           |
|07:08:09.0           |
|07:08:09.0           |
|07:08:09.0           |
|07:08:09.0           |
|07:08:09.0           |
|07:08:09.0           |
|07:08:09.0           |
|07:08:09.0           |
|07:08:09.0           |
|07:08:09.0           |
+---------------------+
(15 rows)
>>
* select c2 from dt001_t1 where c2 = '07:08:09'\g
<<

+---------------------+
|c2                   |
+---------------------+
|07:08:09.0000        |
|07:08:09.0000        |
|07:08:09.0000        |
|07:08:09.0000        |
|07:08:09.0000        |
|07:08:09.0000        |
|07:08:09.0000        |
|07:08:09.0000        |
|07:08:09.0000        |
|07:08:09.0000        |
|07:08:09.0000        |
+---------------------+
(11 rows)
>>
* select c3 from dt001_t1 where c3 = '07:08:09'\g
<<

+---------------------+
|c3                   |
+---------------------+
|07:08:09.000000000   |
|07:08:09.000000000   |
|07:08:09.000000000   |
|07:08:09.000000000   |
|07:08:09.000000000   |
|07:08:09.000000000   |
|07:08:09.000000000   |
|07:08:09.000000000   |
|07:08:09.000000000   |
|07:08:09.000000000   |
+---------------------+
(10 rows)
>>
* select c1 from dt001_t1 where c1 = '07:08:09.0'\g
<<

+---------------------+
|c1                   |
+---------------------+
|07:08:09.0           |
|07:08:09.0           |
|07:08:09.0           |
|07:08:09.0           |
|07:08:09.0           |
|07:08:09.0           |
|07:08:09.0           |
|07:08:09.0           |
|07:08:09.0           |
|07:08:09.0           |
|07:08:09.0           |
|07:08:09.0           |
|07:08:09.0           |
|07:08:09.0           |
|07:08:09.0           |
+---------------------+
(15 rows)
>>
* select c2 from dt001_t1 where c2 = '07:08:09.0'\g
<<

+---------------------+
|c2                   |
+---------------------+
|07:08:09.0000        |
|07:08:09.0000        |
|07:08:09.0000        |
|07:08:09.0000        |
|07:08:09.0000        |
|07:08:09.0000        |
|07:08:09.0000        |
|07:08:09.0000        |
|07:08:09.0000        |
|07:08:09.0000        |
|07:08:09.0000        |
+---------------------+
(11 rows)
>>
* select c3 from dt001_t1 where c3 = '07:08:09.0'\g
<<

+---------------------+
|c3                   |
+---------------------+
|07:08:09.000000000   |
|07:08:09.000000000   |
|07:08:09.000000000   |
|07:08:09.000000000   |
|07:08:09.000000000   |
|07:08:09.000000000   |
|07:08:09.000000000   |
|07:08:09.000000000   |
|07:08:09.000000000   |
|07:08:09.000000000   |
+---------------------+
(10 rows)
>>
* select c1 from dt001_t1 where c1 = '07:08:09.000000000'\g
<<

+---------------------+
|c1                   |
+---------------------+
|07:08:09.0           |
|07:08:09.0           |
|07:08:09.0           |
|07:08:09.0           |
|07:08:09.0           |
|07:08:09.0           |
|07:08:09.0           |
|07:08:09.0           |
|07:08:09.0           |
|07:08:09.0           |
|07:08:09.0           |
|07:08:09.0           |
|07:08:09.0           |
|07:08:09.0           |
|07:08:09.0           |
+---------------------+
(15 rows)
>>
* select c2 from dt001_t1 where c2 = '07:08:09.000000000'\g
<<

+---------------------+
|c2                   |
+---------------------+
|07:08:09.0000        |
|07:08:09.0000        |
|07:08:09.0000        |
|07:08:09.0000        |
|07:08:09.0000        |
|07:08:09.0000        |
|07:08:09.0000        |
|07:08:09.0000        |
|07:08:09.0000        |
|07:08:09.0000        |
|07:08:09.0000        |
+---------------------+
(11 rows)
>>
* select c3 from dt001_t1 where c3 = '07:08:09.000000000'\g
<<

+---------------------+
|c3                   |
+---------------------+
|07:08:09.000000000   |
|07:08:09.000000000   |
|07:08:09.000000000   |
|07:08:09.000000000   |
|07:08:09.000000000   |
|07:08:09.000000000   |
|07:08:09.000000000   |
|07:08:09.000000000   |
|07:08:09.000000000   |
|07:08:09.000000000   |
+---------------------+
(10 rows)
>>
* select c1 from dt001_t1 where c1 = '07:08:09.1'\g
<<

+---------------------+
|c1                   |
+---------------------+
|07:08:09.1           |
|07:08:09.1           |
|07:08:09.1           |
|07:08:09.1           |
+---------------------+
(4 rows)
>>
* select c2 from dt001_t1 where c2 = '07:08:09.1'\g
<<

+---------------------+
|c2                   |
+---------------------+
|07:08:09.1000        |
|07:08:09.1000        |
+---------------------+
(2 rows)
>>
* select c3 from dt001_t1 where c3 = '07:08:09.1'\g
<<

+---------------------+
|c3                   |
+---------------------+
|07:08:09.100000000   |
+---------------------+
(1 row)
>>
* select c1 from dt001_t1 where c1 = '07:08:09.10'\g
<<

+---------------------+
|c1                   |
+---------------------+
|07:08:09.1           |
|07:08:09.1           |
|07:08:09.1           |
|07:08:09.1           |
+---------------------+
(4 rows)
>>
* select c2 from dt001_t1 where c2 = '07:08:09.10'\g
<<

+---------------------+
|c2                   |
+---------------------+
|07:08:09.1000        |
|07:08:09.1000        |
+---------------------+
(2 rows)
>>
* select c3 from dt001_t1 where c3 = '07:08:09.10'\g
<<

+---------------------+
|c3                   |
+---------------------+
|07:08:09.100000000   |
+---------------------+
(1 row)
>>
* select c1 from dt001_t1 where c1 = '07:08:09.100000001'\g
<<

+---------------------+
|c1                   |
+---------------------+
+---------------------+
(0 rows)
>>
* select c2 from dt001_t1 where c2 = '07:08:09.100000001'\g
<<

+---------------------+
|c2                   |
+---------------------+
+---------------------+
(0 rows)
>>
* select c3 from dt001_t1 where c3 = '07:08:09.100000001'\g
<<

+---------------------+
|c3                   |
+---------------------+
|07:08:09.100000001   |
+---------------------+
(1 row)
>>
* select c1 from dt001_t1 where c1 = '07:08:09.040'\g
<<

+---------------------+
|c1                   |
+---------------------+
+---------------------+
(0 rows)
>>
* select c2 from dt001_t1 where c2 = '07:08:09.040'\g
<<

+---------------------+
|c2                   |
+---------------------+
|07:08:09.0400        |
+---------------------+
(1 row)
>>
* select c3 from dt001_t1 where c3 = '07:08:09.040'\g
<<

+---------------------+
|c3                   |
+---------------------+
|07:08:09.040000000   |
+---------------------+
(1 row)
>>
* select c1 from dt001_t1 where c1 = '07:08:09.90'\g
<<

+---------------------+
|c1                   |
+---------------------+
|07:08:09.9           |
|07:08:09.9           |
|07:08:09.9           |
+---------------------+
(3 rows)
>>
* select c2 from dt001_t1 where c2 = '07:08:09.90'\g
<<

+---------------------+
|c2                   |
+---------------------+
+---------------------+
(0 rows)
>>
* select c3 from dt001_t1 where c3 = '07:08:09.90'\g
<<

+---------------------+
|c3                   |
+---------------------+
+---------------------+
(0 rows)
>>
* select c1 from dt001_t1 where c1 = '07:08:09.5005'\g
<<

+---------------------+
|c1                   |
+---------------------+
+---------------------+
(0 rows)
>>
* select c2 from dt001_t1 where c2 = '07:08:09.5005'\g
<<

+---------------------+
|c2                   |
+---------------------+
|07:08:09.5005        |
+---------------------+
(1 row)
>>
* select c3 from dt001_t1 where c3 = '07:08:09.5005'\g
<<

+---------------------+
|c3                   |
+---------------------+
+---------------------+
(0 rows)
>>
* select c1 from dt001_t1 where c1 = '07:08:09.0076'\g
<<

+---------------------+
|c1                   |
+---------------------+
+---------------------+
(0 rows)
>>
* select c2 from dt001_t1 where c2 = '07:08:09.0076'\g
<<

+---------------------+
|c2                   |
+---------------------+
|07:08:09.0076        |
+---------------------+
(1 row)
>>
* select c3 from dt001_t1 where c3 = '07:08:09.0076'\g
<<

+---------------------+
|c3                   |
+---------------------+
+---------------------+
(0 rows)
>>
* select c1 from dt001_t1 where c1 = '07:08:09.000000001'\g
<<

+---------------------+
|c1                   |
+---------------------+
+---------------------+
(0 rows)
>>
* select c2 from dt001_t1 where c2 = '07:08:09.000000001'\g
<<

+---------------------+
|c2                   |
+---------------------+
+---------------------+
(0 rows)
>>
* select c3 from dt001_t1 where c3 = '07:08:09.000000001'\g
<<

+---------------------+
|c3                   |
+---------------------+
|07:08:09.000000001   |
+---------------------+
(1 row)
>>
* select c1 from dt001_t1 where c1 = '07:08:09.50055'\g
<<

+---------------------+
|c1                   |
+---------------------+
+---------------------+
(0 rows)
>>
* select c2 from dt001_t1 where c2 = '07:08:09.50055'\g
<<

+---------------------+
|c2                   |
+---------------------+
+---------------------+
(0 rows)
>>
* select c3 from dt001_t1 where c3 = '07:08:09.50055'\g
<<

+---------------------+
|c3                   |
+---------------------+
|07:08:09.500550000   |
+---------------------+
(1 row)
>>
* select c1 from dt001_t1 where c1 <> '07:08:09' order by 1\g
<<

+---------------------+
|c1                   |
+---------------------+
|07:08:09.1           |
|07:08:09.1           |
|07:08:09.1           |
|07:08:09.1           |
|07:08:09.5           |
|07:08:09.6           |
|07:08:09.6           |
|07:08:09.9           |
|07:08:09.9           |
|07:08:09.9           |
+---------------------+
(10 rows)
>>
* select c2 from dt001_t1 where c2 <> '07:08:09' order by 1\g
<<

+---------------------+
|c2                   |
+---------------------+
|07:08:09.0001        |
|07:08:09.0076        |
|07:08:09.0400        |
|07:08:09.0876        |
|07:08:09.1000        |
|07:08:09.1000        |
|07:08:09.1111        |
|07:08:09.1111        |
|07:08:09.5005        |
|07:08:09.6060        |
|07:08:09.6666        |
|07:08:09.9876        |
|07:08:09.9999        |
|07:08:09.9999        |
+---------------------+
(14 rows)
>>
* select c3 from dt001_t1 where c3 <> '07:08:09' order by 1\g
<<

+---------------------+
|c3                   |
+---------------------+
|07:08:09.000000001   |
|07:08:09.000100001   |
|07:08:09.007654321   |
|07:08:09.040000000   |
|07:08:09.087654321   |
|07:08:09.100000000   |
|07:08:09.100000001   |
|07:08:09.111100000   |
|07:08:09.111111111   |
|07:08:09.500550000   |
|07:08:09.606000000   |
|07:08:09.666600000   |
|07:08:09.987654321   |
|07:08:09.999999990   |
|07:08:09.999999999   |
+---------------------+
(15 rows)
>>
* select c1 from dt001_t1 where c1 <> '07:08:09.0' order by 1\g
<<

+---------------------+
|c1                   |
+---------------------+
|07:08:09.1           |
|07:08:09.1           |
|07:08:09.1           |
|07:08:09.1           |
|07:08:09.5           |
|07:08:09.6           |
|07:08:09.6           |
|07:08:09.9           |
|07:08:09.9           |
|07:08:09.9           |
+---------------------+
(10 rows)
>>
* select c2 from dt001_t1 where c2 <> '07:08:09.0' order by 1\g
<<

+---------------------+
|c2                   |
+---------------------+
|07:08:09.0001        |
|07:08:09.0076        |
|07:08:09.0400        |
|07:08:09.0876        |
|07:08:09.1000        |
|07:08:09.1000        |
|07:08:09.1111        |
|07:08:09.1111        |
|07:08:09.5005        |
|07:08:09.6060        |
|07:08:09.6666        |
|07:08:09.9876        |
|07:08:09.9999        |
|07:08:09.9999        |
+---------------------+
(14 rows)
>>
* select c3 from dt001_t1 where c3 <> '07:08:09.0' order by 1\g
<<

+---------------------+
|c3                   |
+---------------------+
|07:08:09.000000001   |
|07:08:09.000100001   |
|07:08:09.007654321   |
|07:08:09.040000000   |
|07:08:09.087654321   |
|07:08:09.100000000   |
|07:08:09.100000001   |
|07:08:09.111100000   |
|07:08:09.111111111   |
|07:08:09.500550000   |
|07:08:09.606000000   |
|07:08:09.666600000   |
|07:08:09.987654321   |
|07:08:09.999999990   |
|07:08:09.999999999   |
+---------------------+
(15 rows)
>>
* select c1 from dt001_t1 where c1 <> '07:08:09.000' order by 1\g
<<

+---------------------+
|c1                   |
+---------------------+
|07:08:09.1           |
|07:08:09.1           |
|07:08:09.1           |
|07:08:09.1           |
|07:08:09.5           |
|07:08:09.6           |
|07:08:09.6           |
|07:08:09.9           |
|07:08:09.9           |
|07:08:09.9           |
+---------------------+
(10 rows)
>>
* select c2 from dt001_t1 where c2 <> '07:08:09.000' order by 1\g
<<

+---------------------+
|c2                   |
+---------------------+
|07:08:09.0001        |
|07:08:09.0076        |
|07:08:09.0400        |
|07:08:09.0876        |
|07:08:09.1000        |
|07:08:09.1000        |
|07:08:09.1111        |
|07:08:09.1111        |
|07:08:09.5005        |
|07:08:09.6060        |
|07:08:09.6666        |
|07:08:09.9876        |
|07:08:09.9999        |
|07:08:09.9999        |
+---------------------+
(14 rows)
>>
* select c3 from dt001_t1 where c3 <> '07:08:09.000' order by 1\g
<<

+---------------------+
|c3                   |
+---------------------+
|07:08:09.000000001   |
|07:08:09.000100001   |
|07:08:09.007654321   |
|07:08:09.040000000   |
|07:08:09.087654321   |
|07:08:09.100000000   |
|07:08:09.100000001   |
|07:08:09.111100000   |
|07:08:09.111111111   |
|07:08:09.500550000   |
|07:08:09.606000000   |
|07:08:09.666600000   |
|07:08:09.987654321   |
|07:08:09.999999990   |
|07:08:09.999999999   |
+---------------------+
(15 rows)
>>
* select c1 from dt001_t1 where c1 <> '07:08:09.000000000' order by 1\g
<<

+---------------------+
|c1                   |
+---------------------+
|07:08:09.1           |
|07:08:09.1           |
|07:08:09.1           |
|07:08:09.1           |
|07:08:09.5           |
|07:08:09.6           |
|07:08:09.6           |
|07:08:09.9           |
|07:08:09.9           |
|07:08:09.9           |
+---------------------+
(10 rows)
>>
* select c2 from dt001_t1 where c2 <> '07:08:09.000000000' order by 1\g
<<

+---------------------+
|c2                   |
+---------------------+
|07:08:09.0001        |
|07:08:09.0076        |
|07:08:09.0400        |
|07:08:09.0876        |
|07:08:09.1000        |
|07:08:09.1000        |
|07:08:09.1111        |
|07:08:09.1111        |
|07:08:09.5005        |
|07:08:09.6060        |
|07:08:09.6666        |
|07:08:09.9876        |
|07:08:09.9999        |
|07:08:09.9999        |
+---------------------+
(14 rows)
>>
* select c3 from dt001_t1 where c3 <> '07:08:09.000000000' order by 1\g
<<

+---------------------+
|c3                   |
+---------------------+
|07:08:09.000000001   |
|07:08:09.000100001   |
|07:08:09.007654321   |
|07:08:09.040000000   |
|07:08:09.087654321   |
|07:08:09.100000000   |
|07:08:09.100000001   |
|07:08:09.111100000   |
|07:08:09.111111111   |
|07:08:09.500550000   |
|07:08:09.606000000   |
|07:08:09.666600000   |
|07:08:09.987654321   |
|07:08:09.999999990   |
|07:08:09.999999999   |
+---------------------+
(15 rows)
>>
* select c1 from dt001_t1 where c1 <> '07:08:09.0001' order by 1\g
<<

+---------------------+
|c1                   |
+---------------------+
|07:08:09.0           |
|07:08:09.0           |
|07:08:09.0           |
|07:08:09.0           |
|07:08:09.0           |
|07:08:09.0           |
|07:08:09.0           |
|07:08:09.0           |
|07:08:09.0           |
|07:08:09.0           |
|07:08:09.0           |
|07:08:09.0           |
|07:08:09.0           |
|07:08:09.0           |
|07:08:09.0           |
|07:08:09.1           |
|07:08:09.1           |
|07:08:09.1           |
|07:08:09.1           |
|07:08:09.5           |
|07:08:09.6           |
|07:08:09.6           |
|07:08:09.9           |
|07:08:09.9           |
|07:08:09.9           |
+---------------------+
(25 rows)
>>
* select c2 from dt001_t1 where c2 <> '07:08:09.0001' order by 1\g
<<

+---------------------+
|c2                   |
+---------------------+
|07:08:09.0000        |
|07:08:09.0000        |
|07:08:09.0000        |
|07:08:09.0000        |
|07:08:09.0000        |
|07:08:09.0000        |
|07:08:09.0000        |
|07:08:09.0000        |
|07:08:09.0000        |
|07:08:09.0000        |
|07:08:09.0000        |
|07:08:09.0076        |
|07:08:09.0400        |
|07:08:09.0876        |
|07:08:09.1000        |
|07:08:09.1000        |
|07:08:09.1111        |
|07:08:09.1111        |
|07:08:09.5005        |
|07:08:09.6060        |
|07:08:09.6666        |
|07:08:09.9876        |
|07:08:09.9999        |
|07:08:09.9999        |
+---------------------+
(24 rows)
>>
* select c3 from dt001_t1 where c3 <> '07:08:09.0001' order by 1\g
<<

+---------------------+
|c3                   |
+---------------------+
|07:08:09.000000000   |
|07:08:09.000000000   |
|07:08:09.000000000   |
|07:08:09.000000000   |
|07:08:09.000000000   |
|07:08:09.000000000   |
|07:08:09.000000000   |
|07:08:09.000000000   |
|07:08:09.000000000   |
|07:08:09.000000000   |
|07:08:09.000000001   |
|07:08:09.000100001   |
|07:08:09.007654321   |
|07:08:09.040000000   |
|07:08:09.087654321   |
|07:08:09.100000000   |
|07:08:09.100000001   |
|07:08:09.111100000   |
|07:08:09.111111111   |
|07:08:09.500550000   |
|07:08:09.606000000   |
|07:08:09.666600000   |
|07:08:09.987654321   |
|07:08:09.999999990   |
|07:08:09.999999999   |
+---------------------+
(25 rows)
>>
* select c1 from dt001_t1 where c1 <> '07:08:09.1111' order by 1\g
<<

+---------------------+
|c1                   |
+---------------------+
|07:08:09.0           |
|07:08:09.0           |
|07:08:09.0           |
|07:08:09.0           |
|07:08:09.0           |
|07:08:09.0           |
|07:08:09.0           |
|07:08:09.0           |
|07:08:09.0           |
|07:08:09.0           |
|07:08:09.0           |
|07:08:09.0           |
|07:08:09.0           |
|07:08:09.0           |
|07:08:09.0           |
|07:08:09.1           |
|07:08:09.1           |
|07:08:09.1           |
|07:08:09.1           |
|07:08:09.5           |
|07:08:09.6           |
|07:08:09.6           |
|07:08:09.9           |
|07:08:09.9           |
|07:08:09.9           |
+---------------------+
(25 rows)
>>
* select c2 from dt001_t1 where c2 <> '07:08:09.1111' order by 1\g
<<

+---------------------+
|c2                   |
+---------------------+
|07:08:09.0000        |
|07:08:09.0000        |
|07:08:09.0000        |
|07:08:09.0000        |
|07:08:09.0000        |
|07:08:09.0000        |
|07:08:09.0000        |
|07:08:09.0000        |
|07:08:09.0000        |
|07:08:09.0000        |
|07:08:09.0000        |
|07:08:09.0001        |
|07:08:09.0076        |
|07:08:09.0400        |
|07:08:09.0876        |
|07:08:09.1000        |
|07:08:09.1000        |
|07:08:09.5005        |
|07:08:09.6060        |
|07:08:09.6666        |
|07:08:09.9876        |
|07:08:09.9999        |
|07:08:09.9999        |
+---------------------+
(23 rows)
>>
* select c3 from dt001_t1 where c3 <> '07:08:09.1111' order by 1\g
<<

+---------------------+
|c3                   |
+---------------------+
|07:08:09.000000000   |
|07:08:09.000000000   |
|07:08:09.000000000   |
|07:08:09.000000000   |
|07:08:09.000000000   |
|07:08:09.000000000   |
|07:08:09.000000000   |
|07:08:09.000000000   |
|07:08:09.000000000   |
|07:08:09.000000000   |
|07:08:09.000000001   |
|07:08:09.000100001   |
|07:08:09.007654321   |
|07:08:09.040000000   |
|07:08:09.087654321   |
|07:08:09.100000000   |
|07:08:09.100000001   |
|07:08:09.111111111   |
|07:08:09.500550000   |
|07:08:09.606000000   |
|07:08:09.666600000   |
|07:08:09.987654321   |
|07:08:09.999999990   |
|07:08:09.999999999   |
+---------------------+
(24 rows)
>>
* select c1 from dt001_t1 where c1 <> '07:08:09.999' order by 1\g
<<

+---------------------+
|c1                   |
+---------------------+
|07:08:09.0           |
|07:08:09.0           |
|07:08:09.0           |
|07:08:09.0           |
|07:08:09.0           |
|07:08:09.0           |
|07:08:09.0           |
|07:08:09.0           |
|07:08:09.0           |
|07:08:09.0           |
|07:08:09.0           |
|07:08:09.0           |
|07:08:09.0           |
|07:08:09.0           |
|07:08:09.0           |
|07:08:09.1           |
|07:08:09.1           |
|07:08:09.1           |
|07:08:09.1           |
|07:08:09.5           |
|07:08:09.6           |
|07:08:09.6           |
|07:08:09.9           |
|07:08:09.9           |
|07:08:09.9           |
+---------------------+
(25 rows)
>>
* select c2 from dt001_t1 where c2 <> '07:08:09.999' order by 1\g
<<

+---------------------+
|c2                   |
+---------------------+
|07:08:09.0000        |
|07:08:09.0000        |
|07:08:09.0000        |
|07:08:09.0000        |
|07:08:09.0000        |
|07:08:09.0000        |
|07:08:09.0000        |
|07:08:09.0000        |
|07:08:09.0000        |
|07:08:09.0000        |
|07:08:09.0000        |
|07:08:09.0001        |
|07:08:09.0076        |
|07:08:09.0400        |
|07:08:09.0876        |
|07:08:09.1000        |
|07:08:09.1000        |
|07:08:09.1111        |
|07:08:09.1111        |
|07:08:09.5005        |
|07:08:09.6060        |
|07:08:09.6666        |
|07:08:09.9876        |
|07:08:09.9999        |
|07:08:09.9999        |
+---------------------+
(25 rows)
>>
* select c3 from dt001_t1 where c3 <> '07:08:09.999' order by 1\g
<<

+---------------------+
|c3                   |
+---------------------+
|07:08:09.000000000   |
|07:08:09.000000000   |
|07:08:09.000000000   |
|07:08:09.000000000   |
|07:08:09.000000000   |
|07:08:09.000000000   |
|07:08:09.000000000   |
|07:08:09.000000000   |
|07:08:09.000000000   |
|07:08:09.000000000   |
|07:08:09.000000001   |
|07:08:09.000100001   |
|07:08:09.007654321   |
|07:08:09.040000000   |
|07:08:09.087654321   |
|07:08:09.100000000   |
|07:08:09.100000001   |
|07:08:09.111100000   |
|07:08:09.111111111   |
|07:08:09.500550000   |
|07:08:09.606000000   |
|07:08:09.666600000   |
|07:08:09.987654321   |
|07:08:09.999999990   |
|07:08:09.999999999   |
+---------------------+
(25 rows)
>>
* select c1 from dt001_t1 where c1 <> '07:08:09.9999' order by 1\g
<<

+---------------------+
|c1                   |
+---------------------+
|07:08:09.0           |
|07:08:09.0           |
|07:08:09.0           |
|07:08:09.0           |
|07:08:09.0           |
|07:08:09.0           |
|07:08:09.0           |
|07:08:09.0           |
|07:08:09.0           |
|07:08:09.0           |
|07:08:09.0           |
|07:08:09.0           |
|07:08:09.0           |
|07:08:09.0           |
|07:08:09.0           |
|07:08:09.1           |
|07:08:09.1           |
|07:08:09.1           |
|07:08:09.1           |
|07:08:09.5           |
|07:08:09.6           |
|07:08:09.6           |
|07:08:09.9           |
|07:08:09.9           |
|07:08:09.9           |
+---------------------+
(25 rows)
>>
* select c2 from dt001_t1 where c2 <> '07:08:09.9999' order by 1\g
<<

+---------------------+
|c2                   |
+---------------------+
|07:08:09.0000        |
|07:08:09.0000        |
|07:08:09.0000        |
|07:08:09.0000        |
|07:08:09.0000        |
|07:08:09.0000        |
|07:08:09.0000        |
|07:08:09.0000        |
|07:08:09.0000        |
|07:08:09.0000        |
|07:08:09.0000        |
|07:08:09.0001        |
|07:08:09.0076        |
|07:08:09.0400        |
|07:08:09.0876        |
|07:08:09.1000        |
|07:08:09.1000        |
|07:08:09.1111        |
|07:08:09.1111        |
|07:08:09.5005        |
|07:08:09.6060        |
|07:08:09.6666        |
|07:08:09.9876        |
+---------------------+
(23 rows)
>>
* select c3 from dt001_t1 where c3 <> '07:08:09.9999' order by 1\g
<<

+---------------------+
|c3                   |
+---------------------+
|07:08:09.000000000   |
|07:08:09.000000000   |
|07:08:09.000000000   |
|07:08:09.000000000   |
|07:08:09.000000000   |
|07:08:09.000000000   |
|07:08:09.000000000   |
|07:08:09.000000000   |
|07:08:09.000000000   |
|07:08:09.000000000   |
|07:08:09.000000001   |
|07:08:09.000100001   |
|07:08:09.007654321   |
|07:08:09.040000000   |
|07:08:09.087654321   |
|07:08:09.100000000   |
|07:08:09.100000001   |
|07:08:09.111100000   |
|07:08:09.111111111   |
|07:08:09.500550000   |
|07:08:09.606000000   |
|07:08:09.666600000   |
|07:08:09.987654321   |
|07:08:09.999999990   |
|07:08:09.999999999   |
+---------------------+
(25 rows)
>>
* select c1 from dt001_t1 where c1 <> '07:08:09.999999999' order by 1\g
<<

+---------------------+
|c1                   |
+---------------------+
|07:08:09.0           |
|07:08:09.0           |
|07:08:09.0           |
|07:08:09.0           |
|07:08:09.0           |
|07:08:09.0           |
|07:08:09.0           |
|07:08:09.0           |
|07:08:09.0           |
|07:08:09.0           |
|07:08:09.0           |
|07:08:09.0           |
|07:08:09.0           |
|07:08:09.0           |
|07:08:09.0           |
|07:08:09.1           |
|07:08:09.1           |
|07:08:09.1           |
|07:08:09.1           |
|07:08:09.5           |
|07:08:09.6           |
|07:08:09.6           |
|07:08:09.9           |
|07:08:09.9           |
|07:08:09.9           |
+---------------------+
(25 rows)
>>
* select c2 from dt001_t1 where c2 <> '07:08:09.999999999' order by 1\g
<<

+---------------------+
|c2                   |
+---------------------+
|07:08:09.0000        |
|07:08:09.0000        |
|07:08:09.0000        |
|07:08:09.0000        |
|07:08:09.0000        |
|07:08:09.0000        |
|07:08:09.0000        |
|07:08:09.0000        |
|07:08:09.0000        |
|07:08:09.0000        |
|07:08:09.0000        |
|07:08:09.0001        |
|07:08:09.0076        |
|07:08:09.0400        |
|07:08:09.0876        |
|07:08:09.1000        |
|07:08:09.1000        |
|07:08:09.1111        |
|07:08:09.1111        |
|07:08:09.5005        |
|07:08:09.6060        |
|07:08:09.6666        |
|07:08:09.9876        |
|07:08:09.9999        |
|07:08:09.9999        |
+---------------------+
(25 rows)
>>
* select c3 from dt001_t1 where c3 <> '07:08:09.999999999' order by 1\g
<<

+---------------------+
|c3                   |
+---------------------+
|07:08:09.000000000   |
|07:08:09.000000000   |
|07:08:09.000000000   |
|07:08:09.000000000   |
|07:08:09.000000000   |
|07:08:09.000000000   |
|07:08:09.000000000   |
|07:08:09.000000000   |
|07:08:09.000000000   |
|07:08:09.000000000   |
|07:08:09.000000001   |
|07:08:09.000100001   |
|07:08:09.007654321   |
|07:08:09.040000000   |
|07:08:09.087654321   |
|07:08:09.100000000   |
|07:08:09.100000001   |
|07:08:09.111100000   |
|07:08:09.111111111   |
|07:08:09.500550000   |
|07:08:09.606000000   |
|07:08:09.666600000   |
|07:08:09.987654321   |
|07:08:09.999999990   |
+---------------------+
(24 rows)
>>
* select c1 from dt001_t1 where c1 <> '07:08:09.0076' order by 1\g
<<

+---------------------+
|c1                   |
+---------------------+
|07:08:09.0           |
|07:08:09.0           |
|07:08:09.0           |
|07:08:09.0           |
|07:08:09.0           |
|07:08:09.0           |
|07:08:09.0           |
|07:08:09.0           |
|07:08:09.0           |
|07:08:09.0           |
|07:08:09.0           |
|07:08:09.0           |
|07:08:09.0           |
|07:08:09.0           |
|07:08:09.0           |
|07:08:09.1           |
|07:08:09.1           |
|07:08:09.1           |
|07:08:09.1           |
|07:08:09.5           |
|07:08:09.6           |
|07:08:09.6           |
|07:08:09.9           |
|07:08:09.9           |
|07:08:09.9           |
+---------------------+
(25 rows)
>>
* select c2 from dt001_t1 where c2 <> '07:08:09.0076' order by 1\g
<<

+---------------------+
|c2                   |
+---------------------+
|07:08:09.0000        |
|07:08:09.0000        |
|07:08:09.0000        |
|07:08:09.0000        |
|07:08:09.0000        |
|07:08:09.0000        |
|07:08:09.0000        |
|07:08:09.0000        |
|07:08:09.0000        |
|07:08:09.0000        |
|07:08:09.0000        |
|07:08:09.0001        |
|07:08:09.0400        |
|07:08:09.0876        |
|07:08:09.1000        |
|07:08:09.1000        |
|07:08:09.1111        |
|07:08:09.1111        |
|07:08:09.5005        |
|07:08:09.6060        |
|07:08:09.6666        |
|07:08:09.9876        |
|07:08:09.9999        |
|07:08:09.9999        |
+---------------------+
(24 rows)
>>
* select c3 from dt001_t1 where c3 <> '07:08:09.0076' order by 1\g
<<

+---------------------+
|c3                   |
+---------------------+
|07:08:09.000000000   |
|07:08:09.000000000   |
|07:08:09.000000000   |
|07:08:09.000000000   |
|07:08:09.000000000   |
|07:08:09.000000000   |
|07:08:09.000000000   |
|07:08:09.000000000   |
|07:08:09.000000000   |
|07:08:09.000000000   |
|07:08:09.000000001   |
|07:08:09.000100001   |
|07:08:09.007654321   |
|07:08:09.040000000   |
|07:08:09.087654321   |
|07:08:09.100000000   |
|07:08:09.100000001   |
|07:08:09.111100000   |
|07:08:09.111111111   |
|07:08:09.500550000   |
|07:08:09.606000000   |
|07:08:09.666600000   |
|07:08:09.987654321   |
|07:08:09.999999990   |
|07:08:09.999999999   |
+---------------------+
(25 rows)
>>
* select c1 from dt001_t1 where c1 > '07:08:09' order by 1\g
<<

+---------------------+
|c1                   |
+---------------------+
|07:08:09.1           |
|07:08:09.1           |
|07:08:09.1           |
|07:08:09.1           |
|07:08:09.5           |
|07:08:09.6           |
|07:08:09.6           |
|07:08:09.9           |
|07:08:09.9           |
|07:08:09.9           |
+---------------------+
(10 rows)
>>
* select c2 from dt001_t1 where c2 > '07:08:09' order by 1\g
<<

+---------------------+
|c2                   |
+---------------------+
|07:08:09.0001        |
|07:08:09.0076        |
|07:08:09.0400        |
|07:08:09.0876        |
|07:08:09.1000        |
|07:08:09.1000        |
|07:08:09.1111        |
|07:08:09.1111        |
|07:08:09.5005        |
|07:08:09.6060        |
|07:08:09.6666        |
|07:08:09.9876        |
|07:08:09.9999        |
|07:08:09.9999        |
+---------------------+
(14 rows)
>>
* select c3 from dt001_t1 where c3 > '07:08:09' order by 1\g
<<

+---------------------+
|c3                   |
+---------------------+
|07:08:09.000000001   |
|07:08:09.000100001   |
|07:08:09.007654321   |
|07:08:09.040000000   |
|07:08:09.087654321   |
|07:08:09.100000000   |
|07:08:09.100000001   |
|07:08:09.111100000   |
|07:08:09.111111111   |
|07:08:09.500550000   |
|07:08:09.606000000   |
|07:08:09.666600000   |
|07:08:09.987654321   |
|07:08:09.999999990   |
|07:08:09.999999999   |
+---------------------+
(15 rows)
>>
* select c1 from dt001_t1 where c1 > '07:08:09.0' order by 1\g
<<

+---------------------+
|c1                   |
+---------------------+
|07:08:09.1           |
|07:08:09.1           |
|07:08:09.1           |
|07:08:09.1           |
|07:08:09.5           |
|07:08:09.6           |
|07:08:09.6           |
|07:08:09.9           |
|07:08:09.9           |
|07:08:09.9           |
+---------------------+
(10 rows)
>>
* select c2 from dt001_t1 where c2 > '07:08:09.0' order by 1\g
<<

+---------------------+
|c2                   |
+---------------------+
|07:08:09.0001        |
|07:08:09.0076        |
|07:08:09.0400        |
|07:08:09.0876        |
|07:08:09.1000        |
|07:08:09.1000        |
|07:08:09.1111        |
|07:08:09.1111        |
|07:08:09.5005        |
|07:08:09.6060        |
|07:08:09.6666        |
|07:08:09.9876        |
|07:08:09.9999        |
|07:08:09.9999        |
+---------------------+
(14 rows)
>>
* select c3 from dt001_t1 where c3 > '07:08:09.0' order by 1\g
<<

+---------------------+
|c3                   |
+---------------------+
|07:08:09.000000001   |
|07:08:09.000100001   |
|07:08:09.007654321   |
|07:08:09.040000000   |
|07:08:09.087654321   |
|07:08:09.100000000   |
|07:08:09.100000001   |
|07:08:09.111100000   |
|07:08:09.111111111   |
|07:08:09.500550000   |
|07:08:09.606000000   |
|07:08:09.666600000   |
|07:08:09.987654321   |
|07:08:09.999999990   |
|07:08:09.999999999   |
+---------------------+
(15 rows)
>>
* select c1 from dt001_t1 where c1 > '07:08:09.000000001' order by 1\g
<<

+---------------------+
|c1                   |
+---------------------+
|07:08:09.1           |
|07:08:09.1           |
|07:08:09.1           |
|07:08:09.1           |
|07:08:09.5           |
|07:08:09.6           |
|07:08:09.6           |
|07:08:09.9           |
|07:08:09.9           |
|07:08:09.9           |
+---------------------+
(10 rows)
>>
* select c2 from dt001_t1 where c2 > '07:08:09.000000001' order by 1\g
<<

+---------------------+
|c2                   |
+---------------------+
|07:08:09.0001        |
|07:08:09.0076        |
|07:08:09.0400        |
|07:08:09.0876        |
|07:08:09.1000        |
|07:08:09.1000        |
|07:08:09.1111        |
|07:08:09.1111        |
|07:08:09.5005        |
|07:08:09.6060        |
|07:08:09.6666        |
|07:08:09.9876        |
|07:08:09.9999        |
|07:08:09.9999        |
+---------------------+
(14 rows)
>>
* select c3 from dt001_t1 where c3 > '07:08:09.000000001' order by 1\g
<<

+---------------------+
|c3                   |
+---------------------+
|07:08:09.000100001   |
|07:08:09.007654321   |
|07:08:09.040000000   |
|07:08:09.087654321   |
|07:08:09.100000000   |
|07:08:09.100000001   |
|07:08:09.111100000   |
|07:08:09.111111111   |
|07:08:09.500550000   |
|07:08:09.606000000   |
|07:08:09.666600000   |
|07:08:09.987654321   |
|07:08:09.999999990   |
|07:08:09.999999999   |
+---------------------+
(14 rows)
>>
* select c1 from dt001_t1 where c1 > '07:08:09.5' order by 1\g
<<

+---------------------+
|c1                   |
+---------------------+
|07:08:09.6           |
|07:08:09.6           |
|07:08:09.9           |
|07:08:09.9           |
|07:08:09.9           |
+---------------------+
(5 rows)
>>
* select c2 from dt001_t1 where c2 > '07:08:09.5' order by 1\g
<<

+---------------------+
|c2                   |
+---------------------+
|07:08:09.5005        |
|07:08:09.6060        |
|07:08:09.6666        |
|07:08:09.9876        |
|07:08:09.9999        |
|07:08:09.9999        |
+---------------------+
(6 rows)
>>
* select c3 from dt001_t1 where c3 > '07:08:09.5' order by 1\g
<<

+---------------------+
|c3                   |
+---------------------+
|07:08:09.500550000   |
|07:08:09.606000000   |
|07:08:09.666600000   |
|07:08:09.987654321   |
|07:08:09.999999990   |
|07:08:09.999999999   |
+---------------------+
(6 rows)
>>
* select c1 from dt001_t1 where c1 > '07:08:09.111' order by 1\g
<<

+---------------------+
|c1                   |
+---------------------+
|07:08:09.5           |
|07:08:09.6           |
|07:08:09.6           |
|07:08:09.9           |
|07:08:09.9           |
|07:08:09.9           |
+---------------------+
(6 rows)
>>
* select c2 from dt001_t1 where c2 > '07:08:09.111' order by 1\g
<<

+---------------------+
|c2                   |
+---------------------+
|07:08:09.1111        |
|07:08:09.1111        |
|07:08:09.5005        |
|07:08:09.6060        |
|07:08:09.6666        |
|07:08:09.9876        |
|07:08:09.9999        |
|07:08:09.9999        |
+---------------------+
(8 rows)
>>
* select c3 from dt001_t1 where c3 > '07:08:09.111' order by 1\g
<<

+---------------------+
|c3                   |
+---------------------+
|07:08:09.111100000   |
|07:08:09.111111111   |
|07:08:09.500550000   |
|07:08:09.606000000   |
|07:08:09.666600000   |
|07:08:09.987654321   |
|07:08:09.999999990   |
|07:08:09.999999999   |
+---------------------+
(8 rows)
>>
* select c1 from dt001_t1 where c1 > '07:08:09.980000000' order by 1\g
<<

+---------------------+
|c1                   |
+---------------------+
+---------------------+
(0 rows)
>>
* select c2 from dt001_t1 where c2 > '07:08:09.980000000' order by 1\g
<<

+---------------------+
|c2                   |
+---------------------+
|07:08:09.9876        |
|07:08:09.9999        |
|07:08:09.9999        |
+---------------------+
(3 rows)
>>
* select c3 from dt001_t1 where c3 > '07:08:09.980000000' order by 1\g
<<

+---------------------+
|c3                   |
+---------------------+
|07:08:09.987654321   |
|07:08:09.999999990   |
|07:08:09.999999999   |
+---------------------+
(3 rows)
>>
* select c1 from dt001_t1 where c1 < '07:08:09' order by 1\g
<<

+---------------------+
|c1                   |
+---------------------+
+---------------------+
(0 rows)
>>
* select c2 from dt001_t1 where c2 < '07:08:09' order by 1\g
<<

+---------------------+
|c2                   |
+---------------------+
+---------------------+
(0 rows)
>>
* select c3 from dt001_t1 where c3 < '07:08:09' order by 1\g
<<

+---------------------+
|c3                   |
+---------------------+
+---------------------+
(0 rows)
>>
* select c1 from dt001_t1 where c1 < '07:08:09.9' order by 1\g
<<

+---------------------+
|c1                   |
+---------------------+
|07:08:09.0           |
|07:08:09.0           |
|07:08:09.0           |
|07:08:09.0           |
|07:08:09.0           |
|07:08:09.0           |
|07:08:09.0           |
|07:08:09.0           |
|07:08:09.0           |
|07:08:09.0           |
|07:08:09.0           |
|07:08:09.0           |
|07:08:09.0           |
|07:08:09.0           |
|07:08:09.0           |
|07:08:09.1           |
|07:08:09.1           |
|07:08:09.1           |
|07:08:09.1           |
|07:08:09.5           |
|07:08:09.6           |
|07:08:09.6           |
+---------------------+
(22 rows)
>>
* select c2 from dt001_t1 where c2 < '07:08:09.9' order by 1\g
<<

+---------------------+
|c2                   |
+---------------------+
|07:08:09.0000        |
|07:08:09.0000        |
|07:08:09.0000        |
|07:08:09.0000        |
|07:08:09.0000        |
|07:08:09.0000        |
|07:08:09.0000        |
|07:08:09.0000        |
|07:08:09.0000        |
|07:08:09.0000        |
|07:08:09.0000        |
|07:08:09.0001        |
|07:08:09.0076        |
|07:08:09.0400        |
|07:08:09.0876        |
|07:08:09.1000        |
|07:08:09.1000        |
|07:08:09.1111        |
|07:08:09.1111        |
|07:08:09.5005        |
|07:08:09.6060        |
|07:08:09.6666        |
+---------------------+
(22 rows)
>>
* select c3 from dt001_t1 where c3 < '07:08:09.9' order by 1\g
<<

+---------------------+
|c3                   |
+---------------------+
|07:08:09.000000000   |
|07:08:09.000000000   |
|07:08:09.000000000   |
|07:08:09.000000000   |
|07:08:09.000000000   |
|07:08:09.000000000   |
|07:08:09.000000000   |
|07:08:09.000000000   |
|07:08:09.000000000   |
|07:08:09.000000000   |
|07:08:09.000000001   |
|07:08:09.000100001   |
|07:08:09.007654321   |
|07:08:09.040000000   |
|07:08:09.087654321   |
|07:08:09.100000000   |
|07:08:09.100000001   |
|07:08:09.111100000   |
|07:08:09.111111111   |
|07:08:09.500550000   |
|07:08:09.606000000   |
|07:08:09.666600000   |
+---------------------+
(22 rows)
>>
* select c1 from dt001_t1 where c1 < '07:08:09.0077' order by 1\g
<<

+---------------------+
|c1                   |
+---------------------+
|07:08:09.0           |
|07:08:09.0           |
|07:08:09.0           |
|07:08:09.0           |
|07:08:09.0           |
|07:08:09.0           |
|07:08:09.0           |
|07:08:09.0           |
|07:08:09.0           |
|07:08:09.0           |
|07:08:09.0           |
|07:08:09.0           |
|07:08:09.0           |
|07:08:09.0           |
|07:08:09.0           |
+---------------------+
(15 rows)
>>
* select c2 from dt001_t1 where c2 < '07:08:09.0077' order by 1\g
<<

+---------------------+
|c2                   |
+---------------------+
|07:08:09.0000        |
|07:08:09.0000        |
|07:08:09.0000        |
|07:08:09.0000        |
|07:08:09.0000        |
|07:08:09.0000        |
|07:08:09.0000        |
|07:08:09.0000        |
|07:08:09.0000        |
|07:08:09.0000        |
|07:08:09.0000        |
|07:08:09.0001        |
|07:08:09.0076        |
+---------------------+
(13 rows)
>>
* select c3 from dt001_t1 where c3 < '07:08:09.0077' order by 1\g
<<

+---------------------+
|c3                   |
+---------------------+
|07:08:09.000000000   |
|07:08:09.000000000   |
|07:08:09.000000000   |
|07:08:09.000000000   |
|07:08:09.000000000   |
|07:08:09.000000000   |
|07:08:09.000000000   |
|07:08:09.000000000   |
|07:08:09.000000000   |
|07:08:09.000000000   |
|07:08:09.000000001   |
|07:08:09.000100001   |
|07:08:09.007654321   |
+---------------------+
(13 rows)
>>
* \q
<<
~
>>
