/*
	Test Name: bensql.sep
	Time: Mon Feb 24 14:15:40 1997
	User Name: testenv
	Terminal type: septerm
 
	Test ID : bensql
	Module  : replicator
	Filename: bensql.sep
	Purpose	: Test the collision mode 2
	Input Files  :	none
	Output Files :  none
	Database     :  repdb1,repdb2
	Tables       :  emp
	Synopsis     :	Test the collision mode 2 with insert, update, delete

 History: 24-Feb-1997	()	Created
	21-may-1999 (abbjo03)
		Clean up dialogue.
*/
? sql -s SEPPARAMDB_1 
<<

>>
* insert into emp values ('Jones, Indiana','Support',98,'Spielberg, Steven')\g\q
<<
(1 row)
>>
? sleep SEPPARAM_SLEEP 
<<
>>
? sql -s SEPPARAMDB_2 
<<

>>
* select * from emp where name = 'Jones, Indiana'\g 
<<

+--------------------+---------------+--------------------+--------------------+
|name                |title          |hourly_rate         |manager             |
+--------------------+---------------+--------------------+--------------------+
|Jones, Indiana      |Support        |              $98.00|Spielberg, Steven   |
+--------------------+---------------+--------------------+--------------------+
(1 row)
>>
* select count(*) from dd_distrib_queue\g\q
<<


+-------------+
|col1         |
+-------------+
|            0|
+-------------+
(1 row)
>>
? sql -s SEPPARAMDB_3 
<<

>>
* select * from emp where name = 'Jones, Indiana'\g\q
<<

+--------------------+---------------+--------------------+--------------------+
|name                |title          |hourly_rate         |manager             |
+--------------------+---------------+--------------------+--------------------+
|Jones, Indiana      |Support        |              $98.00|Spielberg, Steven   |
+--------------------+---------------+--------------------+--------------------+
(1 row)
>>
? sql -s SEPPARAMDB_1 
<<

>>
* select * from emp where name like 'B%'\g 
<<

+--------------------+---------------+--------------------+--------------------+
|name                |title          |hourly_rate         |manager             |
+--------------------+---------------+--------------------+--------------------+
|Bee, Charles        |Sr Programmer  |              $43.00|Fielding, Wallace   |
|Belter, Kris        |Programmer     |              $33.00|Alcott, Scott       |
|Beringer, Tom       |Programmer     |              $41.00|King, Richard       |
|Beveridge, Fern     |Project Leader |              $57.00|Wolfe, Neal         |
|Bluff, Clarence     |Programmer     |              $24.00|Jones, Ashley       |
|Bridges, Debra      |Sr Programmer  |              $48.00|Parsons, Carol      |
+--------------------+---------------+--------------------+--------------------+
(6 rows)
>>
* delete from emp where name like 'B%'\g\q
<<
(6 rows)
>>
? sleep SEPPARAM_SLEEP 
<<
>>
? sql -s SEPPARAMDB_2 
<<

>>
* select * from emp where name like 'B%'\g 
<<

+--------------------+---------------+--------------------+--------------------+
|name                |title          |hourly_rate         |manager             |
+--------------------+---------------+--------------------+--------------------+
+--------------------+---------------+--------------------+--------------------+
(0 rows)
>>
* select count(*) from dd_distrib_queue\g\q
<<

+-------------+
|col1         |
+-------------+
|            0|
+-------------+
(1 row)
>>
? sql -s SEPPARAMDB_3 
<<

>>
* select * from emp where name like 'B%'\g\q
<<

+--------------------+---------------+--------------------+--------------------+
|name                |title          |hourly_rate         |manager             |
+--------------------+---------------+--------------------+--------------------+
+--------------------+---------------+--------------------+--------------------+
(0 rows)
>>
? sql -s SEPPARAMDB_1 
<<

>>
* update emp set name ='Jones, INdy' where name='Jones, Indiana'\g\q
<<
(1 row)
>>
? sleep SEPPARAM_SLEEP 
<<
>>
? sql -s SEPPARAMDB_2 
<<

>>
* select * from emp where name='Jones, INdy'\g 
<<

+--------------------+---------------+--------------------+--------------------+
|name                |title          |hourly_rate         |manager             |
+--------------------+---------------+--------------------+--------------------+
|Jones, INdy         |Support        |              $98.00|Spielberg, Steven   |
+--------------------+---------------+--------------------+--------------------+
(1 row)
>>
* select count(*) from dd_distrib_queue\g\q
<<

+-------------+
|col1         |
+-------------+
|            0|
+-------------+
(1 row)
>>
? sql -s SEPPARAMDB_3 
<<

>>
* select * from emp where name ='Jones, INdy'\g\q
<<

+--------------------+---------------+--------------------+--------------------+
|name                |title          |hourly_rate         |manager             |
+--------------------+---------------+--------------------+--------------------+
|Jones, INdy         |Support        |              $98.00|Spielberg, Steven   |
+--------------------+---------------+--------------------+--------------------+
(1 row)
>>


Ending at: Mon Feb 24 14:47:02 1997
