/*
	Test Name    : SAA02.sep
	Time         : 27-JUL-1989 11:09:38
	User Name    : testenv

	Test ID      : eaa01 (formerly af002)
	Module       : be/qryproc/joins
	Filename     : eaa01.sep
	Purpose	     :
	Input Files  : NONE - Requires REGISTERED tables
	Output Files :
	Database     : sepparam_ddb, typically starddb1
	Tables       : s, p, sp
	Synopsis     : simple selects
	History	     : Created		claire l. 
		       28-MAR-1989   modified to add to test suite.    sgp
		       27-JUL-1989   converted to sep format           lah
		       08-may-1990	jds  converted for STAR
			08-May-1991	"sql" -> "sql -s"		stever
					sepparam_ddb -> SEPPARAM_DDB	stever

	MUST DEFINE SEPPARAM_DDB as "dbname/STAR"

	  16-09-93     barbh
		       Changed SEPPARAM_DDB to SEPPARAMDB. This makes the
		       star test consistent with testkit standards.
	  28-Jul-98	(popri01) Add explicit row ordering to eliminate DIFS,
			and replace canons as necessary
	29-Sep-2000   (somsa01-musro02) 'first' is now a reserved word

*/
? sql -s SEPPARAMDB 
<<

>>
* select qpr_s1.* from qpr_s1 order by sno\g
<<

+------+--------------------+------+---------------+
|sno   |sname               |status|city           |
+------+--------------------+------+---------------+
|s1    |Smith               |    20|London         |
|s2    |Jones               |    10|Paris          |
|s3    |Blake               |    30|Paris          |
|s4    |Clark               |    20|London         |
|s5    |Adams               |    30|Athens         |
+------+--------------------+------+---------------+
(5 rows)
>>
* select sno, status from qpr_s1 where city = 'Paris' order by sno\g
<<

+------+------+
|sno   |status|
+------+------+
|s2    |    10|
|s3    |    30|
+------+------+
(2 rows)
>>
* select sno from qpr_s1 where city='Paris' and status > 20\g
<<

+------+
|sno   |
+------+
|s3    |
+------+
(1 row)
>>
* select distinct qpr_sp1.pno, qpr_s1.city from qpr_sp1, qpr_s1 where qpr_sp1.sno = -
qpr_s1.sno order by pno, city\g
<<

+------+---------------+
|pno   |city           |
+------+---------------+
|p1    |London         |
|p1    |Paris          |
|p2    |London         |
|p2    |Paris          |
|p3    |London         |
|p4    |London         |
|p5    |London         |
|p6    |London         |
+------+---------------+
(8 rows)
>>
* select first1.sno, second.sno from qpr_s1 first1, qpr_s1 second where first1.city = s-
econd.city and first1.sno < second.sno order by first1.sno\g
<<

+------+------+
|sno   |sno   |
+------+------+
|s1    |s4    |
|s2    |s3    |
+------+------+
(2 rows)
>>
* select * from qpr_s1, qpr_p2 where qpr_s1.city = qpr_p2.city order by sno,sname,st-
atus,city,pno,pname,color,weight,city\g
<<

+------+--------------------+------+---------------+------+--------------------+-----
--+------+---------------+
|sno   |sname               |status|city           |pno   |pname               |colo-
r |weight|city           |
+------+--------------------+------+---------------+------+--------------------+-----
--+------+---------------+
|s1    |Smith               |    20|London         |p1    |nut                 |red -
  |    12|London         |
|s1    |Smith               |    20|London         |p4    |screw               |red -
  |    14|London         |
|s1    |Smith               |    20|London         |p6    |cog                 |red -
  |    19|London         |
|s2    |Jones               |    10|Paris          |p2    |bolt                |gree-
n |    17|Paris          |
|s2    |Jones               |    10|Paris          |p5    |cam                 |blue-
  |    12|Paris          |
|s3    |Blake               |    30|Paris          |p2    |bolt                |gree-
n |    17|Paris          |
|s3    |Blake               |    30|Paris          |p5    |cam                 |blue-
  |    12|Paris          |
|s4    |Clark               |    20|London         |p1    |nut                 |red -
  |    12|London         |
|s4    |Clark               |    20|London         |p4    |screw               |red -
  |    14|London         |
|s4    |Clark               |    20|London         |p6    |cog                 |red -
  |    19|London         |
+------+--------------------+------+---------------+------+--------------------+-----
--+------+---------------+
(10 rows)
>>
* select qpr_s1.*, qpr_p2.* from qpr_s1, qpr_p2 where qpr_s1.city = qpr_p2.city orde-
r by sno,sname,status,city,pno,pname,color,weight,city\g
<<

+------+--------------------+------+---------------+------+--------------------+-----
--+------+---------------+
|sno   |sname               |status|city           |pno   |pname               |colo-
r |weight|city           |
+------+--------------------+------+---------------+------+--------------------+-----
--+------+---------------+
|s1    |Smith               |    20|London         |p1    |nut                 |red -
  |    12|London         |
|s1    |Smith               |    20|London         |p4    |screw               |red -
  |    14|London         |
|s1    |Smith               |    20|London         |p6    |cog                 |red -
  |    19|London         |
|s2    |Jones               |    10|Paris          |p2    |bolt                |gree-
n |    17|Paris          |
|s2    |Jones               |    10|Paris          |p5    |cam                 |blue-
  |    12|Paris          |
|s3    |Blake               |    30|Paris          |p2    |bolt                |gree-
n |    17|Paris          |
|s3    |Blake               |    30|Paris          |p5    |cam                 |blue-
  |    12|Paris          |
|s4    |Clark               |    20|London         |p1    |nut                 |red -
  |    12|London         |
|s4    |Clark               |    20|London         |p4    |screw               |red -
  |    14|London         |
|s4    |Clark               |    20|London         |p6    |cog                 |red -
  |    19|London         |
+------+--------------------+------+---------------+------+--------------------+-----
--+------+---------------+
(10 rows)
>>
* select qpr_s1.*, qpr_p2.* from qpr_s1, qpr_p2 where qpr_s1.city = qpr_p2.city and -
qpr_s1.status <> 20 order by sno,sname,status,city,pno,pname,color,weight,city\g
<<

+------+--------------------+------+---------------+------+--------------------+-----
--+------+---------------+
|sno   |sname               |status|city           |pno   |pname               |colo-
r |weight|city           |
+------+--------------------+------+---------------+------+--------------------+-----
--+------+---------------+
|s2    |Jones               |    10|Paris          |p2    |bolt                |gree-
n |    17|Paris          |
|s2    |Jones               |    10|Paris          |p5    |cam                 |blue-
  |    12|Paris          |
|s3    |Blake               |    30|Paris          |p2    |bolt                |gree-
n |    17|Paris          |
|s3    |Blake               |    30|Paris          |p5    |cam                 |blue-
  |    12|Paris          |
+------+--------------------+------+---------------+------+--------------------+-----
--+------+---------------+
(4 rows)
>>
* select qpr_s1.sno, qpr_p2.pno from qpr_s1, qpr_p2 where qpr_s1.city = qpr_p2.city -
order by sno,pno \g
<<

+------+------+
|sno   |pno   |
+------+------+
|s1    |p1    |
|s1    |p4    |
|s1    |p6    |
|s2    |p2    |
|s2    |p5    |
|s3    |p2    |
|s3    |p5    |
|s4    |p1    |
|s4    |p4    |
|s4    |p6    |
+------+------+
(10 rows)
>>
* select distinct qpr_s1.city, qpr_p2.city from qpr_s1, qpr_sp1, qpr_p2 where qpr_s1-
.sno = qpr_sp1.sno and qpr_sp1.pno = qpr_p2.pno order by qpr_s1.city, qpr_p2.city\g
<<

+---------------+---------------+
|city           |city           |
+---------------+---------------+
|London         |London         |
|London         |Paris          |
|London         |Rome           |
|Paris          |London         |
|Paris          |Paris          |
+---------------+---------------+
(5 rows)
>>
* select pno, weight, 'weight in grams =', weight * 454, ascii(weight) from qpr_p2 o-
rder by pno,weight,col3,col4,col5\g
<<

+------+------+-----------------+-------------+------+
|pno   |weight|col3             |col4         |col5  |
+------+------+-----------------+-------------+------+
|p1    |    12|weight in grams =|         5448|12    |
|p2    |    17|weight in grams =|         7718|17    |
|p3    |    17|weight in grams =|         7718|17    |
|p4    |    14|weight in grams =|         6356|14    |
|p5    |    12|weight in grams =|         5448|12    |
|p6    |    19|weight in grams =|         8626|19    |
+------+------+-----------------+-------------+------+
(6 rows)
>>
* \q
<<
>>


Ending at: Tue Jul 28 07:30:16 1998
