/*
	Test Name: SBA01.SEP
	Time: 31-JUL-1989 11:15:57
	User Name: testenv      
 
	Test ID : ega04 (formerly ag009)
	Module  : be/qryproc
	Filename: ega04.sep
	Purpose	:
	Input Files  : s.dat, p.dat, sp.dat
	Output Files :
	Database     : betstdb1
	Tables       : s, p, sp
	Synopsis     :
$!		any
	History	: xx-xxx-1989	Created				Author
$!  by:
$!              --------- claire l. created.
	mod for STAR by jds 07-may-1990
	Following changes made by Stever on 9-May-1991 :
		Changed sepparam_ddb -> SEPPARAM_DDB
		   "    sql -> sql -s
		Removed sundry invalid ALTERNATE canons
		Added ORDER BY clause to queries.

	  16-09-93     barbh
		       Changed SEPPARAM_DDB to SEPPARAMDB. This makes the
		       star test consistent with testkit standards.
	  27-Dec-1999 (vande02)
                        Added empty canon to confirm db sql connection
*/
? sql -s SEPPARAMDB 
<<

>>
* select * from qpr_s1 sx where city >any 	( select city 	  from qpr_s1 	  where sno-
 = 's1') order by sno;\g\r
/*
  Scalar comParison operators ( <, >, ...) can be used instead of IN in
    IBM SQL when the subquery returns a set containing at most one member.
    It raises an exception if the set returned contains more than one member.
    RTI SQL allows the scalar comParison operators, but can't catch the
    case where more than one member is returned in the set.  
*/
<<

+------+--------------------+------+---------------+
|sno   |sname               |status|city           |
+------+--------------------+------+---------------+
|s2    |Jones               |    10|Paris          |
|s3    |Blake               |    30|Paris          |
+------+--------------------+------+---------------+
(2 rows)
>>
* select sname from qpr_s1 	where sno = any ( select sno from qpr_sp2 where pno = 'p-
2') order by sname;\g\r
<<

+--------------------+
|sname               |
+--------------------+
|Blake               |
|Clark               |
|Jones               |
|Smith               |
+--------------------+
(4 rows)
>>
* select distinct qpr_sp2.sno from qpr_sp2 where qpr_sp2.qty > any 	(select qpr_sp2.-
qty from qpr_sp2 where qpr_sp2.sno='s3')\g\r
<<

+------+
|sno   |
+------+
|s1    |
|s2    |
|s4    |
+------+
(3 rows)
>>
* select distinct sno from qpr_s1 where status < any ( select status from qpr_s1 );\-
g\r
<<

+------+
|sno   |
+------+
|s1    |
|s2    |
|s4    |
+------+
(3 rows)
>>
* select * from qpr_p1 where pno >any 	( select pno from qpr_sp2 where qty=100 );\g\-
r
<<

+------+--------------------+------+------+---------------+
|pno   |pname               |color |weight|city           |
+------+--------------------+------+------+---------------+
|p6    |cog                 |red   |    19|London         |
+------+--------------------+------+------+---------------+
(1 row)
>>
* select * from qpr_p1  where pno <any 	( select pno from qpr_sp2 where qty=100 ) or-
der by pno;\g\r
<<

+------+--------------------+------+------+---------------+
|pno   |pname               |color |weight|city           |
+------+--------------------+------+------+---------------+
|p1    |nut                 |red   |    12|London         |
|p2    |bolt                |green |    17|Paris          |
|p3    |screw               |blue  |    17|Rome           |
|p4    |screw               |red   |    14|London         |
|p5    |cam                 |blue  |    12|Paris          |
+------+--------------------+------+------+---------------+
(5 rows)
>>
* select * from qpr_p1 where pno >=any 	( select pno from qpr_sp2 where qty=100 ) or-
der by pno;\g\r
<<

+------+--------------------+------+------+---------------+
|pno   |pname               |color |weight|city           |
+------+--------------------+------+------+---------------+
|p5    |cam                 |blue  |    12|Paris          |
|p6    |cog                 |red   |    19|London         |
+------+--------------------+------+------+---------------+
(2 rows)
>>
* select * from qpr_p1  where pno <=any 	( select pno from qpr_sp2 where qty=100 ) o-
rder by pno;\g\r
<<

+------+--------------------+------+------+---------------+
|pno   |pname               |color |weight|city           |
+------+--------------------+------+------+---------------+
|p1    |nut                 |red   |    12|London         |
|p2    |bolt                |green |    17|Paris          |
|p3    |screw               |blue  |    17|Rome           |
|p4    |screw               |red   |    14|London         |
|p5    |cam                 |blue  |    12|Paris          |
|p6    |cog                 |red   |    19|London         |
+------+--------------------+------+------+---------------+
(6 rows)
>>
* select * from qpr_p1 where pno =any 	( select pno from qpr_sp2 where qty=100 ) ord-
er by pno;\g\r
<<

+------+--------------------+------+------+---------------+
|pno   |pname               |color |weight|city           |
+------+--------------------+------+------+---------------+
|p5    |cam                 |blue  |    12|Paris          |
|p6    |cog                 |red   |    19|London         |
+------+--------------------+------+------+---------------+
(2 rows)
>>
* select * from qpr_p1  where pno <>any 	( select pno from qpr_sp2 where qty=100 ) o-
rder by pno;\g\r
<<

+------+--------------------+------+------+---------------+
|pno   |pname               |color |weight|city           |
+------+--------------------+------+------+---------------+
|p1    |nut                 |red   |    12|London         |
|p2    |bolt                |green |    17|Paris          |
|p3    |screw               |blue  |    17|Rome           |
|p4    |screw               |red   |    14|London         |
|p5    |cam                 |blue  |    12|Paris          |
|p6    |cog                 |red   |    19|London         |
+------+--------------------+------+------+---------------+
(6 rows)
>>
* \q
<<
>>


Ending at: Thu May  9 10:38:56 1991
