/*
	Test Name: sba11.sep 
	Time     :  2-Aug-1993 23:22:18
	User Name: testenv 
	Test ID  : SBA11 
	Module   : Star 
	Filename : 
	Purpose  : Test predicates on tables registered to Star db. 
	Input Files  : 
	Output Files : 
	Database     : SEPPARAMDB 
	Tables       : large_11     ll11_large_11	ll12_large_11  
		       large_101    ll11_large_101	ll12_large_101
		       large_1001   ll11_large_1001	ll12_large_1001
	Synopsis     : 
	History      :  2-Aug-1993 (barbh)
	                   Converted to SEP script using sepify v0.41 Beta

	27-Dec-1999 (vande02)
                        Added empty canon to confirm db sql connection
*/
? sql -s SEPPARAMDB
<<

>>
* select a.i4_2, b.i4_2, c.i4_1 from large_101 a, ll11_large_11 b, -
    ll12_large_11 c where a.i4_2 is not null and a.i4_2 = b.i4_2 and b.i4_2 = -
    c.i4_1 ;\g
<<

+-------------+-------------+-------------+
|i4_2         |i4_2         |i4_1         |
+-------------+-------------+-------------+
|            1|            1|            1|
+-------------+-------------+-------------+
(1 row)
>>
* select a.i4_1, b.i4_2, c.i4_2 from large_101 a, ll12_large_1001 b, -
    ll11_large_11 c where a.i4_1 is not null and a.i4_1 = b.i4_2 and b.i4_2 = -
    c.i4_2 ;\g
<<

+-------------+-------------+-------------+
|i4_1         |i4_2         |i4_2         |
+-------------+-------------+-------------+
|            1|            1|            1|
+-------------+-------------+-------------+
(1 row)
>>
* select a.i4_2, b.vc50, c.i4_2 from large_1001 a, ll11_large_11 b, -
    ll11_large_101 c where a.i4_2 is not null and a.i4_2 = b.vc50 and b.vc50 -
    = c.i4_2 ;\g
<<

+-------------+--------------------------------------------------+-------------+
|i4_2         |vc50                                              |i4_2         |
+-------------+--------------------------------------------------+-------------+
|            1|000000001                                         |            1|
+-------------+--------------------------------------------------+-------------+
(1 row)
>>
* select a.i4_1, b.vc50, c.i4_1 from large_1001 a, ll12_large_11 b, -
    ll11_large_1001 c where a.i4_1 is not null and a.i4_1 = b.vc50 and b.vc50 -
    = c.i4_1 ;\g
<<

+-------------+--------------------------------------------------+-------------+
|i4_1         |vc50                                              |i4_1         |
+-------------+--------------------------------------------------+-------------+
|            1|000000001                                         |            1|
+-------------+--------------------------------------------------+-------------+
(1 row)
>>
* select a.i4_2, b.i4_3, c.i4_2 from large_1001 a, ll11_large_101 b, -
    ll11_large_1001 c where a.i4_2 is not null and a.i4_2 = b.i4_3 and b.i4_3 -
    = c.i4_2 ;\g
<<

+-------------+-------------+-------------+
|i4_2         |i4_3         |i4_2         |
+-------------+-------------+-------------+
|            1|            1|            1|
+-------------+-------------+-------------+
(1 row)
>>
* select a.i4_1, b.i4_1, c.vc50 from large_11 a, ll12_large_101 b, -
    ll11_large_11 c where a.i4_1 is not null and a.i4_1 = b.i4_1 and b.i4_1 = -
    c.vc50 ;\g
<<

+-------------+-------------+--------------------------------------------------+
|i4_1         |i4_1         |vc50                                              |
+-------------+-------------+--------------------------------------------------+
|            1|            1|000000001                                         |
+-------------+-------------+--------------------------------------------------+
(1 row)
>>
* \q
<<
~
>>


Ending at:  2-Aug-1993 23:22:18
