/*
	Test Name: sca05.sep 
	Time     :  2-Aug-1993 21:30:29
	User Name: testenv 

	Test ID  : SCA05 
	Module   : Star 
	Filename : 
	Purpose  : To test the aggregate function "sum" on tables registered
		   through a Star database. 
	Input Files  : 
	Output Files : 
	Database     : SEPPARAMDB 
	Tables       : 
	Synopsis     : 
	History      :  
	   2-Aug-1993 (barbh)
	                Converted to SEP script using sepify v0.41 Beta
	  11-Nov-1993 (barbh)
			Added comments to canons about bug#55503. When this
			bug is fixed then the canons will be correct. Until
			then the results will show "0".
	  04-Nov-1999 (vande02) Added empty canon to confirm sql db connection
*/
? sql -s SEPPARAMDB 
<<

>>
* set autocommit on;\g
<<
~
>>
* select sum ( large_103.i4_1 ) from large_103 where i4_1 = 6000;\g
<<

+-------------+
|col1         |
+-------------+
|         6000|
+-------------+
(1 row)
>>
* select sum ( ll12_large_101.i4_2 ) from ll12_large_101 where i4_2 = 1000;\g
<<

+-------------+
|col1         |
+-------------+
|             |
+-------------+
(1 row)
>>
* select sum ( ll12_large_11.i4_2 ) from ll12_large_11 where i4_2 = 20;\g
<<

+-------------+
|col1         |
+-------------+
|             |
+-------------+
(1 row)
>>
* select sum ( large_1002.i4_2 ) from large_1002 where i4_1 = 3;\g
<<

+-------------+
|col1         |
+-------------+
|       429537|
+-------------+
(1 row)
>>
* select sum ( large_1002.i4_1 ) from large_1002 where i4_1 = 1004;\g
<<

+-------------+
|col1         |
+-------------+
|         1004|
+-------------+
(1 row)
>>
* select sum ( ll12_large_11.i4_1 ) from ll12_large_11 where i4_2 = 1003;\g
<<

+-------------+
|col1         |
+-------------+
|             |
+-------------+
(1 row)
>>
* select sum ( large_1003.i4_2 ) from large_1003 where i4_1 = 1;\g
<<

+-------------+
|col1         |
+-------------+
|            1|
+-------------+
(1 row)
>>
* select sum ( large_103.i4_1 ) from large_103 where vc50 = 26;\g
<<

+-------------+
|col1         |
+-------------+
|             |
+-------------+
(1 row)
>>
* select sum ( large_1001.i4_1 ) from large_1001 where i4_1 = 1;\g
<<

+-------------+
|col1         |
+-------------+
|            1|
+-------------+
(1 row)
>>
* select sum ( ll11_large_1002.i4_2 ) from ll11_large_1002 where i4_2 = 1006;\g
<<

+-------------+
|col1         |
+-------------+
|             |
+-------------+
(1 row)
>>
* select sum ( large_102.i4_3 ) from large_102 where i4_2 = 1;\g
<<

+-------------+
|col1         |
+-------------+
|            1|
+-------------+
(1 row)
>>
* select sum ( large_1003.i4_3 ) from large_1003 where i4_1 = 1003;\g
<<

+-------------+
|col1         |
+-------------+
|         1003|
+-------------+
(1 row)
>>
* select sum ( large_41.i4_2 ) from large_41 where i4_2 = 6;\g
<<

+-------------+
|col1         |
+-------------+
|           60|
+-------------+
(1 row)
>>
* select sum ( ll12_large_13.i4_2 ) from ll12_large_13 where i4_2 = 7;\g
<<

+-------------+
|col1         |
+-------------+
|             |
+-------------+
(1 row)
>>
* select sum ( ll12_large_1002.i4_2 ) from ll12_large_1002 where i4_2 = 25;\g
<<

+-------------+
|col1         |
+-------------+
|             |
+-------------+
(1 row)
>>
* select sum ( large_1002.i4_2 ) from large_1002 where i4_1 = 11;\g
<<

+-------------+
|col1         |
+-------------+
|      2147681|
+-------------+
(1 row)
>>
* select sum ( large_13.i4_2 ) from large_13 where vc50 = 6001;\g
<<

+-------------+
|col1         |
+-------------+
|             |
+-------------+
(1 row)
>>
* select sum ( ll12_large_13.i4_2 ) from ll12_large_13 where i4_2 = 25;\g
<<

+-------------+
|col1         |
+-------------+
|             |
+-------------+
(1 row)
>>
* \q
<<
~
>>


Ending at: Fri Oct  1 15:33:41 1993
