/*
	Test Name: eba05
	Time: 31-JUL-1989 11:31:25
	User Name: testenv
 
	Test ID : eba05 (formerly ag010)
	Module  : be/qryproc/subselect
	Filename: eba05
	Purpose	:G
	Input Files  : none - uses REGISTERED tables
	Output Files :
	Database     : some DDB with 2 LDBs
	Tables       : s, p, sp
	Synopsis     :
$!		all
	History	: xx-xxx-1989	Created				Author
$!              --------- claire l. created.
$!		mar 28/89 sgp modified to add to test suite.
		08-may-1990	jds	convert for STAR
		09-may-1991	stever	sql -> sql -s

	MUST DEFINE SEPPARAM_DDB as "ddbname/STAR"

	  16-09-93     barbh
		       Changed SEPPARAM_DDB to SEPPARAMDB. This makes the
		       star test consistent with testkit standards.
*/
? sql -s SEPPARAMDB 
<<

>>
* select sname from qpr_s1 where 'p2' <> all (select pno from qpr_sp1 where sno = qp-
r_s1.sno);\g\r
<<

+--------------------+
|sname               |
+--------------------+
|Adams               |
+--------------------+
(1 row)
>>
* select distinct qpr_sp1.sno from qpr_sp1 where qpr_sp1.qty > all (select qpr_sp1.q-
ty from qpr_sp1 where qpr_sp1.sno='s3')\g\r
<<

+------+
|sno   |
+------+
|s1    |
|s2    |
|s4    |
+------+
(3 rows)
>>
* select * from qpr_p2 where pno >all ( select pno from qpr_sp1 where qty=100 );\g\r
<<

+------+--------------------+------+------+---------------+
|pno   |pname               |color |weight|city           |
+------+--------------------+------+------+---------------+
+------+--------------------+------+------+---------------+
(0 rows)
>>
* select * from qpr_p2  where pno <all ( select pno from qpr_sp1 where qty=100 );\g\-
r
<<

+------+--------------------+------+------+---------------+
|pno   |pname               |color |weight|city           |
+------+--------------------+------+------+---------------+
|p1    |nut                 |red   |    12|London         |
|p2    |bolt                |green |    17|Paris          |
|p3    |screw               |blue  |    17|Rome           |
|p4    |screw               |red   |    14|London         |
+------+--------------------+------+------+---------------+
(4 rows)
>>
* select * from qpr_p2 where pno >=all ( select pno from qpr_sp1 where qty=100 );\g\-
r
<<

+------+--------------------+------+------+---------------+
|pno   |pname               |color |weight|city           |
+------+--------------------+------+------+---------------+
|p6    |cog                 |red   |    19|London         |
+------+--------------------+------+------+---------------+
(1 row)
>>
* select * from qpr_p2  where pno <=all ( select pno from qpr_sp1 where qty=100 );\g-
\r
<<

+------+--------------------+------+------+---------------+
|pno   |pname               |color |weight|city           |
+------+--------------------+------+------+---------------+
|p1    |nut                 |red   |    12|London         |
|p2    |bolt                |green |    17|Paris          |
|p3    |screw               |blue  |    17|Rome           |
|p4    |screw               |red   |    14|London         |
|p5    |cam                 |blue  |    12|Paris          |
+------+--------------------+------+------+---------------+
(5 rows)
>>
* select * from qpr_p2 where pno =all ( select pno from qpr_sp1 where qty=100 );\g\r
<<

+------+--------------------+------+------+---------------+
|pno   |pname               |color |weight|city           |
+------+--------------------+------+------+---------------+
+------+--------------------+------+------+---------------+
(0 rows)
>>
* select * from qpr_p2  where pno <> all ( select pno from qpr_sp1 where qty=100 );\-
g\r
<<

+------+--------------------+------+------+---------------+
|pno   |pname               |color |weight|city           |
+------+--------------------+------+------+---------------+
|p1    |nut                 |red   |    12|London         |
|p2    |bolt                |green |    17|Paris          |
|p3    |screw               |blue  |    17|Rome           |
|p4    |screw               |red   |    14|London         |
+------+--------------------+------+------+---------------+
(4 rows)
>>
* \q
<<
>>


Ending at: Thu May  9 12:55:45 1991
