/*
	Test Name: sga12.sep 
	Time     :  2-Aug-1993 18:18:41
	User Name: testenv 

	Test ID  : SGA12 
	Module   : Star 
	Filename :
	Purpose  : Test 1 level of subselect queries against star db tables. 
	Input Files  : 
	Output Files : 
	Database     : SEPPARAMDB 
	Tables       : large_11 	ll11_large_11		ll12_large_11  
		       large_101	ll11_large_101		ll12_large_101
		       large_1001 	ll11_large_1001		ll12_large_1001
	Synopsis     : 
	History      :  2-Aug-1993 (barbh)
	                   Converted to SEP script using sepify v0.41 Beta

          25-03-94     barbh
		       Changed the canons for sql - added an ABORT, if the
		       server is killed the test will register an abort and
		       diffs instead of 0 diffs.
           2-May-1995	(saimi02)
			Changed the canons for sql. There is note between the
			sql statement and the canon.	
	  27-Dec-1999 (vande02)
                        Added empty canon to confirm db sql connection
*/
? sql -s SEPPARAMDB 
<<

>>
* select a.i4_1, b.vc50 from large_13 a,     ll12_large_1002 b where a.i4_3 = ( sele-
ct sum( i4_3 ) from     ll12_large_1002 b where b.vc50 = a.i4_1 and b.i4_3 = a.i4_1 -
) and a.i4_1     = b.vc50 ;\g
<<

+-------------+--------------------------------------------------+
|i4_1         |vc50                                              |
+-------------+--------------------------------------------------+
|            1|000000001                                         |
+-------------+--------------------------------------------------+
(1 row)
>>
* select a.i4_2, b.i4_3 from large_103 a, ll12_large_102 b where a.i4_1 = (     sele-
ct min( i4_1 ) from ll12_large_102 b where b.i4_3 = a.i4_2 and b.i4_2     = a.i4_1 )-
 and a.i4_2 = b.i4_3 ;\g
<<

+-------------+-------------+
|i4_2         |i4_3         |
+-------------+-------------+
|            1|            1|
+-------------+-------------+
(1 row)
>>
* select a.i4_3, b.i4_2 from large_101 a, ll12_large_1001 b where a.i4_1 = (     sel-
ect max( i4_1 ) from ll12_large_1001 b where b.i4_2 = a.i4_3 and     b.i4_3 = a.i4_3-
 ) and a.i4_3 = b.i4_2 ;\g
<<

+-------------+-------------+
|i4_3         |i4_2         |
+-------------+-------------+
|            1|            1|
+-------------+-------------+
(1 row)
>>
* select a.vc50, b.i4_1 from large_103 a, ll11_large_1002 b where a.i4_3 = (     sel-
ect max( i4_3 ) from ll11_large_1002 b where b.i4_1 = a.vc50 and     b.i4_2 = a.vc50-
 ) and a.vc50 = b.i4_1 ;\g
<<

+--------------------------------------------------+-------------+
|vc50                                              |i4_1         |
+--------------------------------------------------+-------------+
|000000001                                         |            1|
+--------------------------------------------------+-------------+
(1 row)
>>
* select a.i4_3, b.i4_2 from large_11 a, ll12_large_12 b where a.vc50 = (     select-
 count( vc50 ) from ll12_large_12 b where b.i4_2 = a.i4_3 and     b.i4_2 = a.i4_2 ) -
and a.i4_3 = b.i4_2 ;\g
<<

+-------------+-------------+
|i4_3         |i4_2         |
+-------------+-------------+
|            1|            1|
+-------------+-------------+
(1 row)
>>
* select a.i4_3, b.i4_2 from large_13 a, ll11_large_102 b where a.i4_3 = (     selec-
t sum( i4_3 ) from ll11_large_102 b where b.i4_2 = a.i4_3 and b.vc50     = a.i4_1 ) -
and a.i4_3 = b.i4_2 ;\g
<<

+-------------+-------------+
|i4_3         |i4_2         |
+-------------+-------------+
|            1|            1|
+-------------+-------------+
(1 row)
>>
* select a.vc50, b.i4_1 from large_1002 a, ll11_large_1001 b where a.i4_1 = (     se-
lect count( i4_1 ) from ll11_large_1001 b where b.i4_1 = a.vc50 and     b.i4_1 = a.i-
4_3 ) and a.vc50 = b.i4_1 ;\g
<<

+--------------------------------------------------+-------------+
|vc50                                              |i4_1         |
+--------------------------------------------------+-------------+
|000000001                                         |            1|
+--------------------------------------------------+-------------+
(1 row)
>>
* select a.i4_2, b.vc50 from large_42 a, ll11_large_1002 b where a.i4_1 = (     sele-
ct avg( i4_1 ) from ll11_large_1002 b where b.vc50 = a.i4_2 and     b.i4_1 = a.vc50 -
) and a.i4_2 = b.vc50 ;\g
/*
** Canon for this query is changed on May 2.  Canon for this sql statement
** was wrong.  Tested the same query with the same data against LDB.
** The following is the result received against both DDB and LDB.
*/
<<

+-------------+--------------------------------------------------+
|i4_2         |vc50                                              |
+-------------+--------------------------------------------------+
|            1|000000001                                         |
+-------------+--------------------------------------------------+
(1 row)
>>
* select a.i4_3, b.i4_2 from large_13 a, ll11_large_102 b where a.i4_1 = (     selec-
t min( i4_1 ) from ll11_large_102 b where b.i4_2 = a.i4_3 and b.i4_2     = a.i4_2 ) -
and a.i4_3 = b.i4_2 ;\g
<<

+-------------+-------------+
|i4_3         |i4_2         |
+-------------+-------------+
|            1|            1|
+-------------+-------------+
(1 row)
>>
* \q
<<
~
>>


Ending at: Tue May  2 15:27:29 1995
