/*
Test Name: dba37
Time: march 12th 15:10
User Name: rch

Test ID : dba37
Module  :qrymod
Filename:dba37.sep
Purpose :tests inheritance of permits between groups users and roles
Input Files :none
Output Files:none
Database    :SEPPARAMDB3 = grantdb
Tables      :dba37_t1
Synopsis    :Essentially tests that granting a more restrictive privilege
	     to a more dominant auth_type doesn't cause the privileges
	     which should be inherited to be lost. Does this as follows
		a) Grants select privilege to a user.
		b) grants sel,upd,del,ins privileges to the group
		c) connects as a group member and performs each permitted
		   operation (update,insert,select,delete). all should succeed.
		d) connects as the user and performs the same operations. If
		   specific permit doesn'r overide inherited ones then all
		   should succeed.
		e) connects as a role and performs all operations. All should
		   work.
	     
	     Initialization test = dba00.sep


History : 		Created: 		Author :
          28-May-1992	(Author)
          11-Oct-1993	(garys) Updated canon to accept double quotes for
				delimiter for dba and no quotes for granted
				user - plus expanded help permit info for
				grants.
	22-mar-1999     (yu$pe02) Hard code page size to 4K.
*/
? qasetusertm pvusr1 sql -s SEPPARAMDB3 
<<
>>
* drop table dba37_t1;\g
<<
~
>>
* create table dba37_t1
<<
>>
*	(col1 smallint,col2 smallint,col3 smallint,col4 smallint) with page_size=4096;\p\g
<<
 create table dba37_t1
	(col1 smallint,col2 smallint,col3 smallint,col4 smallint) with page_size=4096;
>>
* insert into dba37_t1
<<
>>
* values (1,2,3,4);\p\g
<<
 insert into dba37_t1
 values (1,2,3,4);
(1 row)
>>
* grant update,select,insert,delete on table dba37_t1 to group pvusr3_group;
<<
>>
* \p\g
<<
 grant update,select,insert,delete on table dba37_t1 to group pvusr3_group;
 
>>
* grant select on table dba37_t1 to user pvusr3;
<<
>>
* \p\g
<<
 grant select on table dba37_t1 to user pvusr3;
 
>>
* \q
<<
>>
? qasetusertm pvusr2 sql -s SEPPARAMDB3 "-Gpvusr3_group" 
<<
>>
* help permit dba37_t1;
<<
>>
* \p\g
<<
/* SQL Startup File */
 help permit dba37_t1;
 
Permissions on dba37_t1 are:


Permission 2:
grant   select   on table "pvusr1".dba37_t1 to group pvusr3_group     

Permission 3:
grant   update   on table "pvusr1".dba37_t1 to group pvusr3_group     

Permission 4:
grant   delete   on table "pvusr1".dba37_t1 to group pvusr3_group     

Permission 5:
grant   insert   on table "pvusr1".dba37_t1 to group pvusr3_group     

Permission 6:
grant select on table "pvusr1".dba37_t1 to user pvusr3                



>>
* select dbmsinfo('group');
<<
>>
* \p\g
<<
 select dbmsinfo('group');
 

+--------------------------------+
|col1                            |
+--------------------------------+
|pvusr3_group                    |
+--------------------------------+
(1 row)
>>
* select dbmsinfo('username');
<<
>>
* \p\g
<<
 select dbmsinfo('username');
 

+--------------------------------+
|col1                            |
+--------------------------------+
|pvusr2                          |
+--------------------------------+
(1 row)
>>
* select dbmsinfo('role');
<<
>>
* \p\g
<<
 select dbmsinfo('role');
 

+--------------------------------+
|col1                            |
+--------------------------------+
|                                |
+--------------------------------+
(1 row)
>>
* insert into dba37_t1
<<
>>
* values (21,21,21,21);
<<
>>
* \p\g
<<
 insert into dba37_t1
 values (21,21,21,21);
 
(1 row)
>>
* update dba37_t1
<<
>>
* set col4=99;
<<
>>
* \p\g
<<
 update dba37_t1
 set col4=99;
 
(2 rows)
>>
* select * from dba37_t1;
<<
>>
* \p\g
<<
 select * from dba37_t1;
 

+------+------+------+------+
|col1  |col2  |col3  |col4  |
+------+------+------+------+
|     1|     2|     3|    99|
|    21|    21|    21|    99|
+------+------+------+------+
(2 rows)
>>
* delete from dba37_t1
<<
>>
* where col1=21;
<<
>>
* \p\g
<<
 delete from dba37_t1
 where col1=21;
 
(1 row)
>>
* \q
<<
>>
? qasetusertm pvusr3 sql -s SEPPARAMDB3 
<<
>>
* help permit dba37_t1;
<<
>>
* \p\g
<<
/* SQL Startup File */
 help permit dba37_t1;
 
Permissions on dba37_t1 are:


Permission 2:
grant   select   on table "pvusr1".dba37_t1 to group pvusr3_group     

Permission 3:
grant   update   on table "pvusr1".dba37_t1 to group pvusr3_group     

Permission 4:
grant   delete   on table "pvusr1".dba37_t1 to group pvusr3_group     

Permission 5:
grant   insert   on table "pvusr1".dba37_t1 to group pvusr3_group     

Permission 6:
grant select on table "pvusr1".dba37_t1 to user pvusr3                



>>
* select dbmsinfo('group');
<<
>>
* \p\g
<<
 select dbmsinfo('group');
 

+--------------------------------+
|col1                            |
+--------------------------------+
|                                |
+--------------------------------+
(1 row)
>>
* select dbmsinfo('username');
<<
>>
* \p\g
<<
 select dbmsinfo('username');
 

+--------------------------------+
|col1                            |
+--------------------------------+
|pvusr3                          |
+--------------------------------+
(1 row)
>>
* select dbmsinfo('role');
<<
>>
* \p\g
<<
 select dbmsinfo('role');
 

+--------------------------------+
|col1                            |
+--------------------------------+
|                                |
+--------------------------------+
(1 row)
>>
* insert into dba37_t1
<<
>>
* values (21,21,21,21);
<<
>>
* \p\g
<<
 insert into dba37_t1
 values (21,21,21,21);
 
E_US0DAE INSERT on table dba37_t1: no GRANT or GRANT compatible permit
    exists.
    (Mon Aug 26 08:14:33 1991)

>>
* update dba37_t1
<<
>>
* set col4=99;
<<
>>
* \p\g
<<
 update dba37_t1
 set col4=99;
 
E_US0DAE UPDATE on table dba37_t1: no GRANT or GRANT compatible permit
    exists.
    (Mon Aug 26 08:14:36 1991)

>>
* select * from dba37_t1;
<<
>>
* \p\g
<<
 select * from dba37_t1;
 

+------+------+------+------+
|col1  |col2  |col3  |col4  |
+------+------+------+------+
|     1|     2|     3|    99|
+------+------+------+------+
(1 row)
>>
* delete from dba37_t1
<<
>>
* where col1=21;
<<
>>
* \p\g
<<
 delete from dba37_t1
 where col1=21;
 
E_US0DAE DELETE on table dba37_t1: no GRANT or GRANT compatible permit
    exists.
    (Mon Aug 26 08:14:39 1991)

>>
* \q
<<
>>
? qasetusertm pvusr3 sql -s SEPPARAMDB3 "-Rpvusr3_role" 
<<
>>
* help permit dba37_t1;
<<
>>
* \p\g
<<
/* SQL Startup File */
 help permit dba37_t1;
 
Permissions on dba37_t1 are:


Permission 2:
grant   select   on table "pvusr1".dba37_t1 to group pvusr3_group     

Permission 3:
grant   update   on table "pvusr1".dba37_t1 to group pvusr3_group     

Permission 4:
grant   delete   on table "pvusr1".dba37_t1 to group pvusr3_group     

Permission 5:
grant   insert   on table "pvusr1".dba37_t1 to group pvusr3_group     

Permission 6:
grant select on table "pvusr1".dba37_t1 to user pvusr3                



>>
* select dbmsinfo('group');
<<
>>
* \p\g
<<
 select dbmsinfo('group');
 

+--------------------------------+
|col1                            |
+--------------------------------+
|                                |
+--------------------------------+
(1 row)
>>
* select dbmsinfo('username');
<<
>>
* \p\g
<<
 select dbmsinfo('username');
 

+--------------------------------+
|col1                            |
+--------------------------------+
|pvusr3                          |
+--------------------------------+
(1 row)
>>
* select dbmsinfo('role');
<<
>>
* \p\g
<<
 select dbmsinfo('role');
 

+--------------------------------+
|col1                            |
+--------------------------------+
|pvusr3_role                   |
+--------------------------------+
(1 row)
>>
* insert into dba37_t1
<<
>>
* values (21,21,21,21);
<<
>>
* \p\g
<<
 insert into dba37_t1
 values (21,21,21,21);
 
E_US0DAE INSERT on table dba37_t1: no GRANT or GRANT compatible permit
    exists.
    (Mon Aug 26 08:14:44 1991)

>>
* update dba37_t1
<<
>>
* set col4=99;
<<
>>
* \p\g
<<
 update dba37_t1
 set col4=99;
 
E_US0DAE UPDATE on table dba37_t1: no GRANT or GRANT compatible permit
    exists.
    (Mon Aug 26 08:14:45 1991)

>>
* select * from dba37_t1;
<<
>>
* \p\g
<<
 select * from dba37_t1;
 

+------+------+------+------+
|col1  |col2  |col3  |col4  |
+------+------+------+------+
|     1|     2|     3|    99|
+------+------+------+------+
(1 row)
>>
* delete from dba37_t1
<<
>>
* where col1=21;
<<
>>
* \p\g
<<
 delete from dba37_t1
 where col1=21;
 
E_US0DAE DELETE on table dba37_t1: no GRANT or GRANT compatible permit
    exists.
    (Mon Aug 26 08:14:47 1991)

>>
* \q
<<
>>
? qasetusertm pvusr2 sql -s SEPPARAMDB3 "-Rpvusr3_role" "-Gpvusr3_group" 
<<
>>
* help permit dba37_t1;
<<
>>
* \p\g
<<
/* SQL Startup File */
 help permit dba37_t1;
 
Permissions on dba37_t1 are:


Permission 2:
grant   select   on table "pvusr1".dba37_t1 to group pvusr3_group     

Permission 3:
grant   update   on table "pvusr1".dba37_t1 to group pvusr3_group     

Permission 4:
grant   delete   on table "pvusr1".dba37_t1 to group pvusr3_group     

Permission 5:
grant   insert   on table "pvusr1".dba37_t1 to group pvusr3_group     

Permission 6:
grant select on table "pvusr1".dba37_t1 to user pvusr3                



>>
* select dbmsinfo('group');
<<
>>
* \p\g
<<
 select dbmsinfo('group');
 

+--------------------------------+
|col1                            |
+--------------------------------+
|pvusr3_group                  |
+--------------------------------+
(1 row)
>>
* select dbmsinfo('username');
<<
>>
* \p\g
<<
 select dbmsinfo('username');
 

+--------------------------------+
|col1                            |
+--------------------------------+
|pvusr2                          |
+--------------------------------+
(1 row)
>>
* select dbmsinfo('role');
<<
>>
* \p\g
<<
 select dbmsinfo('role');
 

+--------------------------------+
|col1                            |
+--------------------------------+
|pvusr3_role                   |
+--------------------------------+
(1 row)
>>
* insert into dba37_t1
<<
>>
* values (21,21,21,21);
<<
>>
* \p\g
<<
 insert into dba37_t1
 values (21,21,21,21);
 
(1 row)
>>
* update dba37_t1
<<
>>
* set col4=99;
<<
>>
* \p\g
<<
 update dba37_t1
 set col4=99;
 
(2 rows)
>>
* select * from dba37_t1;
<<
>>
* \p\g
<<
 select * from dba37_t1;
 

+------+------+------+------+
|col1  |col2  |col3  |col4  |
+------+------+------+------+
|     1|     2|     3|    99|
|    21|    21|    21|    99|
+------+------+------+------+
(2 rows)
>>
* delete from dba37_t1
<<
>>
* where col1=21;
<<
>>
* \p\g
<<
 delete from dba37_t1
 where col1=21;
 
(1 row)
>>
* \q
<<
>>
? qasetusertm pvusr1 sql -s SEPPARAMDB3 
<<
>>
* select * from dba37_t1;
<<
>>
* \p\g
<<
/* SQL Startup File */
 select * from dba37_t1;
 

+------+------+------+------+
|col1  |col2  |col3  |col4  |
+------+------+------+------+
|     1|     2|     3|    99|
+------+------+------+------+
(1 row)
>>
* drop table dba37_t1;\p\g
<<
 drop table dba37_t1;
>>
* \q
<<
>>


Ending at: Mon Oct 11 14:13:35 1993
