/*
Test Name: dba34
Time: march 12th 15:10
User Name: rch

Test ID : dba34
Module  :qrymod
Filename:dba34.sep
Purpose :tests inheritance of permits between groups users and roles
Input Files :none
Output Files:none
Database    :SEPPARAMDB3 = grantdb
Tables      :dba34_t1-2
Synopsis    :Grants select on dba34_t2 privilege to a group. Insert on
	     dba34_t1 to a user. Then connects as the privileged user and
	     performs an insert with a subselect. Then checks
		a) the privileged user can perform the insert
	     
	     Initialization test = dba00.sep


History :Created by rch		Created: 3.12.90	Author :rch
          28-May-1992	(Author)
          11-Oct-1993	(garys) Updated canon to accept double quotes for
				delimiter for dba and no quotes for granted
				user.
	22-mar-1999     (yu$pe02) Hard code page size to 4K.
*/
? qasetusertm pvusr1 sql -s SEPPARAMDB3 
<<
>>
* drop table dba34_t1,dba34_t2;\g
<<
~
>>
* create table dba34_t1
<<
>>
*	(col1 smallint,col2 smallint,col3 smallint,col4 smallint) with page_size=4096;\p\g
<<
 create table dba34_t1
	(col1 smallint,col2 smallint,col3 smallint,col4 smallint) with page_size=4096;
>>
* create table dba34_t2
<<
>>
*	(col1 smallint,col2 smallint,col3 smallint,col4 smallint) with page_size=4096;\p\g
<<
 create table dba34_t2
	(col1 smallint,col2 smallint,col3 smallint,col4 smallint) with page_size=4096;
>>
* insert into dba34_t1 values (1,2,3,4);\g
<<
(1 row)
>>
* insert into dba34_t2 values (2,3,4,5);\g
<<
(1 row)
>>
* grant select on table dba34_t2 to group pvusr3_group;\g
<<
>>
* grant insert on table dba34_t1 to user pvusr3;\g
<<
>>
* \q
<<
>>
? qasetusertm pvusr3 sql -s SEPPARAMDB3 "-Gpvusr3_group" 
<<
>>
* help permit dba34_t1,dba34_t2;\p\g
<<
/* SQL Startup File */
 help permit dba34_t1,dba34_t2;
Permissions on dba34_t1 are:


Permission 2:
grant insert on table "pvusr1".dba34_t1 to user pvusr3                


Permissions on dba34_t2 are:


Permission 2:
grant select on table "pvusr1".dba34_t2 to group pvusr3_group         



>>
* insert into dba34_t1(col1,col2,col3,col4)
<<
>>
* select * from dba34_t2;\p\g
<<
 insert into dba34_t1(col1,col2,col3,col4)
 select * from dba34_t2;
(1 row)
>>
* \q
<<
>>
? qasetusertm pvusr1 sql -s SEPPARAMDB3 
<<
>>
* drop table dba34_t1,dba34_t2;\p\g
<<
/* SQL Startup File */
 drop table dba34_t1,dba34_t2;
>>
* \q
<<
>>


Ending at: Mon Oct 11 13:11:28 1993
