/*
Test Name: dba39
Time: march 12th 15:10
User Name: rch

Test ID : dba39
Module  :qrymod
Filename:dba39.sep
Purpose :tests inheritance of permits between groups users and roles
Input Files :none
Output Files:none
Database    :SEPPARAMDB3 = grantdb
Tables      :dba39_t1
Synopsis    :Grants update(col4) to group in one statement,sel,ins,del to
	     group in another and upd(col3) to user in another. Tests that user
	     obtains all privileges and can update both columns. Currently
	     the user should be able to update both columns but only in
	     separate statements because the necessary permits do not
	     exist in one tuple.
	     
	     Initialization test = dba00.sep


History :Created by rch		Created: 3.13.90	Author :rch
          28-May-1992	(Author)
          11-Oct-1993	(garys) Updated canon to accept double quotes for
				delimiter for dba and no quotes for granted
				user - plus expanded help permit info for
				grants.
	  16-Mar-1999   (vande02) Hard-coded VPG_SZ to 4K
*/
? qasetusertm pvusr1 sql -s SEPPARAMDB3 
<<
>>
* drop table dba39_t1;\g
<<
~
>>
* create table dba39_t1
<<
>>
*	(col1 smallint,col2 smallint,col3 smallint,col4 smallint) with page_size=4096;\p\g
<<
 create table dba39_t1
	(col1 smallint,col2 smallint,col3 smallint,col4 smallint) with page_size=4096;
>>
* insert into dba39_t1
<<
>>
* values (1,2,3,4);\p\g
<<
 insert into dba39_t1
 values (1,2,3,4);
(1 row)
>>
* grant update(col4) on table dba39_t1 to group pvusr3_group;\p\g
<<
 grant update(col4) on table dba39_t1 to group pvusr3_group;
>>
* grant insert,delete,select
<<
>>
* on table dba39_t1
<<
>>
* to group pvusr3_group;\p\g
<<
 grant insert,delete,select
 on table dba39_t1
 to group pvusr3_group;
>>
* grant update(col3) on table dba39_t1 to user pvusr3   ;\p\g
<<
 grant update(col3) on table dba39_t1 to user pvusr3      ;
>>
* \q
<<
>>
? qasetusertm pvusr2 sql -s SEPPARAMDB3 "-Gpvusr3_group" 
<<
>>
* help permit dba39_t1;
<<
>>
* \p\g
<<
/* SQL Startup File */
 help permit dba39_t1;
 
Permissions on dba39_t1 are:


Permission 2:
grant update (col4) on table "pvusr1".dba39_t1 to group pvusr3_group  

Permission 3:
grant   select   on table "pvusr1".dba39_t1 to group pvusr3_group     

Permission 4:
grant   delete   on table "pvusr1".dba39_t1 to group pvusr3_group     

Permission 5:
grant   insert   on table "pvusr1".dba39_t1 to group pvusr3_group     

Permission 6:
grant update (col3) on table "pvusr1".dba39_t1 to user pvusr3         



>>
* select dbmsinfo('group');
<<
>>
* \p\g
<<
 select dbmsinfo('group');
 

+--------------------------------+
|col1                            |
+--------------------------------+
|pvusr3_group                  |
+--------------------------------+
(1 row)
>>
* select dbmsinfo('username');
<<
>>
* \p\g
<<
 select dbmsinfo('username');
 

+--------------------------------+
|col1                            |
+--------------------------------+
|pvusr2                          |
+--------------------------------+
(1 row)
>>
* select dbmsinfo('role');
<<
>>
* \p\g
<<
 select dbmsinfo('role');
 

+--------------------------------+
|col1                            |
+--------------------------------+
|                                |
+--------------------------------+
(1 row)
>>
* insert into dba39_t1
<<
>>
* values (23,23,23,23);
<<
>>
* \p\g
<<
 insert into dba39_t1
 values (23,23,23,23);
 
(1 row)
>>
* update dba39_t1
<<
>>
* set col4=99;
<<
>>
* \p\g
<<
 update dba39_t1
 set col4=99;
 
(2 rows)
>>
* update dba39_t1
<<
>>
* set col3=99;
<<
>>
* \p\g
<<
 update dba39_t1
 set col3=99;
 
E_US0DAE UPDATE on table dba39_t1: no GRANT or GRANT compatible permit
    exists.
    ( 3-OCT-1990 11:45:54)

>>
* select * from dba39_t1;
<<
>>
* \p\g
<<
 select * from dba39_t1;
 

+------+------+------+------+
|col1  |col2  |col3  |col4  |
+------+------+------+------+
|     1|     2|     3|    99|
|    23|    23|    23|    99|
+------+------+------+------+
(2 rows)
>>
* delete from dba39_t1
<<
>>
* where col1=23;
<<
>>
* \p\g
<<
 delete from dba39_t1
 where col1=23;
 
(1 row)
>>
* \q
<<
>>
? qasetusertm pvusr3 sql -s SEPPARAMDB3 "-Gpvusr3_group" 
<<
>>
* help permit dba39_t1;
<<
>>
* \p\g
<<
/* SQL Startup File */
 help permit dba39_t1;
 
Permissions on dba39_t1 are:


Permission 2:
grant update (col4) on table "pvusr1".dba39_t1 to group pvusr3_group  

Permission 3:
grant   select   on table "pvusr1".dba39_t1 to group pvusr3_group     

Permission 4:
grant   delete   on table "pvusr1".dba39_t1 to group pvusr3_group     

Permission 5:
grant   insert   on table "pvusr1".dba39_t1 to group pvusr3_group     

Permission 6:
grant update (col3) on table "pvusr1".dba39_t1 to user pvusr3         



>>
* select dbmsinfo('group');
<<
>>
* \p\g
<<
 select dbmsinfo('group');
 

+--------------------------------+
|col1                            |
+--------------------------------+
|pvusr3_group                  |
+--------------------------------+
(1 row)
>>
* select dbmsinfo('username');
<<
>>
* \p\g
<<
 select dbmsinfo('username');
 

+--------------------------------+
|col1                            |
+--------------------------------+
|pvusr3                          |
+--------------------------------+
(1 row)
>>
* select dbmsinfo('role');
<<
>>
* \p\g
<<
 select dbmsinfo('role');
 

+--------------------------------+
|col1                            |
+--------------------------------+
|                                |
+--------------------------------+
(1 row)
>>
* insert into dba39_t1
<<
>>
* values (23,23,23,23);
<<
>>
* \p\g
<<
 insert into dba39_t1
 values (23,23,23,23);
 
(1 row)
>>
* update dba39_t1
<<
>>
* set col4=99;
<<
>>
* \p\g
<<
 update dba39_t1
 set col4=99;
 
(2 rows)
>>
* update dba39_t1
<<
>>
* set col3=99;
<<
>>
* \p\g
<<
 update dba39_t1
 set col3=99;
 
(2 rows)
>>
* select * from dba39_t1;
<<
>>
* \p\g
<<
 select * from dba39_t1;
 

+------+------+------+------+
|col1  |col2  |col3  |col4  |
+------+------+------+------+
|     1|     2|    99|    99|
|    23|    23|    99|    99|
+------+------+------+------+
(2 rows)
>>
* delete from dba39_t1
<<
>>
* where col1=23;
<<
>>
* \p\g
<<
 delete from dba39_t1
 where col1=23;
 
(1 row)
>>
* \q
<<
>>
? qasetusertm pvusr3 sql -s SEPPARAMDB3 "-Rpvusr3_role" "-Gpvusr3_group" 
<<
>>
* help permit dba39_t1;
<<
>>
* \p\g
<<
/* SQL Startup File */
 help permit dba39_t1;
 
Permissions on dba39_t1 are:


Permission 2:
grant update (col4) on table "pvusr1".dba39_t1 to group pvusr3_group  

Permission 3:
grant   select   on table "pvusr1".dba39_t1 to group pvusr3_group     

Permission 4:
grant   delete   on table "pvusr1".dba39_t1 to group pvusr3_group     

Permission 5:
grant   insert   on table "pvusr1".dba39_t1 to group pvusr3_group     

Permission 6:
grant update (col3) on table "pvusr1".dba39_t1 to user pvusr3         



>>
* select dbmsinfo('group');
<<
>>
* \p\g
<<
 select dbmsinfo('group');
 

+--------------------------------+
|col1                            |
+--------------------------------+
|pvusr3_group                  |
+--------------------------------+
(1 row)
>>
* select dbmsinfo('username');
<<
>>
* \p\g
<<
 select dbmsinfo('username');
 

+--------------------------------+
|col1                            |
+--------------------------------+
|pvusr3                          |
+--------------------------------+
(1 row)
>>
* select dbmsinfo('role');
<<
>>
* \p\g
<<
 select dbmsinfo('role');
 

+--------------------------------+
|col1                            |
+--------------------------------+
|pvusr3_role                   |
+--------------------------------+
(1 row)
>>
* insert into dba39_t1
<<
>>
* values (23,23,23,23);
<<
>>
* \p\g
<<
 insert into dba39_t1
 values (23,23,23,23);
 
(1 row)
>>
* update dba39_t1
<<
>>
* set col4=99;
<<
>>
* \p\g
<<
 update dba39_t1
 set col4=99;
 
(2 rows)
>>
* update dba39_t1
<<
>>
* set col3=99;
<<
>>
* \p\g
<<
 update dba39_t1
 set col3=99;
 
(2 rows)
>>
* select * from dba39_t1;
<<
>>
* \p\g
<<
 select * from dba39_t1;
 

+------+------+------+------+
|col1  |col2  |col3  |col4  |
+------+------+------+------+
|     1|     2|    99|    99|
|    23|    23|    99|    99|
+------+------+------+------+
(2 rows)
>>
* delete from dba39_t1
<<
>>
* where col1=23;
<<
>>
* \p\g
<<
 delete from dba39_t1
 where col1=23;
 
(1 row)
>>
* \q
<<
>>
? qasetusertm pvusr1 sql -s SEPPARAMDB3 
<<
>>
* drop table dba39_t1;\p\g
<<
/* SQL Startup File */
 drop table dba39_t1;
>>
* \q
<<
>>


Ending at: Mon Oct 11 14:25:15 1993
