/*
	Test Name: dda02
	Time: 14-SEP-1989 14:28:33
	User Name: testenv     
 
	Test ID :	dda02
	Module  : 	qrymod
	Filename:	dda02.sep
	Purpose	:	Update a base table via a view.
	Input Files  :	None.
	Output Files :	None.
	Database     :	SEPPARAMDB
	Tables       :	dda02_t
	Synopsis     :	Update a base table via a view comprising a subset of 
			the columns in the table.
	History	: 14-Sep-1989	Created				srr
                  7/90            Test modified to conform to Test Case/
                                  Portability Standards. (Brought to you by
                                  the devils of correction)
		22-mar-1999     (yu$pe02) Hard code page size to 8K.
*/
? sql SEPPARAMDB -s
<<
>>
<<
>>
* drop table dda02_t\g 
<<
E_US0AC1 DROP: 'dda02_t' does not exist or is not owned by you.
    (14-SEP-1989 14:31:54)
>>
<<
>>
* create table dda02_t (col1 integer, col2 integer) with page_size=8192;\g 
<<
>>
* insert into dda02_t values (1, 11); 
<<
~
>>
* insert into dda02_t values (2, 22); 
<<
~
>>
* insert into dda02_t values (3, 33);\g 
<<
(1 row)
(1 row)
(1 row)
>>
* create view dda02_v as select col2 from dda02_t;\g 
<<
>>
* select * from dda02_t;\g 
<<
+-------------+-------------+
|col1         |col2         |
+-------------+-------------+
|            1|           11|
|            2|           22|
|            3|           33|
+-------------+-------------+
(3 rows)
>>
* select * from dda02_v;\g 
<<
+-------------+
|col2         |
+-------------+
|           11|
|           22|
|           33|
+-------------+
(3 rows)
>>
* update dda02_v set col2 = col2 + 100;\g 
<<
(3 rows)
>>
* select * from dda02_t;\g 
<<
+-------------+-------------+
|col1         |col2         |
+-------------+-------------+
|            1|          111|
|            2|          122|
|            3|          133|
+-------------+-------------+
(3 rows)
>>
* select * from dda02_v;\g 
<<
+-------------+
|col2         |
+-------------+
|          111|
|          122|
|          133|
+-------------+
(3 rows)
>>
* delete from dda02_v where col2 = 133;\g 
<<
(1 row)
>>
* select * from dda02_t;\g 
<<
+-------------+-------------+
|col1         |col2         |
+-------------+-------------+
|            1|          111|
|            2|          122|
+-------------+-------------+
(2 rows)
>>
* select * from dda02_v;\g 
<<
+-------------+
|col2         |
+-------------+
|          111|
|          122|
+-------------+
(2 rows)
>>
* insert into dda02_v values (44);\g 
<<
(1 row)
>>
* insert into dda02_v values (55);\g
<<
(1 row)
>>
* insert into dda02_v values (99,99)\g 
<<
E_US0AD7 INSERT: number of target columns must equal the number of
    specified values.
    (14-SEP-1989 14:58:37)
>>
* select * from dda02_t;\g 
<<
+-------------+-------------+
|col1         |col2         |
+-------------+-------------+
|            1|          111|
|            2|          122|
|             |           44|
|             |           55|
+-------------+-------------+
(4 rows)
>>
* select * from dda02_v;\g 
<<
+-------------+
|col2         |
+-------------+
|          111|
|          122|
|           44|
|           55|
+-------------+
(4 rows)
>>
* \q 
<<
>>
Ending at: Thu Nov 16 17:51:11 1989
