/*
	Test Name: dda03
	Time: 14-SEP-1989 14:28:33
	User Name: testenv     
 
	Test ID :	dda03
	Module  : 	qrymod
	Filename:	dda03.sep
	Purpose	:	Update a table that does not allow nulls via a view.
	Input Files  :	None
	Output Files :	None
	Database     :	SEPPARAMDB
	Tables       :	dda03_t
	Synopsis     :	Update a base table via a view comprising a subset of
			the columns in the table.  Columns in the base table
			that are not visible via the view do not allow nulls.
			Therefore some updates will be rejected.
	History	: 14-Sep-1989	Created				srr
                  7/90            Test modified to conform to Test Case/
                                  Portability Standards. (Brought to you by
                                  the devils of correction)
		22-mar-1999     (yu$pe02) Hard code page size to 8K.
*/
? sql SEPPARAMDB -s
<<
>>
<<
>>
* drop table dda03_t\g 
<<
E_US0AC1 DROP: 'dda03_t' does not exist or is not owned by you.
    (14-SEP-1989 14:31:54)
>>
<<
>>
* create table dda03_t (col1 integer not null, col2 integer) with page_size=8192;\g 
<<
>>
* insert into dda03_t values (1, 11); 
<<
~
>>
* insert into dda03_t values (2, 22); 
<<
~
>>
* insert into dda03_t values (3, 33);\g 
<<
(1 row)
(1 row)
(1 row)
>>
* create view dda03_v as select col2 from dda03_t;\g 
<<
>>
* select * from dda03_t;\g 
<<
+-------------+-------------+
|col1         |col2         |
+-------------+-------------+
|            1|           11|
|            2|           22|
|            3|           33|
+-------------+-------------+
(3 rows)
>>
* select * from dda03_v;\g 
<<
+-------------+
|col2         |
+-------------+
|           11|
|           22|
|           33|
+-------------+
(3 rows)
>>
* update dda03_v set col2 = col2 + 100;\g 
<<
(3 rows)
>>
* select * from dda03_t;\g 
<<
+-------------+-------------+
|col1         |col2         |
+-------------+-------------+
|            1|          111|
|            2|          122|
|            3|          133|
+-------------+-------------+
(3 rows)
>>
* select * from dda03_v;\g 
<<
+-------------+
|col2         |
+-------------+
|          111|
|          122|
|          133|
+-------------+
(3 rows)
>>
* delete from dda03_v where col2 = 133;\g 
<<
(1 row)
>>
* select * from dda03_t;\g 
<<
+-------------+-------------+
|col1         |col2         |
+-------------+-------------+
|            1|          111|
|            2|          122|
+-------------+-------------+
(2 rows)
>>
* select * from dda03_v;\g 
<<
+-------------+
|col2         |
+-------------+
|          111|
|          122|
+-------------+
(2 rows)
>>
* insert into dda03_v values (44);\g 
<<
E_US0ADD INSERT: No value specified for mandatory column 'col1' 
    of base table 'dda03_t' on which view 'dda03_v' is based.
    (14-SEP-1989 15:42:48)
>>
* insert into dda03_v values (55);\g
<<
E_US0ADD INSERT: No value specified for mandatory column 'col1' 
    of base table 'dda03_t' on which view 'dda03_v' is based.
    (14-SEP-1989 15:45:13)
>>
* insert into dda03_v values (99,99)\g 
<<
E_US0AD7 INSERT: number of target columns must equal the number of
    specified values.
    (14-SEP-1989 14:58:37)
>>
* select * from dda03_t;\g 
<<
+-------------+-------------+
|col1         |col2         |
+-------------+-------------+
|            1|          111|
|            2|          122|
+-------------+-------------+
(2 rows)
>>
* select * from dda03_v;\g 
<<
+-------------+
|col2         |
+-------------+
|          111|
|          122|
+-------------+
(2 rows)
>>
* \q 
<<
>>
Ending at: Thu Nov 16 17:53:06 1989
