/*
	Test Name: dda07
	Time: 15-SEP-1989 13:37:01
	User Name: testenv     
 
	Test ID : 	dda07
	Module  : 	qrymod
	Filename:	dda07.sep
	Purpose	:	Attempt to modify the tid's of the base table
			via a view.
	Input Files  :	None
	Output Files :	None
	Database     :	SEPPARAMDB
	Tables       :	dda07_t
	Synopsis     :	Create a view on the TID of a base table.  Attempt
			to change the value of the TID via the view.
	History	: 15-Sep-1989	Created				srr
                  7/90            Test modified to conform to Test Case/
                                  Portability Standards. (Brought to you by
                                  the devils of correction)
		22-mar-1999     (yu$pe02) Hard code page size to 8K.
*/
? sql SEPPARAMDB -s
<<
>>
* drop table dda07_t\g 
<<
E_US0AC1 DROP: 'dda07_t' does not exist or is not owned by you.
    (15-SEP-1989 14:12:51)
>>
<<
>>
* create table dda07_t (col1 integer not null, col2 integer with null) with page_size=8192;\g 
<<
>>
* insert into dda07_t values (1, 11); 
<<
~
>>
* insert into dda07_t values (2, 22); 
<<
~
>>
* insert into dda07_t values (3, 33);\g 
<<
(1 row)
(1 row)
(1 row)
>>
* create view dda07_v (col1, col2) as select col2, tid from dda07_t;\g 
<<
>>
* select * from dda07_t;\g 
<<
+-------------+-------------+
|col1         |col2         |
+-------------+-------------+
|            1|           11|
|            2|           22|
|            3|           33|
+-------------+-------------+
(3 rows)
>>
* select * from dda07_v;\g 
<<
+-------------+-------------+
|col1         |col2         |
+-------------+-------------+
|           11|            0|
|           22|            1|
|           33|            2|
+-------------+-------------+
(3 rows)
>>
* update dda07_v set col2 = col2 + 100;\g 
<<
E_US0CEE UPDATE on view dda07_v: can only update simple columns. No
    constants or expressions.
    (15-SEP-1989 14:17:11)
>>
* select * from dda07_t;\g 
<<
+-------------+-------------+
|col1         |col2         |
+-------------+-------------+
|            1|           11|
|            2|           22|
|            3|           33|
+-------------+-------------+
(3 rows)
>>
* select * from dda07_v;\g 
<<
+-------------+-------------+
|col1         |col2         |
+-------------+-------------+
|           11|            0|
|           22|            1|
|           33|            2|
+-------------+-------------+
(3 rows)
>>
* delete from dda07_v where col2 > 0;\g 
<<
(2 rows)
>>
* select * from dda07_t;\g 
<<
+-------------+-------------+
|col1         |col2         |
+-------------+-------------+
|            1|           11|
+-------------+-------------+
(1 row)
>>
* select * from dda07_v;\g 
<<
+-------------+-------------+
|col1         |col2         |
+-------------+-------------+
|           11|            0|
+-------------+-------------+
(1 row)
>>
* insert into dda07_v values (4, 44);\g 
<<
E_US0CEE INSERT on view dda07_v: can only update simple columns. No
    constants or expressions.
    (15-SEP-1989 14:20:07)
>>
* insert into dda07_v values (5, null);\g 
<<
E_US0AD9 INSERT: Must not insert NULL value into a nonnullable column
    'col2'.
    (15-SEP-1989 14:20:32)
>>
* insert into dda07_v (col2) values (66);\g 
<<
E_US0CEE INSERT on view dda07_v: can only update simple columns. No
    constants or expressions.
    (15-SEP-1989 14:21:04)
>>
* select * from dda07_t;\g 
<<
+-------------+-------------+
|col1         |col2         |
+-------------+-------------+
|            1|           11|
+-------------+-------------+
(1 row)
>>
* select * from dda07_v;\g 
<<
+-------------+-------------+
|col1         |col2         |
+-------------+-------------+
|           11|            0|
+-------------+-------------+
(1 row)
>>
* \q 
<<
>>
Ending at: 22-NOV-1989 14:41:14
