/*
Copyright (c) 2008 Ingres Corporation

	Test Name: acc64 (formerly dda09)
	Time: 15-SEP-1989 14:37:16
	User Name: testenv     
 
	Test ID :	acc64
	Module  :	qrymod
	Filename:	acc64.sep
	Purpose	:	Attempt to update via a view that has an aggregate
			defined.
	Input Files  :	None
	Output Files :	None
	Database     :	SEPPARAMDB
	Tables       :	dda09_t
	Synopsis     :	Attempt to UPDATE, DELETE, INSERT via a view that
			has an aggregate in its definition.  Create another
			view with an aggregate upon the original view. Try
			the updates via the second view.
	History	:
	  15-Sep-1989	srr	Created
           1-Jul-1990	Test modified to conform to Test Case/Portability
			Standards.
	  16-Mar-1999	(vande02) Hard-coded VPG_SZ to 2K
          11-Feb-2008   (vande02) Added order by clauses to maintain order
				  related to change 490727 and faster hash
				  aggregation.  Minor header corrections.
*/
? sql SEPPARAMDB -s
<<
>>
* drop table dda09_t\g 
<<
E_US0AC1 DROP: 'dda09_t' does not exist or is not owned by you.
    (15-SEP-1989 14:39:35)
>>
<<
>>
* create table dda09_t (col1 integer not null, col2 integer not null ) with page_size=2048;\g 
<<
>>
* insert into dda09_t values (1, 11); 
<<
~
>>
* insert into dda09_t values (2, 22); 
<<
~
>>
* insert into dda09_t values (3, 33);\g 
<<
(1 row)
(1 row)
(1 row)
>>
* create view dda09_v1 (col1, col2, col3) 
<<
~
>>
* as 
<<
~
>>
* select col1, col2, min(col1) from dda09_t group by col1, col2;\g 
<<
>>
* create view dda09_v2 (col1, col2, col3) 
<<
~
>>
* as 
<<
~
>>
* select col1, col2, count(*) from dda09_t group by col1, col2;\g 
<<
>>
* select * from dda09_t order by 1 \g 
<<
+-------------+-------------+
|col1         |col2         |
+-------------+-------------+
|            1|           11|
|            2|           22|
|            3|           33|
+-------------+-------------+
(3 rows)
>>
* select * from dda09_v1 order by 1 \g 
<<
+-------------+-------------+-------------+
|col1         |col2         |col3         |
+-------------+-------------+-------------+
|            1|           11|            1|
|            2|           22|            2|
|            3|           33|            3|
+-------------+-------------+-------------+
(3 rows)
>>
* select * from dda09_v2 order by 1 \g 
<<
+-------------+-------------+-------------+
|col1         |col2         |col3         |
+-------------+-------------+-------------+
|            1|           11|            1|
|            2|           22|            1|
|            3|           33|            1|
+-------------+-------------+-------------+
(3 rows)
>>
* update dda09_v1 set col2 = col2 + 10;\g 
<<
E_US0D16 UPDATE on view dda09_v1: cannot update views containing an
    aggregate.
    (15-SEP-1989 14:46:05)
>>
* update dda09_v2 set col2 = col2 + 100;\g 
<<
E_US0D16 UPDATE on view dda09_v2: cannot update views containing an
    aggregate.
    (15-SEP-1989 14:47:34)
>>
* select * from dda09_t order by 1 \g 
<<
+-------------+-------------+
|col1         |col2         |
+-------------+-------------+
|            1|           11|
|            2|           22|
|            3|           33|
+-------------+-------------+
(3 rows)
>>
* select * from dda09_v1 order by 1 \g 
<<
+-------------+-------------+-------------+
|col1         |col2         |col3         |
+-------------+-------------+-------------+
|            1|           11|            1|
|            2|           22|            2|
|            3|           33|            3|
+-------------+-------------+-------------+
(3 rows)
>>
* select * from dda09_v2 order by 1 \g 
<<
+-------------+-------------+-------------+
|col1         |col2         |col3         |
+-------------+-------------+-------------+
|            1|           11|            1|
|            2|           22|            1|
|            3|           33|            1|
+-------------+-------------+-------------+
(3 rows)
>>
* delete from dda09_v1 where col1 = 1;\g 
<<
E_US0D16 DELETE on view dda09_v1: cannot update views containing an
    aggregate.
    (15-SEP-1989 14:49:27)
>>
* delete from dda09_v2 where col1 = 2;\g 
<<
E_US0D16 DELETE on view dda09_v2: cannot update views containing an
    aggregate.
    (15-SEP-1989 14:49:56)
>>
* select * from dda09_t order by 1 \g 
<<
+-------------+-------------+
|col1         |col2         |
+-------------+-------------+
|            1|           11|
|            2|           22|
|            3|           33|
+-------------+-------------+
(3 rows)
>>
* select * from dda09_v1 order by 1 \g 
<<
+-------------+-------------+-------------+
|col1         |col2         |col3         |
+-------------+-------------+-------------+
|            1|           11|            1|
|            2|           22|            2|
|            3|           33|            3|
+-------------+-------------+-------------+
(3 rows)
>>
* select * from dda09_v2 order by 1 \g 
<<
+-------------+-------------+-------------+
|col1         |col2         |col3         |
+-------------+-------------+-------------+
|            1|           11|            1|
|            2|           22|            1|
|            3|           33|            1|
+-------------+-------------+-------------+
(3 rows)
>>
* insert into dda09_v1 values (4, 44, 444);\g 
<<
E_US0D16 INSERT on view dda09_v1: cannot update views containing an
    aggregate.
    (15-SEP-1989 14:51:42)
>>
* insert into dda09_v2 values (4, 44, 444);\g 
<<
E_US0D16 INSERT on view dda09_v2: cannot update views containing an
    aggregate.
    (15-SEP-1989 14:52:04)
>>
* select * from dda09_t order by 1 \g 
<<
+-------------+-------------+
|col1         |col2         |
+-------------+-------------+
|            1|           11|
|            2|           22|
|            3|           33|
+-------------+-------------+
(3 rows)
>>
* select * from dda09_v1 order by 1 \g 
<<
+-------------+-------------+-------------+
|col1         |col2         |col3         |
+-------------+-------------+-------------+
|            1|           11|            1|
|            2|           22|            2|
|            3|           33|            3|
+-------------+-------------+-------------+
(3 rows)
>>
* select * from dda09_v2 order by 1 \g 
<<
+-------------+-------------+-------------+
|col1         |col2         |col3         |
+-------------+-------------+-------------+
|            1|           11|            1|
|            2|           22|            1|
|            3|           33|            1|
+-------------+-------------+-------------+
(3 rows)
>>
* \q 
<<
>>
Ending at: 22-NOV-1989 14:53:34
