/*
	Test Name: dda11
	Time: 15-SEP-1989 15:31:42
	User Name: testenv     
 
	Test ID :	dda11
	Module  : 	qrymod
	Filename:	dda11.sep
	Purpose	:	Attempt to update via a view that is based upon
			a qualified select from a base table.
	Input Files  :	None
	Output Files :	None
	Database     :	SEPPARAMDB
	Tables       :	dda11_t
	Synopsis     :	Create a view as "select * from table_name where ...".
			Then update the base table via the view.
	History	: 15-Sep-1989	Created				srr
                  7/90            Test modified to conform to Test Case/
                                  Portability Standards. (Brought to you by
                                  the devils of correction)
		  16-Mar-1999   (vande02) Hard-coded VPG_SZ to 2K
          26-Mar-2001   (hanch04) Update test for Ingres 2.6
*/
? sql SEPPARAMDB -s
<<
>>
<<
>>
* drop table dda11_t\g 
<<
E_US0AC1 DROP: 'dda11_t' does not exist or is not owned by you.
    (15-SEP-1989 15:33:49)
>>
<<
>>
* create table dda11_t (col1 integer not null, col2 integer with null ) with page_size=2048;\g 
<<
>>
* insert into dda11_t values (1, 11); 
<<
~
>>
* insert into dda11_t values (2, 22); 
<<
~
>>
* insert into dda11_t values (3, 33);\g 
<<
(1 row)
(1 row)
(1 row)
>>
* create view dda11_v 
<<
~
>>
* as 
<<
~
>>
* select * from dda11_t where col1 > 1;\g 
<<
>>
* select * from dda11_t;\g 
<<
+-------------+-------------+
|col1         |col2         |
+-------------+-------------+
|            1|           11|
|            2|           22|
|            3|           33|
+-------------+-------------+
(3 rows)
>>
* select * from dda11_v;\g 
<<
+-------------+-------------+
|col1         |col2         |
+-------------+-------------+
|            2|           22|
|            3|           33|
+-------------+-------------+
(2 rows)
>>
* update dda11_v set col1 = col1 + 100 where col1 = 2;\g 
<<
(1 row)
>>
* update dda11_v set col1 = col1 - 100 where col1 = 3;\g 
<<
(1 row)
>>
* select * from dda11_t;\g 
<<
+-------------+-------------+
|col1         |col2         |
+-------------+-------------+
|            1|           11|
|          102|           22|
|          -97|           33|
+-------------+-------------+
(3 rows)
>>
* select * from dda11_v;\g 
<<
+-------------+-------------+
|col1         |col2         |
+-------------+-------------+
|          102|           22|
+-------------+-------------+
(1 row)
>>
* delete from dda11_v where col2 = 22;\g 
<<
(1 row)
>>
* delete from dda11_v where col2 = 33;\g 
<<
(0 rows)
>>
* select * from dda11_t;\g 
<<
+-------------+-------------+
|col1         |col2         |
+-------------+-------------+
|            1|           11|
|          -97|           33|
+-------------+-------------+
(2 rows)
>>
* select * from dda11_v;\g 
<<
+-------------+-------------+
|col1         |col2         |
+-------------+-------------+
+-------------+-------------+
(0 rows)
>>
* insert into dda11_v values (4, 44);\g 
<<
(1 row)
>>
* insert into dda11_v values (-5, 55);\g 
<<
(1 row)
>>
* select * from dda11_t order by col1, col2;\g 
<<
+-------------+-------------+
|col1         |col2         |
+-------------+-------------+
|          -97|           33|
|           -5|           55|
|            1|           11|
|            4|           44|
+-------------+-------------+
(4 rows)
>>
* select * from dda11_v;\g 
<<
+-------------+-------------+
|col1         |col2         |
+-------------+-------------+
|            4|           44|
+-------------+-------------+
(1 row)
>>
* \q 
<<
>>
Ending at: Fri Nov 17 12:04:04 1989
