/*
Copyright 2009 (c) Ingres Corporation

Test Name: 
Time: March 15th 14:41
User Name: rch

Test ID : 
Module  :qrymod
Filename:
Purpose :To test the syntax/semanitics/effects of the 'create role' statement
Input Files :none
Output Files:none
Database    :SEPPARAMDB3 = grantdb,iidbdb
Tables      :iidbdb/iirole,dea02_select,dea02_update,dea02_insert,dea02_delete all
	     in grantdb
Synopsis:
	1) Clean-up database SEPPARAMDB3
	2) Clean-up database IIDBDB, and add usernames.
	3) Test CREATE|ALTER|DROP ROLE
		- syntax, e.g. missing keywords
		- invalid grantee(s)
	4) Test CREATE|ALTER|DROP ROLE when IIROLE does not exist.
	5) Test CREATE|ALTER|DROP ROLE when not connected to the IIDBDB.
	6) Test GRANT ... TO ROLE
	7-9) Show that GRANTS to ROLES are applied correctly.
	10) Clean-up database SEPPARAMDB3.
	11) Clean-up database IIDBDB.

History :Converted by rch	Created: 3.15.90	Author :Ralph Harnden
	Modified by Steve Rees 5-Nov-1990
          28-May-1992	(donj) Transfer backend tests from ingres63p to ingres65
          16-Nov-1993	(garys) Updated test to test for column/group names
				> 32 chars; column/group name size increased 
				from 24 to 32 chars on 65.  Also updated 
				canon to accept 1) 65 error/syntax error 
				messages for HELP IIROLE, 
				CREATE/ALTER/DROP ROLE, GRANT, and 
				UPDATE/DELETE/SELECT GRANT, 2) additional 
				column info on select * from iiuser and 
				iidbpriv; system catalog changed for 65.
          16-Nov-1993	(garys) Updated canon to accept 1) expanded help
				permit info on tables, 2) double quote
				delimiters for dba name, 3) fewer grant
				message lines from help permit info - 64
				un-necessarily creates duplicate grants,
				but 65 doesn't.
          26-Jan-1995	(Oertel)Took alternate canon for copy_into, copy_ 
				from privileges.
          28-Mar-1995	(gauje01) Accepted alternate canons for different but
				  still appropriate error message syntax.
           8-Apr-1995	(gauje01) accepted new canon after statement "create
				  role no_with;\g", as Ingres now considers
				  the WITH clause optional.
          25-Dec-1998	(somsa01) We need to clean up the iirolegrant catalog
				  as well.
          22-mar-1999	(yu$pe02) Hard code page size to 8K.
           4-Oct-2001   (devjo01) Change canons to reflect lifting of keyword
				  restrictions.
          30-Jan-2003	(hanch04) Updated canons to match Ingres 2.6/0303 SP2
          16-Apr-2003	(rogch01) Remove pre-2.6 SP2 canons.
          22-Jul-2004   (vande02) Replacing existing canons for selects from
                                  system catalog iiuser and help information
				  from iirole with new expected behavior as of
				  open source r3 when B1 security was pulled
				  out. Aligned history.
          11-Jun-2009   (sarjo01) Changed for Long Names compat. 
*/
? qasetusertm pvusr1 sql -s SEPPARAMDB3 
<<
>>
* \p\g
<<
/* SQL Startup File */
 
>>
* drop table dea02_select, dea02_insert, dea02_delete, dea02_update,
<<
>>
* 	   dea02_all,    dea02_none;
<<
>>
* \p\g
<<
~
>>
* drop procedure dea02_p1;
<<
>>
* \p\g
<<
~
>>
* commit
<<
>>
* \p\g
<<
 commit
 
>>
* \q
<<
>>
? qasetusertm ingres sql -s iidbdb "+Y" 
<<
>>
* \p\g
<<
/* SQL Startup File */
 
>>
* delete from iirole where roleid like 'dea02%';\p\g
<<
~
>>
* delete from iirolegrant where rgr_rolename like 'dea02%';\p\g
<<
~
>>
* delete from iiuser where name like 'dea02%';\p\g
<<
~
>>
* delete from iidbpriv where grantee like 'dea02%';\p\g
<<
~
>>
* insert into iiuser (name, status) values ('dea02_notauth', 0)
<<
>>
* \p\g
<<
 insert into iiuser (name, status) values ('dea02_notauth', 0)
 
(1 row)
>>
* insert into iiuser (name, status) values ('dea02_syscat',21)
<<
>>
* \p\g
<<
 insert into iiuser (name, status) values ('dea02_syscat',21)
 
(1 row)
>>
* insert into iiuser (name, status) values ('dea02_super', 32785)
<<
>>
* \p\g
<<
 insert into iiuser (name, status) values ('dea02_super', 32785)
 
(1 row)
>>
* select * from iidbpriv where grantee = 'public' and dbname = 'iidbdb';\p\g
/*
If any rows are returned here then STOP the test because subsequent results
will be invalid
*/
<<
 select * from iidbpriv where grantee = 'public' and dbname = 'iidbdb';

+--------------------------------+--------------------------------+------+------+----
----------+-------------+-------------+-------------+-------------+-------------+----
----------+-------------+-------------+-------------+--------------------------------
-+
|dbname                          |grantee                         |gtype |dbflag|con-
trol      |flags        |qrow_limit   |qdio_limit   |qcpu_limit   |qpage_limit  |qco-
st_limit  |idle_time_lim|connect_time_|priority_limi|reserve                        -
 |
+--------------------------------+--------------------------------+------+------+----
----------+-------------+-------------+-------------+-------------+-------------+----
----------+-------------+-------------+-------------+--------------------------------
-+
+--------------------------------+--------------------------------+------+------+----
----------+-------------+-------------+-------------+-------------+-------------+----
----------+-------------+-------------+-------------+--------------------------------
-+
(0 rows)
>>
* update iiuser set default_group = ' ' where name = 'dea02_notauth'
<<
>>
* \p\g
<<
 update iiuser set default_group = ' ' where name = 'dea02_notauth'
 
(1 row)
>>
* commit
<<
>>
* \p\g
<<
 commit
 
>>
* \q
<<
>>
? qasetusertm ingres sql -s iidbdb 
<<
>>
* \p\g
<<
/* SQL Startup File */
 
>>
* select roleid from iirole where roleid like 'dea02%' order by roleid;\p\g
<<
 select roleid from iirole where roleid like 'dea02%' order by roleid;

+------------------------+
|roleid                  |
+------------------------+
+------------------------+
(0 rows)
>>
* create role 0_bad_role_name with nopassword
<<
>>
* \p\g
<<
 create role 0_bad_role_name with nopassword
 
E_US0EE9 line 1, Syntax error on '0'.  The correct syntax is: 
    CREATE ROLE roleid {,roleid} 
       WITH 
          PASSWORD = 'password' 
        | NOPASSWORD
    ( 5-APR-1990 14:52:57)

>>
* create role dea02_good_role, role 0_bad_role_name with nopassword
<<
>>
* \p\g
<<
 create role dea02_good_role, role 0_bad_role_name with nopassword
 
E_US0EE9 line 1, Syntax error on '0'.  The correct syntax is: 
    CREATE ROLE roleid {,roleid} 
       WITH 
          PASSWORD = 'password' 
        | NOPASSWORD
    ( 5-APR-1990 14:53:05)

>>
* create role dea02_role1, dea02_role2, with nopassword
<<
>>
* \p\g
<<
 create role dea02_role1, dea02_role2, with nopassword
 
E_US0EE9 line 1, Syntax error on 'nopassword'.  The correct syntax is: 
    CREATE ROLE roleid {,roleid} 
       WITH 
          PASSWORD = 'password' 
        | NOPASSWORD
    (Thu Oct  4 13:02:00 2001)

>>
* create role dea02_nowith
<<
>>
* \p\g
<<
 create role dea02_nowith
 
>>
<<
 create role dea02_nowith
 
E_US0EE9 line 1, Syntax error on 'EOF'.  The correct syntax is: 
    CREATE ROLE roleid {,roleid} 
       WITH 
          PASSWORD = 'password' 
        | NOPASSWORD
    ( 5-APR-1990 14:53:20)

>>
* create role dea02_badwith1 with nopazzword
<<
>>
* \p\g
<<
 create role dea02_badwith1 with nopazzword
 
E_US1880 CREATE ROLE: 'nopazzword' is either an invalid option or the
    syntax of the WITH clause is invalid. 
    Specify one of: 
	WITH PASSWORD = 'password' 
	WITH NOPASSWORD
    ( 5-APR-1990 14:53:26)

>>
<<
 create role dea02_badwith1 with nopazzword
 
E_US18D1 CREATE/ALTER USER/PROFILE/ROLE: Syntax error in the 'WITH'
    clause.
     Last token read was 'nopazzword'.
     Please check the syntax of the 'WITH' clause and reenter the statement.
    (Tue Mar 28 16:08:21 1995)

>>
* create role dea02_badwith2 with pazzword = 'pazzword2'
<<
>>
* \p\g
<<
 create role dea02_badwith2 with pazzword = 'pazzword2'
 
E_US1880 CREATE ROLE: 'pazzword' is either an invalid option or the syntax
    of the WITH clause is invalid. 
    Specify one of: 
	WITH PASSWORD = 'password' 
	WITH NOPASSWORD
    ( 5-APR-1990 14:53:33)

>>
<<
 create role dea02_badwith2 with pazzword = 'pazzword2'
 
E_US18D1 CREATE/ALTER USER/PROFILE/ROLE: Syntax error in the 'WITH'
    clause.
     Last token read was 'pazzword'.
     Please check the syntax of the 'WITH' clause and reenter the statement.
    (Tue Mar 28 16:09:03 1995)

>>
* create role dea02_role_with with password
<<
>>
* \p\g
<<
 create role dea02_role_with with password
 
E_US1880 CREATE ROLE: 'password' is either an invalid option or the syntax
    of the WITH clause is invalid. 
    Specify one of: 
	WITH PASSWORD = 'password' 
	WITH NOPASSWORD
    ( 5-APR-1990 14:53:40)

>>
<<
 create role dea02_role_with with password
 
E_US18D1 CREATE/ALTER USER/PROFILE/ROLE: Syntax error in the 'WITH'
    clause.
     Last token read was 'password'.
     Please check the syntax of the 'WITH' clause and reenter the statement.
    (Tue Mar 28 16:09:26 1995)

>>
* create role dea02_role_with with password =
<<
>>
* \p\g
<<
 create role dea02_role_with with password =
 
E_US0EE9 line 1, Syntax error on 'EOF'.  The correct syntax is: 
    CREATE ROLE roleid {,roleid} 
       WITH 
          PASSWORD = 'password' 
        | NOPASSWORD
    ( 5-APR-1990 14:53:45)

>>
* create role dea02_role_with with password = 'password_with'
<<
>>
* \p\g
<<
 create role dea02_role_with with password = 'password_with'
 
>>
* create role dea02_role_without with nopassword
<<
>>
* \p\g
<<
 create role dea02_role_without with nopassword
 
>>
* create role dea02_role_without with password = 'duplicate'
<<
>>
* \p\g
<<
 create role dea02_role_without with password = 'duplicate'
 
E_US1873 Role 'dea02_role_without' already exists.
    You cannot create a role that already exists.
     Ensure you entered the correct role identifier.
    ( 5-APR-1990 14:53:57)

>>
* select roleid from iirole where roleid like 'dea02%' order by roleid;\p\g
<<
 select roleid from iirole where roleid like 'dea02%' order by roleid;

+--------------------------------+
|roleid                          |
+--------------------------------+
|dea02_nowith                    |
|dea02_role_with                 |
|dea02_role_without              |
+--------------------------------+
(3 rows)
>>
<<
 select roleid from iirole where roleid like 'dea02%' order by roleid;

+------------------------+
|roleid                  |
+------------------------+
|dea02_role_with         |
|dea02_role_without      |
+------------------------+
(2 rows)
>>
* rollback
<<
>>
* \p\g
<<
 rollback
 
>>
* create role dea02_good_role1, dea02_super with nopassword
<<
>>
* \p\g
<<
 create role dea02_good_role1, dea02_super with nopassword
 
E_US187B Unable to create role 'dea02_super'.
    A user with this name already exists in this installation.
     Role names must be unique within groups, roles, and users.
     Please specify a different role name.
    ( 5-NOV-1990 15:16:36)

>>
* create group dea02_group_role_test
<<
>>
* \p\g
<<
 create group dea02_group_role_test
 
>>
* create role dea02_good_role2, dea02_group_role_test with nopassword
<<
>>
* \p\g
<<
 create role dea02_good_role2, dea02_group_role_test with nopassword
 
E_US187C Unable to create role 'dea02_group_role_test'.
    A group with this name already exists in this installation.
     Role names must be unique within groups, roles, and users.
     Please specify a different role name.
    ( 5-APR-1990 14:54:23)

>>
* create role dea02_good_role3, dea02_good_role2 with nopassword
<<
>>
* \p\g
<<
 create role dea02_good_role3, dea02_good_role2 with nopassword
 
E_US1873 Role 'dea02_good_role2' already exists.
    You cannot create a role that already exists.
     Ensure you entered the correct role identifier.
    ( 5-NOV-1990 13:50:55)

>>
* create role dea02_role4, dea02_role5, dea02_role6 with password = 'longlivethedead-
'
<<
>>
* \p\g
<<
 create role dea02_role4, dea02_role5, dea02_role6 with password = 'longlivethedead'
 
>>
* select roleid from iirole where roleid like 'dea02%' order by roleid;
<<
>>
* \p\g
<<
 select roleid from iirole where roleid like 'dea02%' order by roleid;
 

+------------------------+
|roleid                  |
+------------------------+
|dea02_good_role1        |
|dea02_good_role2        |
|dea02_good_role3        |
|dea02_role4             |
|dea02_role5             |
|dea02_role6             |
+------------------------+
(6 rows)
>>
* rollback
<<
>>
* \p\g
<<
 rollback
 
>>
* select roleid from iirole where roleid like 'dea02%' order by roleid;
<<
>>
* \p\g
<<
 select roleid from iirole where roleid like 'dea02%' order by roleid;
 

+------------------------+
|roleid                  |
+------------------------+
+------------------------+
(0 rows)
>>
* create role dea02_role1 with nopassword
<<
>>
* \p\g
<<
 create role dea02_role1 with nopassword
 
>>
* create role dea02_role2 with password = 'password2'
<<
>>
* \p\g
<<
 create role dea02_role2 with password = 'password2'
 
>>
* commit
<<
>>
* \p\g
<<
 commit
 
>>
* select roleid from iirole where roleid like 'dea02%' order by roleid;
<<
>>
* \p\g
<<
 select roleid from iirole where roleid like 'dea02%' order by roleid;
 

+------------------------+
|roleid                  |
+------------------------+
|dea02_role1             |
|dea02_role2             |
+------------------------+
(2 rows)
>>
* \p\g
<<
>>
* select roleid from iirole where roleid like 'dea02%' order by roleid;
<<
>>
* \p\g
<<
 select roleid from iirole where roleid like 'dea02%' order by roleid;
 

+------------------------+
|roleid                  |
+------------------------+
|dea02_role1             |
|dea02_role2             |
+------------------------+
(2 rows)
>>
* alter role 0_bad_role_name with nopassword
<<
>>
* \p\g
<<
 alter role 0_bad_role_name with nopassword
 
E_US0EEA line 1, Syntax error on '0'.  The correct syntax is: 
    ALTER ROLE roleid {,roleid} 
       WITH 
          PASSWORD = 'password' 
        | NOPASSWORD
    ( 5-APR-1990 14:55:16)

>>
* alter role dea02_role2, role 0_bad_role_name with nopassword
<<
>>
* \p\g
<<
 alter role dea02_role2, role 0_bad_role_name with nopassword
 
E_US0EEA line 1, Syntax error on '0'.  The correct syntax is: 
    ALTER ROLE roleid {,roleid} 
       WITH 
          PASSWORD = 'password' 
        | NOPASSWORD
    ( 5-APR-1990 14:55:23)

>>
* alter role dea02_role1, dea02_role2, with nopassword
<<
>>
* \p\g
<<
 alter role dea02_role1, dea02_role2, with nopassword
 
E_US0EEA line 1, Syntax error on 'nopassword'.  The correct syntax is: 
    ALTER ROLE roleid {,roleid} 
       WITH 
          PASSWORD = 'password' 
        | NOPASSWORD
    (Thu Oct  4 13:02:19 2001)

>>
* alter role dea02_nowith
<<
>>
* \p\g
<<
 alter role dea02_nowith
 
E_US1875 Role 'dea02_nowith' does not exist.
    You cannot alter or drop a non-existing role.
     Ensure you entered the correct role identifier.
    (Sat Apr  8 16:53:15 1995)

>>
<<
 alter role dea02_nowith
 
E_US0EEA line 1, Syntax error on 'EOF'.  The correct syntax is: 
    ALTER ROLE roleid {,roleid} 
       WITH 
          PASSWORD = 'password' 
        | NOPASSWORD
    ( 5-APR-1990 14:55:33)

>>
* alter role dea02_badwith1 with nopazzword
<<
>>
* \p\g
<<
 alter role dea02_badwith1 with nopazzword
 
E_US1881 ALTER ROLE: 'nopazzword' is either an invalid option or the
    syntax of the WITH clause is invalid. 
    Specify one of: 
	WITH PASSWORD = 'password' 
	WITH NOPASSWORD
    ( 5-APR-1990 14:55:37)

>>
<<
 alter role dea02_badwith1 with nopazzword
 
E_US18D1 CREATE/ALTER USER/PROFILE/ROLE: Syntax error in the 'WITH'
    clause.
     Last token read was 'nopazzword'.
     Please check the syntax of the 'WITH' clause and reenter the statement.
    (Tue Mar 28 16:12:32 1995)

>>
* alter role dea02_badwith2 with pazzword = 'pazzword2'
<<
>>
* \p\g
<<
 alter role dea02_badwith2 with pazzword = 'pazzword2'
 
E_US1881 ALTER ROLE: 'pazzword' is either an invalid option or the syntax
    of the WITH clause is invalid. 
    Specify one of: 
	WITH PASSWORD = 'password' 
	WITH NOPASSWORD
    ( 5-APR-1990 14:55:40)

>>
<<
 alter role dea02_badwith2 with pazzword = 'pazzword2'
 
E_US18D1 CREATE/ALTER USER/PROFILE/ROLE: Syntax error in the 'WITH'
    clause.
     Last token read was 'pazzword'.
     Please check the syntax of the 'WITH' clause and reenter the statement.
    (Tue Mar 28 16:12:45 1995)

>>
* alter role dea02_role1 with password
<<
>>
* \p\g
<<
 alter role dea02_role1 with password
 
E_US1881 ALTER ROLE: 'password' is either an invalid option or the syntax
    of the WITH clause is invalid. 
    Specify one of: 
	WITH PASSWORD = 'password' 
	WITH NOPASSWORD
    ( 5-APR-1990 14:55:45)

>>
<<
 alter role dea02_role1 with password
 
E_US18D1 CREATE/ALTER USER/PROFILE/ROLE: Syntax error in the 'WITH'
    clause.
     Last token read was 'password'.
     Please check the syntax of the 'WITH' clause and reenter the statement.
    (Tue Mar 28 16:13:01 1995)

>>
* alter role dea02_role1 with password =
<<
>>
* \p\g
<<
 alter role dea02_role1 with password =
 
E_US0EEA line 1, Syntax error on 'EOF'.  The correct syntax is: 
    ALTER ROLE roleid {,roleid} 
       WITH 
          PASSWORD = 'password' 
        | NOPASSWORD
    ( 5-APR-1990 14:55:48)

>>
* alter role dea02_missing_role with nopassword
<<
>>
* \p\g
<<
 alter role dea02_missing_role with nopassword
 
E_US1875 Role 'dea02_missing_role' does not exist.
    You cannot alter or drop a non-existing role.
     Ensure you entered the correct role identifier.
    ( 5-APR-1990 14:55:52)

>>
* select roleid from iirole where roleid like 'dea02%' order by roleid;
<<
>>
* \p\g
<<
 select roleid from iirole where roleid like 'dea02%' order by roleid;
 

+------------------------+
|roleid                  |
+------------------------+
|dea02_role1             |
|dea02_role2             |
+------------------------+
(2 rows)
>>
* alter role dea02_role1 with password = 'with_password'
<<
>>
* \p\g
<<
 alter role dea02_role1 with password = 'with_password'
 
>>
* alter role dea02_role2 with nopassword
<<
>>
* \p\g
<<
 alter role dea02_role2 with nopassword
 
>>
* select roleid from iirole where roleid like 'dea02%' order by roleid;
<<
>>
* \p\g
<<
 select roleid from iirole where roleid like 'dea02%' order by roleid;
 

+------------------------+
|roleid                  |
+------------------------+
|dea02_role1             |
|dea02_role2             |
+------------------------+
(2 rows)
>>
* rollback
<<
>>
* \p\g
<<
 rollback
 
>>
* select roleid from iirole where roleid like 'dea02%' order by roleid;
<<
>>
* \p\g
<<
 select roleid from iirole where roleid like 'dea02%' order by roleid;
 

+------------------------+
|roleid                  |
+------------------------+
|dea02_role1             |
|dea02_role2             |
+------------------------+
(2 rows)
>>
* alter role dea02_role2, dea02_non_exist with nopassword
<<
>>
* \p\g
<<
 alter role dea02_role2, dea02_non_exist with nopassword
 
E_US1875 Role 'dea02_non_exist' does not exist.
    You cannot alter or drop a non-existing role.
     Ensure you entered the correct role identifier.
    ( 5-APR-1990 14:56:16)

>>
* select roleid from iirole where roleid like 'dea02%' order by roleid;
<<
>>
* \p\g
<<
 select roleid from iirole where roleid like 'dea02%' order by roleid;
 

+------------------------+
|roleid                  |
+------------------------+
|dea02_role1             |
|dea02_role2             |
+------------------------+
(2 rows)
>>
* alter role dea02_role1, dea02_role2 with password = 'funky*stuff'
<<
>>
* \p\g
<<
 alter role dea02_role1, dea02_role2 with password = 'funky*stuff'
 
>>
* select roleid from iirole where roleid like 'dea02%' order by roleid;
<<
>>
* \p\g
<<
 select roleid from iirole where roleid like 'dea02%' order by roleid;
 

+------------------------+
|roleid                  |
+------------------------+
|dea02_role1             |
|dea02_role2             |
+------------------------+
(2 rows)
>>
* rollback
<<
>>
* \p\g
<<
 rollback
 
>>
* alter role dea02_role1 with password = 'password1'
<<
>>
* \p\g
<<
 alter role dea02_role1 with password = 'password1'
 
>>
* alter role dea02_role2 with nopassword
<<
>>
* \p\g 
<<
 alter role dea02_role2 with nopassword
 
>>
* commit
<<
>>
* \p\g
<<
 
 commit
 
>>
* select roleid from iirole where roleid like 'dea02%' order by roleid;
<<
>>
* \p\g
<<
 select roleid from iirole where roleid like 'dea02%' order by roleid;
 

+------------------------+
|roleid                  |
+------------------------+
|dea02_role1             |
|dea02_role2             |
+------------------------+
(2 rows)
>>
* drop role 0_bad_role_name
<<
>>
* \p\g 
<<
 drop role 0_bad_role_name
 
E_US0EEB line 1, Syntax error on '0'.  The correct syntax is: 
    DROP ROLE roleid {,roleid}
    ( 5-APR-1990 14:57:08)

>>
* drop role dea02_role1, 0_bad_role_name
<<
>>
* \p\g 
<<
 drop role dea02_role1, 0_bad_role_name
 
E_US0EEB line 1, Syntax error on '0'.  The correct syntax is: 
    DROP ROLE roleid {,roleid}
    ( 5-APR-1990 14:57:15)

>>
* drop role dea02_role2, dea02_role1,
<<
>>
* \p\g
<<
 drop role dea02_role2, dea02_role1,
 
E_US0EEB line 1, Syntax error on 'EOF'.  The correct syntax is: 
    DROP ROLE roleid {,roleid}
    ( 5-APR-1990 14:57:21)

>>
* drop role dea02_missing_role
<<
>>
* \p\g
<<
 drop role dea02_missing_role
 
E_US1875 Role 'dea02_missing_role' does not exist.
    You cannot alter or drop a non-existing role.
     Ensure you entered the correct role identifier.
    ( 5-APR-1990 14:57:25)

>>
* select roleid from iirole where roleid like 'dea02%' order by roleid;
<<
>>
* \p\g
<<
 select roleid from iirole where roleid like 'dea02%' order by roleid;
 

+------------------------+
|roleid                  |
+------------------------+
|dea02_role1             |
|dea02_role2             |
+------------------------+
(2 rows)
>>
* drop role dea02_missing_role1, dea02_missing_role2, dea02_missing_role3
<<
>>
* \p\g
<<
 drop role dea02_missing_role1, dea02_missing_role2, dea02_missing_role3
 
E_US1875 Role 'dea02_missing_role3' does not exist.
    You cannot alter or drop a non-existing role.
     Ensure you entered the correct role identifier.
    ( 5-APR-1990 14:57:32)

E_US1875 Role 'dea02_missing_role2' does not exist.
    You cannot alter or drop a non-existing role.
     Ensure you entered the correct role identifier.
    ( 5-APR-1990 14:57:32)

E_US1875 Role 'dea02_missing_role1' does not exist.
    You cannot alter or drop a non-existing role.
     Ensure you entered the correct role identifier.
    ( 5-APR-1990 14:57:32)

>>
* create role dea02_drop1 with nopassword;
<<
>>
* create role dea02_drop2 with nopassword;
<<
>>
* create role dea02_drop3 with nopassword;
<<
>>
* create role dea02_drop4 with nopassword;
<<
>>
* create role dea02_drop5 with nopassword;
<<
>>
* create role dea02_drop6 with nopassword;
<<
>>
* create role dea02_drop7 with nopassword;
<<
>>
* create role dea02_drop8 with nopassword;
<<
>>
* create role dea02_drop9 with nopassword;
<<
>>
* select roleid from iirole where roleid like 'dea02%' order by roleid;
<<
>>
* \p\g
<<
 create role dea02_drop1 with nopassword;
 create role dea02_drop2 with nopassword;
 create role dea02_drop3 with nopassword;
 create role dea02_drop4 with nopassword;
 create role dea02_drop5 with nopassword;
 create role dea02_drop6 with nopassword;
 create role dea02_drop7 with nopassword;
 create role dea02_drop8 with nopassword;
 create role dea02_drop9 with nopassword;
 select roleid from iirole where roleid like 'dea02%' order by roleid;
 

+------------------------+
|roleid                  |
+------------------------+
|dea02_drop1             |
|dea02_drop2             |
|dea02_drop3             |
|dea02_drop4             |
|dea02_drop5             |
|dea02_drop6             |
|dea02_drop7             |
|dea02_drop8             |
|dea02_drop9             |
|dea02_role1             |
|dea02_role2             |
+------------------------+
(11 rows)
>>
* drop role dea02_drop9;
<<
>>
* \p\g
<<
 drop role dea02_drop9;
 
>>
* select roleid from iirole where roleid like 'dea02%' order by roleid;
<<
>>
* \p\g
<<
 select roleid from iirole where roleid like 'dea02%' order by roleid;
 

+------------------------+
|roleid                  |
+------------------------+
|dea02_drop1             |
|dea02_drop2             |
|dea02_drop3             |
|dea02_drop4             |
|dea02_drop5             |
|dea02_drop6             |
|dea02_drop7             |
|dea02_drop8             |
|dea02_role1             |
|dea02_role2             |
+------------------------+
(10 rows)
>>
* drop role dea02_drop8, dea02_drop7, dea02_drop6;
<<
>>
* \p\g
<<
 drop role dea02_drop8, dea02_drop7, dea02_drop6;
 
>>
* select roleid from iirole where roleid like 'dea02%' order by roleid;
<<
>>
* \p\g
<<
 select roleid from iirole where roleid like 'dea02%' order by roleid;
 

+------------------------+
|roleid                  |
+------------------------+
|dea02_drop1             |
|dea02_drop2             |
|dea02_drop3             |
|dea02_drop4             |
|dea02_drop5             |
|dea02_role1             |
|dea02_role2             |
+------------------------+
(7 rows)
>>
* drop role dea02_drop5, dea02_drop4, dea02_drop5, dea02_drop4, dea02_drop5, dea02_d-
rop4;
<<
>>
* \p\g
<<
 drop role dea02_drop5, dea02_drop4, dea02_drop5, dea02_drop4, dea02_drop5, dea02_dr-
op4;
 
>>
* select roleid from iirole where roleid like 'dea02%' order by roleid;
<<
>>
* \p\g
<<
 select roleid from iirole where roleid like 'dea02%' order by roleid;
 

+------------------------+
|roleid                  |
+------------------------+
|dea02_drop1             |
|dea02_drop2             |
|dea02_drop3             |
|dea02_role1             |
|dea02_role2             |
+------------------------+
(5 rows)
>>
* drop role dea02_missing_role1, dea02_drop3, dea02_missing_role2, dea02_drop2;
<<
>>
* \p\g
<<
 drop role dea02_missing_role1, dea02_drop3, dea02_missing_role2, dea02_drop2;
 
E_US1875 Role 'dea02_missing_role2' does not exist.
    You cannot alter or drop a non-existing role.
     Ensure you entered the correct role identifier.
    ( 5-APR-1990 14:58:09)

E_US1875 Role 'dea02_missing_role1' does not exist.
    You cannot alter or drop a non-existing role.
     Ensure you entered the correct role identifier.
    ( 5-APR-1990 14:58:09)

>>
* select roleid from iirole where roleid like 'dea02%' order by roleid;
<<
>>
* \p\g
<<
 select roleid from iirole where roleid like 'dea02%' order by roleid;
 

+------------------------+
|roleid                  |
+------------------------+
|dea02_drop1             |
|dea02_role1             |
|dea02_role2             |
+------------------------+
(3 rows)
>>
* commit
<<
>>
* \p\g
<<
 commit
 
>>
* drop role dea02_drop1;
<<
>>
* \p\g
<<
 drop role dea02_drop1;
 
>>
* select roleid from iirole where roleid like 'dea02%' order by roleid;
<<
>>
* \p\g
<<
 select roleid from iirole where roleid like 'dea02%' order by roleid;
 

+------------------------+
|roleid                  |
+------------------------+
|dea02_role1             |
|dea02_role2             |
+------------------------+
(2 rows)
>>
* rollback;
<<
>>
* \p\g
<<
 rollback;
 
>>
* select roleid from iirole where roleid like 'dea02%' order by roleid;
<<
>>
* \p\g
<<
 select roleid from iirole where roleid like 'dea02%' order by roleid;
 

+------------------------+
|roleid                  |
+------------------------+
|dea02_drop1             |
|dea02_role1             |
|dea02_role2             |
+------------------------+
(3 rows)
>>
* drop role dea02_drop1;
<<
>>
* \p\g
<<
 drop role dea02_drop1;
 
>>
* commit;
<<
>>
* \p\g
<<
 commit;
 
>>
* select roleid from iirole where roleid like 'dea02%' order by roleid;
<<
>>
* \p\g
<<
 select roleid from iirole where roleid like 'dea02%' order by roleid;
 

+------------------------+
|roleid                  |
+------------------------+
|dea02_role1             |
|dea02_role2             |
+------------------------+
(2 rows)
>>
* \q
<<
>>
? qasetusertm ingres sql -s iidbdb "+Y" 
<<
>>
* \p\g
<<
/* SQL Startup File */
 
>>
* drop table iirole
<<
>>
* \p\g
<<
 drop table iirole
 
>>
* help iirole
<<
>>
* \p\g
<<
 help iirole
 
No tables were found that matched 'iirole'


>>
* create role dea02_role_nocat with nopassword
<<
>>
* \p\g
<<
 create role dea02_role_nocat with nopassword
 
E_US16D5 Table specified no longer exists.
    ( 5-APR-1990 14:59:11)

E_US186B An error occurred while processing the iirole catalog.
    Please contact your system manager.
    ( 5-APR-1990 14:59:11)

>>
* alter role dea02_role_nocat with nopassword
<<
>>
* \p\g
<<
 alter role dea02_role_nocat with nopassword
 
E_US16D5 Table specified no longer exists.
    ( 5-APR-1990 14:59:37)

E_US186B An error occurred while processing the iirole catalog.
    Please contact your system manager.
    ( 5-APR-1990 14:59:37)

>>
* drop role dea02_role_nocat
<<
>>
* \p\g
<<
 drop role dea02_role_nocat
 
E_US16D5 Table specified no longer exists.
    ( 5-APR-1990 15:00:04)

E_US186B An error occurred while processing the iirole catalog.
    Please contact your system manager.
    ( 5-APR-1990 15:00:04)

>>
* rollback
<<
>>
* \p\g
<<
 rollback
 
>>
* \q
<<
>>
? qasetusertm ingres sql -s SEPPARAMDB3 
<<
>>
* \p\g
<<
/* SQL Startup File */
 
>>
* select dbmsinfo('database')
<<
>>
* \p\g
<<
 select dbmsinfo('database')
 

+--------------------------------+
|col1                            |
+--------------------------------+
|grantdb                         |
+--------------------------------+
(1 row)
>>
* create role dea02_role_notdbdb with nopassword
<<
>>
* \p\g
<<
 create role dea02_role_notdbdb with nopassword
 
E_US18D4 You must be connected to the 'iidbdb' database
    to issue 'CREATE/ALTER/DROP ROLE' statements.
     Ensure your session is connected to the iidbdb database.
    (Tue Nov 16 12:04:55 1993)

>>
* alter role dea02_role_notdbdb with nopassword
<<
>>
* \p\g
<<
 alter role dea02_role_notdbdb with nopassword
 
E_US18D4 You must be connected to the 'iidbdb' database
    to issue 'CREATE/ALTER/DROP ROLE' statements.
     Ensure your session is connected to the iidbdb database.
    (Tue Nov 16 12:04:59 1993)

>>
* drop role dea02_role_notdbdb
<<
>>
* \p\g
<<
 drop role dea02_role_notdbdb
 
E_US18D4 You must be connected to the 'iidbdb' database
    to issue 'CREATE/ALTER/DROP ROLE' statements.
     Ensure your session is connected to the iidbdb database.
    (Tue Nov 16 12:05:01 1993)

>>
* \q
<<
>>
? qasetusertm pvusr1 sql -s SEPPARAMDB3 
<<
>>
* \p\g
<<
/* SQL Startup File */
 
>>
* create table dea02_select (c1 i2, c2 i2) with page_size=8192;
<<
>>
* create table dea02_insert (c1 i2, c2 i2) with page_size=8192;
<<
>>
* create table dea02_delete (c1 i2, c2 i2) with page_size=8192;
<<
>>
* create table dea02_update (c1 i2, c2 i2) with page_size=8192;
<<
>>
* create table dea02_all    (c1 i2, c2 i2) with page_size=8192;
<<
>>
* create table dea02_none   (c1 i2, c2 i2) with page_size=8192;
<<
>>
* \p\g
<<
 create table dea02_select (c1 i2, c2 i2) with page_size=8192;
 create table dea02_insert (c1 i2, c2 i2) with page_size=8192;
 create table dea02_delete (c1 i2, c2 i2) with page_size=8192;
 create table dea02_update (c1 i2, c2 i2) with page_size=8192;
 create table dea02_all    (c1 i2, c2 i2) with page_size=8192;
 create table dea02_none   (c1 i2, c2 i2) with page_size=8192;
 
>>
* insert into dea02_select (c1, c2) values (1, 2);
<<
>>
* insert into dea02_insert (c1, c2) values (1, 2);
<<
>>
* insert into dea02_delete (c1, c2) values (1, 2);
<<
>>
* insert into dea02_update (c1, c2) values (1, 2);
<<
>>
* insert into dea02_all    (c1, c2) values (1, 2);
<<
>>
* insert into dea02_none   (c1, c2) values (1, 2);
<<
>>
* \p\g
<<
 insert into dea02_select (c1, c2) values (1, 2);
 insert into dea02_insert (c1, c2) values (1, 2);
 insert into dea02_delete (c1, c2) values (1, 2);
 insert into dea02_update (c1, c2) values (1, 2);
 insert into dea02_all    (c1, c2) values (1, 2);
 insert into dea02_none   (c1, c2) values (1, 2);
 
(1 row)
(1 row)
(1 row)
(1 row)
(1 row)
(1 row)
>>
* create procedure dea02_p1 as
<<
>>
* begin
<<
>>
* 	message 'dea02_p1 was entered'
<<
>>
* end;
<<
>>
* \p\g
<<
 create procedure dea02_p1 as
 begin
 	message 'dea02_p1 was entered'
 end;
 
>>
* grant select on dea02_select to role
<<
>>
* \p\g
<<
 grant select on dea02_select to role

E_US100D line 1, Syntax error on 'EOF'. The correct syntax is:
    GRANT ALL [PRIVILEGES] | <tbl_priv>(s) ON [TABLE] <obj_spec>(s)
    		TO [<grantee type>] <grantee>(s) [WITH GRANT OPTION] or
    	GRANT ALL [PRIVILEGES] | EXECUTE ON PROCEDURE <obj_spec>(s)
    		TO [<grantee type>] <grantee>(s) [WITH GRANT OPTION] or
    	GRANT ALL [PRIVILEGES] | <ev_priv>(s) ON DBEVENT <obj_spec>(s)
    		TO [<grantee type>] <grantee>(s) [WITH GRANT OPTION] or
    	GRANT ALL [PRIVILEGES] | NEXT ON SEQUENCE <obj_spec>(s)
    		TO [<grantee type>] <grantee>(s) [WITH GRANT OPTION] or
    	GRANT ALL [PRIVILEGES] | <db_priv>(s)
    		ON CURRENT INSTALLATION | DATABASE <database name>(s)
    		TO [<grantee type>] <grantee>(s)
     where
    	 <tbl_priv> ::= SELECT | INSERT | DELETE | UPDATE[<column list>] |
    			REFERENCES[<column list>]
    	 <ev_priv>  ::= REGISTER | RAISE
    	 <grantee type> ::= [USER] | GROUP | ROLE
    	 <grantee> ::= <auth_id> | PUBLIC
    (Fri Jan 17 17:15:46 2003)
>>
* grant select on dea02_select to role 0bad_role
<<
>>
* \p\g
<<
 grant select on dea02_select to role 0bad_role

E_US100D line 1, Syntax error on '0'. The correct syntax is:
    GRANT ALL [PRIVILEGES] | <tbl_priv>(s) ON [TABLE] <obj_spec>(s)
    		TO [<grantee type>] <grantee>(s) [WITH GRANT OPTION] or
    	GRANT ALL [PRIVILEGES] | EXECUTE ON PROCEDURE <obj_spec>(s)
    		TO [<grantee type>] <grantee>(s) [WITH GRANT OPTION] or
    	GRANT ALL [PRIVILEGES] | <ev_priv>(s) ON DBEVENT <obj_spec>(s)
    		TO [<grantee type>] <grantee>(s) [WITH GRANT OPTION] or
    	GRANT ALL [PRIVILEGES] | NEXT ON SEQUENCE <obj_spec>(s)
    		TO [<grantee type>] <grantee>(s) [WITH GRANT OPTION] or
    	GRANT ALL [PRIVILEGES] | <db_priv>(s)
    		ON CURRENT INSTALLATION | DATABASE <database name>(s)
    		TO [<grantee type>] <grantee>(s)
     where
    	 <tbl_priv> ::= SELECT | INSERT | DELETE | UPDATE[<column list>] |
    			REFERENCES[<column list>]
    	 <ev_priv>  ::= REGISTER | RAISE
    	 <grantee type> ::= [USER] | GROUP | ROLE
    	 <grantee> ::= <auth_id> | PUBLIC
    (Fri Jan 17 17:15:46 2003)

>>
* grant select          on dea02_select to role dea02_role1, pvusr2_role;
<<
>>
* grant select          on dea02_select to role dea02_role2, pvusr2_role;
<<
>>
* grant select, insert  
<<
>>
*	on dea02_insert 
<<
>>
*	to role dea02_role1, dea02_role2, pvusr2_role;
<<
>>
* grant select, delete  
<<
>>
*	on dea02_delete 
<<
>>
*	to role dea02_role1, dea02_role2, pvusr2_role;
<<
>>
* grant select, update  
<<
>>
*	on dea02_update 
<<
>>
*	to role dea02_role1, dea02_role2, pvusr2_role;
<<
>>
* grant all privileges  
<<
>>
*	on dea02_all    
<<
>>
*	to role dea02_role1, dea02_role2, pvusr2_role;
<<
>>
* \p\g
<<
 grant select          on dea02_select to role dea02_role1, pvusr2_role;
 grant select          on dea02_select to role dea02_role2, pvusr2_role;
 grant select, insert  on dea02_insert to role dea02_role1, dea02_role2, pvusr2_role-
;
 grant select, delete  on dea02_delete to role dea02_role1, dea02_role2, pvusr2_role-
;
 grant select, update  on dea02_update to role dea02_role1, dea02_role2, pvusr2_role-
;
 grant all privileges  on dea02_all    to role dea02_role1, dea02_role2, pvusr2_role-
;
 
>>
* grant execute 
<<
>>
*	on procedure dea02_p1 
<<
>>
*	to role dea02_role1, dea02_role2, pvusr2_role;
<<
>>
* \p\g
<<
 grant execute on procedure dea02_p1 to role dea02_role1, dea02_role2, pvusr2_role;
 
>>
* help permit dea02_select, dea02_insert, dea02_delete, dea02_update,
<<
>>
* 	    dea02_all,    dea02_none;
<<
>>
* \p\g
<<
 help permit dea02_select, dea02_insert, dea02_delete, dea02_update,
 	    dea02_all,    dea02_none;
 
Permissions on dea02_select are:


Permission 2:
grant select on "pvusr1".dea02_select to role pvusr2_role             

Permission 3:
grant select on "pvusr1".dea02_select to role dea02_role1             

Permission 4:
grant select on "pvusr1".dea02_select to role dea02_role2             


Permissions on dea02_insert are:


Permission 2:
grant   select   on "pvusr1".dea02_insert to role pvusr2_role         

Permission 3:
grant   insert   on "pvusr1".dea02_insert to role pvusr2_role         

Permission 4:
grant   select   on "pvusr1".dea02_insert to role dea02_role2         

Permission 5:
grant   insert   on "pvusr1".dea02_insert to role dea02_role2         

Permission 6:
grant   select   on "pvusr1".dea02_insert to role dea02_role1         

Permission 7:
grant   insert   on "pvusr1".dea02_insert to role dea02_role1         


Permissions on dea02_delete are:


Permission 2:
grant   select   on "pvusr1".dea02_delete to role pvusr2_role         

Permission 3:
grant   delete   on "pvusr1".dea02_delete to role pvusr2_role         

Permission 4:
grant   select   on "pvusr1".dea02_delete to role dea02_role2         

Permission 5:
grant   delete   on "pvusr1".dea02_delete to role dea02_role2         

Permission 6:
grant   select   on "pvusr1".dea02_delete to role dea02_role1         

Permission 7:
grant   delete   on "pvusr1".dea02_delete to role dea02_role1         


Permissions on dea02_update are:


Permission 2:
grant   select   on "pvusr1".dea02_update to role pvusr2_role         

Permission 3:
grant   update   on "pvusr1".dea02_update to role pvusr2_role         

Permission 4:
grant   select   on "pvusr1".dea02_update to role dea02_role2         

Permission 5:
grant   update   on "pvusr1".dea02_update to role dea02_role2         

Permission 6:
grant   select   on "pvusr1".dea02_update to role dea02_role1         

Permission 7:
grant   update   on "pvusr1".dea02_update to role dea02_role1         


Permissions on dea02_all are:


Permission 2:
grant   select   on "pvusr1".dea02_all to role pvusr2_role            

Permission 3:
grant   update   on "pvusr1".dea02_all to role pvusr2_role            

Permission 4:
grant   delete   on "pvusr1".dea02_all to role pvusr2_role            

Permission 5:
grant   insert   on "pvusr1".dea02_all to role pvusr2_role            

Permission 6:
grant references on "pvusr1".dea02_all to role pvusr2_role            

Permission 7:
grant   select   on "pvusr1".dea02_all to role dea02_role2            

Permission 8:
grant   update   on "pvusr1".dea02_all to role dea02_role2            

Permission 9:
grant   delete   on "pvusr1".dea02_all to role dea02_role2            

Permission 10:
grant   insert   on "pvusr1".dea02_all to role dea02_role2            

Permission 11:
grant references on "pvusr1".dea02_all to role dea02_role2            

Permission 12:
grant   select   on "pvusr1".dea02_all to role dea02_role1            

Permission 13:
grant   update   on "pvusr1".dea02_all to role dea02_role1            

Permission 14:
grant   delete   on "pvusr1".dea02_all to role dea02_role1            

Permission 15:
grant   insert   on "pvusr1".dea02_all to role dea02_role1            

Permission 16:
grant references on "pvusr1".dea02_all to role dea02_role1            


Table dea02_none has no permissions granted on it


>>
<<
 help permit dea02_select, dea02_insert, dea02_delete, dea02_update,
 	    dea02_all,    dea02_none;
 
Permissions on dea02_select are:


Permission 2:
grant select on "pvusr1".dea02_select to role pvusr2_role             

Permission 3:
grant select on "pvusr1".dea02_select to role dea02_role1             

Permission 4:
grant select on "pvusr1".dea02_select to role dea02_role2             


Permissions on dea02_insert are:


Permission 2:
grant   select   on "pvusr1".dea02_insert to role pvusr2_role         

Permission 3:
grant   insert   on "pvusr1".dea02_insert to role pvusr2_role         

Permission 4:
grant   select   on "pvusr1".dea02_insert to role dea02_role2         

Permission 5:
grant   insert   on "pvusr1".dea02_insert to role dea02_role2         

Permission 6:
grant   select   on "pvusr1".dea02_insert to role dea02_role1         

Permission 7:
grant   insert   on "pvusr1".dea02_insert to role dea02_role1         


Permissions on dea02_delete are:


Permission 2:
grant   select   on "pvusr1".dea02_delete to role pvusr2_role         

Permission 3:
grant   delete   on "pvusr1".dea02_delete to role pvusr2_role         

Permission 4:
grant   select   on "pvusr1".dea02_delete to role dea02_role2         

Permission 5:
grant   delete   on "pvusr1".dea02_delete to role dea02_role2         

Permission 6:
grant   select   on "pvusr1".dea02_delete to role dea02_role1         

Permission 7:
grant   delete   on "pvusr1".dea02_delete to role dea02_role1         


Permissions on dea02_update are:


Permission 2:
grant   select   on "pvusr1".dea02_update to role pvusr2_role         

Permission 3:
grant   update   on "pvusr1".dea02_update to role pvusr2_role         

Permission 4:
grant   select   on "pvusr1".dea02_update to role dea02_role2         

Permission 5:
grant   update   on "pvusr1".dea02_update to role dea02_role2         

Permission 6:
grant   select   on "pvusr1".dea02_update to role dea02_role1         

Permission 7:
grant   update   on "pvusr1".dea02_update to role dea02_role1         


Permissions on dea02_all are:


Permission 2:
grant   select   on "pvusr1".dea02_all to role pvusr2_role            

Permission 3:
grant   update   on "pvusr1".dea02_all to role pvusr2_role            

Permission 4:
grant   delete   on "pvusr1".dea02_all to role pvusr2_role            

Permission 5:
grant   insert   on "pvusr1".dea02_all to role pvusr2_role            

Permission 6:
grant references on "pvusr1".dea02_all to role pvusr2_role            

Permission 7:
grant  copy_into on "pvusr1".dea02_all to role pvusr2_role            

Permission 8:
grant  copy_from on "pvusr1".dea02_all to role pvusr2_role            

Permission 9:
grant   select   on "pvusr1".dea02_all to role dea02_role2            

Permission 10:
grant   update   on "pvusr1".dea02_all to role dea02_role2            

Permission 11:
grant   delete   on "pvusr1".dea02_all to role dea02_role2            

Permission 12:
grant   insert   on "pvusr1".dea02_all to role dea02_role2            

Permission 13:
grant references on "pvusr1".dea02_all to role dea02_role2            

Permission 14:
grant  copy_into on "pvusr1".dea02_all to role dea02_role2            

Permission 15:
grant  copy_from on "pvusr1".dea02_all to role dea02_role2            

Permission 16:
grant   select   on "pvusr1".dea02_all to role dea02_role1            

Permission 17:
grant   update   on "pvusr1".dea02_all to role dea02_role1            

Permission 18:
grant   delete   on "pvusr1".dea02_all to role dea02_role1            

Permission 19:
grant   insert   on "pvusr1".dea02_all to role dea02_role1            

Permission 20:
grant references on "pvusr1".dea02_all to role dea02_role1            

Permission 21:
grant  copy_into on "pvusr1".dea02_all to role dea02_role1            

Permission 22:
grant  copy_from on "pvusr1".dea02_all to role dea02_role1            


Table dea02_none has no permissions granted on it


>>
* commit
<<
>>
* \p\g
<<
 commit
 
>>
* \q
<<
>>
? qasetusertm pvusr3 sql -s SEPPARAMDB3 
<<
>>
* \p\g
<<
/* SQL Startup File */
 
>>
* select dbmsinfo('username');
<<
>>
* select dbmsinfo('role')
<<
>>
* \p\g
<<
 select dbmsinfo('username');
 select dbmsinfo('role')
 

+--------------------------------+
|col1                            |
+--------------------------------+
|pvusr3                          |
+--------------------------------+
(1 row)

+--------------------------------+
|col1                            |
+--------------------------------+
|                                |
+--------------------------------+
(1 row)
>>
* select * from dea02_select
<<
>>
* \p\g
<<
 select * from dea02_select
 
E_US0DAE SELECT on table dea02_select: no GRANT or GRANT compatible permit
    exists.
    ( 5-APR-1990 15:09:02)

>>
* insert into dea02_select(c1, c2) values (99,100)
<<
>>
* \p\g
<<
 insert into dea02_select(c1, c2) values (99,100)
 
E_US0DAE INSERT on table dea02_select: no GRANT or GRANT compatible permit
    exists.
    ( 5-APR-1990 15:09:06)

>>
* select * from dea02_select
<<
>>
* \p\g
<<
 select * from dea02_select
 
E_US0DAE SELECT on table dea02_select: no GRANT or GRANT compatible permit
    exists.
    ( 5-APR-1990 15:09:11)

>>
* update dea02_select set c2 = 3 where c2 < 100
<<
>>
* \p\g
<<
 update dea02_select set c2 = 3 where c2 < 100
 
E_US0DAE SELECT, UPDATE on table dea02_select: no GRANT or GRANT
    compatible permit exists.
    (Tue Nov 16 12:05:24 1993)

>>
* select * from dea02_select
<<
>>
* \p\g
<<
 select * from dea02_select
 
E_US0DAE SELECT on table dea02_select: no GRANT or GRANT compatible permit
    exists.
    ( 5-APR-1990 15:09:18)

>>
* delete from dea02_select where c2 < 100
<<
>>
* \p\g
<<
 delete from dea02_select where c2 < 100
 
E_US0DAE SELECT, DELETE on table dea02_select: no GRANT or GRANT
    compatible permit exists.
    (Tue Nov 16 12:05:26 1993)

>>
* select * from dea02_select
<<
>>
* \p\g
<<
 select * from dea02_select
 
E_US0DAE SELECT on table dea02_select: no GRANT or GRANT compatible permit
    exists.
    ( 5-APR-1990 15:09:27)

>>
* rollback
<<
>>
* \p\g
<<
 rollback
 
>>
* select * from dea02_insert
<<
>>
* \p\g
<<
 select * from dea02_insert
 
E_US0DAE SELECT on table dea02_insert: no GRANT or GRANT compatible permit
    exists.
    ( 5-APR-1990 15:09:34)

>>
* insert into dea02_insert(c1, c2) values (99,100)
<<
>>
* \p\g
<<
 insert into dea02_insert(c1, c2) values (99,100)
 
E_US0DAE INSERT on table dea02_insert: no GRANT or GRANT compatible permit
    exists.
    ( 5-APR-1990 15:09:38)

>>
* select * from dea02_insert
<<
>>
* \p\g
<<
 select * from dea02_insert
 
E_US0DAE SELECT on table dea02_insert: no GRANT or GRANT compatible permit
    exists.
    ( 5-APR-1990 15:09:42)

>>
* update dea02_insert set c2 = 3 where c2 < 100
<<
>>
* \p\g
<<
 update dea02_insert set c2 = 3 where c2 < 100
 
E_US0DAE SELECT, UPDATE on table dea02_insert: no GRANT or GRANT
    compatible permit exists.
    (Tue Nov 16 12:05:28 1993)

>>
* select * from dea02_insert
<<
>>
* \p\g
<<
 select * from dea02_insert
 
E_US0DAE SELECT on table dea02_insert: no GRANT or GRANT compatible permit
    exists.
    ( 5-APR-1990 15:09:50)

>>
* delete from dea02_insert where c2 < 100
<<
>>
* \p\g
<<
 delete from dea02_insert where c2 < 100
 
E_US0DAE SELECT, DELETE on table dea02_insert: no GRANT or GRANT
    compatible permit exists.
    (Tue Nov 16 12:05:30 1993)

>>
* select * from dea02_insert
<<
>>
* \p\g
<<
 select * from dea02_insert
 
E_US0DAE SELECT on table dea02_insert: no GRANT or GRANT compatible permit
    exists.
    ( 5-APR-1990 15:09:58)

>>
* rollback
<<
>>
* \p\g
<<
 rollback
 
>>
* select * from dea02_update
<<
>>
* \p\g
<<
 select * from dea02_update
 
E_US0DAE SELECT on table dea02_update: no GRANT or GRANT compatible permit
    exists.
    ( 5-APR-1990 15:10:07)

>>
* insert into dea02_update(c1, c2) values (99,100)
<<
>>
* \p\g
<<
 insert into dea02_update(c1, c2) values (99,100)
 
E_US0DAE INSERT on table dea02_update: no GRANT or GRANT compatible permit
    exists.
    ( 5-APR-1990 15:10:12)

>>
* select * from dea02_update
<<
>>
* \p\g
<<
 select * from dea02_update
 
E_US0DAE SELECT on table dea02_update: no GRANT or GRANT compatible permit
    exists.
    ( 5-APR-1990 15:10:16)

>>
* update dea02_update set c2 = 3 where c2 < 100
<<
>>
* \p\g
<<
 update dea02_update set c2 = 3 where c2 < 100
 
E_US0DAE SELECT, UPDATE on table dea02_update: no GRANT or GRANT
    compatible permit exists.
    (Tue Nov 16 12:05:32 1993)

>>
* select * from dea02_update
<<
>>
* \p\g
<<
 select * from dea02_update
 
E_US0DAE SELECT on table dea02_update: no GRANT or GRANT compatible permit
    exists.
    ( 5-APR-1990 15:10:27)

>>
* delete from dea02_update where c2 < 100
<<
>>
* \p\g
<<
 delete from dea02_update where c2 < 100
 
E_US0DAE SELECT, DELETE on table dea02_update: no GRANT or GRANT
    compatible permit exists.
    (Tue Nov 16 12:05:34 1993)

>>
* select * from dea02_update
<<
>>
* \p\g
<<
 select * from dea02_update
 
E_US0DAE SELECT on table dea02_update: no GRANT or GRANT compatible permit
    exists.
    ( 5-APR-1990 15:10:36)

>>
* rollback
<<
>>
* \p\g
<<
 rollback
 
>>
* select * from dea02_delete
<<
>>
* \p\g
<<
 select * from dea02_delete
 
E_US0DAE SELECT on table dea02_delete: no GRANT or GRANT compatible permit
    exists.
    ( 5-APR-1990 15:10:46)

>>
* insert into dea02_delete(c1, c2) values (99,100)
<<
>>
* \p\g
<<
 insert into dea02_delete(c1, c2) values (99,100)
 
E_US0DAE INSERT on table dea02_delete: no GRANT or GRANT compatible permit
    exists.
    ( 5-APR-1990 15:10:50)

>>
* select * from dea02_delete
<<
>>
* \p\g
<<
 select * from dea02_delete
 
E_US0DAE SELECT on table dea02_delete: no GRANT or GRANT compatible permit
    exists.
    ( 5-APR-1990 15:10:55)

>>
* update dea02_delete set c2 = 3 where c2 < 100
<<
>>
* \p\g
<<
 update dea02_delete set c2 = 3 where c2 < 100
 
E_US0DAE SELECT, UPDATE on table dea02_delete: no GRANT or GRANT
    compatible permit exists.
    (Tue Nov 16 12:05:36 1993)

>>
* select * from dea02_delete
<<
>>
* \p\g
<<
 select * from dea02_delete
 
E_US0DAE SELECT on table dea02_delete: no GRANT or GRANT compatible permit
    exists.
    ( 5-APR-1990 15:11:03)

>>
* delete from dea02_delete where c2 < 100
<<
>>
* \p\g
<<
 delete from dea02_delete where c2 < 100
 
E_US0DAE SELECT, DELETE on table dea02_delete: no GRANT or GRANT
    compatible permit exists.
    (Tue Nov 16 12:05:37 1993)

>>
* select * from dea02_delete
<<
>>
* \p\g
<<
 select * from dea02_delete
 
E_US0DAE SELECT on table dea02_delete: no GRANT or GRANT compatible permit
    exists.
    ( 5-APR-1990 15:11:12)

>>
* rollback
<<
>>
* \p\g
<<
 rollback
 
>>
* select * from dea02_all
<<
>>
* \p\g
<<
 select * from dea02_all
 
E_US0DAE SELECT on table dea02_all: no GRANT or GRANT compatible permit
    exists.
    ( 5-APR-1990 15:11:20)

>>
* insert into dea02_all(c1, c2) values (99,100)
<<
>>
* \p\g
<<
 insert into dea02_all(c1, c2) values (99,100)
 
E_US0DAE INSERT on table dea02_all: no GRANT or GRANT compatible permit
    exists.
    ( 5-APR-1990 15:11:24)

>>
* select * from dea02_all
<<
>>
* \p\g
<<
 select * from dea02_all
 
E_US0DAE SELECT on table dea02_all: no GRANT or GRANT compatible permit
    exists.
    ( 5-APR-1990 15:11:27)

>>
* update dea02_all set c2 = 3 where c2 < 100
<<
>>
* \p\g
<<
 update dea02_all set c2 = 3 where c2 < 100
 
E_US0DAE SELECT, UPDATE on table dea02_all: no GRANT or GRANT compatible
    permit exists.
    (Tue Nov 16 12:05:39 1993)

>>
* select * from dea02_all
<<
>>
* \p\g
<<
 select * from dea02_all
 
E_US0DAE SELECT on table dea02_all: no GRANT or GRANT compatible permit
    exists.
    ( 5-APR-1990 15:11:37)

>>
* delete from dea02_all where c2 < 100
<<
>>
* \p\g
<<
 delete from dea02_all where c2 < 100
 
E_US0DAE SELECT, DELETE on table dea02_all: no GRANT or GRANT compatible
    permit exists.
    (Tue Nov 16 12:05:41 1993)

>>
* select * from dea02_all
<<
>>
* \p\g
<<
 select * from dea02_all
 
E_US0DAE SELECT on table dea02_all: no GRANT or GRANT compatible permit
    exists.
    ( 5-APR-1990 15:11:47)

>>
* rollback
<<
>>
* \p\g
<<
 rollback
 
>>
* select * from dea02_none
<<
>>
* \p\g
<<
 select * from dea02_none
 
E_US0DAE SELECT on table dea02_none: no GRANT or GRANT compatible permit
    exists.
    ( 5-APR-1990 15:11:54)

>>
* insert into dea02_none(c1, c2) values (99,100)
<<
>>
* \p\g
<<
 insert into dea02_none(c1, c2) values (99,100)
 
E_US0DAE INSERT on table dea02_none: no GRANT or GRANT compatible permit
    exists.
    ( 5-APR-1990 15:11:58)

>>
* select * from dea02_none
<<
>>
* \p\g
<<
 select * from dea02_none
 
E_US0DAE SELECT on table dea02_none: no GRANT or GRANT compatible permit
    exists.
    ( 5-APR-1990 15:12:02)

>>
* update dea02_none set c2 = 3 where c2 < 100
<<
>>
* \p\g
<<
 update dea02_none set c2 = 3 where c2 < 100
 
E_US0DAE SELECT, UPDATE on table dea02_none: no GRANT or GRANT compatible
    permit exists.
    (Tue Nov 16 12:05:43 1993)

>>
* select * from dea02_none
<<
>>
* \p\g
<<
 select * from dea02_none
 
E_US0DAE SELECT on table dea02_none: no GRANT or GRANT compatible permit
    exists.
    ( 5-APR-1990 15:12:10)

>>
* delete from dea02_none where c2 < 100
<<
>>
* \p\g
<<
 delete from dea02_none where c2 < 100
 
E_US0DAE SELECT, DELETE on table dea02_none: no GRANT or GRANT compatible
    permit exists.
    (Tue Nov 16 12:05:44 1993)

>>
* select * from dea02_none
<<
>>
* \p\g
<<
 select * from dea02_none
 
E_US0DAE SELECT on table dea02_none: no GRANT or GRANT compatible permit
    exists.
    ( 5-APR-1990 15:12:17)

>>
* rollback
<<
>>
* \p\g
<<
 rollback
 
>>
* \q
<<
>>
? qasetusertm pvusr3 sql -s SEPPARAMDB3 "-Rpvusr2_role" 
<<
>>
* \p\g
<<
/* SQL Startup File */
 
>>
* select dbmsinfo('username');
<<
>>
* select dbmsinfo('role')
<<
>>
* \p\g
<<
 select dbmsinfo('username');
 select dbmsinfo('role')
 

+--------------------------------+
|col1                            |
+--------------------------------+
|pvusr3                          |
+--------------------------------+
(1 row)

+--------------------------------+
|col1                            |
+--------------------------------+
|pvusr2_role                   |
+--------------------------------+
(1 row)
>>
* select * from dea02_select
<<
>>
* \p\g
<<
 select * from dea02_select
 

+------+------+
|c1    |c2    |
+------+------+
|     1|     2|
+------+------+
(1 row)
>>
* insert into dea02_select(c1, c2) values (99,100)
<<
>>
* \p\g
<<
 insert into dea02_select(c1, c2) values (99,100)
 
E_US0DAE INSERT on table dea02_select: no GRANT or GRANT compatible permit
    exists.
    ( 5-APR-1990 15:05:43)

>>
* select * from dea02_select
<<
>>
* \p\g
<<
 select * from dea02_select
 

+------+------+
|c1    |c2    |
+------+------+
|     1|     2|
+------+------+
(1 row)
>>
* update dea02_select set c2 = 3 where c2 < 100
<<
>>
* \p\g
<<
 update dea02_select set c2 = 3 where c2 < 100
 
E_US0DAE UPDATE on table dea02_select: no GRANT or GRANT compatible permit
    exists.
    ( 5-APR-1990 15:05:51)

>>
* select * from dea02_select
<<
>>
* \p\g
<<
 select * from dea02_select
 

+------+------+
|c1    |c2    |
+------+------+
|     1|     2|
+------+------+
(1 row)
>>
* delete from dea02_select where c2 < 100
<<
>>
* \p\g
<<
 delete from dea02_select where c2 < 100
 
E_US0DAE DELETE on table dea02_select: no GRANT or GRANT compatible permit
    exists.
    ( 5-APR-1990 15:06:02)

>>
* select * from dea02_select
<<
>>
* \p\g
<<
 select * from dea02_select
 

+------+------+
|c1    |c2    |
+------+------+
|     1|     2|
+------+------+
(1 row)
>>
* rollback
<<
>>
* \p\g
<<
 rollback
 
>>
* select * from dea02_insert
<<
>>
* \p\g
<<
 select * from dea02_insert
 

+------+------+
|c1    |c2    |
+------+------+
|     1|     2|
+------+------+
(1 row)
>>
* insert into dea02_insert(c1, c2) values (99,100)
<<
>>
* \p\g
<<
 insert into dea02_insert(c1, c2) values (99,100)
 
(1 row)
>>
* select * from dea02_insert
<<
>>
* \p\g
<<
 select * from dea02_insert
 

+------+------+
|c1    |c2    |
+------+------+
|     1|     2|
|    99|   100|
+------+------+
(2 rows)
>>
* update dea02_insert set c2 = 3 where c2 < 100
<<
>>
* \p\g
<<
 update dea02_insert set c2 = 3 where c2 < 100
 
E_US0DAE UPDATE on table dea02_insert: no GRANT or GRANT compatible permit
    exists.
    ( 5-APR-1990 15:06:25)

>>
* select * from dea02_insert
<<
>>
* \p\g
<<
 select * from dea02_insert
 

+------+------+
|c1    |c2    |
+------+------+
|     1|     2|
|    99|   100|
+------+------+
(2 rows)
>>
* delete from dea02_insert where c2 < 100
<<
>>
* \p\g
<<
 delete from dea02_insert where c2 < 100
 
E_US0DAE DELETE on table dea02_insert: no GRANT or GRANT compatible permit
    exists.
    ( 5-APR-1990 15:06:32)

>>
* select * from dea02_insert
<<
>>
* \p\g
<<
 select * from dea02_insert
 

+------+------+
|c1    |c2    |
+------+------+
|     1|     2|
|    99|   100|
+------+------+
(2 rows)
>>
* rollback
<<
>>
* \p\g
<<
 rollback
 
>>
* select * from dea02_update
<<
>>
* \p\g
<<
 select * from dea02_update
 

+------+------+
|c1    |c2    |
+------+------+
|     1|     2|
+------+------+
(1 row)
>>
* insert into dea02_update(c1, c2) values (99,100)
<<
>>
* \p\g
<<
 insert into dea02_update(c1, c2) values (99,100)
 
E_US0DAE INSERT on table dea02_update: no GRANT or GRANT compatible permit
    exists.
    ( 5-APR-1990 15:06:49)

>>
* select * from dea02_update
<<
>>
* \p\g
<<
 select * from dea02_update
 

+------+------+
|c1    |c2    |
+------+------+
|     1|     2|
+------+------+
(1 row)
>>
* update dea02_update set c2 = 3 where c2 < 100
<<
>>
* \p\g
<<
 update dea02_update set c2 = 3 where c2 < 100
 
(1 row)
>>
* select * from dea02_update
<<
>>
* \p\g
<<
 select * from dea02_update
 

+------+------+
|c1    |c2    |
+------+------+
|     1|     3|
+------+------+
(1 row)
>>
* delete from dea02_update where c2 < 100
<<
>>
* \p\g
<<
 delete from dea02_update where c2 < 100
 
E_US0DAE DELETE on table dea02_update: no GRANT or GRANT compatible permit
    exists.
    ( 5-APR-1990 15:07:06)

>>
* select * from dea02_update
<<
>>
* \p\g
<<
 select * from dea02_update
 

+------+------+
|c1    |c2    |
+------+------+
|     1|     3|
+------+------+
(1 row)
>>
* rollback
<<
>>
* \p\g
<<
 rollback
 
>>
* select * from dea02_delete
<<
>>
* \p\g
<<
 select * from dea02_delete
 

+------+------+
|c1    |c2    |
+------+------+
|     1|     2|
+------+------+
(1 row)
>>
* insert into dea02_delete(c1, c2) values (99,100)
<<
>>
* \p\g
<<
 insert into dea02_delete(c1, c2) values (99,100)
 
E_US0DAE INSERT on table dea02_delete: no GRANT or GRANT compatible permit
    exists.
    ( 5-APR-1990 15:07:28)

>>
* select * from dea02_delete
<<
>>
* \p\g
<<
 select * from dea02_delete
 

+------+------+
|c1    |c2    |
+------+------+
|     1|     2|
+------+------+
(1 row)
>>
* update dea02_delete set c2 = 3 where c2 < 100
<<
>>
* \p\g
<<
 update dea02_delete set c2 = 3 where c2 < 100
 
E_US0DAE UPDATE on table dea02_delete: no GRANT or GRANT compatible permit
    exists.
    ( 5-APR-1990 15:07:37)

>>
* select * from dea02_delete
<<
>>
* \p\g
<<
 select * from dea02_delete
 

+------+------+
|c1    |c2    |
+------+------+
|     1|     2|
+------+------+
(1 row)
>>
* delete from dea02_delete where c2 < 100
<<
>>
* \p\g
<<
 delete from dea02_delete where c2 < 100
 
(1 row)
>>
* select * from dea02_delete
<<
>>
* \p\g
<<
 select * from dea02_delete
 

+------+------+
|c1    |c2    |
+------+------+
+------+------+
(0 rows)
>>
* rollback
<<
>>
* \p\g
<<
 rollback
 
>>
* select * from dea02_all
<<
>>
* \p\g
<<
 select * from dea02_all
 

+------+------+
|c1    |c2    |
+------+------+
|     1|     2|
+------+------+
(1 row)
>>
* insert into dea02_all(c1, c2) values (99,100)
<<
>>
* \p\g
<<
 insert into dea02_all(c1, c2) values (99,100)
 
(1 row)
>>
* select * from dea02_all
<<
>>
* \p\g
<<
 select * from dea02_all
 

+------+------+
|c1    |c2    |
+------+------+
|     1|     2|
|    99|   100|
+------+------+
(2 rows)
>>
* update dea02_all set c2 = 3 where c2 < 100
<<
>>
* \p\g
<<
 update dea02_all set c2 = 3 where c2 < 100
 
(1 row)
>>
* select * from dea02_all
<<
>>
* \p\g
<<
 select * from dea02_all
 

+------+------+
|c1    |c2    |
+------+------+
|     1|     3|
|    99|   100|
+------+------+
(2 rows)
>>
* delete from dea02_all where c2 < 100
<<
>>
* \p\g
<<
 delete from dea02_all where c2 < 100
 
(1 row)
>>
* select * from dea02_all
<<
>>
* \p\g
<<
 select * from dea02_all
 

+------+------+
|c1    |c2    |
+------+------+
|    99|   100|
+------+------+
(1 row)
>>
* rollback
<<
>>
* \p\g
<<
 rollback
 
>>
* select * from dea02_none
<<
>>
* \p\g
<<
 select * from dea02_none
 
E_US0DAE SELECT on table dea02_none: no GRANT or GRANT compatible permit
    exists.
    ( 5-APR-1990 15:08:16)

>>
* insert into dea02_none(c1, c2) values (99,100)
<<
>>
* \p\g
<<
 insert into dea02_none(c1, c2) values (99,100)
 
E_US0DAE INSERT on table dea02_none: no GRANT or GRANT compatible permit
    exists.
    ( 5-APR-1990 15:08:19)

>>
* select * from dea02_none
<<
>>
* \p\g
<<
 select * from dea02_none
 
E_US0DAE SELECT on table dea02_none: no GRANT or GRANT compatible permit
    exists.
    ( 5-APR-1990 15:08:22)

>>
* update dea02_none set c2 = 3 where c2 < 100
<<
>>
* \p\g
<<
 update dea02_none set c2 = 3 where c2 < 100
 
E_US0DAE SELECT, UPDATE on table dea02_none: no GRANT or GRANT compatible
    permit exists.
    (Tue Nov 16 12:05:55 1993)

>>
* select * from dea02_none
<<
>>
* \p\g
<<
 select * from dea02_none
 
E_US0DAE SELECT on table dea02_none: no GRANT or GRANT compatible permit
    exists.
    ( 5-APR-1990 15:08:29)

>>
* delete from dea02_none where c2 < 100
<<
>>
* \p\g
<<
 delete from dea02_none where c2 < 100
 
E_US0DAE SELECT, DELETE on table dea02_none: no GRANT or GRANT compatible
    permit exists.
    (Tue Nov 16 12:05:57 1993)

>>
* select * from dea02_none
<<
>>
* \p\g
<<
 select * from dea02_none
 
E_US0DAE SELECT on table dea02_none: no GRANT or GRANT compatible permit
    exists.
    ( 5-APR-1990 15:08:36)

>>
* rollback
<<
>>
* \p\g
<<
 rollback
 
>>
* \q
<<
>>
? qasetusertm pvusr3 sql -s SEPPARAMDB3 "-Rpvusr3_role" 
<<
>>
* \p\g
<<
/* SQL Startup File */
 
>>
* select dbmsinfo('username');
<<
>>
* select dbmsinfo('role')
<<
>>
* \p\g
<<
 select dbmsinfo('username');
 select dbmsinfo('role')
 

+--------------------------------+
|col1                            |
+--------------------------------+
|pvusr3                          |
+--------------------------------+
(1 row)

+--------------------------------+
|col1                            |
+--------------------------------+
|pvusr3_role                   |
+--------------------------------+
(1 row)
>>
* select * from dea02_select
<<
>>
* \p\g
<<
 select * from dea02_select
 
E_US0DAE SELECT on table dea02_select: no GRANT or GRANT compatible permit
    exists.
    ( 5-APR-1990 15:09:02)

>>
* insert into dea02_select(c1, c2) values (99,100)
<<
>>
* \p\g
<<
 insert into dea02_select(c1, c2) values (99,100)
 
E_US0DAE INSERT on table dea02_select: no GRANT or GRANT compatible permit
    exists.
    ( 5-APR-1990 15:09:06)

>>
* select * from dea02_select
<<
>>
* \p\g
<<
 select * from dea02_select
 
E_US0DAE SELECT on table dea02_select: no GRANT or GRANT compatible permit
    exists.
    ( 5-APR-1990 15:09:11)

>>
* update dea02_select set c2 = 3 where c2 < 100
<<
>>
* \p\g
<<
 update dea02_select set c2 = 3 where c2 < 100
 
E_US0DAE SELECT, UPDATE on table dea02_select: no GRANT or GRANT
    compatible permit exists.
    (Tue Nov 16 12:06:01 1993)

>>
* select * from dea02_select
<<
>>
* \p\g
<<
 select * from dea02_select
 
E_US0DAE SELECT on table dea02_select: no GRANT or GRANT compatible permit
    exists.
    ( 5-APR-1990 15:09:18)

>>
* delete from dea02_select where c2 < 100
<<
>>
* \p\g
<<
 delete from dea02_select where c2 < 100
 
E_US0DAE SELECT, DELETE on table dea02_select: no GRANT or GRANT
    compatible permit exists.
    (Tue Nov 16 12:06:03 1993)

>>
* select * from dea02_select
<<
>>
* \p\g
<<
 select * from dea02_select
 
E_US0DAE SELECT on table dea02_select: no GRANT or GRANT compatible permit
    exists.
    ( 5-APR-1990 15:09:27)

>>
* rollback
<<
>>
* \p\g
<<
 rollback
 
>>
* select * from dea02_insert
<<
>>
* \p\g
<<
 select * from dea02_insert
 
E_US0DAE SELECT on table dea02_insert: no GRANT or GRANT compatible permit
    exists.
    ( 5-APR-1990 15:09:34)

>>
* insert into dea02_insert(c1, c2) values (99,100)
<<
>>
* \p\g
<<
 insert into dea02_insert(c1, c2) values (99,100)
 
E_US0DAE INSERT on table dea02_insert: no GRANT or GRANT compatible permit
    exists.
    ( 5-APR-1990 15:09:38)

>>
* select * from dea02_insert
<<
>>
* \p\g
<<
 select * from dea02_insert
 
E_US0DAE SELECT on table dea02_insert: no GRANT or GRANT compatible permit
    exists.
    ( 5-APR-1990 15:09:42)

>>
* update dea02_insert set c2 = 3 where c2 < 100
<<
>>
* \p\g
<<
 update dea02_insert set c2 = 3 where c2 < 100
 
E_US0DAE SELECT, UPDATE on table dea02_insert: no GRANT or GRANT
    compatible permit exists.
    (Tue Nov 16 12:06:05 1993)

>>
* select * from dea02_insert
<<
>>
* \p\g
<<
 select * from dea02_insert
 
E_US0DAE SELECT on table dea02_insert: no GRANT or GRANT compatible permit
    exists.
    ( 5-APR-1990 15:09:50)

>>
* delete from dea02_insert where c2 < 100
<<
>>
* \p\g
<<
 delete from dea02_insert where c2 < 100
 
E_US0DAE SELECT, DELETE on table dea02_insert: no GRANT or GRANT
    compatible permit exists.
    (Tue Nov 16 12:06:07 1993)

>>
* select * from dea02_insert
<<
>>
* \p\g
<<
 select * from dea02_insert
 
E_US0DAE SELECT on table dea02_insert: no GRANT or GRANT compatible permit
    exists.
    ( 5-APR-1990 15:09:58)

>>
* rollback
<<
>>
* \p\g
<<
 rollback
 
>>
* select * from dea02_update
<<
>>
* \p\g
<<
 select * from dea02_update
 
E_US0DAE SELECT on table dea02_update: no GRANT or GRANT compatible permit
    exists.
    ( 5-APR-1990 15:10:07)

>>
* insert into dea02_update(c1, c2) values (99,100)
<<
>>
* \p\g
<<
 insert into dea02_update(c1, c2) values (99,100)
 
E_US0DAE INSERT on table dea02_update: no GRANT or GRANT compatible permit
    exists.
    ( 5-APR-1990 15:10:12)

>>
* select * from dea02_update
<<
>>
* \p\g
<<
 select * from dea02_update
 
E_US0DAE SELECT on table dea02_update: no GRANT or GRANT compatible permit
    exists.
    ( 5-APR-1990 15:10:16)

>>
* update dea02_update set c2 = 3 where c2 < 100
<<
>>
* \p\g
<<
 update dea02_update set c2 = 3 where c2 < 100
 
E_US0DAE SELECT, UPDATE on table dea02_update: no GRANT or GRANT
    compatible permit exists.
    (Tue Nov 16 12:06:09 1993)

>>
* select * from dea02_update
<<
>>
* \p\g
<<
 select * from dea02_update
 
E_US0DAE SELECT on table dea02_update: no GRANT or GRANT compatible permit
    exists.
    ( 5-APR-1990 15:10:27)

>>
* delete from dea02_update where c2 < 100
<<
>>
* \p\g
<<
 delete from dea02_update where c2 < 100
 
E_US0DAE SELECT, DELETE on table dea02_update: no GRANT or GRANT
    compatible permit exists.
    (Tue Nov 16 12:06:10 1993)

>>
* select * from dea02_update
<<
>>
* \p\g
<<
 select * from dea02_update
 
E_US0DAE SELECT on table dea02_update: no GRANT or GRANT compatible permit
    exists.
    ( 5-APR-1990 15:10:36)

>>
* rollback
<<
>>
* \p\g
<<
 rollback
 
>>
* select * from dea02_delete
<<
>>
* \p\g
<<
 select * from dea02_delete
 
E_US0DAE SELECT on table dea02_delete: no GRANT or GRANT compatible permit
    exists.
    ( 5-APR-1990 15:10:46)

>>
* insert into dea02_delete(c1, c2) values (99,100)
<<
>>
* \p\g
<<
 insert into dea02_delete(c1, c2) values (99,100)
 
E_US0DAE INSERT on table dea02_delete: no GRANT or GRANT compatible permit
    exists.
    ( 5-APR-1990 15:10:50)

>>
* select * from dea02_delete
<<
>>
* \p\g
<<
 select * from dea02_delete
 
E_US0DAE SELECT on table dea02_delete: no GRANT or GRANT compatible permit
    exists.
    ( 5-APR-1990 15:10:55)

>>
* update dea02_delete set c2 = 3 where c2 < 100
<<
>>
* \p\g
<<
 update dea02_delete set c2 = 3 where c2 < 100
 
E_US0DAE SELECT, UPDATE on table dea02_delete: no GRANT or GRANT
    compatible permit exists.
    (Tue Nov 16 12:06:13 1993)

>>
* select * from dea02_delete
<<
>>
* \p\g
<<
 select * from dea02_delete
 
E_US0DAE SELECT on table dea02_delete: no GRANT or GRANT compatible permit
    exists.
    ( 5-APR-1990 15:11:03)

>>
* delete from dea02_delete where c2 < 100
<<
>>
* \p\g
<<
 delete from dea02_delete where c2 < 100
 
E_US0DAE SELECT, DELETE on table dea02_delete: no GRANT or GRANT
    compatible permit exists.
    (Tue Nov 16 12:06:14 1993)

>>
* select * from dea02_delete
<<
>>
* \p\g
<<
 select * from dea02_delete
 
E_US0DAE SELECT on table dea02_delete: no GRANT or GRANT compatible permit
    exists.
    ( 5-APR-1990 15:11:12)

>>
* rollback
<<
>>
* \p\g
<<
 rollback
 
>>
* select * from dea02_all
<<
>>
* \p\g
<<
 select * from dea02_all
 
E_US0DAE SELECT on table dea02_all: no GRANT or GRANT compatible permit
    exists.
    ( 5-APR-1990 15:11:20)

>>
* insert into dea02_all(c1, c2) values (99,100)
<<
>>
* \p\g
<<
 insert into dea02_all(c1, c2) values (99,100)
 
E_US0DAE INSERT on table dea02_all: no GRANT or GRANT compatible permit
    exists.
    ( 5-APR-1990 15:11:24)

>>
* select * from dea02_all
<<
>>
* \p\g
<<
 select * from dea02_all
 
E_US0DAE SELECT on table dea02_all: no GRANT or GRANT compatible permit
    exists.
    ( 5-APR-1990 15:11:27)

>>
* update dea02_all set c2 = 3 where c2 < 100
<<
>>
* \p\g
<<
 update dea02_all set c2 = 3 where c2 < 100
 
E_US0DAE SELECT, UPDATE on table dea02_all: no GRANT or GRANT compatible
    permit exists.
    (Tue Nov 16 12:06:17 1993)

>>
* select * from dea02_all
<<
>>
* \p\g
<<
 select * from dea02_all
 
E_US0DAE SELECT on table dea02_all: no GRANT or GRANT compatible permit
    exists.
    ( 5-APR-1990 15:11:37)

>>
* delete from dea02_all where c2 < 100
<<
>>
* \p\g
<<
 delete from dea02_all where c2 < 100
 
E_US0DAE SELECT, DELETE on table dea02_all: no GRANT or GRANT compatible
    permit exists.
    (Tue Nov 16 12:06:19 1993)

>>
* select * from dea02_all
<<
>>
* \p\g
<<
 select * from dea02_all
 
E_US0DAE SELECT on table dea02_all: no GRANT or GRANT compatible permit
    exists.
    ( 5-APR-1990 15:11:47)

>>
* rollback
<<
>>
* \p\g
<<
 rollback
 
>>
* select * from dea02_none
<<
>>
* \p\g
<<
 select * from dea02_none
 
E_US0DAE SELECT on table dea02_none: no GRANT or GRANT compatible permit
    exists.
    ( 5-APR-1990 15:11:54)

>>
* insert into dea02_none(c1, c2) values (99,100)
<<
>>
* \p\g
<<
 insert into dea02_none(c1, c2) values (99,100)
 
E_US0DAE INSERT on table dea02_none: no GRANT or GRANT compatible permit
    exists.
    ( 5-APR-1990 15:11:58)

>>
* select * from dea02_none
<<
>>
* \p\g
<<
 select * from dea02_none
 
E_US0DAE SELECT on table dea02_none: no GRANT or GRANT compatible permit
    exists.
    ( 5-APR-1990 15:12:02)

>>
* update dea02_none set c2 = 3 where c2 < 100
<<
>>
* \p\g
<<
 update dea02_none set c2 = 3 where c2 < 100
 
E_US0DAE SELECT, UPDATE on table dea02_none: no GRANT or GRANT compatible
    permit exists.
    (Tue Nov 16 12:06:21 1993)

>>
* select * from dea02_none
<<
>>
* \p\g
<<
 select * from dea02_none
 
E_US0DAE SELECT on table dea02_none: no GRANT or GRANT compatible permit
    exists.
    ( 5-APR-1990 15:12:10)

>>
* delete from dea02_none where c2 < 100
<<
>>
* \p\g
<<
 delete from dea02_none where c2 < 100
 
E_US0DAE SELECT, DELETE on table dea02_none: no GRANT or GRANT compatible
    permit exists.
    (Tue Nov 16 12:06:23 1993)

>>
* select * from dea02_none
<<
>>
* \p\g
<<
 select * from dea02_none
 
E_US0DAE SELECT on table dea02_none: no GRANT or GRANT compatible permit
    exists.
    ( 5-APR-1990 15:12:17)

>>
* rollback
<<
>>
* \p\g
<<
 rollback
 
>>
* \q
<<
>>
? qasetusertm pvusr1 sql -s SEPPARAMDB3 
<<
>>
* \p\g
<<
/* SQL Startup File */
 
>>
* drop table dea02_select, dea02_insert, dea02_delete, dea02_update,
<<
>>
* 	   dea02_all,    dea02_none;\p\g
<<
 drop table dea02_select, dea02_insert, dea02_delete, dea02_update,
 	   dea02_all,    dea02_none;
>>
* drop procedure dea02_p1;\p\g
<<
 drop procedure dea02_p1;
>>
* \q
<<
>>
? qasetusertm ingres sql -s iidbdb "+Y" 
<<
>>
* \p\g
<<
/* SQL Startup File */
 
>>
* select roleid from iirole where roleid like 'dea02%' order by roleid;\p\g
<<
 select roleid from iirole where roleid like 'dea02%' order by roleid;

+------------------------+
|roleid                  |
+------------------------+
|dea02_role1             |
|dea02_role2             |
+------------------------+
(2 rows)
>>
* select rgr_rolename from iirolegrant where rgr_rolename like 'dea02%' order by rgr-
_rolename;\p\g
<<
 select rgr_rolename from iirolegrant where rgr_rolename like 'dea02%' order by rgr_-
rolename;

+--------------------------------+
|rgr_rolename                    |
+--------------------------------+
|dea02_role1                     |
|dea02_role2                     |
+--------------------------------+
(2 rows)
>>
* select * from iiuser where name like 'dea02%' order by name;\p\g
<<
 select * from iiuser where name like 'dea02%' order by name;

+--------------------------------+------+------+-------------+-----------------------
----------+------------------------+--------+--------------------------------+-------
-------+-------------------------+-------------+-------------+
|name                            |gid   |mid   |status       |default_group         -
          |password                |reserve |profile_name                    |defaul-
t_priv |expire_date              |flags_mask   |user_priv    |
+--------------------------------+------+------+-------------+-----------------------
----------+------------------------+--------+--------------------------------+-------
-------+-------------------------+-------------+-------------+
|dea02_notauth                   |     0|     0|            0|                      -
          |                        |        |                                |      -
      0|                         |            0|            0|
|dea02_super                     |     0|     0|        32785|                      -
          |                        |        |                                |      -
      0|                         |            0|            0|
|dea02_syscat                    |     0|     0|           21|                      -
          |                        |        |                                |      -
      0|                         |            0|            0|
+--------------------------------+------+------+-------------+-----------------------
----------+------------------------+--------+--------------------------------+-------
-------+-------------------------+-------------+-------------+
(3 rows)
>>
* select * from iidbpriv where grantee like 'dea02%' order by grantee;\p\g
<<
 select * from iidbpriv where grantee like 'dea02%' order by grantee;

+--------------------------------+--------------------------------+------+------+----
----------+-------------+-------------+-------------+-------------+-------------+----
----------+-------------+-------------+-------------+--------------------------------
-+
|dbname                          |grantee                         |gtype |dbflag|con-
trol      |flags        |qrow_limit   |qdio_limit   |qcpu_limit   |qpage_limit  |qco-
st_limit  |idle_time_lim|connect_time_|priority_limi|reserve                        -
 |
+--------------------------------+--------------------------------+------+------+----
----------+-------------+-------------+-------------+-------------+-------------+----
----------+-------------+-------------+-------------+--------------------------------
-+
+--------------------------------+--------------------------------+------+------+----
----------+-------------+-------------+-------------+-------------+-------------+----
----------+-------------+-------------+-------------+--------------------------------
-+
(0 rows)
>>
* delete from iirole where roleid like 'dea02%';\p\g
<<
 delete from iirole where roleid like 'dea02%';
(2 rows)
>>
* delete from iirolegrant where rgr_rolename like 'dea02%';\p\g
<<
 delete from iirolegrant where rgr_rolename like 'dea02%';
(2 rows)
>>
* delete from iiuser where name like 'dea02%';\p\g
<<
 delete from iiuser where name like 'dea02%';
(3 rows)
>>
* delete from iidbpriv where grantee like 'dea02%';\p\g
<<
 delete from iidbpriv where grantee like 'dea02%';
(0 rows)
>>
* select roleid from iirole where roleid like 'dea02%' order by roleid;\p\g
<<
 select roleid from iirole where roleid like 'dea02%' order by roleid;

+------------------------+
|roleid                  |
+------------------------+
+------------------------+
(0 rows)
>>
* select rgr_rolename from iirolegrant where rgr_rolename like 'dea02%' order by rgr-
_rolename;\p\g
<<
 select rgr_rolename from iirolegrant where rgr_rolename like 'dea02%' order by rgr_-
rolename;

+--------------------------------+
|rgr_rolename                    |
+--------------------------------+
+--------------------------------+
(0 rows)
>>
* select * from iiuser where name like 'dea02%' order by name;\p\g
<<
 select * from iiuser where name like 'dea02%' order by name;

+--------------------------------+------+------+-------------+-----------------------
----------+------------------------+--------+--------------------------------+-------
-------+-------------------------+-------------+-------------+
|name                            |gid   |mid   |status       |default_group         -
          |password                |reserve |profile_name                    |defaul-
t_priv |expire_date              |flags_mask   |user_priv    |
+--------------------------------+------+------+-------------+-----------------------
----------+------------------------+--------+--------------------------------+-------
-------+-------------------------+-------------+-------------+
+--------------------------------+------+------+-------------+-----------------------
----------+------------------------+--------+--------------------------------+-------
-------+-------------------------+-------------+-------------+
(0 rows)
>>
* select * from iidbpriv where grantee like 'dea02%' order by grantee;\p\g
<<
 select * from iidbpriv where grantee like 'dea02%' order by grantee;

+--------------------------------+--------------------------------+------+------+----
----------+-------------+-------------+-------------+-------------+-------------+----
----------+-------------+-------------+-------------+--------------------------------
-+
|dbname                          |grantee                         |gtype |dbflag|con-
trol      |flags        |qrow_limit   |qdio_limit   |qcpu_limit   |qpage_limit  |qco-
st_limit  |idle_time_lim|connect_time_|priority_limi|reserve                        -
 |
+--------------------------------+--------------------------------+------+------+----
----------+-------------+-------------+-------------+-------------+-------------+----
----------+-------------+-------------+-------------+--------------------------------
-+
+--------------------------------+--------------------------------+------+------+----
----------+-------------+-------------+-------------+-------------+-------------+----
----------+-------------+-------------+-------------+--------------------------------
-+
(0 rows)
>>
* \q
<<
>>


Ending at: Thu Jul 22 18:09:24 2004
