/*
	Test Name    : cca02.sep  (former fe003.sep)
	Time         : 29-JUN-1989 14:24:49
	User Name    : testenv      
 
	Test ID      : cca02
	Module       : 
	Filename     : cca02.sep
	Purpose	     : Test of the various queries in the 'mappings' document
			Bug 56826
	Input Files  : cca02a.dat, cca02b.dat, cca02c.dat
	Output Files :
	Database     : SEPPARAMDB
	Tables       : s, p, sp
	Synopsis     : simple select statements including a variety of
			error-garnering commands

	History	: xx-xxx-1989	Created				Author
		11-12-93	Camacho	- Added bug number to test. This test 
			causes regression bug 56826.
          20-Jan-1994	(camacho) Edited the test and accepted canon for
		a change in syntax for OpenIngres 1.0. The 'AS' in
		select col1 as col2 ... is now optional because of
		sql92.

          12-Feb-1999	(kamra01)
			added alternate canon to eliminate dif in sequence order
          19-Mar-1999	(madsu02) added alternate canon for error messages.
			Diff in error msgs are legitimate because of the sort
			change made in Ingres II 2.5. 
	  24-Mar-1999   (kamra01)modified VPG_SZ to 4096  
          19-Apr-2000	(vande02) Replacing canon for select with an "order by
			dummy+50" clause which is now acceptable syntax due to
			code changes in II 2.5.  See StarTrack Issue #8703036.
       4-Oct-2001   (devjo01)
	      Change canons to reflect lifting of keyword restrictions.

*/
? fill cca02b.dat 
!!
p1	nut	red	12	london
p2	bolt	green	17	paris
p3	screw	blue	17	rome
p4	screw	red	14	london
p5	cam	blue	12	paris
p6	cog	red	19	london
!!
? fill cca02a.dat 
!!
s1	smith	20	london
s2	jones	10	paris
s3	blake	30	paris
s4	clark	20	london
s5	adams	30	athens
!!
? fill cca02c.dat 
!!
s1	p1	300
s1	p2	200
s1	p3	400
s1	p4	200
s1	p5	100
s1	p6	100
s2	p1	300
s2	p2	400
s3	p2	200
s4	p2	200
s4	p4	300
s4	p5	400
!!
? sql -s SEPPARAMDB 
<<
>>
* drop p, s, sp\g 
<<
~
>>
* create table p (pno vchar(2), pname vchar(10), 
<<
>>
*	color vchar(6), weight integer2, city vchar(10)) with page_size=4096\g 
<<
>>
* create table s (sno vchar(2),sname vchar(6),status integer2, 
<<
>>
*	city vchar(10)) with page_size=4096\g
<<
>>
* create table sp (sno vchar(2), pno vchar(2), qty integer2) with page_size=4096\g 
<<
>>
* copy table p (pno=vchar(0)tab, pname=vchar(0)tab, color=vchar(0)tab, 
<<
>>
*	weight=vchar(0)tab, city=vchar(0)nl) 
<<
>>
*	from 'cca02b.dat'\g 
<<
(6 rows)
>>
* copy table s (sno=vchar(0), sname=vchar(0)tab, status=vchar(0)tab, 
<<
>>
*	city=vchar(0)nl) 
<<
>>
*	from 'cca02a.dat'\g 
<<
(5 rows)
>>
* copy table sp (sno = vchar(0)tab, pno=vchar(0)tab, qty=vchar(0)nl) 
<<
>>
*	from 'cca02c.dat'\g 
<<
(12 rows)
>>
* select * from s order by sno;\g 
<<
+------+------+------+----------+
|sno   |sname |status|city      |
+------+------+------+----------+
|s1    |smith |    20|london    |
|s2    |jones |    10|paris     |
|s3    |blake |    30|paris     |
|s4    |clark |    20|london    |
|s5    |adams |    30|athens    |
+------+------+------+----------+
(5 rows)
>>
* select s.sno, p.pno from s,p order by sno,pno\g 
<<
+------+------+
|sno   |pno   |
+------+------+
|s1    |p1    |
|s1    |p2    |
|s1    |p3    |
|s1    |p4    |
|s1    |p5    |
|s1    |p6    |
|s2    |p1    |
|s2    |p2    |
|s2    |p3    |
|s2    |p4    |
|s2    |p5    |
|s2    |p6    |
|s3    |p1    |
|s3    |p2    |
|s3    |p3    |
|s3    |p4    |
|s3    |p5    |
|s3    |p6    |
|s4    |p1    |
|s4    |p2    |
|s4    |p3    |
|s4    |p4    |
|s4    |p5    |
|s4    |p6    |
|s5    |p1    |
|s5    |p2    |
|s5    |p3    |
|s5    |p4    |
|s5    |p5    |
|s5    |p6    |
+------+------+
(30 rows)
>>
* select s.*, p.* from s,p; select sup.*, parts.* from s sup, p parts\g 
<<

+------+------+------+----------+------+----------+------+------+----------+
|sno   |sname |status|city      |pno   |pname     |color |weight|city      |
+------+------+------+----------+------+----------+------+------+----------+
|s1    |smith |    20|london    |p1    |nut       |red   |    12|london    |
|s1    |smith |    20|london    |p2    |bolt      |green |    17|paris     |
|s1    |smith |    20|london    |p3    |screw     |blue  |    17|rome      |
|s1    |smith |    20|london    |p4    |screw     |red   |    14|london    |
|s1    |smith |    20|london    |p5    |cam       |blue  |    12|paris     |
|s1    |smith |    20|london    |p6    |cog       |red   |    19|london    |
|s2    |jones |    10|paris     |p1    |nut       |red   |    12|london    |
|s2    |jones |    10|paris     |p2    |bolt      |green |    17|paris     |
|s2    |jones |    10|paris     |p3    |screw     |blue  |    17|rome      |
|s2    |jones |    10|paris     |p4    |screw     |red   |    14|london    |
|s2    |jones |    10|paris     |p5    |cam       |blue  |    12|paris     |
|s2    |jones |    10|paris     |p6    |cog       |red   |    19|london    |
|s3    |blake |    30|paris     |p1    |nut       |red   |    12|london    |
|s3    |blake |    30|paris     |p2    |bolt      |green |    17|paris     |
|s3    |blake |    30|paris     |p3    |screw     |blue  |    17|rome      |
|s3    |blake |    30|paris     |p4    |screw     |red   |    14|london    |
|s3    |blake |    30|paris     |p5    |cam       |blue  |    12|paris     |
|s3    |blake |    30|paris     |p6    |cog       |red   |    19|london    |
|s4    |clark |    20|london    |p1    |nut       |red   |    12|london    |
|s4    |clark |    20|london    |p2    |bolt      |green |    17|paris     |
|s4    |clark |    20|london    |p3    |screw     |blue  |    17|rome      |
|s4    |clark |    20|london    |p4    |screw     |red   |    14|london    |
|s4    |clark |    20|london    |p5    |cam       |blue  |    12|paris     |
|s4    |clark |    20|london    |p6    |cog       |red   |    19|london    |
|s5    |adams |    30|athens    |p1    |nut       |red   |    12|london    |
|s5    |adams |    30|athens    |p2    |bolt      |green |    17|paris     |
|s5    |adams |    30|athens    |p3    |screw     |blue  |    17|rome      |
|s5    |adams |    30|athens    |p4    |screw     |red   |    14|london    |
|s5    |adams |    30|athens    |p5    |cam       |blue  |    12|paris     |
|s5    |adams |    30|athens    |p6    |cog       |red   |    19|london    |
+------+------+------+----------+------+----------+------+------+----------+
(30 rows)

+------+------+------+----------+------+----------+------+------+----------+
|sno   |sname |status|city      |pno   |pname     |color |weight|city      |
+------+------+------+----------+------+----------+------+------+----------+
|s1    |smith |    20|london    |p1    |nut       |red   |    12|london    |
|s1    |smith |    20|london    |p2    |bolt      |green |    17|paris     |
|s1    |smith |    20|london    |p3    |screw     |blue  |    17|rome      |
|s1    |smith |    20|london    |p4    |screw     |red   |    14|london    |
|s1    |smith |    20|london    |p5    |cam       |blue  |    12|paris     |
|s1    |smith |    20|london    |p6    |cog       |red   |    19|london    |
|s2    |jones |    10|paris     |p1    |nut       |red   |    12|london    |
|s2    |jones |    10|paris     |p2    |bolt      |green |    17|paris     |
|s2    |jones |    10|paris     |p3    |screw     |blue  |    17|rome      |
|s2    |jones |    10|paris     |p4    |screw     |red   |    14|london    |
|s2    |jones |    10|paris     |p5    |cam       |blue  |    12|paris     |
|s2    |jones |    10|paris     |p6    |cog       |red   |    19|london    |
|s3    |blake |    30|paris     |p1    |nut       |red   |    12|london    |
|s3    |blake |    30|paris     |p2    |bolt      |green |    17|paris     |
|s3    |blake |    30|paris     |p3    |screw     |blue  |    17|rome      |
|s3    |blake |    30|paris     |p4    |screw     |red   |    14|london    |
|s3    |blake |    30|paris     |p5    |cam       |blue  |    12|paris     |
|s3    |blake |    30|paris     |p6    |cog       |red   |    19|london    |
|s4    |clark |    20|london    |p1    |nut       |red   |    12|london    |
|s4    |clark |    20|london    |p2    |bolt      |green |    17|paris     |
|s4    |clark |    20|london    |p3    |screw     |blue  |    17|rome      |
|s4    |clark |    20|london    |p4    |screw     |red   |    14|london    |
|s4    |clark |    20|london    |p5    |cam       |blue  |    12|paris     |
|s4    |clark |    20|london    |p6    |cog       |red   |    19|london    |
|s5    |adams |    30|athens    |p1    |nut       |red   |    12|london    |
|s5    |adams |    30|athens    |p2    |bolt      |green |    17|paris     |
|s5    |adams |    30|athens    |p3    |screw     |blue  |    17|rome      |
|s5    |adams |    30|athens    |p4    |screw     |red   |    14|london    |
|s5    |adams |    30|athens    |p5    |cam       |blue  |    12|paris     |
|s5    |adams |    30|athens    |p6    |cog       |red   |    19|london    |
+------+------+------+----------+------+----------+------+------+----------+
(30 rows)
>>
<<

+------+------+------+----------+------+----------+------+------+----------+
|sno   |sname |status|city      |pno   |pname     |color |weight|city      |
+------+------+------+----------+------+----------+------+------+----------+
|s1    |smith |    20|london    |p1    |nut       |red   |    12|london    |
|s2    |jones |    10|paris     |p1    |nut       |red   |    12|london    |
|s3    |blake |    30|paris     |p1    |nut       |red   |    12|london    |
|s4    |clark |    20|london    |p1    |nut       |red   |    12|london    |
|s5    |adams |    30|athens    |p1    |nut       |red   |    12|london    |
|s1    |smith |    20|london    |p2    |bolt      |green |    17|paris     |
|s2    |jones |    10|paris     |p2    |bolt      |green |    17|paris     |
|s3    |blake |    30|paris     |p2    |bolt      |green |    17|paris     |
|s4    |clark |    20|london    |p2    |bolt      |green |    17|paris     |
|s5    |adams |    30|athens    |p2    |bolt      |green |    17|paris     |
|s1    |smith |    20|london    |p3    |screw     |blue  |    17|rome      |
|s2    |jones |    10|paris     |p3    |screw     |blue  |    17|rome      |
|s3    |blake |    30|paris     |p3    |screw     |blue  |    17|rome      |
|s4    |clark |    20|london    |p3    |screw     |blue  |    17|rome      |
|s5    |adams |    30|athens    |p3    |screw     |blue  |    17|rome      |
|s1    |smith |    20|london    |p4    |screw     |red   |    14|london    |
|s2    |jones |    10|paris     |p4    |screw     |red   |    14|london    |
|s3    |blake |    30|paris     |p4    |screw     |red   |    14|london    |
|s4    |clark |    20|london    |p4    |screw     |red   |    14|london    |
|s5    |adams |    30|athens    |p4    |screw     |red   |    14|london    |
|s1    |smith |    20|london    |p5    |cam       |blue  |    12|paris     |
|s2    |jones |    10|paris     |p5    |cam       |blue  |    12|paris     |
|s3    |blake |    30|paris     |p5    |cam       |blue  |    12|paris     |
|s4    |clark |    20|london    |p5    |cam       |blue  |    12|paris     |
|s5    |adams |    30|athens    |p5    |cam       |blue  |    12|paris     |
|s1    |smith |    20|london    |p6    |cog       |red   |    19|london    |
|s2    |jones |    10|paris     |p6    |cog       |red   |    19|london    |
|s3    |blake |    30|paris     |p6    |cog       |red   |    19|london    |
|s4    |clark |    20|london    |p6    |cog       |red   |    19|london    |
|s5    |adams |    30|athens    |p6    |cog       |red   |    19|london    |
+------+------+------+----------+------+----------+------+------+----------+
(30 rows)

+------+------+------+----------+------+----------+------+------+----------+
|sno   |sname |status|city      |pno   |pname     |color |weight|city      |
+------+------+------+----------+------+----------+------+------+----------+
|s1    |smith |    20|london    |p1    |nut       |red   |    12|london    |
|s2    |jones |    10|paris     |p1    |nut       |red   |    12|london    |
|s3    |blake |    30|paris     |p1    |nut       |red   |    12|london    |
|s4    |clark |    20|london    |p1    |nut       |red   |    12|london    |
|s5    |adams |    30|athens    |p1    |nut       |red   |    12|london    |
|s1    |smith |    20|london    |p2    |bolt      |green |    17|paris     |
|s2    |jones |    10|paris     |p2    |bolt      |green |    17|paris     |
|s3    |blake |    30|paris     |p2    |bolt      |green |    17|paris     |
|s4    |clark |    20|london    |p2    |bolt      |green |    17|paris     |
|s5    |adams |    30|athens    |p2    |bolt      |green |    17|paris     |
|s1    |smith |    20|london    |p3    |screw     |blue  |    17|rome      |
|s2    |jones |    10|paris     |p3    |screw     |blue  |    17|rome      |
|s3    |blake |    30|paris     |p3    |screw     |blue  |    17|rome      |
|s4    |clark |    20|london    |p3    |screw     |blue  |    17|rome      |
|s5    |adams |    30|athens    |p3    |screw     |blue  |    17|rome      |
|s1    |smith |    20|london    |p4    |screw     |red   |    14|london    |
|s2    |jones |    10|paris     |p4    |screw     |red   |    14|london    |
|s3    |blake |    30|paris     |p4    |screw     |red   |    14|london    |
|s4    |clark |    20|london    |p4    |screw     |red   |    14|london    |
|s5    |adams |    30|athens    |p4    |screw     |red   |    14|london    |
|s1    |smith |    20|london    |p5    |cam       |blue  |    12|paris     |
|s2    |jones |    10|paris     |p5    |cam       |blue  |    12|paris     |
|s3    |blake |    30|paris     |p5    |cam       |blue  |    12|paris     |
|s4    |clark |    20|london    |p5    |cam       |blue  |    12|paris     |
|s5    |adams |    30|athens    |p5    |cam       |blue  |    12|paris     |
|s1    |smith |    20|london    |p6    |cog       |red   |    19|london    |
|s2    |jones |    10|paris     |p6    |cog       |red   |    19|london    |
|s3    |blake |    30|paris     |p6    |cog       |red   |    19|london    |
|s4    |clark |    20|london    |p6    |cog       |red   |    19|london    |
|s5    |adams |    30|athens    |p6    |cog       |red   |    19|london    |
+------+------+------+----------+------+----------+------+------+----------+
(30 rows)
>>
* select s.*, p.* from s p, p s\g 
<<

+------+----------+------+------+----------+------+------+------+----------+
|pno   |pname     |color |weight|city      |sno   |sname |status|city      |
+------+----------+------+------+----------+------+------+------+----------+
|p1    |nut       |red   |    12|london    |s1    |smith |    20|london    |
|p2    |bolt      |green |    17|paris     |s1    |smith |    20|london    |
|p3    |screw     |blue  |    17|rome      |s1    |smith |    20|london    |
|p4    |screw     |red   |    14|london    |s1    |smith |    20|london    |
|p5    |cam       |blue  |    12|paris     |s1    |smith |    20|london    |
|p6    |cog       |red   |    19|london    |s1    |smith |    20|london    |
|p1    |nut       |red   |    12|london    |s2    |jones |    10|paris     |
|p2    |bolt      |green |    17|paris     |s2    |jones |    10|paris     |
|p3    |screw     |blue  |    17|rome      |s2    |jones |    10|paris     |
|p4    |screw     |red   |    14|london    |s2    |jones |    10|paris     |
|p5    |cam       |blue  |    12|paris     |s2    |jones |    10|paris     |
|p6    |cog       |red   |    19|london    |s2    |jones |    10|paris     |
|p1    |nut       |red   |    12|london    |s3    |blake |    30|paris     |
|p2    |bolt      |green |    17|paris     |s3    |blake |    30|paris     |
|p3    |screw     |blue  |    17|rome      |s3    |blake |    30|paris     |
|p4    |screw     |red   |    14|london    |s3    |blake |    30|paris     |
|p5    |cam       |blue  |    12|paris     |s3    |blake |    30|paris     |
|p6    |cog       |red   |    19|london    |s3    |blake |    30|paris     |
|p1    |nut       |red   |    12|london    |s4    |clark |    20|london    |
|p2    |bolt      |green |    17|paris     |s4    |clark |    20|london    |
|p3    |screw     |blue  |    17|rome      |s4    |clark |    20|london    |
|p4    |screw     |red   |    14|london    |s4    |clark |    20|london    |
|p5    |cam       |blue  |    12|paris     |s4    |clark |    20|london    |
|p6    |cog       |red   |    19|london    |s4    |clark |    20|london    |
|p1    |nut       |red   |    12|london    |s5    |adams |    30|athens    |
|p2    |bolt      |green |    17|paris     |s5    |adams |    30|athens    |
|p3    |screw     |blue  |    17|rome      |s5    |adams |    30|athens    |
|p4    |screw     |red   |    14|london    |s5    |adams |    30|athens    |
|p5    |cam       |blue  |    12|paris     |s5    |adams |    30|athens    |
|p6    |cog       |red   |    19|london    |s5    |adams |    30|athens    |
+------+----------+------+------+----------+------+------+------+----------+
(30 rows)
>>
<<

+------+----------+------+------+----------+------+------+------+----------+
|pno   |pname     |color |weight|city      |sno   |sname |status|city      |
+------+----------+------+------+----------+------+------+------+----------+
|p1    |nut       |red   |    12|london    |s1    |smith |    20|london    |
|p1    |nut       |red   |    12|london    |s2    |jones |    10|paris     |
|p1    |nut       |red   |    12|london    |s3    |blake |    30|paris     |
|p1    |nut       |red   |    12|london    |s4    |clark |    20|london    |
|p1    |nut       |red   |    12|london    |s5    |adams |    30|athens    |
|p2    |bolt      |green |    17|paris     |s1    |smith |    20|london    |
|p2    |bolt      |green |    17|paris     |s2    |jones |    10|paris     |
|p2    |bolt      |green |    17|paris     |s3    |blake |    30|paris     |
|p2    |bolt      |green |    17|paris     |s4    |clark |    20|london    |
|p2    |bolt      |green |    17|paris     |s5    |adams |    30|athens    |
|p3    |screw     |blue  |    17|rome      |s1    |smith |    20|london    |
|p3    |screw     |blue  |    17|rome      |s2    |jones |    10|paris     |
|p3    |screw     |blue  |    17|rome      |s3    |blake |    30|paris     |
|p3    |screw     |blue  |    17|rome      |s4    |clark |    20|london    |
|p3    |screw     |blue  |    17|rome      |s5    |adams |    30|athens    |
|p4    |screw     |red   |    14|london    |s1    |smith |    20|london    |
|p4    |screw     |red   |    14|london    |s2    |jones |    10|paris     |
|p4    |screw     |red   |    14|london    |s3    |blake |    30|paris     |
|p4    |screw     |red   |    14|london    |s4    |clark |    20|london    |
|p4    |screw     |red   |    14|london    |s5    |adams |    30|athens    |
|p5    |cam       |blue  |    12|paris     |s1    |smith |    20|london    |
|p5    |cam       |blue  |    12|paris     |s2    |jones |    10|paris     |
|p5    |cam       |blue  |    12|paris     |s3    |blake |    30|paris     |
|p5    |cam       |blue  |    12|paris     |s4    |clark |    20|london    |
|p5    |cam       |blue  |    12|paris     |s5    |adams |    30|athens    |
|p6    |cog       |red   |    19|london    |s1    |smith |    20|london    |
|p6    |cog       |red   |    19|london    |s2    |jones |    10|paris     |
|p6    |cog       |red   |    19|london    |s3    |blake |    30|paris     |
|p6    |cog       |red   |    19|london    |s4    |clark |    20|london    |
|p6    |cog       |red   |    19|london    |s5    |adams |    30|athens    |
+------+----------+------+------+----------+------+------+------+----------+
(30 rows)
>>
* select sno from s where sno in (select sno from sp where pno='p1')\g 
<<

+------+
|sno   |
+------+
|s1    |
|s2    |
+------+
(2 rows)
>>
* select sno, pno from s,p;\g 
<<

+------+------+
|sno   |pno   |
+------+------+
|s1    |p1    |
|s1    |p2    |
|s1    |p3    |
|s1    |p4    |
|s1    |p5    |
|s1    |p6    |
|s2    |p1    |
|s2    |p2    |
|s2    |p3    |
|s2    |p4    |
|s2    |p5    |
|s2    |p6    |
|s3    |p1    |
|s3    |p2    |
|s3    |p3    |
|s3    |p4    |
|s3    |p5    |
|s3    |p6    |
|s4    |p1    |
|s4    |p2    |
|s4    |p3    |
|s4    |p4    |
|s4    |p5    |
|s4    |p6    |
|s5    |p1    |
|s5    |p2    |
|s5    |p3    |
|s5    |p4    |
|s5    |p5    |
|s5    |p6    |
+------+------+
(30 rows)
>>
<<

+------+------+
|sno   |pno   |
+------+------+
|s1    |p1    |
|s2    |p1    |
|s3    |p1    |
|s4    |p1    |
|s5    |p1    |
|s1    |p2    |
|s2    |p2    |
|s3    |p2    |
|s4    |p2    |
|s5    |p2    |
|s1    |p3    |
|s2    |p3    |
|s3    |p3    |
|s4    |p3    |
|s5    |p3    |
|s1    |p4    |
|s2    |p4    |
|s3    |p4    |
|s4    |p4    |
|s5    |p4    |
|s1    |p5    |
|s2    |p5    |
|s3    |p5    |
|s4    |p5    |
|s5    |p5    |
|s1    |p6    |
|s2    |p6    |
|s3    |p6    |
|s4    |p6    |
|s5    |p6    |
+------+------+
(30 rows)
>>
* select s.sno, pno from s, p\g 
<<

+------+------+
|sno   |pno   |
+------+------+
|s1    |p1    |
|s1    |p2    |
|s1    |p3    |
|s1    |p4    |
|s1    |p5    |
|s1    |p6    |
|s2    |p1    |
|s2    |p2    |
|s2    |p3    |
|s2    |p4    |
|s2    |p5    |
|s2    |p6    |
|s3    |p1    |
|s3    |p2    |
|s3    |p3    |
|s3    |p4    |
|s3    |p5    |
|s3    |p6    |
|s4    |p1    |
|s4    |p2    |
|s4    |p3    |
|s4    |p4    |
|s4    |p5    |
|s4    |p6    |
|s5    |p1    |
|s5    |p2    |
|s5    |p3    |
|s5    |p4    |
|s5    |p5    |
|s5    |p6    |
+------+------+
(30 rows)
>>
<<

+------+------+
|sno   |pno   |
+------+------+
|s1    |p1    |
|s2    |p1    |
|s3    |p1    |
|s4    |p1    |
|s5    |p1    |
|s1    |p2    |
|s2    |p2    |
|s3    |p2    |
|s4    |p2    |
|s5    |p2    |
|s1    |p3    |
|s2    |p3    |
|s3    |p3    |
|s4    |p3    |
|s5    |p3    |
|s1    |p4    |
|s2    |p4    |
|s3    |p4    |
|s4    |p4    |
|s5    |p4    |
|s1    |p5    |
|s2    |p5    |
|s3    |p5    |
|s4    |p5    |
|s5    |p5    |
|s1    |p6    |
|s2    |p6    |
|s3    |p6    |
|s4    |p6    |
|s5    |p6    |
+------+------+
(30 rows)
>>
* select x.sno, y.pno from s, p\g 
<<
E_US0846 Invalid qualifier 'y'. 'y' must be declared in the FROM clause or
    equivalent. If used in a target list, 'y' must be declared at the
    current scope.
    (Mon Mar  1 15:22:50 1993)

>>
* select sno from s rvs\g 
<<

+------+
|sno   |
+------+
|s1    |
|s2    |
|s3    |
|s4    |
|s5    |
+------+
(5 rows)
>>
* select from s\g 
<<
E_US0837 line 1, FROM clause is mandatory when a column ('from') has been
    specified in the target list.
    (Thu Oct  4 11:50:54 2001)

>>
* select sno pno from s\g 
<<

+------+
|pno   |
+------+
|s1    |
|s2    |
|s3    |
|s4    |
|s5    |
+------+
(5 rows)
>>
* select sno from\g 
<<
E_US09C5 line 1, Syntax error on 'EOF'.  The correct syntax is: 
    SELECT [ALL|DISTINCT] target_list 
      FROM table(s) 
      [WHERE search_cond] 
      [GROUP BY col(s)] 
      [HAVING search_cond] 
 [UNION subselect] 
 [ORDER BY col(s)]
    (Mon Mar  1 15:23:17 1993)

>>
* select sno from where sno='s1'\g 
<<
E_US0845 Table 'where' does not exist or is not owned by you.
    (Thu Oct  4 11:51:06 2001)

>>
* select ascii(weight), pno from p; select aw=ascii(weight), pno from p\g 
<<

+------+------+
|col1  |pno   |
+------+------+
|12    |p1    |
|17    |p2    |
|17    |p3    |
|14    |p4    |
|12    |p5    |
|19    |p6    |
+------+------+
(6 rows)

+------+------+
|aw    |pno   |
+------+------+
|12    |p1    |
|17    |p2    |
|17    |p3    |
|14    |p4    |
|12    |p5    |
|19    |p6    |
+------+------+
(6 rows)
>>
* select distinct sno, sname from s order by sno\g 
<<

+------+------+
|sno   |sname |
+------+------+
|s1    |smith |
|s2    |jones |
|s3    |blake |
|s4    |clark |
|s5    |adams |
+------+------+
(5 rows)
>>
* select distinct sno, sname from s order by 2 desc\g 
<<

+------+------+
|sno   |sname |
+------+------+
|s1    |smith |
|s2    |jones |
|s4    |clark |
|s3    |blake |
|s5    |adams |
+------+------+
(5 rows)
>>
* select distinct sno, ascii(status) from s order by 2 asc; select distinct sno, sna-
me, status from s order by sname, 3\g 
<<

+------+------+
|sno   |col2  |
+------+------+
|s2    |10    |
|s1    |20    |
|s4    |20    |
|s3    |30    |
|s5    |30    |
+------+------+
(5 rows)

+------+------+------+
|sno   |sname |status|
+------+------+------+
|s5    |adams |    30|
|s3    |blake |    30|
|s4    |clark |    20|
|s2    |jones |    10|
|s1    |smith |    20|
+------+------+------+
(5 rows)
>>
* select sno, sname from s order by sname\g 
<<

+------+------+
|sno   |sname |
+------+------+
|s5    |adams |
|s3    |blake |
|s4    |clark |
|s2    |jones |
|s1    |smith |
+------+------+
(5 rows)
>>
* select sno, sname from s order by sname :a\g 
<<
E_US09C5 line 1, Syntax error on ':'.  The correct syntax is: 
    SELECT [ALL|DISTINCT] target_list 
      FROM table(s) 
      [WHERE search_cond] 
      [GROUP BY col(s)] 
      [HAVING search_cond] 
 [UNION subselect] 
 [ORDER BY col(s)]
    (29-JUN-1989 15:18:35)

>>
* select sno, sname from s order by sname :d\g 
<<
E_US09C5 line 1, Syntax error on ':'.  The correct syntax is: 
    SELECT [ALL|DISTINCT] target_list 
      FROM table(s) 
      [WHERE search_cond] 
      [GROUP BY col(s)] 
      [HAVING search_cond] 
 [UNION subselect] 
 [ORDER BY col(s)]
    (29-JUN-1989 15:18:48)

>>
* select sno, sname from s order by 20\g 
<<
E_US0872 Sort column '20' not found in target list.
    (29-JUN-1989 15:19:02)

>>
<<
E_US0872 Sort column syntax error in sort expression.
    (Fri Mar 19 06:16:38 1999)

>>
* select sno, sname from s order by -3\g 
<<
E_US09C5 line 1, Syntax error on '-'.  The correct syntax is: 
    SELECT [ALL|DISTINCT] target_list 
      FROM table(s) 
      [WHERE search_cond] 
      [GROUP BY col(s)] 
      [HAVING search_cond] 
 [UNION subselect] 
 [ORDER BY col(s)]
    (29-JUN-1989 15:19:10)

>>
<<
E_US0872 Sort column syntax error in sort expression.
    (Fri Mar 19 06:18:23 1999)

>>
* select int4(ascii(status))+100, sno from s order by 1\g 
<<

+-------------+------+
|col1         |sno   |
+-------------+------+
|          110|s2    |
|          120|s1    |
|          120|s4    |
|          130|s3    |
|          130|s5    |
+-------------+------+
(5 rows)
>>
<<

+-------------+------+
|col1         |sno   |
+-------------+------+
|          110|s2    |
|          120|s4    |
|          120|s1    |
|          130|s5    |
|          130|s3    |
+-------------+------+
(5 rows)
>>
* select dummy=int4(ascii(status)), sno from s order by dummy\g 
<<

+-------------+------+
|dummy        |sno   |
+-------------+------+
|           10|s2    |
|           20|s1    |
|           20|s4    |
|           30|s3    |
|           30|s5    |
+-------------+------+
(5 rows)
>>
<<

+-------------+------+
|dummy        |sno   |
+-------------+------+
|           10|s2    |
|           20|s4    |
|           20|s1    |
|           30|s5    |
|           30|s3    |
+-------------+------+
(5 rows)
>>
* select dummy=int4(ascii(status)), sno from s order by dummy+50\g 
<<

+-------------+------+
|dummy        |sno   |
+-------------+------+
|           10|s2    |
|           20|s4    |
|           20|s1    |
|           30|s5    |
|           30|s3    |
+-------------+------+
(5 rows)
>>
* select sno from s order\g 
<<
E_US09C5 line 1, Syntax error on 'EOF'.  The correct syntax is: 
    SELECT [ALL|DISTINCT] target_list 
      FROM table(s) 
      [WHERE search_cond] 
      [GROUP BY col(s)] 
      [HAVING search_cond] 
 [UNION subselect] 
 [ORDER BY col(s)]
    (29-JUN-1989 15:19:57)

>>
* select sno from s order by\g 
<<
E_US09C5 line 1, Syntax error on 'EOF'.  The correct syntax is: 
    SELECT [ALL|DISTINCT] target_list 
      FROM table(s) 
      [WHERE search_cond] 
      [GROUP BY col(s)] 
      [HAVING search_cond] 
 [UNION subselect] 
 [ORDER BY col(s)]
    (29-JUN-1989 15:20:12)

>>
* drop p, sp, s\g 
<<
>>
* \q 
<<
~
>>


Ending at: Thu Oct  4 11:51:23 2001
