/*
	Test Name:
	Time:
	User Name:
 
	Test ID :
	Module  :
	Filename:
	Purpose	: Test if modifying a table or structure on a money field
		  will still get all the right tuples when the where 
		  clauses use the operands >,<,=,!=,<=,>=.
		  test to see if bug 39357 and 36421 have been fixed 
		  completely.
                     
	Input Files  :
	Output Files :
	Database     : SEPPARAMDB
	Tables       : 
	Synopsis     :

	History	: Created by Troy Camacho on 8/22/91.
	03/22/99  (kamra01)  Modified the page_size to 4K instead of VPG_SZ 


*/
? fill moneytbl.dat 
!!
1	1.01	1-1-1991
2	2.02	2-2-1992
3	3.03	3-3-1993
4	4.04	4-4-1994
5	5.05	5-5-1995
6	6.06	6-6-1996
7	7.07	7-7-1997
8	8.08	8-8-1998
9	9.09	9-9-1999
!!
? sql SEPPARAMDB -s 
<<
>>
* drop moneytbl;\g
<<
~
>>
* create table moneytbl (
<<
~
>>
*	i1	i1		not null with default,
<<
~
>>
*	m	money		not null with default,
<<
~
>>
*	d	date		not null with default) with page_size=4096;\g
<<
>>
* copy	moneytbl(i1 = c0tab,m = c0tab, d = c0nl) from 'moneytbl.dat' \g
<<
(9 rows)
>>
* select * from moneytbl;\g
<<

+------+--------------------+-------------------------+
|i1    |m                   |d                        |
+------+--------------------+-------------------------+
|     1|               $1.01|01-jan-1991              |
|     2|               $2.02|02-feb-1992              |
|     3|               $3.03|03-mar-1993              |
|     4|               $4.04|04-apr-1994              |
|     5|               $5.05|05-may-1995              |
|     6|               $6.06|06-jun-1996              |
|     7|               $7.07|07-jul-1997              |
|     8|               $8.08|08-aug-1998              |
|     9|               $9.09|09-sep-1999              |
+------+--------------------+-------------------------+
(9 rows)
>>
* modify moneytbl to btree on m with page_size=4096;\g
<<
(9 rows)
>>
* select * from moneytbl where m = 5.05 order by i1;\g
<<

+------+--------------------+-------------------------+
|i1    |m                   |d                        |
+------+--------------------+-------------------------+
|     5|               $5.05|05-may-1995              |
+------+--------------------+-------------------------+
(1 row)
>>
* select * from moneytbl where m != 5.05 order by i1;\g
<<

+------+--------------------+-------------------------+
|i1    |m                   |d                        |
+------+--------------------+-------------------------+
|     1|               $1.01|01-jan-1991              |
|     2|               $2.02|02-feb-1992              |
|     3|               $3.03|03-mar-1993              |
|     4|               $4.04|04-apr-1994              |
|     6|               $6.06|06-jun-1996              |
|     7|               $7.07|07-jul-1997              |
|     8|               $8.08|08-aug-1998              |
|     9|               $9.09|09-sep-1999              |
+------+--------------------+-------------------------+
(8 rows)
>>
* select * from moneytbl where m < 5.05 order by i1;\g
<<

+------+--------------------+-------------------------+
|i1    |m                   |d                        |
+------+--------------------+-------------------------+
|     1|               $1.01|01-jan-1991              |
|     2|               $2.02|02-feb-1992              |
|     3|               $3.03|03-mar-1993              |
|     4|               $4.04|04-apr-1994              |
+------+--------------------+-------------------------+
(4 rows)
>>
* select * from moneytbl where m > 5.05 order by i1;\g
<<

+------+--------------------+-------------------------+
|i1    |m                   |d                        |
+------+--------------------+-------------------------+
|     6|               $6.06|06-jun-1996              |
|     7|               $7.07|07-jul-1997              |
|     8|               $8.08|08-aug-1998              |
|     9|               $9.09|09-sep-1999              |
+------+--------------------+-------------------------+
(4 rows)
>>
* select * from moneytbl where m <= 5.05 order by i1;\g
<<

+------+--------------------+-------------------------+
|i1    |m                   |d                        |
+------+--------------------+-------------------------+
|     1|               $1.01|01-jan-1991              |
|     2|               $2.02|02-feb-1992              |
|     3|               $3.03|03-mar-1993              |
|     4|               $4.04|04-apr-1994              |
|     5|               $5.05|05-may-1995              |
+------+--------------------+-------------------------+
(5 rows)
>>
* select * from moneytbl where m >= 5.05 order by i1;\g
<<

+------+--------------------+-------------------------+
|i1    |m                   |d                        |
+------+--------------------+-------------------------+
|     5|               $5.05|05-may-1995              |
|     6|               $6.06|06-jun-1996              |
|     7|               $7.07|07-jul-1997              |
|     8|               $8.08|08-aug-1998              |
|     9|               $9.09|09-sep-1999              |
+------+--------------------+-------------------------+
(5 rows)
>>
* modify moneytbl to hash on m with page_size=4096;\g
<<
(9 rows)
>>
* select * from moneytbl where m = 5.05 order by i1;\g
<<

+------+--------------------+-------------------------+
|i1    |m                   |d                        |
+------+--------------------+-------------------------+
|     5|               $5.05|05-may-1995              |
+------+--------------------+-------------------------+
(1 row)
>>
* select * from moneytbl where m != 5.05 order by i1;\g
<<

+------+--------------------+-------------------------+
|i1    |m                   |d                        |
+------+--------------------+-------------------------+
|     1|               $1.01|01-jan-1991              |
|     2|               $2.02|02-feb-1992              |
|     3|               $3.03|03-mar-1993              |
|     4|               $4.04|04-apr-1994              |
|     6|               $6.06|06-jun-1996              |
|     7|               $7.07|07-jul-1997              |
|     8|               $8.08|08-aug-1998              |
|     9|               $9.09|09-sep-1999              |
+------+--------------------+-------------------------+
(8 rows)
>>
* select * from moneytbl where m < 5.05 order by i1;\g
<<

+------+--------------------+-------------------------+
|i1    |m                   |d                        |
+------+--------------------+-------------------------+
|     1|               $1.01|01-jan-1991              |
|     2|               $2.02|02-feb-1992              |
|     3|               $3.03|03-mar-1993              |
|     4|               $4.04|04-apr-1994              |
+------+--------------------+-------------------------+
(4 rows)
>>
* select * from moneytbl where m > 5.05 order by i1;\g
<<

+------+--------------------+-------------------------+
|i1    |m                   |d                        |
+------+--------------------+-------------------------+
|     6|               $6.06|06-jun-1996              |
|     7|               $7.07|07-jul-1997              |
|     8|               $8.08|08-aug-1998              |
|     9|               $9.09|09-sep-1999              |
+------+--------------------+-------------------------+
(4 rows)
>>
* select * from moneytbl where m <= 5.05 order by i1;\g
<<

+------+--------------------+-------------------------+
|i1    |m                   |d                        |
+------+--------------------+-------------------------+
|     1|               $1.01|01-jan-1991              |
|     2|               $2.02|02-feb-1992              |
|     3|               $3.03|03-mar-1993              |
|     4|               $4.04|04-apr-1994              |
|     5|               $5.05|05-may-1995              |
+------+--------------------+-------------------------+
(5 rows)
>>
* select * from moneytbl where m >= 5.05 order by i1;\g
<<

+------+--------------------+-------------------------+
|i1    |m                   |d                        |
+------+--------------------+-------------------------+
|     5|               $5.05|05-may-1995              |
|     6|               $6.06|06-jun-1996              |
|     7|               $7.07|07-jul-1997              |
|     8|               $8.08|08-aug-1998              |
|     9|               $9.09|09-sep-1999              |
+------+--------------------+-------------------------+
(5 rows)
>>
* modify moneytbl to isam on m with page_size=4096;\g
<<
(9 rows)
>>
* select * from moneytbl where m = 5.05 order by i1;\g
<<

+------+--------------------+-------------------------+
|i1    |m                   |d                        |
+------+--------------------+-------------------------+
|     5|               $5.05|05-may-1995              |
+------+--------------------+-------------------------+
(1 row)
>>
* select * from moneytbl where m != 5.05 order by i1;\g
<<

+------+--------------------+-------------------------+
|i1    |m                   |d                        |
+------+--------------------+-------------------------+
|     1|               $1.01|01-jan-1991              |
|     2|               $2.02|02-feb-1992              |
|     3|               $3.03|03-mar-1993              |
|     4|               $4.04|04-apr-1994              |
|     6|               $6.06|06-jun-1996              |
|     7|               $7.07|07-jul-1997              |
|     8|               $8.08|08-aug-1998              |
|     9|               $9.09|09-sep-1999              |
+------+--------------------+-------------------------+
(8 rows)
>>
* select * from moneytbl where m < 5.05 order by i1;\g
<<

+------+--------------------+-------------------------+
|i1    |m                   |d                        |
+------+--------------------+-------------------------+
|     1|               $1.01|01-jan-1991              |
|     2|               $2.02|02-feb-1992              |
|     3|               $3.03|03-mar-1993              |
|     4|               $4.04|04-apr-1994              |
+------+--------------------+-------------------------+
(4 rows)
>>
* select * from moneytbl where m > 5.05 order by i1;\g
<<

+------+--------------------+-------------------------+
|i1    |m                   |d                        |
+------+--------------------+-------------------------+
|     6|               $6.06|06-jun-1996              |
|     7|               $7.07|07-jul-1997              |
|     8|               $8.08|08-aug-1998              |
|     9|               $9.09|09-sep-1999              |
+------+--------------------+-------------------------+
(4 rows)
>>
* select * from moneytbl where m <= 5.05 order by i1;\g
<<

+------+--------------------+-------------------------+
|i1    |m                   |d                        |
+------+--------------------+-------------------------+
|     1|               $1.01|01-jan-1991              |
|     2|               $2.02|02-feb-1992              |
|     3|               $3.03|03-mar-1993              |
|     4|               $4.04|04-apr-1994              |
|     5|               $5.05|05-may-1995              |
+------+--------------------+-------------------------+
(5 rows)
>>
* select * from moneytbl where m >= 5.05 order by i1;\g
<<

+------+--------------------+-------------------------+
|i1    |m                   |d                        |
+------+--------------------+-------------------------+
|     5|               $5.05|05-may-1995              |
|     6|               $6.06|06-jun-1996              |
|     7|               $7.07|07-jul-1997              |
|     8|               $8.08|08-aug-1998              |
|     9|               $9.09|09-sep-1999              |
+------+--------------------+-------------------------+
(5 rows)
>>
* modify moneytbl to cbtree on m with page_size=4096;\g
<<
(9 rows)
>>
* select * from moneytbl where m = 5.05 order by i1;\g
<<

+------+--------------------+-------------------------+
|i1    |m                   |d                        |
+------+--------------------+-------------------------+
|     5|               $5.05|05-may-1995              |
+------+--------------------+-------------------------+
(1 row)
>>
* select * from moneytbl where m != 5.05 order by i1;\g
<<

+------+--------------------+-------------------------+
|i1    |m                   |d                        |
+------+--------------------+-------------------------+
|     1|               $1.01|01-jan-1991              |
|     2|               $2.02|02-feb-1992              |
|     3|               $3.03|03-mar-1993              |
|     4|               $4.04|04-apr-1994              |
|     6|               $6.06|06-jun-1996              |
|     7|               $7.07|07-jul-1997              |
|     8|               $8.08|08-aug-1998              |
|     9|               $9.09|09-sep-1999              |
+------+--------------------+-------------------------+
(8 rows)
>>
* select * from moneytbl where m < 5.05 order by i1;\g
<<

+------+--------------------+-------------------------+
|i1    |m                   |d                        |
+------+--------------------+-------------------------+
|     1|               $1.01|01-jan-1991              |
|     2|               $2.02|02-feb-1992              |
|     3|               $3.03|03-mar-1993              |
|     4|               $4.04|04-apr-1994              |
+------+--------------------+-------------------------+
(4 rows)
>>
* select * from moneytbl where m > 5.05 order by i1;\g
<<

+------+--------------------+-------------------------+
|i1    |m                   |d                        |
+------+--------------------+-------------------------+
|     6|               $6.06|06-jun-1996              |
|     7|               $7.07|07-jul-1997              |
|     8|               $8.08|08-aug-1998              |
|     9|               $9.09|09-sep-1999              |
+------+--------------------+-------------------------+
(4 rows)
>>
* select * from moneytbl where m <= 5.05 order by i1;\g
<<

+------+--------------------+-------------------------+
|i1    |m                   |d                        |
+------+--------------------+-------------------------+
|     1|               $1.01|01-jan-1991              |
|     2|               $2.02|02-feb-1992              |
|     3|               $3.03|03-mar-1993              |
|     4|               $4.04|04-apr-1994              |
|     5|               $5.05|05-may-1995              |
+------+--------------------+-------------------------+
(5 rows)
>>
* select * from moneytbl where m >= 5.05 order by i1;\g
<<

+------+--------------------+-------------------------+
|i1    |m                   |d                        |
+------+--------------------+-------------------------+
|     5|               $5.05|05-may-1995              |
|     6|               $6.06|06-jun-1996              |
|     7|               $7.07|07-jul-1997              |
|     8|               $8.08|08-aug-1998              |
|     9|               $9.09|09-sep-1999              |
+------+--------------------+-------------------------+
(5 rows)
>>
* modify moneytbl to chash on m with page_size=4096;\g
<<
(9 rows)
>>
* select * from moneytbl where m = 5.05 order by i1;\g
<<

+------+--------------------+-------------------------+
|i1    |m                   |d                        |
+------+--------------------+-------------------------+
|     5|               $5.05|05-may-1995              |
+------+--------------------+-------------------------+
(1 row)
>>
* select * from moneytbl where m != 5.05 order by i1;\g
<<

+------+--------------------+-------------------------+
|i1    |m                   |d                        |
+------+--------------------+-------------------------+
|     1|               $1.01|01-jan-1991              |
|     2|               $2.02|02-feb-1992              |
|     3|               $3.03|03-mar-1993              |
|     4|               $4.04|04-apr-1994              |
|     6|               $6.06|06-jun-1996              |
|     7|               $7.07|07-jul-1997              |
|     8|               $8.08|08-aug-1998              |
|     9|               $9.09|09-sep-1999              |
+------+--------------------+-------------------------+
(8 rows)
>>
* select * from moneytbl where m < 5.05 order by i1;\g
<<

+------+--------------------+-------------------------+
|i1    |m                   |d                        |
+------+--------------------+-------------------------+
|     1|               $1.01|01-jan-1991              |
|     2|               $2.02|02-feb-1992              |
|     3|               $3.03|03-mar-1993              |
|     4|               $4.04|04-apr-1994              |
+------+--------------------+-------------------------+
(4 rows)
>>
* select * from moneytbl where m > 5.05 order by i1;\g
<<

+------+--------------------+-------------------------+
|i1    |m                   |d                        |
+------+--------------------+-------------------------+
|     6|               $6.06|06-jun-1996              |
|     7|               $7.07|07-jul-1997              |
|     8|               $8.08|08-aug-1998              |
|     9|               $9.09|09-sep-1999              |
+------+--------------------+-------------------------+
(4 rows)
>>
* select * from moneytbl where m <= 5.05 order by i1;\g
<<

+------+--------------------+-------------------------+
|i1    |m                   |d                        |
+------+--------------------+-------------------------+
|     1|               $1.01|01-jan-1991              |
|     2|               $2.02|02-feb-1992              |
|     3|               $3.03|03-mar-1993              |
|     4|               $4.04|04-apr-1994              |
|     5|               $5.05|05-may-1995              |
+------+--------------------+-------------------------+
(5 rows)
>>
* select * from moneytbl where m >= 5.05 order by i1;\g
<<

+------+--------------------+-------------------------+
|i1    |m                   |d                        |
+------+--------------------+-------------------------+
|     5|               $5.05|05-may-1995              |
|     6|               $6.06|06-jun-1996              |
|     7|               $7.07|07-jul-1997              |
|     8|               $8.08|08-aug-1998              |
|     9|               $9.09|09-sep-1999              |
+------+--------------------+-------------------------+
(5 rows)
>>
* modify moneytbl to cisam on m with page_size=4096;\g
<<
(9 rows)
>>
* select * from moneytbl where m = 5.05 order by i1;\g
<<

+------+--------------------+-------------------------+
|i1    |m                   |d                        |
+------+--------------------+-------------------------+
|     5|               $5.05|05-may-1995              |
+------+--------------------+-------------------------+
(1 row)
>>
* select * from moneytbl where m != 5.05 order by i1;\g
<<

+------+--------------------+-------------------------+
|i1    |m                   |d                        |
+------+--------------------+-------------------------+
|     1|               $1.01|01-jan-1991              |
|     2|               $2.02|02-feb-1992              |
|     3|               $3.03|03-mar-1993              |
|     4|               $4.04|04-apr-1994              |
|     6|               $6.06|06-jun-1996              |
|     7|               $7.07|07-jul-1997              |
|     8|               $8.08|08-aug-1998              |
|     9|               $9.09|09-sep-1999              |
+------+--------------------+-------------------------+
(8 rows)
>>
* select * from moneytbl where m < 5.05 order by i1;\g
<<

+------+--------------------+-------------------------+
|i1    |m                   |d                        |
+------+--------------------+-------------------------+
|     1|               $1.01|01-jan-1991              |
|     2|               $2.02|02-feb-1992              |
|     3|               $3.03|03-mar-1993              |
|     4|               $4.04|04-apr-1994              |
+------+--------------------+-------------------------+
(4 rows)
>>
* select * from moneytbl where m > 5.05 order by i1;\g
<<

+------+--------------------+-------------------------+
|i1    |m                   |d                        |
+------+--------------------+-------------------------+
|     6|               $6.06|06-jun-1996              |
|     7|               $7.07|07-jul-1997              |
|     8|               $8.08|08-aug-1998              |
|     9|               $9.09|09-sep-1999              |
+------+--------------------+-------------------------+
(4 rows)
>>
* select * from moneytbl where m <= 5.05 order by i1;\g
<<

+------+--------------------+-------------------------+
|i1    |m                   |d                        |
+------+--------------------+-------------------------+
|     1|               $1.01|01-jan-1991              |
|     2|               $2.02|02-feb-1992              |
|     3|               $3.03|03-mar-1993              |
|     4|               $4.04|04-apr-1994              |
|     5|               $5.05|05-may-1995              |
+------+--------------------+-------------------------+
(5 rows)
>>
* select * from moneytbl where m >= 5.05 order by i1;\g
<<

+------+--------------------+-------------------------+
|i1    |m                   |d                        |
+------+--------------------+-------------------------+
|     5|               $5.05|05-may-1995              |
|     6|               $6.06|06-jun-1996              |
|     7|               $7.07|07-jul-1997              |
|     8|               $8.08|08-aug-1998              |
|     9|               $9.09|09-sep-1999              |
+------+--------------------+-------------------------+
(5 rows)
>>
* create index moneytblx on moneytbl(m) with page_size=4096;\g
<<
(9 rows)
>>
* modify moneytblx to btree on m with page_size=4096;\g
<<
(9 rows)
>>
* select * from moneytbl where m = 5.05 order by i1;\g
<<

+------+--------------------+-------------------------+
|i1    |m                   |d                        |
+------+--------------------+-------------------------+
|     5|               $5.05|05-may-1995              |
+------+--------------------+-------------------------+
(1 row)
>>
* select * from moneytbl where m != 5.05 order by i1;\g
<<

+------+--------------------+-------------------------+
|i1    |m                   |d                        |
+------+--------------------+-------------------------+
|     1|               $1.01|01-jan-1991              |
|     2|               $2.02|02-feb-1992              |
|     3|               $3.03|03-mar-1993              |
|     4|               $4.04|04-apr-1994              |
|     6|               $6.06|06-jun-1996              |
|     7|               $7.07|07-jul-1997              |
|     8|               $8.08|08-aug-1998              |
|     9|               $9.09|09-sep-1999              |
+------+--------------------+-------------------------+
(8 rows)
>>
* select * from moneytbl where m < 5.05 order by i1;\g
<<

+------+--------------------+-------------------------+
|i1    |m                   |d                        |
+------+--------------------+-------------------------+
|     1|               $1.01|01-jan-1991              |
|     2|               $2.02|02-feb-1992              |
|     3|               $3.03|03-mar-1993              |
|     4|               $4.04|04-apr-1994              |
+------+--------------------+-------------------------+
(4 rows)
>>
* select * from moneytbl where m > 5.05 order by i1;\g
<<

+------+--------------------+-------------------------+
|i1    |m                   |d                        |
+------+--------------------+-------------------------+
|     6|               $6.06|06-jun-1996              |
|     7|               $7.07|07-jul-1997              |
|     8|               $8.08|08-aug-1998              |
|     9|               $9.09|09-sep-1999              |
+------+--------------------+-------------------------+
(4 rows)
>>
* select * from moneytbl where m <= 5.05 order by i1;\g
<<

+------+--------------------+-------------------------+
|i1    |m                   |d                        |
+------+--------------------+-------------------------+
|     1|               $1.01|01-jan-1991              |
|     2|               $2.02|02-feb-1992              |
|     3|               $3.03|03-mar-1993              |
|     4|               $4.04|04-apr-1994              |
|     5|               $5.05|05-may-1995              |
+------+--------------------+-------------------------+
(5 rows)
>>
* select * from moneytbl where m >= 5.05 order by i1;\g
<<

+------+--------------------+-------------------------+
|i1    |m                   |d                        |
+------+--------------------+-------------------------+
|     5|               $5.05|05-may-1995              |
|     6|               $6.06|06-jun-1996              |
|     7|               $7.07|07-jul-1997              |
|     8|               $8.08|08-aug-1998              |
|     9|               $9.09|09-sep-1999              |
+------+--------------------+-------------------------+
(5 rows)
>>
* modify moneytblx to hash on m with page_size=4096;\g
<<
(9 rows)
>>
* select * from moneytbl where m = 5.05 order by i1;\g
<<

+------+--------------------+-------------------------+
|i1    |m                   |d                        |
+------+--------------------+-------------------------+
|     5|               $5.05|05-may-1995              |
+------+--------------------+-------------------------+
(1 row)
>>
* select * from moneytbl where m != 5.05 order by i1;\g
<<

+------+--------------------+-------------------------+
|i1    |m                   |d                        |
+------+--------------------+-------------------------+
|     1|               $1.01|01-jan-1991              |
|     2|               $2.02|02-feb-1992              |
|     3|               $3.03|03-mar-1993              |
|     4|               $4.04|04-apr-1994              |
|     6|               $6.06|06-jun-1996              |
|     7|               $7.07|07-jul-1997              |
|     8|               $8.08|08-aug-1998              |
|     9|               $9.09|09-sep-1999              |
+------+--------------------+-------------------------+
(8 rows)
>>
* select * from moneytbl where m < 5.05 order by i1;\g
<<

+------+--------------------+-------------------------+
|i1    |m                   |d                        |
+------+--------------------+-------------------------+
|     1|               $1.01|01-jan-1991              |
|     2|               $2.02|02-feb-1992              |
|     3|               $3.03|03-mar-1993              |
|     4|               $4.04|04-apr-1994              |
+------+--------------------+-------------------------+
(4 rows)
>>
* select * from moneytbl where m > 5.05 order by i1;\g
<<

+------+--------------------+-------------------------+
|i1    |m                   |d                        |
+------+--------------------+-------------------------+
|     6|               $6.06|06-jun-1996              |
|     7|               $7.07|07-jul-1997              |
|     8|               $8.08|08-aug-1998              |
|     9|               $9.09|09-sep-1999              |
+------+--------------------+-------------------------+
(4 rows)
>>
* select * from moneytbl where m <= 5.05 order by i1;\g
<<

+------+--------------------+-------------------------+
|i1    |m                   |d                        |
+------+--------------------+-------------------------+
|     1|               $1.01|01-jan-1991              |
|     2|               $2.02|02-feb-1992              |
|     3|               $3.03|03-mar-1993              |
|     4|               $4.04|04-apr-1994              |
|     5|               $5.05|05-may-1995              |
+------+--------------------+-------------------------+
(5 rows)
>>
* select * from moneytbl where m >= 5.05 order by i1;\g
<<

+------+--------------------+-------------------------+
|i1    |m                   |d                        |
+------+--------------------+-------------------------+
|     5|               $5.05|05-may-1995              |
|     6|               $6.06|06-jun-1996              |
|     7|               $7.07|07-jul-1997              |
|     8|               $8.08|08-aug-1998              |
|     9|               $9.09|09-sep-1999              |
+------+--------------------+-------------------------+
(5 rows)
>>
* modify moneytblx to isam on m with page_size=4096;\g
<<
(9 rows)
>>
* select * from moneytbl where m = 5.05 order by i1;\g
<<

+------+--------------------+-------------------------+
|i1    |m                   |d                        |
+------+--------------------+-------------------------+
|     5|               $5.05|05-may-1995              |
+------+--------------------+-------------------------+
(1 row)
>>
* select * from moneytbl where m != 5.05 order by i1;\g
<<

+------+--------------------+-------------------------+
|i1    |m                   |d                        |
+------+--------------------+-------------------------+
|     1|               $1.01|01-jan-1991              |
|     2|               $2.02|02-feb-1992              |
|     3|               $3.03|03-mar-1993              |
|     4|               $4.04|04-apr-1994              |
|     6|               $6.06|06-jun-1996              |
|     7|               $7.07|07-jul-1997              |
|     8|               $8.08|08-aug-1998              |
|     9|               $9.09|09-sep-1999              |
+------+--------------------+-------------------------+
(8 rows)
>>
* select * from moneytbl where m < 5.05 order by i1;\g
<<

+------+--------------------+-------------------------+
|i1    |m                   |d                        |
+------+--------------------+-------------------------+
|     1|               $1.01|01-jan-1991              |
|     2|               $2.02|02-feb-1992              |
|     3|               $3.03|03-mar-1993              |
|     4|               $4.04|04-apr-1994              |
+------+--------------------+-------------------------+
(4 rows)
>>
* select * from moneytbl where m > 5.05 order by i1;\g
<<

+------+--------------------+-------------------------+
|i1    |m                   |d                        |
+------+--------------------+-------------------------+
|     6|               $6.06|06-jun-1996              |
|     7|               $7.07|07-jul-1997              |
|     8|               $8.08|08-aug-1998              |
|     9|               $9.09|09-sep-1999              |
+------+--------------------+-------------------------+
(4 rows)
>>
* select * from moneytbl where m <= 5.05 order by i1;\g
<<

+------+--------------------+-------------------------+
|i1    |m                   |d                        |
+------+--------------------+-------------------------+
|     1|               $1.01|01-jan-1991              |
|     2|               $2.02|02-feb-1992              |
|     3|               $3.03|03-mar-1993              |
|     4|               $4.04|04-apr-1994              |
|     5|               $5.05|05-may-1995              |
+------+--------------------+-------------------------+
(5 rows)
>>
* select * from moneytbl where m >= 5.05 order by i1;\g
<<

+------+--------------------+-------------------------+
|i1    |m                   |d                        |
+------+--------------------+-------------------------+
|     5|               $5.05|05-may-1995              |
|     6|               $6.06|06-jun-1996              |
|     7|               $7.07|07-jul-1997              |
|     8|               $8.08|08-aug-1998              |
|     9|               $9.09|09-sep-1999              |
+------+--------------------+-------------------------+
(5 rows)
>>
* modify moneytblx to chash on m with page_size=4096;\g
<<
(9 rows)
>>
* select * from moneytbl where m = 5.05 order by i1;\g
<<

+------+--------------------+-------------------------+
|i1    |m                   |d                        |
+------+--------------------+-------------------------+
|     5|               $5.05|05-may-1995              |
+------+--------------------+-------------------------+
(1 row)
>>
* select * from moneytbl where m != 5.05 order by i1;\g
<<

+------+--------------------+-------------------------+
|i1    |m                   |d                        |
+------+--------------------+-------------------------+
|     1|               $1.01|01-jan-1991              |
|     2|               $2.02|02-feb-1992              |
|     3|               $3.03|03-mar-1993              |
|     4|               $4.04|04-apr-1994              |
|     6|               $6.06|06-jun-1996              |
|     7|               $7.07|07-jul-1997              |
|     8|               $8.08|08-aug-1998              |
|     9|               $9.09|09-sep-1999              |
+------+--------------------+-------------------------+
(8 rows)
>>
* select * from moneytbl where m < 5.05 order by i1;\g
<<

+------+--------------------+-------------------------+
|i1    |m                   |d                        |
+------+--------------------+-------------------------+
|     1|               $1.01|01-jan-1991              |
|     2|               $2.02|02-feb-1992              |
|     3|               $3.03|03-mar-1993              |
|     4|               $4.04|04-apr-1994              |
+------+--------------------+-------------------------+
(4 rows)
>>
* select * from moneytbl where m > 5.05 order by i1;\g
<<

+------+--------------------+-------------------------+
|i1    |m                   |d                        |
+------+--------------------+-------------------------+
|     6|               $6.06|06-jun-1996              |
|     7|               $7.07|07-jul-1997              |
|     8|               $8.08|08-aug-1998              |
|     9|               $9.09|09-sep-1999              |
+------+--------------------+-------------------------+
(4 rows)
>>
* select * from moneytbl where m <= 5.05 order by i1;\g
<<

+------+--------------------+-------------------------+
|i1    |m                   |d                        |
+------+--------------------+-------------------------+
|     1|               $1.01|01-jan-1991              |
|     2|               $2.02|02-feb-1992              |
|     3|               $3.03|03-mar-1993              |
|     4|               $4.04|04-apr-1994              |
|     5|               $5.05|05-may-1995              |
+------+--------------------+-------------------------+
(5 rows)
>>
* select * from moneytbl where m >= 5.05 order by i1;\g
<<

+------+--------------------+-------------------------+
|i1    |m                   |d                        |
+------+--------------------+-------------------------+
|     5|               $5.05|05-may-1995              |
|     6|               $6.06|06-jun-1996              |
|     7|               $7.07|07-jul-1997              |
|     8|               $8.08|08-aug-1998              |
|     9|               $9.09|09-sep-1999              |
+------+--------------------+-------------------------+
(5 rows)
>>
* modify moneytblx to cisam on m with page_size=4096;\g
<<
(9 rows)
>>
* select * from moneytbl where m = 5.05 order by i1;\g
<<

+------+--------------------+-------------------------+
|i1    |m                   |d                        |
+------+--------------------+-------------------------+
|     5|               $5.05|05-may-1995              |
+------+--------------------+-------------------------+
(1 row)
>>
* select * from moneytbl where m != 5.05 order by i1;\g
<<

+------+--------------------+-------------------------+
|i1    |m                   |d                        |
+------+--------------------+-------------------------+
|     1|               $1.01|01-jan-1991              |
|     2|               $2.02|02-feb-1992              |
|     3|               $3.03|03-mar-1993              |
|     4|               $4.04|04-apr-1994              |
|     6|               $6.06|06-jun-1996              |
|     7|               $7.07|07-jul-1997              |
|     8|               $8.08|08-aug-1998              |
|     9|               $9.09|09-sep-1999              |
+------+--------------------+-------------------------+
(8 rows)
>>
* select * from moneytbl where m < 5.05 order by i1;\g
<<

+------+--------------------+-------------------------+
|i1    |m                   |d                        |
+------+--------------------+-------------------------+
|     1|               $1.01|01-jan-1991              |
|     2|               $2.02|02-feb-1992              |
|     3|               $3.03|03-mar-1993              |
|     4|               $4.04|04-apr-1994              |
+------+--------------------+-------------------------+
(4 rows)
>>
* select * from moneytbl where m > 5.05 order by i1;\g
<<

+------+--------------------+-------------------------+
|i1    |m                   |d                        |
+------+--------------------+-------------------------+
|     6|               $6.06|06-jun-1996              |
|     7|               $7.07|07-jul-1997              |
|     8|               $8.08|08-aug-1998              |
|     9|               $9.09|09-sep-1999              |
+------+--------------------+-------------------------+
(4 rows)
>>
* select * from moneytbl where m <= 5.05 order by i1;\g
<<

+------+--------------------+-------------------------+
|i1    |m                   |d                        |
+------+--------------------+-------------------------+
|     1|               $1.01|01-jan-1991              |
|     2|               $2.02|02-feb-1992              |
|     3|               $3.03|03-mar-1993              |
|     4|               $4.04|04-apr-1994              |
|     5|               $5.05|05-may-1995              |
+------+--------------------+-------------------------+
(5 rows)
>>
* select * from moneytbl where m >= 5.05 order by i1;\g
<<

+------+--------------------+-------------------------+
|i1    |m                   |d                        |
+------+--------------------+-------------------------+
|     5|               $5.05|05-may-1995              |
|     6|               $6.06|06-jun-1996              |
|     7|               $7.07|07-jul-1997              |
|     8|               $8.08|08-aug-1998              |
|     9|               $9.09|09-sep-1999              |
+------+--------------------+-------------------------+
(5 rows)
>>
* \q
<<
>>

Ending at: Fri Sep 13 11:27:24 1991
