/*
Copyright (c) 2008 Ingres Corporation

	Test Name    : am73.sep (formerly cia02.sep)
	User Name    : testenv     
	Test ID      : am73
	Module       : be.access
	Filename     : am73.sep
	Purpose	     :
	Input Files  :
	Output Files :
	Database     : SEPPARAMDB
	Tables       : t_cia02
	Synopsis     : Test for bug 120214 - on UTF8 inserts of incorrect
		       lengths into logical keys does not fail

	History      : Updated by John B. Park June 14, 1991


           3-Aug-1993	(garys) error message number for invalid attribute
				qualifier is different for 65.
           8-Oct-1996	(Author)
          22-Mar-1999	(kamra01) Modified the page_size to 8K instead of VPG_SZ
          19-Apr-2000	(vande02) Replacing two main canons for new expected
                                  error message "E_US0F0F Syntax error
                                  system_maintaines" per StarTrack Issue
                                  #8703157 due to II 2.5 code changes.
	   1-oct-2007	(kibro01) b119191 - Updated message for US0B61
           1-Oct-2008	(vande02) Replaced canons due to changed text in
                                  expected syntax error E_US09C7. Header cleanup
	  17-Oct-2008   (wanfr01) Readded alternate canons for 2006r3 and lower.
	  17-Oct-2008   (wanfr01) This test also tests bug 120214
          10-Dec-2009	(maspa05) b123043 - updated canons for new text of
                                  E_US09C7
*/
? sql -s SEPPARAMDB 
<<
>>
* drop table t_cia02\g
<<
~
>>
* create table t_cia02 (a1 integer, b1 object_key with system_maintained) with page_-
size=8192\g
<<
>>
* insert into t_cia02 values (1)\g
<<
E_US1900 Error occurred on line 1, Table 't_cia02' owned by 'testenv',
    column 'b1'. The UPDATE or INSERT statement illegally specified a value for
    a  system_maintained column.
    ( 9-FEB-1990 09:39:10)

>>
* insert into t_cia02 (a1) values (3)\g
<<
(1 row)
>>
* drop table tbl_cia02\g
<<
~
>>
* create table tbl_cia02 (a  integer, b table_key not system_maintaines, 
<<
>>
* c object_key not system_maintained) with page_size=8192\g
<<
E_US0F0F line 1, Syntax error on 'system_maintaines'.  The correct syntax
    is: 
     CREATE TABLE tablename ( 
       columnname format [default_clause] [null_clause]  [column_constraint]
    
     | table_constraint 
       {, ... } ) 
       [with_clause] 
     
     CREATE TABLE tablename [(colname_list)] 
       AS subselect 
   [with_clause] 
    (Wed Apr 19 13:35:25 2000)

>>
* create table tbl_cia02 (a  integer, b table_key not system_maintained, 
<<
>>
* c object_key not system_maintained) with page_size=8192\g
<<
>>
* insert into tbl_cia02 (a, b, c) values (1, char(1), char(1)\g
/*
    Right parenthesis is absent.  Bug 8332 
*/
<<
E_US09C7 line 1, Syntax error on 'EOF'.  The correct syntax is: 
    INSERT INTO tablename [(column {, ... })] 
       [OVERRIDING {SYSTEM | USER} VALUE] VALUES (expression {, ... }) 
     
     INSERT INTO tablename [(column {, ... })]  
       [OVERRIDING {SYSTEM | USER} VALUE] subselect
    (Wed Oct  1 13:07:20 2008)

>>
<<
E_US09C7 line 1, Syntax error on 'EOF'.  The correct syntax is: 
    INSERT INTO tablename [(column {, ... })] 
       VALUES (expression {, ... }) 
     
 INSERT INTO tablename [(column {, ... })] subselect
    (Fri Oct 17 22:03:46 2008)

>>
* drop table tbl_cia02\g
<<
~
>>
* create table tbl_cia02 (a  table_key not system_maintained) with page_size=8192\g
/*
    not system_maintained logical keys 
*/
<<
>>
* insert into tbl_cia02   (a) values ('22')\g
<<
E_AD5080 The conversion from the datatype specified (length 2 bytes) to
    logical key type (ie. table_key or object_key with length 8 bytes) failed
    because the lengths of the two datatypes were not the same.
    (Mon Mar  1 10:21:27 1993)

>>
* insert into tbl_cia02   (a) values (char('22'))\g
<<
E_AD5080 The conversion from the datatype specified (length 2 bytes) to
    logical key  type (ie. table_key or object_key with length 8 bytes) failed
    because the  lengths of the two datatypes were not the same.
    ( 9-FEB-1990 09:41:05)

>>
* insert into tbl_cia02   (a) values (22)\g
<<
E_US0B61 line 1, You cannot assign this 'integer' value to a column of
type 'table_key'. Explicitly convert the value to the required type or check
it is in the valid range for the target datatype.
    ( 9-FEB-1990 09:41:36)

>>
<<
E_US0B61 line 1, You cannot assign  a value of type 'integer' to a column
    of type 'table_key'. Explicitly convert the value to the required type.
    (Fri Oct 17 22:16:55 2008)

>>
* insert into tbl_cia02   (a) values (char(22))\g
<<
E_AD5080 The conversion from the datatype specified (length 6 bytes) to
    logical key  type (ie. table_key or object_key with length 8 bytes) failed
    because the  lengths of the two datatypes were not the same.
    ( 9-FEB-1990 09:41:36)

>>
* drop table tbl_cia02\g
<<
~
>>
* create table tbl_cia02 (a  integer,
<<
>>
* b  table_key with system_maintained,
<<
>>
* c  object_key with system_maintained) with page_size=8192\g
<<
>>
* insert into tbl_cia02 ( a ) values (1)\g
<<
(1 row)
>>
* drop table tbl_cia02\g
<<
~
>>
* create table tbl_cia02 (a  char(1),
<<
>>
* c object_key with system_maintained) with page_size=8192\g
<<
>>
* insert into tbl_cia02   (a) values ('a')\g
<<
(1 row)
>>
* insert into tbl_cia02   (a) values ('b')\g
<<
(1 row)
>>
* insert into tbl_cia02   (a) values ('c')\g
<<
(1 row)
>>
* insert into tbl_cia02   (a) values ('d')\g
<<
(1 row)
>>
* insert into tbl_cia02   (a) values ('e')\g
<<
(1 row)
>>
* insert into tbl_cia02   (a) values ('f')\g
<<
(1 row)
>>
* insert into tbl_cia02   (a) values ('g')\g
<<
(1 row)
>>
* insert into tbl_cia02   (a) values ('h')\g
<<
(1 row)
>>
* insert into tbl_cia02   (a) values ('i')\g
<<
(1 row)
>>
* insert into tbl_cia02   (a) values ('j')\g
<<
(1 row)
>>
* insert into tbl_cia02   (a) values ('k')\g
<<
(1 row)
>>
* insert into tbl_cia02   (a) values ('l')\g
<<
(1 row)
>>
* insert into tbl_cia02   (a) values ('m')\g
<<
(1 row)
>>
* insert into tbl_cia02   (a) values ('n')\g
<<
(1 row)
>>
* insert into tbl_cia02   (a) values ('o')\g
<<
(1 row)
>>
* insert into tbl_cia02   (a) values ('p')\g
<<
(1 row)
>>
* insert into tbl_cia02   (a) values ('q')\g
<<
(1 row)
>>
* insert into tbl_cia02   (a) values ('r')\g
<<
(1 row)
>>
* insert into tbl_cia02   (a) values ('s')\g
<<
(1 row)
>>
* insert into tbl_cia02   (a) values ('t')\g
<<
(1 row)
>>
* drop table t8464\g
<<
~
>>
* create table t8464 (a  char(1)) with page_size=8192\g
<<
>>
* insert into t8464 values ('a')\g
<<
(1 row)
>>
* insert into t8464 values ('b')\g
/*
    the following UPDATE statement is filed as a bug No.8464 
*/
<<
(1 row)
>>
* update t8464 set a = table_key(X'11') where a = 'b'\g
<<
E_AD5080 The conversion from the datatype specified (length 1 bytes) to
    logical key  type (ie. table_key or object_key with length 8 bytes) failed
    because the  lengths of the two datatypes were not the same.
    ( 9-FEB-1990 09:41:36)

>>
* update t8464 set a = table_key(X'1122334455667788') where a = 'b'\g
<<
(1 row)
>>
* select * from t8464\g
<<
~
>>
* drop table lk\g
<<
~
>>
* create table lk (lksmallint  integer, lkinteger integer,
<<
>>
* lkfloat float, lkchar1 char(1), lkchar10 char(10), lkchar254 char(254),
<<
>>
* lkvarchar1 varchar(1), lkvarchar10 varchar(10), lkvarchar2000 varchar(1000),
<<
>>
* lkmoney money, lktable table_key with system_maintained,
<<
>>
* lkobject object_key with system_maintained, lkdate date) with page_size=8192\g
<<
>>
* insert into lk (lksmallint, lkinteger, lkfloat, lkchar1,         
<<
>>
* lkchar10, lkchar254, lkvarchar1, lkvarchar10, lkvarchar2000,    
<<
>>
* lkmoney, lkdate)
<<
>>
* values (1, 88888, 2.5, 'a', 'aaaaaaaaaa', 'aaaaaaaaaaaaaaaaaaa', 'v',
<<
>>
* 'vvvvvvvvvv', 'vvvvvvvvvvvvvvvvvvvvvvvv', '$999.99', '1-jan-1582')\g
<<
(1 row)
>>
*  drop table t_cia02\g
<<
~
>>
* create table t_cia02 (a1 integer, b1 object_key with system_maintained) with page_-
size=8192\g
<<
>>
* insert into t_cia02 values (1)\g
<<
E_US1900 Error occurred on line 1, Table 't_cia02' owned by 'testenv',
    column 'b1'. The UPDATE or INSERT statement illegally specified a value for
    a  system_maintained column.
    ( 9-FEB-1990 09:48:23)

>>
* insert into t_cia02 (a1) values (3)\g
<<
(1 row)
>>
* drop table tbl_cia02\g
<<
~
>>
* create table tbl_cia02 (a  integer, b table_key not system_maintaines, 
<<
>>
* c object_key not system_maintained) with page_size=8192\g
<<
E_US0F0F line 1, Syntax error on 'system_maintaines'.  The correct syntax
    is: 
     CREATE TABLE tablename ( 
       columnname format [default_clause] [null_clause]  [column_constraint]
    
     | table_constraint 
       {, ... } ) 
       [with_clause] 
     
     CREATE TABLE tablename [(colname_list)] 
       AS subselect 
   [with_clause] 
    (Wed Apr 19 13:36:54 2000)

>>
* create table tbl_cia02 (a  integer, b table_key not system_maintained, 
<<
>>
* c object_key not system_maintained) with page_size=8192\g
<<
>>
* insert into tbl_cia02 (a, b, c) values (1, char(1), char(1)\g
/*
    Right parenthesis is absent.  Bug 8332 
*/
<<
E_US09C7 line 1, Syntax error on 'EOF'.  The correct syntax is: 
    INSERT INTO tablename [(column {, ... })] 
       [OVERRIDING {SYSTEM | USER} VALUE] VALUES (expression {, ... }) 
     
     INSERT INTO tablename [(column {, ... })]  
       [OVERRIDING {SYSTEM | USER} VALUE] subselect
    (Wed Oct  1 13:07:25 2008)

>>
<<
E_US09C7 line 1, Syntax error on 'EOF'.  The correct syntax is: 
    INSERT INTO tablename [(column {, ... })] 
       VALUES (expression {, ... }) 
     
 INSERT INTO tablename [(column {, ... })] subselect
    (Fri Oct 17 22:03:50 2008)

>>
* drop table tbl_cia02\g
<<
~
>>
* create table tbl_cia02 (a  table_key not system_maintained) with page_size=8192\g
/*
    not system_maintained logical keys 
*/
<<
>>
* insert into tbl_cia02   (a) values ('22')\g
<<
E_AD5080 The conversion from the datatype specified (length 2 bytes) to
    logical key type (ie. table_key or object_key with length 8 bytes) failed
    because the lengths of the two datatypes were not the same.
    (Mon Mar  1 10:21:44 1993)

>>
* insert into tbl_cia02   (a) values (char('22'))\g
<<
E_AD5080 The conversion from the datatype specified (length 2 bytes) to
    logical key  type (ie. table_key or object_key with length 8 bytes) failed
    because the  lengths of the two datatypes were not the same.
    (30-OCT-1989 14:48:47)

>>
* insert into tbl_cia02 (a) values (22)\g
<<
E_US0B61 line 1, You cannot assign this 'integer' value to a column of
type 'table_key'. Explicitly convert the value to the required type or check
it is in the valid range for the target datatype.
    (30-OCT-1989 14:48:49)

>>
<<
E_US0B61 line 1, You cannot assign  a value of type 'integer' to a column
    of type 'table_key'. Explicitly convert the value to the required type.
    (Fri Oct 17 22:17:00 2008)

>>
* insert into tbl_cia02 (a) values (char(22))\g
<<
E_AD5080 The conversion from the datatype specified (length 6 bytes) to
    logical key  type (ie. table_key or object_key with length 8 bytes) failed
    because the  lengths of the two datatypes were not the same.
    (30-OCT-1989 14:48:49)

>>
* drop table tbl_cia02\g
<<
~
>>
* create table tbl_cia02 (a  integer,
<<
>>
* b  table_key with system_maintained,
<<
>>
* c  object_key with system_maintained) with page_size=8192\g
<<
>>
* insert into tbl_cia02   ( a ) values (1)\g
<<
(1 row)
>>
* drop table tbl_cia02\g
<<
~
>>
* create table tbl_cia02 (a  char(1), c  object_key with system_maintained) with pag-
e_size=8192\g
<<
>>
* insert into tbl_cia02   (a) values ('a')\g
<<
(1 row)
>>
* insert into tbl_cia02   (a) values ('b')\g
<<
(1 row)
>>
* insert into tbl_cia02   (a) values ('c')\g
<<
(1 row)
>>
* insert into tbl_cia02   (a) values ('d')\g
<<
(1 row)
>>
* insert into tbl_cia02   (a) values ('e')\g
<<
(1 row)
>>
* insert into tbl_cia02   (a) values ('f')\g
<<
(1 row)
>>
* insert into tbl_cia02   (a) values ('g')\g
<<
(1 row)
>>
* insert into tbl_cia02   (a) values ('h')\g
<<
(1 row)
>>
* insert into tbl_cia02   (a) values ('i')\g
<<
(1 row)
>>
* insert into tbl_cia02   (a) values ('j')\g
<<
(1 row)
>>
* insert into tbl_cia02   (a) values ('k')\g
<<
(1 row)
>>
* insert into tbl_cia02   (a) values ('l')\g
<<
(1 row)
>>
* insert into tbl_cia02   (a) values ('m')\g
<<
(1 row)
>>
* insert into tbl_cia02   (a) values ('n')\g
<<
(1 row)
>>
* insert into tbl_cia02   (a) values ('o')\g
<<
(1 row)
>>
* insert into tbl_cia02   (a) values ('p')\g
<<
(1 row)
>>
* insert into tbl_cia02   (a) values ('q')\g
<<
(1 row)
>>
* insert into tbl_cia02   (a) values ('r')\g
<<
(1 row)
>>
* insert into tbl_cia02   (a) values ('s')\g
<<
(1 row)
>>
* insert into tbl_cia02   (a) values ('t')\g
<<
(1 row)
>>
* drop table t8464\g
<<
~
>>
* create table t8464 (a  char(1)) with page_size=8192\g
<<
>>
* insert into t8464 values ('a')\g
<<
(1 row)
>>
* insert into t8464 values ('b')\g
<<
(1 row)
>>
* update t8464 set a = table_key(X'11') where a = 'b'\g
/*
    This UPDATE statement is filed as a bug No.8464 
*/
<<
E_AD5080 The conversion from the datatype specified (length 1 bytes) to
    logical key  type (ie. table_key or object_key with length 8 bytes) failed
    because the  lengths of the two datatypes were not the same.
    (30-OCT-1989 14:48:49)

>>
* select * from t8464\g
<<

+------+
|a     |
+------+
|a     |
|b     |
+------+
(2 rows)
>>
* drop table tstkey1\g
<<
~
>>
* create table tstkey1 (a integer, b table_key) with page_size=8192\g
<<
>>
* insert into tstkey1 (a,b) values (1, table_key(x'0000000000000001'));\g
<<
(1 row)
>>
* insert into tstkey1 (a,b) values (2, table_key(x'0000000000000002'));\g
<<
(1 row)
>>
* insert into tstkey1 (a,b) values (3, table_key(x'0000000000000003'));\g
<<
(1 row)
>>
* insert into tstkey1 (a,b) values (4, table_key(x'0000000000000004'));\g
<<
(1 row)
>>
* insert into tstkey1 (a,b) values (5, table_key(x'0000000000000005'));\g
<<
(1 row)
>>
* insert into tstkey1 (a,b) values (6, table_key(x'0000000000000006'));\g
<<
(1 row)
>>
* select a from tstkey1\g
<<

+-------------+
|a            |
+-------------+
|            1|
|            2|
|            3|
|            4|
|            5|
|            6|
+-------------+
(6 rows)
>>
* drop table tstkey2\g
<<
~
>>
* create table tstkey2 (c integer, d table_key) with page_size=8192\g
<<
>>
* insert into tstkey2 (c,d) values (1, table_key(x'0000000000000001'));\g
<<
(1 row)
>>
* insert into tstkey2 (c,d) values (2, table_key(x'0000000000000002'));\g
<<
(1 row)
>>
* insert into tstkey2 (c,d) values (3, table_key(x'0000000000000003'));\g
<<
(1 row)
>>
* insert into tstkey2 (c,d) values (4, table_key(x'0000000000000004'));\g
<<
(1 row)
>>
* insert into tstkey2 (c,d) values (5, table_key(x'0000000000000005'));\g
<<
(1 row)
>>
* insert into tstkey2 (c,d) values (6, table_key(x'0000000000000006'));\g
<<
(1 row)
>>
* select c from tstkey2\g
<<

+-------------+
|c            |
+-------------+
|            1|
|            2|
|            3|
|            4|
|            5|
|            6|
+-------------+
(6 rows)
>>
* select a,c from tstkey1, tstkey2 where b=d\g
<<

+-------------+-------------+
|a            |c            |
+-------------+-------------+
|            1|            1|
|            2|            2|
|            3|            3|
|            4|            4|
|            5|            5|
|            6|            6|
+-------------+-------------+
(6 rows)
>>
* drop table lk\g
<<
~
>>
* create table lk (lksmallint integer, 	lkinteger integer, lkfloat float,
<<
>>
* lkchar1 char(1), lkchar10 char(10), lkchar254 char(254), 
<<
>>
* lkvarchar1 varchar(1), lkvarchar10 varchar(10), lkvarchar2000 varchar(1000),
<<
>>
* lkmoney money, lktable table_key with system_maintained,
<<
>>
* lkobject object_key with system_maintained, lkdate date) with page_size=8192\g
<<
>>
* insert into lk (lksmallint, lkinteger, lkfloat, lkchar1, lkchar10,         
<<
>>
* lkchar254, lkvarchar1, lkvarchar10, lkvarchar2000, lkmoney,   
<<
>>
* lkdate)
<<
>>
* values (1, 88888, 2.5, 'a', 'aaaaaaaaaa', 'aaaaaaaaaaaaaaaaaaa', 'v',
<<
>>
* 'vvvvvvvvvv', 'vvvvvvvvvvvvvvvvvvvvvvvv', '$999.99', '1-jan-1582')\g
<<
(1 row)
>>
* \q 
<<
>>


Ending at: Wed Oct  1 13:07:29 2008
