/*
	Test Name: msfn005.sep
	Time: Mon Jan 10 05:49:00 2000
 
	Test ID : chk_random.sep
	Module  : 
	Filename:
	Purpose	: Test random(), randomf()
	Input Files  :
	Output Files :
	Database     : SEPPARAMDB
	Tables       : t_random, t_randomf
	Notes:
	Skipping this sequence

	execute procedure int_int_randomf(min_random=10, max_random=-10);\g
	select count(a1) from t_randomf where a1 > 10 or a1 < -10;\g	

	pending issue resolution

    History: 10-Jan-2000 (panyu01) Created
             28-Mar-2000 (sarjo01) Cleanup/rewrite
             01-Jun-2000 (sarjo01) Cleanup
*/
? fill drop_pro.sql 
!!
drop procedure insert_random;\g
drop procedure insert_randomf;\g
drop procedure int_int_random;\g
drop procedure int_int_randomf;\g
drop procedure flo_flo_randomf;\g
drop procedure flo_int_randomf;\g
drop procedure int_flo_randomf;\g
!!
? fill creat_pro.sql 
!!
create procedure insert_random
as
declare
i integer;
begin
 i = 0;
  while ( i < 10000 ) do
   insert into t_random values (random());
   i = i + 1;
  endwhile;
commit;
end;\g

create procedure insert_randomf
as
declare
i integer;
begin
 i = 0;
  while ( i < 10000 ) do
   insert into t_randomf values (randomf());
   i = i + 1;
  endwhile;
commit;
end;\g

create procedure int_int_random(min_random integer, max_random integer)
as
declare
i integer;
begin
 i = 0;
  while ( i < 10000 ) do
   insert into t_random values (random(min_random, max_random));
   i = i + 1;
  endwhile;
commit;
end;\g

create procedure int_int_randomf(min_random integer, max_random integer)
as
declare
i integer;
begin
 i = 0;
  while ( i < 10000 ) do
   insert into t_randomf values (randomf(min_random, max_random));
   i = i + 1;
  endwhile;
commit;
end;\g

create procedure flo_flo_randomf(min_random float, max_random float)
as
declare
i integer;
begin
 i = 0;
  while ( i < 10000 ) do
   insert into t_randomf values (randomf(min_random, max_random));
   i = i + 1;
  endwhile;
commit;
end;\g

create procedure flo_int_randomf(min_random float, max_random integer)
as
declare
i integer;
begin
 i = 0;
  while ( i < 10000 ) do
   insert into t_randomf values (randomf(min_random, max_random));
   i = i + 1;
  endwhile;
commit;
end;\g

create procedure int_flo_randomf(min_random integer, max_random float)
as
declare
i integer;
begin
 i = 0;
  while ( i < 10000 ) do
   insert into t_randomf values (randomf(min_random, max_random));
   i = i + 1;
  endwhile;
commit;
end;\g
!!
? sql SEPPARAMDB 
<<
~
>>
* drop table t_random;\g 
<<
~
>>
* drop table t_randomf;\g 
<<
~
>>
* \i drop_pro.sql 
<<
~
>>
* create table t_random (a1 int);\g 
<<
Executing . . .

* 
>>
* create table t_randomf (a1 float);\g 
<<
Executing . . .

* 
>>
* \i creat_pro.sql
<<
continue
* 
>>
* commit;\g 
<<
~
>>
* set random_seed -255;\g 
<<
Executing . . .

E_US0F25 Invalid parameters for SET random_seed 
    (Thu Jun 01 16:30:56 2000)

* 
>>
* set random_seed 0;\g 
<<
Executing . . .

* 
>>
* execute procedure insert_random;\g 
<<
~
>>
* commit;\g 
<<
~
>>
* select count(a1) from t_random;\g 
<<
Executing . . .


+-------------+
|col1         |
+-------------+
|        10000|
+-------------+
(1 row)
* 
>>
* select count(a1) from t_random where a1 < 0;\g 
<<
Executing . . .


+-------------+
|col1         |
+-------------+
|            0|
+-------------+
(1 row)
* 
>>
* select count(a1) from t_random where a1 > 2147483647;\g 
<<
Executing . . .


+-------------+
|col1         |
+-------------+
|            0|
+-------------+
(1 row)
* 
>>
* set random_seed 255;\g 
<<
Executing . . .

* 
>>
* execute procedure insert_random;\g 
<<
~
>>
* set random_seed 32767;\g 
<<
Executing . . .

* 
>>
* execute procedure insert_random;\g 
<<
~
>>
* set random_seed 2147483647;\g 
<<
Executing . . .

* 
>>
* execute procedure insert_random;\g 
<<
Executing . . .

* 
>>
* set random_seed 2147483648;\g 
<<
Executing . . .

E_US0F25 Invalid parameters for SET random_seed 
    (Thu Jun 01 16:31:32 2000)

* 
>>
* commit;\g 
<<
~
>>
* select count(a1) from t_random;\g 
<<
Executing . . .


+-------------+
|col1         |
+-------------+
|        40000|
+-------------+
(1 row)
* 
>>
* select count(a1) from t_random where a1 < 0 and a1 > 2147483647;\g 
<<
Executing . . .


+-------------+
|col1         |
+-------------+
|            0|
+-------------+
(1 row)
* 
>>
* delete from t_random;\g 
<<
Executing . . .

(40000 rows)
* 
>>
* select count(a1) from t_random;\g 
<<
Executing . . .


+-------------+
|col1         |
+-------------+
|            0|
+-------------+
(1 row)
* 
>>
* commit;\g 
<<
Executing . . .

* 
>>
* set random_seed 0;\g 
<<
Executing . . .

* 
>>
* execute procedure int_int_random(min_random=0, max_random=0);\g 
<<
Executing . . .

* 
>>
* commit;\g 
<<
~
>>
* select count(a1) from t_random where a1 <> 0;\g 
<<
Executing . . .


+-------------+
|col1         |
+-------------+
|            0|
+-------------+
(1 row)
* 
>>
* execute procedure int_int_random(min_random=-10, max_random=10);\g 
<<
Executing . . .

* 
>>
* commit;\g 
<<
~
>>
* select count(a1) from t_random where a1 <= 10 or a1 >= -10;\g 
<<
Executing . . .


+-------------+
|col1         |
+-------------+
|        20000|
+-------------+
(1 row)
* 
>>
* select count(a1) from t_random where a1 > 10 or a1 < -10;\g 
<<
Executing . . .


+-------------+
|col1         |
+-------------+
|            0|
+-------------+
(1 row)
* 
>>
* execute procedure int_int_random(min_random=10, max_random=10);\g 
<<
Executing . . .

* 
>>
* select count(a1) from t_random where a1 > 10 or a1 < -10;\g 
<<
Executing . . .


+-------------+
|col1         |
+-------------+
|            0|
+-------------+
(1 row)
* 
>>
* set random_seed 255;\g 
<<
Executing . . .

* 
>>
* execute procedure int_int_random(min_random=-256, max_random=255);\g 
<<
Executing . . .

* 
>>
* commit;\g 
<<
~
>>
* select count(a1) from t_random where a1 > 255 or a1 < -256;\g 
<<
Executing . . .


+-------------+
|col1         |
+-------------+
|            0|
+-------------+
(1 row)
* 
>>
* set random_seed 32767;\g 
<<
Executing . . .

* 
>>
* execute procedure int_int_random(min_random=-32768, max_random=32767);\g 
<<
Executing . . .

*
>>
* select count(a1) from t_random where a1 > 32767 or a1 < -32768;\g 
<<
Executing . . .


+-------------+
|col1         |
+-------------+
|            0|
+-------------+
(1 row)
* 
>>
* delete from t_random\g
<<
~
>>
* commit;\g 
<<
~
>>
* set random_seed 2147483647;\g 
<<
Executing . . .

* 
>>
* execute procedure int_int_random(min_random=-1073741824, max_random=1073741822);\g-
 
<<
Executing . . .

* 
>>
* select count(a1) from t_random where a1 >  1073741822 or a1 < -1073741824\g
<<
Executing . . .


+-------------+
|col1         |
+-------------+
|            0|
+-------------+
(1 row)
continue
*
>>
* drop table t_randomf;\g 
<<
~
>>
* commit;\g 
<<
~
>>
* create table t_randomf(a1 float);\g 
<<
Executing . . .

* 
>>
* set random_seed 0;\g 
<<
Executing . . .

* 
>>
* execute procedure insert_randomf;\g 
<<
Executing . . .

* 
>>
* set random_seed 255;\g 
<<
Executing . . .

* 
>>
* execute procedure insert_randomf;\g 
<<
~
>>
* set random_seed 32767;\g 
<<
Executing . . .

* 
>>
* execute procedure insert_randomf;\g 
<<
Executing . . .

* 
>>
* set random_seed 2147483647;\g 
<<
Executing . . .

* 
>>
* execute procedure insert_randomf;\g 
<<
Executing . . .

* 
>>
* select count(a1) from t_randomf where a1 > 1.0 or a1 < 0.0;\g 
<<
Executing . . .


+-------------+
|col1         |
+-------------+
|            0|
+-------------+
(1 row)
* 
>>
* delete from t_randomf;\g 
<<
Executing . . .

(40000 rows)
*
>>
* commit;\g 
<<
~
>>
* set random_seed 0;\g 
<<
Executing . . .

* 
>>
* execute procedure int_int_randomf(min_random=0, max_random=0);\g 
<<
Executing . . .

* 
>>
* select count(a1) from t_randomf where a1 <> 0;\g 
<<
Executing . . .


+-------------+
|col1         |
+-------------+
|            0|
+-------------+
(1 row)
* 
>>
* set random_seed 255;\g 
<<
~
>>
* delete from t_randomf;\g 
<<
~
>>
* commit;\g 
<<
~
>>
* execute procedure int_int_randomf(min_random=-10, max_random=10);\g 
<<
Executing . . .

* 
>>
* select count(a1) from t_randomf where a1 > 10 or a1 < -10;\g 
<<
Executing . . .


+-------------+
|col1         |
+-------------+
|            0|
+-------------+
(1 row)
* 
>>
* delete from t_randomf;\g 
<<
Executing . . .

(10000 rows)
* 
>>
* commit;\g 
<<
~
>>
* set random_seed 32767;\g
<<
Executing . . .

continue
* 
>>
* execute procedure int_int_randomf(min_random=-32768, max_random=32767);\g
<<
Executing . . .

continue
* 
>>
* select count(a1) from t_randomf where a1 > 32767 or a1 < -32768;\g
<<
Executing . . .


+-------------+
|col1         |
+-------------+
|            0|
+-------------+
(1 row)
continue
* 
>>
* commit;\g
<<
Executing . . .

continue
* 
>>
* set random_seed 2147483647;\g
<<
Executing . . .

continue
* 
>>
* execute procedure int_int_randomf(min_random=-1073741824, max_random=1073741822);\-
g
<<
Executing . . .

continue
* 
>>
* select count(a1) from t_randomf where a1 >  1073741822 or a1 < -1073741824;\g
<<
Executing . . .


+-------------+
|col1         |
+-------------+
|            0|
+-------------+
(1 row)
continue
* 
>>
* drop table t_randomf;\g
<<
~
>>
* commit;\g
<<
Executing . . .

continue
* 
>>
* create table t_randomf(a1 float);\g
<<
Executing . . .

continue
* 
>>
* set random_seed 0;\g
<<
Executing . . .

continue
* 
>>
* execute procedure int_flo_randomf(min_random=0, max_random=0.00);\g
<<
Executing . . .

continue
* 
>>
* select count(a1) from t_randomf where a1 <> 0.000;\g
<<
Executing . . .


+-------------+
|col1         |
+-------------+
|            0|
+-------------+
(1 row)
continue
* 
>>
* execute procedure int_flo_randomf(min_random=-10, max_random=10.00);\g
<<
Executing . . .

continue
* 
>>
* select count(a1) from t_randomf where a1 > 10.000 and a1 < -10.000;\g
<<
Executing . . .


+-------------+
|col1         |
+-------------+
|            0|
+-------------+
(1 row)
continue
* 
>>
* execute procedure int_flo_randomf(min_random=-256, max_random=255.000);\g
<<
Executing . . .

continue
* 
>>
* set random_seed 255;\g
<<
Executing . . .

continue
* 
>>
* delete from t_randomf;\g
<<
Executing . . .

(30000 rows)
continue
*
>>
* commit;\g
<<
Executing . . .

continue
*
>>
* execute procedure int_flo_randomf(min_random=-256, max_random=255.00);\g
<<
Executing . . .

continue
*
>>
* select count(a1) from t_randomf where a1 > 255.000 or a1 < -256.000;\g
<<
Executing . . .


+-------------+
|col1         |
+-------------+
|            0|
+-------------+
(1 row)
continue
* 
>>
* set random_seed 32768;\g
<<
Executing . . .

continue
* 
>>
* execute procedure int_flo_randomf(min_random=-32768, max_random=32767.0);\g
<<
Executing . . .

continue
* 
>>
* set random_seed 2147483647;\g
<<
Executing . . .

continue
* 
>>
* execute procedure int_flo_randomf(min_random=-2147483648, max_random=1.0e+38);\g
<<
Executing . . .

continue
* 
>>
* select count(a1) from t_randomf where a1 > 1.0e+38 or a1 < -2147483648;\g
<<
Executing . . .


+-------------+
|col1         |
+-------------+
|            0|
+-------------+
(1 row)
continue
* 
>>
* delete from t_randomf;\g
<<
Executing . . .

(30000 rows)
continue
*
>>
* commit;\g
<<
Executing . . .

continue
* 
>>
* set random_seed 0;\g
<<
Executing . . .

continue
* 
>>
* execute procedure flo_int_randomf(min_random=0.00, max_random=0);\g
<<
Executing . . .

continue
* 
>>
* select count(a1) from t_randomf where a1 <> 0;\g
<<
Executing . . .


+-------------+
|col1         |
+-------------+
|            0|
+-------------+
(1 row)
continue
* 
>>
* set random_seed 255;\g
<<
Executing . . .

continue
* 
>>
* execute procedure flo_int_randomf(min_random=-1.0e+8, max_random=255);\g
<<
Executing . . .

continue
* 
>>
* select count(a1) from t_randomf where a1 > 255 or a1 < -1.0e+8;\g
<<
Executing . . .


+-------------+
|col1         |
+-------------+
|            0|
+-------------+
(1 row)
continue
* 
>>
* set random_seed 32768;\g
<<
Executing . . .

continue
* 
>>
* execute procedure flo_int_randomf(min_random=-1.0e+18, max_random=32768);\g
<<
Executing . . .

continue
* 
>>
* select count(a1) from t_randomf where a1 > 32768 or a1 < -1.0e+18;\g
<<
Executing . . .


+-------------+
|col1         |
+-------------+
|            0|
+-------------+
(1 row)
continue
* 
>>
* set random_seed 2147483647;\g
<<
Executing . . .

continue
* 
>>
* execute procedure flo_int_randomf(min_random=-1.0e+38, max_random=2147483647);\g
<<
Executing . . .

continue
* 
>>
* select count(a1) from t_randomf where a1 < -1.0e+38;\g
<<
Executing . . .


+-------------+
|col1         |
+-------------+
|            0|
+-------------+
(1 row)
continue
* 
>>
* delete from t_randomf;\g
<<
Executing . . .

(40000 rows)
continue
* 
>>
* commit;\g
<<
Executing . . .

continue
* 
>>
* set random_seed 0;\g
<<
Executing . . .

continue
* 
>>
* execute procedure flo_flo_randomf(min_random=0.00, max_random=0.00);\g
<<
Executing . . .

continue
* 
>>
* select count(a1) from t_randomf where a1 <> 0.00;\g
<<
Executing . . .


+-------------+
|col1         |
+-------------+
|            0|
+-------------+
(1 row)
continue
* 
>>
* commit;\g
<<
Executing . . .

continue
* 
>>
* set random_seed 255;\g
<<
Executing . . .

continue
* 
>>
* execute procedure flo_flo_randomf(min_random=-1.0e+18, max_random=1.0e+18);\g
<<
Executing . . .

continue
* 
>>
* select count(a1) from t_randomf where a1 > 1.0e+18 or a1 < -1.0e+18;\g
<<
Executing . . .


+-------------+
|col1         |
+-------------+
|            0|
+-------------+
(1 row)
continue
* 
>>
* commit;\g
<<
Executing . . .

continue
* 
>>
* set random_seed 32767;\g
<<
Executing . . .

continue
* 
>>
* execute procedure flo_flo_randomf(min_random=-1.0e+28, max_random=1.0e+28);\g
<<
Executing . . .

continue
* 
>>
* select count(a1) from t_randomf where a1 > 1.0e+28 or a1 < -1.0e+28;\g
<<
Executing . . .


+-------------+
|col1         |
+-------------+
|            0|
+-------------+
(1 row)
continue
* 
>>
* set random_seed 2147483647;\g
<<
Executing . . .

continue
* 
>>
* execute procedure flo_flo_randomf(min_random=-1.0e+38, max_random=1.0e+38);\g
<<
Executing . . .

continue
* 
>>
* select count(a1) from t_randomf where a1 > 1.0e+38 or a1 < -1.0e+38;\g
<<
Executing . . .


+-------------+
|col1         |
+-------------+
|            0|
+-------------+
(1 row)
continue
* 
>>
* drop table t_randomf;\g 
<<
~
>>
* drop table t_random;\g
<<
~
>>
* \i drop_pro.sql 
<<
~
>>
* \q 
<<
~
>>


Ending at: Thu Jun 01 16:37:18 2000
