/*
        Test Name: msfn021.sep
        Time: Tue Mar 21 10:36:14 2000
        User Name: testenv
        Terminal type: septerm

        Test ID : case1.sep 
        Module  :
        Filename:
        Purpose :
        Input Files  :
        Output Files :
        Database     :  SEPPARAMDB
        Tables       :  casetable
        Synopsis     :  Test CASE statement in different places
                     :  in SELECT

    History: 21-Mar-2000 (linvi02) Created.
             11-Apr-2000 (sarjo01) Cleanup.
			 E_OP0681 error pending resolution of
			 S/T 8866260
           2-Aug-2000	(linvi02) Update canons for bug 102058.
          03-Nov-2000	(sarjo01) Update canons for resolution of
			8866260
	24-Jul-2001	(rogch01)
		Incorporated casetable initialisation from soon to be defunct
		test msfn020.sep.
*/
? sql -s SEPPARAMDB 
<<

>>
* drop table casetable\g
<<
~
>>
* create table casetable(someint int, somename varchar(30), somechar char(15))\g 
<<

>>
* insert into casetable values(2, 'days', 'weekend')\g 
<<
(1 row)
>>
* insert into casetable values(5, 'days', 'weekdays')\g 
<<
(1 row)
>>
* insert into casetable values(12, 'months', 'year')\g 
<<
(1 row)
>>
* insert into casetable values(24, 'hours', 'day')\g 
<<
(1 row)
>>
* insert into casetable values(100, 'years', 'century')\g 
<<
(1 row)
>>
* select case someint when 2 then 22 when 5 then 55 when 12 then 122 when 24 then 24-
4 else 1000 end from casetable order by 1\g
<<

+------+
|col1  |
+------+
|    22|
|    55|
|   122|
|   244|
|  1000|
+------+
(5 rows)
>>
* select case when someint < 7 then someint+2 else someint*10 end as week,case when -
somename = 'days' then somename when somename = 'months' then 'grea ter day' when so-
mename = 'hours' then 'less days' else 'happy days' end as "some days" from casetabl-
e order by 1\g
<<

+-------------+------------------------------+
|week         |some days                     |
+-------------+------------------------------+
|            4|days                          |
|            7|days                          |
|          120|grea ter day                  |
|          240|less days                     |
|         1000|happy days                    |
+-------------+------------------------------+
(5 rows)
>>
* select case someint when 2 then 2 when 5 then 5 else 25 end as week,case when some-
name = 'days' then 'days' when somename = 'hours' then 'one day' else 'not days' end-
 as "weather day",case somechar when 'weekend' then somechar when 'weekdays' then so-
mechar else 'does not matter' end as "whole week" from casetable order by 1\g
<<

+------+--------+---------------+
|week  |weather |whole week     |
+------+--------+---------------+
|     2|days    |weekend        |
|     5|days    |weekdays       |
|    25|one day |does not matter|
|    25|not days|does not matter|
|    25|not days|does not matter|
+------+--------+---------------+
(5 rows)
>>
* select case someint when 2 then 2 when 5 then 5 else 25 end as week,case when some-
name = 'days' then 'days' when somename = 'hours' then 'one day' else 'not days' end-
 as "weather day",case somechar when 'weekend' then somechar when 'weekdays' then so-
mechar else 'does not matter' end as "whole week" from casetable where case someint -
when 2 then someint when 7 then someint when 12 then someint when 24 then someint el-
se someint/2 end <=case when someint < 100 then someint else someint-70 end order by-
 1\g
<<

+------+--------+---------------+
|week  |weather |whole week     |
+------+--------+---------------+
|     2|days    |weekend        |
|     5|days    |weekdays       |
|    25|one day |does not matter|
|    25|not days|does not matter|
+------+--------+---------------+
(4 rows)
>>
* select case someint when 2 then 2 when 5 then 5 else 25 end as week,case when some-
name = 'days' then 'days' when somename = 'hours' then 'one day' else 'not days' end-
 as "weather day",case somechar when 'weekend' then somechar when 'weekdays' then so-
mechar else 'does not matter' end as "whole week" from casetable where case someint -
when 2 then someint when 7 then someint when 12 then someint when 24 then someint el-
se someint/2 end <= case when someint < 100 then someint else someint-70 end or case-
 when somename = 'years' then 'years' else 'nothing' end = case somename when somena-
me then somename end order by 1\g
<<

+------+--------+---------------+
|week  |weather |whole week     |
+------+--------+---------------+
|     2|days    |weekend        |
|     5|days    |weekdays       |
|    25|one day |does not matter|
|    25|not days|does not matter|
|    25|not days|does not matter|
+------+--------+---------------+
(5 rows)
>>
* select case someint when 2 then 2 when 5 then 5 else 25 end as week,case when some-
name = 'days' then 'days' when somename = 'hours' then 'one day' else 'not days' end-
 as "weather day",case somechar when 'weekend' then somechar when 'weekdays' then so-
mechar else 'does not matter' end as "whole week" from casetable where case someint -
when 2 then someint when 7 then someint when 12 then someint when 24 then someint el-
se someint/2 end <=case when someint < 100 then someint else someint-70 end or case -
when somename = 'years' then 'years' else 'nothing' end = case somename when somenam-
e then somename end group by someint, somename, somechar having case someint when 2 -
then 2 when 5 then 5 else 6 end >= case someint when someint then someint end order -
by 1\g
<<

+------+--------+---------------+
|week  |weather |whole week     |
+------+--------+---------------+
|     2|days    |weekend        |
|     5|days    |weekdays       |
+------+--------+---------------+
(2 rows)
>>
* select case someint when 2 then 2 when 5 then 5 else 25 end as week,case when some-
name = 'days' then 'days' when somename = 'hours' then 'one day' else 'not days' end-
 as "weather day",case somechar when 'weekend' then somechar when 'weekdays' then so-
mechar else 'does not matter' end as "whole week" from casetable where case someint -
when 2 then someint when 7 then someint when 12 then someint when 24 then someint el-
se someint/2 end <=case when someint < 100 then someint else someint-70 end or case -
when somename = 'years' then 'years' else 'nothing' end = case somename when somenam-
e then somename end group by someint, somename, somechar having case someint when 2 -
then 2 when 5 then 5 else 6 end >= case someint when someint then someint end or cas-
e when somechar = 'weekend' then somechar when somechar = 'weekdays' then 'weekdays'-
 when somechar = 'day' then somechar else 'not good' end = case when somechar <> 'ce-
ntury' then somechar when somechar <> 'years' then somechar else 'too long' end orde-
r by 1\g
<<

+------+--------+---------------+
|week  |weather |whole week     |
+------+--------+---------------+
|     2|days    |weekend        |
|     5|days    |weekdays       |
|    25|one day |does not matter|
+------+--------+---------------+
(3 rows)
>>
* select case someint when 2 then 2 when 5 then 5 else 25 end as week,case when some-
name = 'days' then 'days' when somename = 'hours' then 'one day' else 'not days' end-
 as "weather day",case somechar when 'weekend' then somechar when 'weekdays' then so-
mechar else 'does not matter' end as "whole week" from casetable where case someint -
when 2 then someint when 7 then someint when 12 then someint when 24 then someint el-
se someint/2 end <=case when someint < 100 then someint else someint-70 end or case -
when somename = 'years' then 'years' else 'nothing' end = case somename when somenam-
e then somename end group by someint, somename, somechar having case someint when 2 -
then 2 when 5 then 5 else 6 end >= case someint when someint then someint end or cas-
e when somechar = 'weekend' then somechar when somechar = 'weekdays' then 'weekdays'-
 when somechar = 'day' then somechar else 'not good' end = case when somechar <> 'ce-
ntury' then somechar when somechar <> 'years' then somechar else 'too long' end and -
case somechar when 'weekend' then 'no weekends' else somechar end = case when somech-
ar <> ' ' then somechar end order by 1\g
<<

+------+--------+---------------+
|week  |weather |whole week     |
+------+--------+---------------+
|     2|days    |weekend        |
|     5|days    |weekdays       |
|    25|one day |does not matter|
+------+--------+---------------+
(3 rows)
>>
* select case somename when 'days' then somename else 'none' end as days, case when -
somechar = 'century' then somechar else 'none2' end as century from casetable union -
select case when somechar = 'year' then somechar else 'none4' end, case somename whe-
n 'hours' then somename else 'none5' end from casetable order by 1\g
<<

+------------------------------+------------------------------+
|days                          |century                       |
+------------------------------+------------------------------+
|days                          |none2                         |
|none                          |century                       |
|none                          |none2                         |
|none4                         |hours                         |
|none4                         |none5                         |
|year                          |none5                         |
+------------------------------+------------------------------+
(6 rows)
>>
* \q
<<
>>


Ending at: Fri Nov 03 15:24:58 2000
