/*
	Test Name: msfn002.sep
	Time: Thu Jan 06 10:08:04 2000
 
	Test ID : chk_hash.sep
	Module  : 
	Filename:
	Purpose	: Test hash() function
	Input Files  :
	Output Files :
	Database     : SEPPARAMDB
	Tables       : t_hash

 History: 06-Jan-2000 (panyu01) Created
          28-Mar-2000 (sarjo01) Cleanup/rewrite
*/
? fill data_hash.sql 
!!
insert into t_hash values ('abcde', 'abcdefghij', 111.11, 1.111, 'abcde');\g
insert into t_hash values ('aivid', 'didieididd', 222.22, 2.222, 'eifkk');\g
insert into t_hash values ('qieit', 'vxloecieic', 333.33, 3.333, 'vnvna');\g
insert into t_hash values ('wicde', 'vmdiekcdkd', 444.44, 4.444, 'alals');\g
insert into t_hash values ('qpeie', 'vneikekdie', 555.55, 5.555, 'wieud');\g
insert into t_hash values ('yciec', 'qoeoieirjf', 666.66, 6.666, 'aksjr');\g
insert into t_hash values ('pqoee', 'mcjdueiwos', 777.77, 7.777, 'eidwk');\g
insert into t_hash values ('woeir', 'cmdjfuthgy', 888.88, 8.888, 'tyrut');\g
insert into t_hash values ('sowet', 'pwoeirnfgu', 999.99, 9.999, 'vneke');\g
insert into t_hash values ('sawer', 'vneidekgjt', 111.11, 3.999, 'likje');\g
insert into t_hash values ('lasmw', 'qiwuenrovi', 111.11, 3.999, 'wieur');\g
insert into t_hash values ('qowie', 'cnzmxjshdr', 111.11, 3.999, 'poeiu');\g
insert into t_hash values ('pafhr', 'wuevntydui', 111.11, 3.999, 'vneit');\g
insert into t_hash values ('vnfie', 'eisowkeigh', 111.11, 3.999, 'wieur');\g
insert into t_hash values ('vnxks', 'pawlwleiei', 111.11, 3.999, 'zneic');\g
insert into t_hash values ('vnana', 'pqpqpqpqpq', 111.11, 3.999, 'qoeit');\g
insert into t_hash values ('vnvkv', 'qaqawsedrf', 111.11, 3.999, 'vneit');\g
insert into t_hash values ('vnvnv', 'wodjrowpqs', 111.11, 3.999, 'qoeie');\g

insert into t_hash values ('ABCDE', 'ABCDEFGHIJ', 222.22, 2.222, 'ABCDE');\g
insert into t_hash values ('BCDEF', 'BCDEFGHIJK', 333.33, 3.333, 'BCDEF');\g
insert into t_hash values ('CDEFG', 'CDEFGHIJKL', 444.44, 4.444, 'CDEFG');\g
insert into t_hash values ('DEFGH', 'DEFGHIJKLM', 555.55, 5.555, 'DEFGH');\g
insert into t_hash values ('EFGHI', 'EFGHIJKLMN', 666.66, 6.666, 'EFGHI');\g
insert into t_hash values ('FGHIJ', 'FGHIJKLMNO', 777.77, 7.777, 'FGHIJ');\g
insert into t_hash values ('GHIJK', 'GHIJKLMNOP', 888.88, 8.888, 'GHIJK');\g
insert into t_hash values ('HIJKL', 'HIJKLMNOPQ', 999.99, 9.999, 'HIJKL');\g
insert into t_hash values ('IJKLM', 'IJKLMNOPQR', 111.11, 3.999, 'IJKLM');\g
insert into t_hash values ('JKLMN', 'JKLMNOPQRS', 111.11, 3.999, 'JKLMN');\g
insert into t_hash values ('KLMNO', 'KLMNOPQRST', 111.11, 3.999, 'KLMNO');\g
insert into t_hash values ('LMNOP', 'LMNOPQRSTU', 111.11, 3.999, 'LMNOP');\g
insert into t_hash values ('MNOPQ', 'MNOPQRSTUV', 111.11, 3.999, 'MNOPQ');\g
insert into t_hash values ('NOPQR', 'NOPQRSTUVW', 111.11, 3.999, 'NOPQR');\g
insert into t_hash values ('OPQRS', 'OPQRSTUVWX', 111.11, 3.999, 'OPQRS');\g
insert into t_hash values ('PQRST', 'PQRSTUVWXY', 111.11, 3.999, 'PQRST');\g
insert into t_hash values ('QRSTU', 'QRSTUVWXYZ', 111.11, 3.999, 'QRSTU');\g
!!
? sql SEPPARAMDB 
<<
~
>>
* drop table t_hash;\g 
<<
~
>>
* create table t_hash(a1 char(5), a2 varchar(10), a3 decimal(5,2), a4 float, a5 text-
(5));\g 
<<
Executing . . .

* 
>>
* \i data_hash.sql 
<<
~
>>
* commit;\g 
<<
Executing . . .

* 
>>
* select count(a1) from t_hash;\g 
<<
Executing . . .


+-------------+
|col1         |
+-------------+
|           35|
+-------------+
(1 row)
* 
>>
* select hash(a1) from t_hash order by 1\g 
<<
Executing . . .


+-------------+
|col1         |
+-------------+
|  -2125384001|
|  -2033050753|
|  -1957904522|
|  -1926437590|
|  -1498898498|
|  -1423007810|
|  -1375722060|
|  -1325804154|
|   -893862323|
|   -522727862|
|   -217386052|
|   -158956430|
|   -143814943|
|    -88727110|
|    -73011398|
|    171087498|
|    369759508|
|    427652529|
|    476588877|
|    484458086|
|    563496245|
|    937928230|
|   1063538143|
|   1071821767|
|   1121567417|
|   1181949220|
|   1359703830|
|   1370172915|
|   1430395485|
|   1438940998|
|   1460720860|
|   1874562334|
|   1966968795|
|   1968548348|
|   2054694810|
+-------------+
(35 rows)
* 
>>
* select hash(a2) from t_hash order by 1\g 
<<
Executing . . .


+-------------+
|col1         |
+-------------+
|  -1625108716|
|  -1582723560|
|  -1543228228|
|  -1191294887|
|  -1104093028|
|  -1097995856|
|  -1061042445|
|  -1021231932|
|   -964784187|
|   -840854790|
|   -774760024|
|   -329658646|
|   -253481243|
|    -89143841|
|    169980871|
|    302698897|
|    458269667|
|    482432859|
|    523318848|
|    554195043|
|    593526077|
|    614249549|
|    630628165|
|    929054929|
|   1152002885|
|   1171922808|
|   1189100545|
|   1366697509|
|   1435796560|
|   1551277462|
|   1588878732|
|   1590997335|
|   1666913549|
|   1717055323|
|   1869688193|
+-------------+
(35 rows)
* 
>>
* select hash(a3) from t_hash order by 1\g 
<<
Executing . . .


+-------------+
|col1         |
+-------------+
|  -1672313781|
|  -1672313781|
|  -1373790560|
|  -1373790560|
|   -807895432|
|   -807895432|
|    -40409965|
|    -40409965|
|    949859875|
|    949859875|
|    994537517|
|    994537517|
|   1518506229|
|   1518506229|
|   1518506229|
|   1518506229|
|   1518506229|
|   1518506229|
|   1518506229|
|   1518506229|
|   1518506229|
|   1518506229|
|   1518506229|
|   1518506229|
|   1518506229|
|   1518506229|
|   1518506229|
|   1518506229|
|   1518506229|
|   1518506229|
|   1518506229|
|   1758300702|
|   1758300702|
|   1796688912|
|   1796688912|
+-------------+
(35 rows)
* 
>>
* select hash(a5) from t_hash order by 1\g 
<<
Executing . . .


+-------------+
|col1         |
+-------------+
|  -1957904522|
|  -1926437590|
|  -1772218148|
|  -1772218148|
|  -1523663970|
|  -1498898498|
|  -1423007810|
|  -1325804154|
|   -981919716|
|   -893862323|
|   -605979573|
|   -522727862|
|   -158956430|
|   -143814943|
|     83992248|
|    101081897|
|    171087498|
|    427652529|
|    563496245|
|    862014152|
|    937928230|
|    972943805|
|    972943805|
|   1041429880|
|   1063538143|
|   1071821767|
|   1438940998|
|   1460720860|
|   1506896442|
|   1635496909|
|   1653255565|
|   1911366995|
|   2030457838|
|   2054694810|
|   2145294715|
+-------------+
(35 rows)
* 
>>
* select hash(a1 + a2) from t_hash order by 1\g 
<<
Executing . . .


+-------------+
|col1         |
+-------------+
|  -1618172077|
|  -1579868263|
|  -1550457317|
|  -1477529972|
|  -1476376233|
|  -1462688178|
|  -1354097072|
|  -1119449414|
|  -1101877531|
|   -957375550|
|   -895904829|
|   -844515154|
|   -825219796|
|   -744857955|
|   -574625210|
|   -294087656|
|   -283720928|
|   -111719360|
|    122725423|
|    174854868|
|    374171352|
|    418139779|
|    653924357|
|    782254728|
|    862161802|
|    952104831|
|    994083673|
|   1401514668|
|   1475942932|
|   1604218682|
|   1646038932|
|   1764384694|
|   1790449020|
|   1930065894|
|   1990106168|
+-------------+
(35 rows)
* 
>>
* select hash(a1 + a2 + a5) from t_hash order by 1\g 
<<
Executing . . .


+-------------+
|col1         |
+-------------+
|  -1909858108|
|  -1883209034|
|  -1642155465|
|  -1578823423|
|  -1537591851|
|   -868845471|
|   -797468290|
|   -683662926|
|   -518683076|
|   -476954552|
|   -401440380|
|   -389200348|
|   -334515527|
|   -251811477|
|   -157817858|
|   -149117473|
|    -33059627|
|     15549679|
|     57169666|
|     82670461|
|     88965631|
|    107018353|
|    403598278|
|    425741143|
|    450635836|
|    470874140|
|    578277268|
|    635473607|
|   1348794278|
|   1416014661|
|   1628126133|
|   1712339244|
|   1730309746|
|   1874256958|
|   1973575736|
+-------------+
(35 rows)
* 
>>
* select hash(concat(a1, a2)) from t_hash order by 1\g 
<<
Executing . . .


+-------------+
|col1         |
+-------------+
|  -1618172077|
|  -1579868263|
|  -1550457317|
|  -1477529972|
|  -1476376233|
|  -1462688178|
|  -1354097072|
|  -1119449414|
|  -1101877531|
|   -957375550|
|   -895904829|
|   -844515154|
|   -825219796|
|   -744857955|
|   -574625210|
|   -294087656|
|   -283720928|
|   -111719360|
|    122725423|
|    174854868|
|    374171352|
|    418139779|
|    653924357|
|    782254728|
|    862161802|
|    952104831|
|    994083673|
|   1401514668|
|   1475942932|
|   1604218682|
|   1646038932|
|   1764384694|
|   1790449020|
|   1930065894|
|   1990106168|
+-------------+
(35 rows)
* 
>>
* select hash(concat(a5, a2)) from t_hash order by 1\g 
<<
Executing . . .


+-------------+
|col1         |
+-------------+
|  -1618172077|
|  -1559958717|
|  -1550457317|
|  -1519410552|
|  -1477529972|
|  -1419665858|
|  -1354097072|
|  -1101877531|
|   -895904829|
|   -825219796|
|   -599726247|
|   -574625210|
|   -561895613|
|   -544035569|
|   -378957906|
|   -326587803|
|   -300709914|
|   -294087656|
|    122725423|
|    281825839|
|    374171352|
|    453375540|
|    459380095|
|    653752897|
|    653924357|
|    686717623|
|    952104831|
|    994083673|
|   1158782278|
|   1475942932|
|   1477213854|
|   1646038932|
|   1764384694|
|   1786212273|
|   1990106168|
+-------------+
(35 rows)
* 
>>
* select hash(concat(a1, a5)) from t_hash order by 1\g 
<<
Executing . . .


+-------------+
|col1         |
+-------------+
|  -1993588902|
|  -1956393172|
|  -1936517443|
|  -1919790761|
|  -1891206390|
|  -1764794814|
|  -1602928536|
|  -1492656621|
|  -1472134257|
|   -848263571|
|   -732542377|
|   -644023030|
|   -546033484|
|   -307466111|
|   -120047846|
|    -90716308|
|     63267215|
|    336680104|
|    494394540|
|    551930131|
|    645751552|
|    841739983|
|    903866452|
|   1228110301|
|   1297526763|
|   1311917228|
|   1425245074|
|   1633366757|
|   1646397515|
|   1738866322|
|   1791242202|
|   1880499861|
|   1935828117|
|   2103390504|
|   2135038923|
+-------------+
(35 rows)
* 
>>
* select hash(upper(a1) + upper(a2) + upper(a5)) from t_hash order by 1\g 
<<
Executing . . .


+-------------+
|col1         |
+-------------+
|  -1578823423|
|  -1537591851|
|  -1521409732|
|  -1265692227|
|  -1251576881|
|   -985128994|
|   -866961708|
|   -748875121|
|   -746400465|
|   -518683076|
|   -476954552|
|   -348648843|
|   -334515527|
|   -334515527|
|   -251811477|
|   -157817858|
|   -143004822|
|     57169666|
|     82670461|
|     88965631|
|    107018353|
|    423124127|
|    470874140|
|    563329847|
|    573560924|
|    591526093|
|    635473607|
|   1000527844|
|   1348794278|
|   1416014661|
|   1425635125|
|   1550712185|
|   1566550567|
|   1628126133|
|   1973575736|
+-------------+
(35 rows)
* 
>>
* select hash(lower(a1) + lower(a2) + lower(a5)) from t_hash order by 1\g 
<<
Executing . . .


+-------------+
|col1         |
+-------------+
|  -1909858108|
|  -1883209034|
|  -1700101622|
|  -1642155465|
|  -1625970978|
|   -877512096|
|   -868845471|
|   -841453323|
|   -797468290|
|   -683662926|
|   -683662926|
|   -656551101|
|   -631630537|
|   -401440380|
|   -389200348|
|   -149117473|
|    -33059627|
|     15549679|
|    403598278|
|    425741143|
|    450635836|
|    514792908|
|    578277268|
|    660564759|
|    942130185|
|   1026517882|
|   1040323316|
|   1067638902|
|   1324217139|
|   1514449086|
|   1712339244|
|   1730309746|
|   1798005933|
|   1864972366|
|   1874256958|
+-------------+
(35 rows)
* 
>>
* drop table t_hash;\g 
<<
~
>>
* \q 
<<
~
>>


Ending at: Tue Mar  7 10:32:25 2000
