/*
	Test Name: msfn006.sep
	Time: Mon Nov  1 08:39:05 1999
 
	Test ID : (TBD)
	Module  : 
	Filename:
	Purpose	: Test expressions in ORDER BY, GROUP BY
	Input Files  :
	Output Files :
	Database     :
	Tables       : misc
	Synopsis     :

    History: 01-Nov-1999 (panyu01) Created
             28-Mar-2000 (sarjo01) Cleanup.
	24-Jul-2001	(rogch01)
		Update row orders.  Also lost final drop table to allow tests
		to be rerun by hand.
        26-Sep-2005 (sinna02) Added order by to eliminate order diff. 
*/
? sql SEPPARAMDB 
<<
~
>>
* drop table misc;\g
<<
~
>>
* create table misc (a int, b int, c int, d varchar(20));\g 
<<
Executing . . .

* 
>>
* insert into misc values (1, 1, 1, 'Number One');\g 
<<
~
>>
* insert into misc values (2, 2, 2, 'Number Two');\g 
<<
~
>>
* insert into misc values (6, 3, 3, 'Number Three');\g 
<<
~
>>
* insert into misc values (12, 6, 4, 'Number Four');\g 
<<
~
>>
* commit;\g 
<<
~
>>
* insert into misc values (24, 12, 5, 'Number Five');\g 
<<
~
>>
* commit;\g 
<<
~
>>
* select * from misc order by a+b;\g
<<
Executing . . .


+-------------+-------------+-------------+--------------------+
|a            |b            |c            |d                   |
+-------------+-------------+-------------+--------------------+
|            1|            1|            1|Number One          |
|            2|            2|            2|Number Two          |
|            6|            3|            3|Number Three        |
|           12|            6|            4|Number Four         |
|           24|           12|            5|Number Five         |
+-------------+-------------+-------------+--------------------+
(5 rows)
continue
* 
>>
* select * from misc order by a-b;\g
<<
Executing . . .


+-------------+-------------+-------------+--------------------+
|a            |b            |c            |d                   |
+-------------+-------------+-------------+--------------------+
|            2|            2|            2|Number Two          |
|            1|            1|            1|Number One          |
|            6|            3|            3|Number Three        |
|           12|            6|            4|Number Four         |
|           24|           12|            5|Number Five         |
+-------------+-------------+-------------+--------------------+
(5 rows)
continue
* 
>>
* select * from misc order by a*b;\g
<<
Executing . . .


+-------------+-------------+-------------+--------------------+
|a            |b            |c            |d                   |
+-------------+-------------+-------------+--------------------+
|            1|            1|            1|Number One          |
|            2|            2|            2|Number Two          |
|            6|            3|            3|Number Three        |
|           12|            6|            4|Number Four         |
|           24|           12|            5|Number Five         |
+-------------+-------------+-------------+--------------------+
(5 rows)
continue
* 
>>
* select * from misc order by a/b;\g
<<
Executing . . .


+-------------+-------------+-------------+--------------------+
|a            |b            |c            |d                   |
+-------------+-------------+-------------+--------------------+
|            2|            2|            2|Number Two          |
|            1|            1|            1|Number One          |
|           12|            6|            4|Number Four         |
|           24|           12|            5|Number Five         |
|            6|            3|            3|Number Three        |
+-------------+-------------+-------------+--------------------+
(5 rows)
continue
* 
>>
* select * from misc order by a+b+c;\g
<<
Executing . . .


+-------------+-------------+-------------+--------------------+
|a            |b            |c            |d                   |
+-------------+-------------+-------------+--------------------+
|            1|            1|            1|Number One          |
|            2|            2|            2|Number Two          |
|            6|            3|            3|Number Three        |
|           12|            6|            4|Number Four         |
|           24|           12|            5|Number Five         |
+-------------+-------------+-------------+--------------------+
(5 rows)
continue
* 
>>
* select a, b from misc order by c;\g
<<
Executing . . .


+-------------+-------------+
|a            |b            |
+-------------+-------------+
|            1|            1|
|            2|            2|
|            6|            3|
|           12|            6|
|           24|           12|
+-------------+-------------+
(5 rows)
continue
* 
>>
* select a+b, avg(c) from misc group by a+b order by 2;\g
<<
Executing . . .


+-------------+-----------+
|col1         |col2       |
+-------------+-----------+
|            2|      1.000|
|            4|      2.000|
|            9|      3.000|
|           18|      4.000|
|           36|      5.000|
+-------------+-----------+
(5 rows)
continue
* 
>>
* select a+b, avg(c) from misc group by a+b having avg(c)>2 order by 2;\g
<<
Executing . . .


+-------------+-----------+
|col1         |col2       |
+-------------+-----------+
|            9|      3.000|
|           18|      4.000|
|           36|      5.000|
+-------------+-----------+
(3 rows)
continue
* 
>>
* select a-b, avg(c) from misc group by a-b order by 2;\g
<<
Executing . . .


+-------------+-----------+
|col1         |col2       |
+-------------+-----------+
|            0|      1.500|
|            3|      3.000|
|            6|      4.000|
|           12|      5.000|
+-------------+-----------+
(4 rows)
continue
* 
>>
* select a-b, avg(c) from misc group by a-b having avg(c)>3 order by 1;\g
<<
Executing . . .


+-------------+-----------+
|col1         |col2       |
+-------------+-----------+
|            6|      4.000|
|           12|      5.000|
+-------------+-----------+
(2 rows)
continue
* 
>>
* select a*b, avg(c) from misc group by a*b order by 1;\g
<<
Executing . . .


+-------------+-----------+
|col1         |col2       |
+-------------+-----------+
|            1|      1.000|
|            4|      2.000|
|           18|      3.000|
|           72|      4.000|
|          288|      5.000|
+-------------+-----------+
(5 rows)
continue
* 
>>
* select a*b, avg(c) from misc group by a*b having avg(c)>4;\g
<<
Executing . . .


+-------------+-----------+
|col1         |col2       |
+-------------+-----------+
|          288|      5.000|
+-------------+-----------+
(1 row)
continue
* 
>>
* select a/b, avg(c) from misc group by a/b order by 2;\g
<<
Executing . . .


+-------------+-----------+
|col1         |col2       |
+-------------+-----------+
|            1|      1.500|
|            2|      4.000|
+-------------+-----------+
(2 rows)
continue
* 
>>
* select a/b, avg(c) from misc group by a/b having avg(c)>4;\g
<<
Executing . . .


+-------------+-----------+
|col1         |col2       |
+-------------+-----------+
+-------------+-----------+
(0 rows)
continue
* 
>>
* select a+b+c, any(c) from misc group by a+b+c order by 1;\g
<<
Executing . . .


+-------------+------+
|col1         |col2  |
+-------------+------+
|            3|     1|
|            6|     1|
|           12|     1|
|           22|     1|
|           41|     1|
+-------------+------+
(5 rows)
continue
* 
>>
* select a+b+c, any(c) from misc group by a+b+c having any(c)=1 order by 1;\g
<<
Executing . . .


+-------------+------+
|col1         |col2  |
+-------------+------+
|            3|     1|
|            6|     1|
|           12|     1|
|           22|     1|
|           41|     1|
+-------------+------+
(5 rows)
continue
* 
>>
* select a-b, any(c) from misc group by a-b order by 1;\g
<<
Executing . . .


+-------------+------+
|col1         |col2  |
+-------------+------+
|            0|     1|
|            3|     1|
|            6|     1|
|           12|     1|
+-------------+------+
(4 rows)
continue
* 
>>
* select a-b, any(c) from misc group by a-b having any(c)=1 order by 1;\g
<<
Executing . . .


+-------------+------+
|col1         |col2  |
+-------------+------+
|            0|     1|
|            3|     1|
|            6|     1|
|           12|     1|
+-------------+------+
(4 rows)
continue
* 
>>
* select a*b*c, any(c) from misc group by a*b*c order by 1;\g
<<
Executing . . .


+-------------+------+
|col1         |col2  |
+-------------+------+
|            1|     1|
|            8|     1|
|           54|     1|
|          288|     1|
|         1440|     1|
+-------------+------+
(5 rows)
continue
* 
>>
* select a*b*c, any(c) from misc group by a*b*c having any(c)=1 order by 1;\g
<<
Executing . . .


+-------------+------+
|col1         |col2  |
+-------------+------+
|            1|     1|
|            8|     1|
|           54|     1|
|          288|     1|
|         1440|     1|
+-------------+------+
(5 rows)
continue
* 
>>
* select a*b*c, any(c) from misc group by a*b*c having any(c)>0 order by 1;\g
<<
Executing . . .


+-------------+------+
|col1         |col2  |
+-------------+------+
|            1|     1|
|            8|     1|
|           54|     1|
|          288|     1|
|         1440|     1|
+-------------+------+
(5 rows)
continue
* 
>>
* select a/b, any(c) from misc group by a/b order by 1;\g
<<
Executing . . .


+-------------+------+
|col1         |col2  |
+-------------+------+
|            1|     1|
|            2|     1|
+-------------+------+
(2 rows)
continue
* 
>>
* select a/b, any(c) from misc group by a/b having any(c)>1;\g
<<
Executing . . .


+-------------+------+
|col1         |col2  |
+-------------+------+
+-------------+------+
(0 rows)
continue
* 
>>
* select a+b+c, count(c) from misc group by a+b+c order by 1;\g
<<
Executing . . .


+-------------+-------------+
|col1         |col2         |
+-------------+-------------+
|            3|            1|
|            6|            1|
|           12|            1|
|           22|            1|
|           41|            1|
+-------------+-------------+
(5 rows)
continue
* 
>>
* select a+b+c, count(c) from misc group by a+b+c having count(c)=1 order by -
1;\g
<<
Executing . . .


+-------------+-------------+
|col1         |col2         |
+-------------+-------------+
|            3|            1|
|            6|            1|
|           12|            1|
|           22|            1|
|           41|            1|
+-------------+-------------+
(5 rows)
continue
* 
>>
* select a-b, count(c) from misc group by a-b order by 1;\g
<<
Executing . . .


+-------------+-------------+
|col1         |col2         |
+-------------+-------------+
|            0|            2|
|            3|            1|
|            6|            1|
|           12|            1|
+-------------+-------------+
(4 rows)
continue
* 
>>
* select a-b, count(c) from misc group by a-b having count(c)>1;\g
<<
Executing . . .


+-------------+-------------+
|col1         |col2         |
+-------------+-------------+
|            0|            2|
+-------------+-------------+
(1 row)
continue
* 
>>
* select a*b*c, count(c) from misc group by a*b*c order by 1;\g
<<
Executing . . .


+-------------+-------------+
|col1         |col2         |
+-------------+-------------+
|            1|            1|
|            8|            1|
|           54|            1|
|          288|            1|
|         1440|            1|
+-------------+-------------+
(5 rows)
continue
* 
>>
* select a*b*c, count(c) from misc group by a*b*c having count(c)>1;\g
<<
Executing . . .


+-------------+-------------+
|col1         |col2         |
+-------------+-------------+
+-------------+-------------+
(0 rows)
continue
* 
>>
* select a/b, count(c) from misc group by a/b order by 1;\g
<<
Executing . . .


+-------------+-------------+
|col1         |col2         |
+-------------+-------------+
|            1|            2|
|            2|            3|
+-------------+-------------+
(2 rows)
continue
* 
>>
* select a/b, count(c) from misc group by a/b having count(c)>2;\g
<<
Executing . . .


+-------------+-------------+
|col1         |col2         |
+-------------+-------------+
|            2|            3|
+-------------+-------------+
(1 row)
continue
* 
>>
* select a+b+c, sum(c) from misc group by a+b+c order by 1;\g
<<
Executing . . .


+-------------+-------------+
|col1         |col2         |
+-------------+-------------+
|            3|            1|
|            6|            2|
|           12|            3|
|           22|            4|
|           41|            5|
+-------------+-------------+
(5 rows)
continue
* 
>>
* select a+b+c, sum(c) from misc group by a+b+c having sum(c)>3 order by 1;\g
<<
Executing . . .


+-------------+-------------+
|col1         |col2         |
+-------------+-------------+
|           22|            4|
|           41|            5|
+-------------+-------------+
(2 rows)
continue
* 
>>
* select a-b, sum(c) from misc group by a-b order by 1;\g
<<
Executing . . .


+-------------+-------------+
|col1         |col2         |
+-------------+-------------+
|            0|            3|
|            3|            3|
|            6|            4|
|           12|            5|
+-------------+-------------+
(4 rows)
continue
* 
>>
* select a-b, sum(c) from misc group by a-b having sum(c)>3 order by 1;\g
<<
Executing . . .


+-------------+-------------+
|col1         |col2         |
+-------------+-------------+
|            6|            4|
|           12|            5|
+-------------+-------------+
(2 rows)
continue
* 
>>
* select a*b*c, sum(c) from misc group by a*b*c order by 1;\g
<<
Executing . . .


+-------------+-------------+
|col1         |col2         |
+-------------+-------------+
|            1|            1|
|            8|            2|
|           54|            3|
|          288|            4|
|         1440|            5|
+-------------+-------------+
(5 rows)
continue
* 
>>
* select a*b*c, sum(c) from misc group by a*b*c having sum(c)>4;\g
<<
Executing . . .


+-------------+-------------+
|col1         |col2         |
+-------------+-------------+
|         1440|            5|
+-------------+-------------+
(1 row)
continue
* 
>>
* select a/b, sum(c) from misc group by a/b order by 1;\g
<<
Executing . . .


+-------------+-------------+
|col1         |col2         |
+-------------+-------------+
|            1|            3|
|            2|           12|
+-------------+-------------+
(2 rows)
continue
* 
>>
* select a/b, sum(c) from misc group by a/b having sum(c)>10;\g
<<
Executing . . .


+-------------+-------------+
|col1         |col2         |
+-------------+-------------+
|            2|           12|
+-------------+-------------+
(1 row)
continue
* 
>>
* select a+b+c, avg(c) from misc group by a+b+c order by 1;\g
<<
Executing . . .


+-------------+-----------+
|col1         |col2       |
+-------------+-----------+
|            3|      1.000|
|            6|      2.000|
|           12|      3.000|
|           22|      4.000|
|           41|      5.000|
+-------------+-----------+
(5 rows)
continue
* 
>>
* select a+b+c, avg(c) from misc group by a+b+c having avg(c)>3 order by 1;\g
<<
Executing . . .


+-------------+-----------+
|col1         |col2       |
+-------------+-----------+
|           22|      4.000|
|           41|      5.000|
+-------------+-----------+
(2 rows)
continue
* 
>>
* select a-b, avg(c) from misc group by a-b order by 1;\g
<<
Executing . . .


+-------------+-----------+
|col1         |col2       |
+-------------+-----------+
|            0|      1.500|
|            3|      3.000|
|            6|      4.000|
|           12|      5.000|
+-------------+-----------+
(4 rows)
continue
* 
>>
* select a-b, avg(c) from misc group by a-b having avg(c)>1 order by 1;\g
<<
Executing . . .


+-------------+-----------+
|col1         |col2       |
+-------------+-----------+
|            0|      1.500|
|            3|      3.000|
|            6|      4.000|
|           12|      5.000|
+-------------+-----------+
(4 rows)
continue
* 
>>
* select a*b*c, avg(c) from misc group by a*b*c order by 1;\g
<<
Executing . . .


+-------------+-----------+
|col1         |col2       |
+-------------+-----------+
|            1|      1.000|
|            8|      2.000|
|           54|      3.000|
|          288|      4.000|
|         1440|      5.000|
+-------------+-----------+
(5 rows)
continue
* 
>>
* select a*b*c, avg(c) from misc group by a*b*c having avg(c)>2 order by 1;\g
<<
Executing . . .


+-------------+-----------+
|col1         |col2       |
+-------------+-----------+
|           54|      3.000|
|          288|      4.000|
|         1440|      5.000|
+-------------+-----------+
(3 rows)
continue
* 
>>
* select a/b, avg(c) from misc group by a/b order by 1;\g
<<
Executing . . .


+-------------+-----------+
|col1         |col2       |
+-------------+-----------+
|            1|      1.500|
|            2|      4.000|
+-------------+-----------+
(2 rows)
continue
* 
>>
* select a/b, avg(c) from misc group by a/b having avg(c)>1 order by 1;\g
<<
Executing . . .


+-------------+-----------+
|col1         |col2       |
+-------------+-----------+
|            1|      1.500|
|            2|      4.000|
+-------------+-----------+
(2 rows)
continue
* 
>>
* select a+b+c, max(c) from misc group by a+b+c order by 1;\g
<<
Executing . . .


+-------------+-------------+
|col1         |col2         |
+-------------+-------------+
|            3|            1|
|            6|            2|
|           12|            3|
|           22|            4|
|           41|            5|
+-------------+-------------+
(5 rows)
continue
* 
>>
* select a+b+c, max(c) from misc group by a+b+c having max(c)>1.5 order by 1;\g
<<
Executing . . .


+-------------+-------------+
|col1         |col2         |
+-------------+-------------+
|            6|            2|
|           12|            3|
|           22|            4|
|           41|            5|
+-------------+-------------+
(4 rows)
continue
* 
>>
* select a-b, max(c) from misc group by a-b order by 1;\g
<<
Executing . . .


+-------------+-------------+
|col1         |col2         |
+-------------+-------------+
|            0|            2|
|            3|            3|
|            6|            4|
|           12|            5|
+-------------+-------------+
(4 rows)
continue
* 
>>
* select a-b, max(c) from misc group by a-b having max(c)>2.5 order by 1;\g
<<
Executing . . .


+-------------+-------------+
|col1         |col2         |
+-------------+-------------+
|            3|            3|
|            6|            4|
|           12|            5|
+-------------+-------------+
(3 rows)
continue
* 
>>
* select a*b*c, max(c) from misc group by a*b*c order by 1;\g
<<
Executing . . .


+-------------+-------------+
|col1         |col2         |
+-------------+-------------+
|            1|            1|
|            8|            2|
|           54|            3|
|          288|            4|
|         1440|            5|
+-------------+-------------+
(5 rows)
continue
* 
>>
* select a*b*c, max(c) from misc group by a*b*c having max(c)>2.5 order by 1;\g
<<
Executing . . .


+-------------+-------------+
|col1         |col2         |
+-------------+-------------+
|           54|            3|
|          288|            4|
|         1440|            5|
+-------------+-------------+
(3 rows)
continue
* 
>>
* select a/b, max(c) from misc group by a/b order by 1;\g
<<
Executing . . .


+-------------+-------------+
|col1         |col2         |
+-------------+-------------+
|            1|            2|
|            2|            5|
+-------------+-------------+
(2 rows)
continue
* 
>>
* select a/b, max(c) from misc group by a/b having max(c)>2.6;\g
<<
Executing . . .


+-------------+-------------+
|col1         |col2         |
+-------------+-------------+
|            2|            5|
+-------------+-------------+
(1 row)
continue
* 
>>
* select a+b+c, min(c) from misc group by a+b+c order by 1;\g
<<
Executing . . .


+-------------+-------------+
|col1         |col2         |
+-------------+-------------+
|            3|            1|
|            6|            2|
|           12|            3|
|           22|            4|
|           41|            5|
+-------------+-------------+
(5 rows)
continue
* 
>>
* select a+b+c, min(c) from misc group by a+b+c having min(c)<=3 order by 1;\g
<<
Executing . . .


+-------------+-------------+
|col1         |col2         |
+-------------+-------------+
|            3|            1|
|            6|            2|
|           12|            3|
+-------------+-------------+
(3 rows)
continue
* 
>>
* select a-b, min(c) from misc group by a-b order by 1;\g
<<
Executing . . .


+-------------+-------------+
|col1         |col2         |
+-------------+-------------+
|            0|            1|
|            3|            3|
|            6|            4|
|           12|            5|
+-------------+-------------+
(4 rows)
continue
* 
>>
* select a-b, min(c) from misc group by a-b having min(c)<=2.5;\g
<<
Executing . . .


+-------------+-------------+
|col1         |col2         |
+-------------+-------------+
|            0|            1|
+-------------+-------------+
(1 row)
continue
* 
>>
* select a*b*c, min(c) from misc group by a*b*c order by 1;\g
<<
Executing . . .


+-------------+-------------+
|col1         |col2         |
+-------------+-------------+
|            1|            1|
|            8|            2|
|           54|            3|
|          288|            4|
|         1440|            5|
+-------------+-------------+
(5 rows)
continue
* 
>>
* select a*b*c, min(c) from misc group by a*b*c having min(c)<2.5 order by 1;\g
<<
Executing . . .


+-------------+-------------+
|col1         |col2         |
+-------------+-------------+
|            1|            1|
|            8|            2|
+-------------+-------------+
(2 rows)
continue
* 
>>
* select a/b, min(c) from misc group by a/b order by 1;\g
<<
Executing . . .


+-------------+-------------+
|col1         |col2         |
+-------------+-------------+
|            1|            1|
|            2|            3|
+-------------+-------------+
(2 rows)
continue
* 
>>
* select a/b, min(c) from misc group by a/b having min(c)<2;\g
<<
Executing . . .


+-------------+-------------+
|col1         |col2         |
+-------------+-------------+
|            1|            1|
+-------------+-------------+
(1 row)
continue
* 
>>
* \q
<<
~
>>
