/*
        Test Name: msfn023.sep
        Time: Tue Mar 21 10:36:14 2000
        User Name: testenv
        Terminal type: septerm

        Test ID : case3.sep
        Module  :
        Filename:
        Purpose :
        Input Files  :
        Output Files :
        Database     :  SEPPARAMDB
        Tables       :  casetable
        Synopsis     :  Test CASE statement in ESQLC 

    History: 21-Mar-2000 (linvi02) Created.
             11-Apr-2000 (sarjo01) Cleanup.
                         E_OP0681 error pending resolution of
                         S/T 8866260
	     26-Oct-2000 (vande02) Cleanup.
			 Added the relative path to case.sh so case.exe can
			 always be found on other Unix platforms and removed the
			 canonized bug (S/T 8866260) due to the E_OP0681 no
			 longer occurring.
             07-Nov-2000 (sarjo01) Updated canon to reflect correct behavior
			 of case 9 (3 rows is correct).
	24-Jul-2001	(rogch01)
		Incorporated casetable initialisation from soon to be defunct
		test msfn020.sep.
	17-Aug-2004	(rogch01)
		Port to VMS and Windows platforms without MKS.
*/
? sql -s SEPPARAMDB 
<<

>>
* drop table casetable\g
<<
~
>>
* create table casetable(someint int, somename varchar(30), somechar -
char(15))\g 
<<

>>
* insert into casetable values(2, 'days', 'weekend')\g 
<<
(1 row)
>>
* insert into casetable values(5, 'days', 'weekdays')\g 
<<
(1 row)
>>
* insert into casetable values(12, 'months', 'year')\g 
<<
(1 row)
>>
* insert into casetable values(24, 'hours', 'day')\g 
<<
(1 row)
>>
* insert into casetable values(100, 'years', 'century')\g 
<<
(1 row)
>>
* drop tableselect2\g\q
<<
~
>>
? fill case.sc 
!!
#include <stdio.h>
exec sql include sqlca;

void print_err();

main(int argc, char *argv[]) {
   exec sql begin declare section;
        int insidesql;
	char *dbname;
   exec sql end declare section;
   short casen;

   casen = argv[1][0] - '0';
   dbname = argv[2];

   exec sql whenever sqlerror call print_err;
   exec sql connect :dbname;
   exec sql inquire_sql(:insidesql = errorno);
   switch (casen) {
   case 0: exec sql create table tableselect2 as select case someint when 2 
           then 2 when 5 then 5 else 25 end as week,case when somename = 'days'
           then 'days' when somename = 'hours' then 'one day' 
           else 'not days' end as "weather day", case somechar when 'weekend' 
           then somechar when 'weekdays' then somechar 
           else 'does not matter' end as "whole week" from casetable
           where case someint when 2 then someint when 7 then someint when 12
           then someint when 24 then someint else someint/2 end <=
           case when someint < 100 then someint else someint-70 end
           or case when somename = 'years' then 'years' else 'nothing' end =
           case somename when somename then somename end group by someint, 
           somename, somechar having case someint when 2 then 2 when 5 
           then 5 else 6 end >= case someint when someint then someint end or 
           case when somechar = 'weekend' then somechar 
           when somechar = 'weekdays' then 'weekdays' 
           when somechar = 'day' then somechar else 'not good ' end = 
           case when somechar <> 'century' then somechar 
           when somechar <> 'years' then somechar else 'too long' end;
           break;
   case 1: exec sql drop tableselect2;
           exec sql create view tableselect2(c1, c2, c3) as select case someint
           when 2 then 2 when 5 then 5 else 25 end as week, case 
           when somename = 'days' then 'days' when somename = 'hours' 
           then 'one day' else 'not days' end as "weather day", case somechar 
           when 'weekend' then somechar when 'weekdays' then somechar
           else 'does not matter' end as "whole week" from casetable
           where case someint when 2 then someint when 7 then someint when 12
           then someint when 24 then someint else someint/2 end <=
           case when someint < 100 then someint else someint-70 end
           or case when somename = 'years' then 'years' else 'nothing' end =
           case somename when somename then somename end group by someint,
           somename, somechar having case someint when 2 then 2 when 5
           then 5 else 6 end >= case someint when someint then someint end or
           case when somechar = 'weekend' then somechar
           when somechar = 'weekdays' then 'weekdays'
           when somechar = 'day' then somechar else 'not good ' end =
           case when somechar <> 'century' then somechar
           when somechar <> 'years' then somechar else 'too long' end; break;
   case 2: exec sql drop tableselect2;
           exec sql create table tableselect2(age int, name char(20), 
                    hobby char(20));
           exec sql insert into tableselect2(age, name, hobby) select 
           case someint when 2 then 2 when 5 then 5 else 25 end as week, 
           case when somename = 'days' then 'days' when somename = 'hours'
           then 'one day' else 'not days' end as "weather day", case somechar
           when 'weekend' then somechar when 'weekdays' then somechar
           else 'does not matter' end as "whole week" from casetable
           where case someint when 2 then someint when 7 then someint when 12
           then someint when 24 then someint else someint/2 end <=
           case when someint < 100 then someint else someint-70 end
           or case when somename = 'years' then 'years' else 'nothing' end =
           case somename when somename then somename end group by someint,
           somename, somechar having case someint when 2 then 2 when 5
           then 5 else 6 end >= case someint when someint then someint end or
           case when somechar = 'weekend' then somechar
           when somechar = 'weekdays' then 'weekdays'
           when somechar = 'day' then somechar else 'not good ' end =
           case when somechar <> 'century' then somechar
           when somechar <> 'years' then somechar else 'too long' end; break;
   case 3: exec sql delete from tableselect2 where case name when 'days' 
           then name when 'hours' then name when 'years' then name 
           else 'happy days' end = case when hobby = 'weekdays' then 'days' 
           else 'some other day' end; break;
   case 4: exec sql update tableselect2 set hobby = case hobby when 'day 1' 
           then 'one day' when 'day 2' then 'two days' when 'day 3' 
           then 'three days' when 'day 4' then 'four days' 
           when 'does not matter' then 'easy day' else 'ignor day' end 
           where case when age >= 1 then age else 0 end > case age when 2 
           then age when 25 then 24 else 0 end and case 
           when hobby = 'does not matter' then hobby when hobby = 'weekend' 
           then hobby else 'no weekend' end = case name when 'days' 
           then 'weekend' when 'one day' then 'does not matter' 
           else 'not a weekend' end; break;
   case 5: exec sql create integrity on tableselect2 is case age when 0 
           then 1 when 1 then 2 when 3 then 4 else age end < case when age > 4 
           then age+1 when age = 2 then 22 else age end; 
	   exec sql insert into tableselect2 values(0, 'always', 'not working');
	   exec sql insert into tableselect2 values(7, 'insert', 'working');
           break;
   case 6: printf("case 6 execution\n"); break;
   case 7: printf("case 7 execution\n"); break;
   case 8: printf("case 8 execution\n"); break;
   case 9: exec sql drop tableselect2;
           exec sql create table tableselect2 as select case someint when 2 
           then 2 when 5 then 5 else 25 end as week, case 
           when somename = 'days' then 'days' when somename = 'hours' 
           then 'one day' else 'not days' end as "weather day", case somechar 
           when 'weekend' then somechar when 'weekdays' then somechar 
           else 'does not matter' end as "whole week" from casetable where 
           case someint when 2 then someint when 7 then someint when 12 
           then someint when 24 then someint else someint/2 end <= case 
           when someint < 100 then someint else someint-70 end or case 
           when somename = 'years' then 'years' else 'nothing' end = 
           case somename when somename then somename end group by someint, 
           somename, somechar having case someint when 2 then 2 when 5 
           then 5 else 6 end >= case someint when someint then someint end or 
           case when somechar = 'weekend' then somechar 
           when somechar = 'weekdays' then 'weekdays' when somechar = 'day' 
           then somechar else 'not good' end = case when somechar <> 'century' 
           then somechar when somechar <> 'years' then somechar 
           else 'too long' end and case somechar when 'weekend' 
           then 'no weekends' else somechar end = case when somechar <> ' ' 
           then somechar end; break;
   }
   exec sql commit;
   exec sql disconnect;
   return 0;
}

void print_err() {
    exec sql begin declare section;
        char dsp[550];
    exec sql end declare section;

    exec sql inquire_sql (:dsp = ERRORTEXT);
    printf("%s\n",dsp);
}
!!
? sepesqlc case.sc 
<<
ESQL case.sc:
>>
? sepcc case.c 
<<
case.c
>>
<<
>>
? seplnk case 
<<

>>
? run case.exe 0 SEPPARAMDB 
<<
>>
? sql -s SEPPARAMDB
<<

>>
* select * from tableselect2 order by 1\g\q
<<

+------+--------+---------------+
|week  |weather |whole week     |
+------+--------+---------------+
|     2|days    |weekend        |
|     5|days    |weekdays       |
|    25|one day |does not matter|
+------+--------+---------------+
(3 rows)
>>
? run case.exe 1 SEPPARAMDB 
<<
>>
? sql -s SEPPARAMDB
<<

>>
* select * from tableselect2 order by 1\g\q
<<

+------+--------+---------------+
|c1    |c2      |c3             |
+------+--------+---------------+
|     2|days    |weekend        |
|     5|days    |weekdays       |
|    25|one day |does not matter|
+------+--------+---------------+
(3 rows)
>>
? run case.exe 2 SEPPARAMDB 
<<
>>
? sql -s SEPPARAMDB
<<

>>
* select * from tableselect2 order by 1\g\q
<<


+------+--------+---------------+
|age   |name    |hobby          |
+------+--------+---------------+
|     2|days    |weekend        |
|     5|days    |weekdays       |
|    25|one day |does not matter|
+------+--------+---------------+
(3 rows)
>>
? run case.exe 3 SEPPARAMDB 
<<
>>
? sql -s SEPPARAMDB
<<

>>
* select * from tableselect2 order by 1\g\q
<<

+------+--------+---------------+
|age   |name    |hobby          |
+------+--------+---------------+
|     2|days    |weekend        |
|    25|one day |does not matter|
+------+--------+---------------+
(2 rows)
>>
? run case.exe 4 SEPPARAMDB 
<<
>>
? sql -s SEPPARAMDB
<<

>>
* select * from tableselect2 order by 1\g\q
<<


+------+--------+---------------+
|age   |name    |hobby          |
+------+--------+---------------+
|     2|days    |weekend        |
|    25|one day |easy day       |
+------+--------+---------------+
(2 rows)
>>
? run case.exe 5 SEPPARAMDB 
<<
>>
? sql -s SEPPARAMDB
<<

>>
* select * from tableselect2 order by 1\g\q
<<

+-------------+--------------------+--------------------+
|age          |name                |hobby               |
+-------------+--------------------+--------------------+
|            2|days                |weekend             |
|            7|insert              |working             |
|           25|one day             |easy day            |
+-------------+--------------------+--------------------+
(3 rows)
>>
? run case.exe 9 SEPPARAMDB 
<<
>>
? sql -s SEPPARAMDB
<<

>>
* select * from tableselect2 order by 1\g\q
<<

+------+--------+---------------+
|week  |weather |whole week     |
+------+--------+---------------+
|     2|days    |weekend        |
|     5|days    |weekdays       |
|    25|one day |does not matter|
+------+--------+---------------+
(3 rows)
>>
? delete case.o 
<<
~
>>
? delete case.obj 
<<
~
>>
? delete case.c 
<<
file was deleted
>>
? delete case.exe 
<<
file was deleted
>>


Ending at: Tue Nov 07 16:24:12 2000
