/*
	Test Name: ttpp13.sep
	Time: Mon Dec 16 11:45:29 1996
	User Name: testenv
	Terminal type: septerm
 
	Test ID : ttpp13.sep 
	Module  : 
	Filename:
	Purpose	: The purpose of this test is to pass a global temporary 
                  table as a parameter to a database procedure for the
                  text datatype.
	Input Files  : ttpp13.sql
	Output Files :
	Database     : ttppdb
	Tables       : session.gt, t1, t2
	Synopsis     :

 History: 16-Dec-1996	(Author)  Created
	  23-Mar-1999   (vande02) Hard-coded VPG_SZ to 2K
    	  05-Jul-2002   (shafa01) Test cleanup Bug: 108167 
*/
? fill ttpp13.sql 
!!
set autocommit on \p\g
drop session.gt \p\g
drop procedure p1 \p\g
drop procedure p2 \p\g
drop procedure p3 \p\g
drop procedure p4 \p\g
drop procedure p5 \p\g
drop procedure p6 \p\g

drop table t1 \p\g
drop table t2 \p\g


declare global temporary table session.gt(col1 int, col2 text(8)) on commit 
preserve rows with norecovery, page_size= 2048 \p\g
insert into session.gt values (1000, 'gt.one') \p\g
insert into session.gt values (2000, 'gt.two') \p\g
insert into session.gt values (3000, 'gt.three') \p\g
insert into session.gt values (4000, 'gt.four') \p\g
insert into session.gt values (5000, 'gt.five') \p\g

create table t1(col1 text(8) )  with page_size=2048 \p\g
insert into t1 values('t1.one') \p\g
insert into t1 values('t1.two') \p\g

create table t2(col1 int, col2 text(8)) with page_size=2048 \p\g

create procedure p1( gtt1 set of (col1 int, col2 text(8) )) as 
begin 
    insert into t1 select col2 from gtt1 where col2='gt.five';
end; \p\g

create procedure p2( gtt1 set of (col1 int, col2 text(8) )) as 
begin 
    insert into t2 select * from gtt1;
end; \p\g

create procedure p3( gtt1 set of (col1 int, col2 text(8) )) as 
begin 
    insert into gtt1 values (500,'gt.new');
    insert into t2 select * from gtt1 where col2='gt.new';
end; \p\g

create procedure p4( gtt1 set of (col1 int, col2 text(8) )) as 
begin 
    update t2 from gtt1 set col2='update' where t2.col1=gtt1.col1 and 
    gtt1.col1=4000;
end; \p\g

create procedure p5( gtt1 set of (col1 int, col2 text(8) )) as
begin
   delete from t2 where t2.col1 in (select gtt1.col1 from gtt1 
   where t2.col1=gtt1.col1 and gtt1.col2='gt.new' and gtt1.col1<=3000) ;
   delete from t1 where t1.col1 in (select col2 from gtt1);
end \p\g

create procedure p6 (gtt1 set of (col1 int, col2 text(8))) as
begin
   delete from t2 where t2.col1 in (select gtt1.col1 from gtt1);
end \p\g

select * from t1 \p\g
execute procedure p1 (gtt1=session.gt) \p\g
select * from t1 \p\g

select * from t2 \p\g
execute procedure p2 (gtt1=session.gt) \p\g
select * from t2 \p\g

execute procedure p3 (gtt1=session.gt) \p\g
select * from t2 \p\g

execute procedure p4 (gtt1=session.gt) \p\g
select * from t2 \p\g
select * from t1 \p\g

execute procedure p5 (gtt1=session.gt) \p\g
select * from t2 \p\g
select * from t1 \p\g

execute procedure p6 (gtt1=session.gt) \p\g
select * from t2 \p\g

drop table t1 \p\g
drop table t2 \p\g        
drop procedure p1 \p\g
drop procedure p2 \p\g
drop procedure p3 \p\g
drop procedure p4 \p\g
drop procedure p5 \p\g
drop procedure p6 \p\g
drop table session.gt \p\g
!!
? sql -s SEPPARAMDB 
<<

>>
* \i ttpp13.sql 
<<
/* SQL Startup File */
set autocommit on 
drop session.gt 
E_US0ACC DROP: 'gt' is not owned by $Sess00000022.
    (Mon Dec 16 11:46:00 1996)

drop procedure p1 
E_US0965 Procedure 'p1' not found.
    (Mon Dec 16 11:46:00 1996)

drop procedure p2 
E_US0965 Procedure 'p2' not found.
    (Mon Dec 16 11:46:00 1996)

drop procedure p3 
E_US0965 Procedure 'p3' not found.
    (Mon Dec 16 11:46:00 1996)

drop procedure p4 
E_US0965 Procedure 'p4' not found.
    (Mon Dec 16 11:46:00 1996)

drop procedure p5 
E_US0965 Procedure 'p5' not found.
    (Mon Dec 16 11:46:00 1996)

drop procedure p6 
E_US0965 Procedure 'p6' not found.
    (Mon Dec 16 11:46:00 1996)


drop table t1 
E_US0AC1 DROP: 't1' does not exist or is not owned by you.
    (Mon Dec 16 11:46:00 1996)

drop table t2 
E_US0AC1 DROP: 't2' does not exist or is not owned by you.
    (Mon Dec 16 11:46:00 1996)



declare global temporary table session.gt(col1 int, col2 text(8)) on commit 
preserve rows with norecovery, page_size= 2048 
insert into session.gt values (1000, 'gt.one') 
(1 row)
insert into session.gt values (2000, 'gt.two') 
(1 row)
insert into session.gt values (3000, 'gt.three') 
(1 row)
insert into session.gt values (4000, 'gt.four') 
(1 row)
insert into session.gt values (5000, 'gt.five') 
(1 row)

create table t1(col1 text(8) )  with page_size=2048 
insert into t1 values('t1.one') 
(1 row)
insert into t1 values('t1.two') 
(1 row)

create table t2(col1 int, col2 text(8)) with page_size=2048 

create procedure p1( gtt1 set of (col1 int, col2 text(8) )) as 
begin 
    insert into t1 select col2 from gtt1 where col2='gt.five';
end; 

create procedure p2( gtt1 set of (col1 int, col2 text(8) )) as 
begin 
    insert into t2 select * from gtt1;
end; 

create procedure p3( gtt1 set of (col1 int, col2 text(8) )) as 
begin 
    insert into gtt1 values (500,'gt.new');
    insert into t2 select * from gtt1 where col2='gt.new';
end; 

create procedure p4( gtt1 set of (col1 int, col2 text(8) )) as 
begin 
    update t2 from gtt1 set col2='update' where t2.col1=gtt1.col1 and 
    gtt1.col1=4000;
end; 

create procedure p5( gtt1 set of (col1 int, col2 text(8) )) as
begin
   delete from t2 where t2.col1 in (select gtt1.col1 from gtt1 
   where t2.col1=gtt1.col1 and gtt1.col2='gt.new' and gtt1.col1<=3000) ;
   delete from t1 where t1.col1 in (select col2 from gtt1);
end 

create procedure p6 (gtt1 set of (col1 int, col2 text(8))) as
begin
   delete from t2 where t2.col1 in (select gtt1.col1 from gtt1);
end 

select * from t1 

+--------+
|col1    |
+--------+
|t1.one  |
|t1.two  |
+--------+
(2 rows)
execute procedure p1 (gtt1=session.gt) 
select * from t1 

+--------+
|col1    |
+--------+
|t1.one  |
|t1.two  |
|gt.five |
+--------+
(3 rows)

select * from t2 

+-------------+--------+
|col1         |col2    |
+-------------+--------+
+-------------+--------+
(0 rows)
execute procedure p2 (gtt1=session.gt) 
select * from t2 

+-------------+--------+
|col1         |col2    |
+-------------+--------+
|         1000|gt.one  |
|         2000|gt.two  |
|         3000|gt.three|
|         4000|gt.four |
|         5000|gt.five |
+-------------+--------+
(5 rows)

execute procedure p3 (gtt1=session.gt) 
select * from t2 

+-------------+--------+
|col1         |col2    |
+-------------+--------+
|         1000|gt.one  |
|         2000|gt.two  |
|         3000|gt.three|
|         4000|gt.four |
|         5000|gt.five |
|          500|gt.new  |
+-------------+--------+
(6 rows)

execute procedure p4 (gtt1=session.gt) 
select * from t2 

+-------------+--------+
|col1         |col2    |
+-------------+--------+
|         1000|gt.one  |
|         2000|gt.two  |
|         3000|gt.three|
|         4000|update  |
|         5000|gt.five |
|          500|gt.new  |
+-------------+--------+
(6 rows)
select * from t1 

+--------+
|col1    |
+--------+
|t1.one  |
|t1.two  |
|gt.five |
+--------+
(3 rows)

execute procedure p5 (gtt1=session.gt) 
select * from t2 

+-------------+--------+
|col1         |col2    |
+-------------+--------+
|         1000|gt.one  |
|         2000|gt.two  |
|         3000|gt.three|
|         4000|update  |
|         5000|gt.five |
+-------------+--------+
(5 rows)
select * from t1 

+--------+
|col1    |
+--------+
|t1.one  |
|t1.two  |
+--------+
(2 rows)

execute procedure p6 (gtt1=session.gt) 
select * from t2 

+-------------+--------+
|col1         |col2    |
+-------------+--------+
+-------------+--------+
(0 rows)

drop table t1 
drop table t2 
        
drop procedure p1 
drop procedure p2 
drop procedure p3 
drop procedure p4 
drop procedure p5 
drop procedure p6 
drop table session.gt 
>>
* \q 
<<

>>


Ending at: Mon Dec 16 11:46:28 1996
