/*
	Test Name   : 	FSTM Initialization for Ingres Data Types
	Time        : 	
	User Name   : 	TESTENV

	Test ID     : 	initfstm
	Module      : 	
	Filename    : 	initfstm.sep  
	Purpose     :	
	Database    :	SEPPARAMDB
	Tables      :	
	Synopsis    :	Drop and create FSTM test tables and fill with data.
	History     :   30-sep-1993	(jpark)
				A copy of bsopnld.sep.
                               be run prior to
	Note	    : 	This script must be run prior to the FSTM tests.
        27-Dec-1993	(daniel lee) created a table "blobtbl_01" and
		                     inserted rows 
        15-Apr-1994     daniel Update to include tables, and
			       synonyms in order to test
			       FIPS 6.5.
			       NOTE: users.sql script must
			       be run prior to running
			       this init script.
			       NOTE: due VMS bug 54750
			       (or 54050), you will see
			       DIFF when you try to connect
			       to DB using -u w/ delim user.
        15-Apr-1994     (daniel) 
			added blbtb_02, blbtb_03, blbtb_04, blbtb_05 tables
                        and inserted rows
        21-Apr-1994     (daniel) accepted new canon for the added tables in
			the previous submission
*/
? fill drop.sql 
!!
drop table qebldg, qedept, qeemp, qeparts, qesalhist, qereview, qesuppliers;\g
drop table blobtbl_01, blbtb_02, blbtb_03, blbtb_04, blbtb_05;\g
!!
? fill tables.sql 
!!
create table qebldg (
   qebldg	char(2),
   qest_adr	char(30),
   qecity	char(15),
   qestate	char(2),
   qezip	char(5));
insert into qebldg values
   ('A', '1000 University Ave   ' ,'Berkeley  ',  'CA','94000');
insert into qebldg values
   ('B', '1800 Shattuck Ave     ' ,'Berkeley  ',  'CA','94100');
insert into qebldg values
   ('C', '900 Lake Shore Blvd   ' ,'Chicago   ',  'IL','60080');
insert into qebldg values
   ('D', '24130 Pennsylvania Ave' ,'Washington',  'DC','20198');
insert into qebldg values
   ('E', '42318 Woodsay Blvd    ' ,'Houston   ',  'TX','77009');
insert into qebldg values
   ('F', '1585 Eye St           ' ,'Washington',  'DC','20199');\g

create table qedept (
   qedname	char(8),
   qediv	char(3),
   qesales	float,
   qebldg	char(2),
   qefloor	smallint,
   qenum_emp	smallint);
insert into qedept values
   ('admin   ','NW',                 0.00,'C',  2,     4);
insert into qedept values
   ('market  ','NW',              9200.00,'A',  1,     2);
insert into qedept values
   ('sales   ','NC',            120000.00,'A',  2,     1);
insert into qedept values
   ('sales   ','NE',                 0.00,'D', 18,     4);
insert into qedept values
   ('sales   ','NW',            200000.00,'A',  2,     1);
insert into qedept values
   ('sales   ','SC',             95000.00,'E',  1,     1);
insert into qedept values
   ('sales   ','SE',            175000.00,'D', 18,     1);
insert into qedept values
   ('tech sup','NC',              5000.00,'C',  2,     3);
insert into qedept values
   ('tech sup','NE',             20000.00,'D', 17,     2);
insert into qedept values
   ('tech sup','NW',                 0.00,'B',  1,     1);
insert into qedept values
   ('tech sup','SE',                 0.00,'D', 19,     1);\g

create table qeemp (
   qename	char(10),
   qesalary	float,
   qedept	char(8),
   qediv	char(3),
   qemgr	char(10),
   qebirthdate	char(25),
   qenum_dep	smallint);
insert into qeemp values
   ('Aitken    ',  50000.00,'sales   ','NE','Verducci', '12-mar-1947',   2);
insert into qeemp values
   ('Blumberg  ',  32000.00,'sales   ','SC','Clark   ', ' 6-dec-1952',   2);
insert into qeemp values
   ('Brodie    ',  40000.00,'sales   ','NC','Clark   ', ' 1-feb-1948',   2);
insert into qeemp values
   ('Cameron   ',  35000.00,'tech sup','SE','Shigio  ', '15-aug-1960',   0);
insert into qeemp values
   ('Clark     ',  40000.00,'sales   ','NC','Verducci', '18-nov-1949',   1);
insert into qeemp values
   ('Curan     ',  30000.00,'tech sup','NW','Shigio  ', '20-aug-1959',   0);
insert into qeemp values
   ('Curry     ',  32000.00,'tech sup','NW','Shigio  ', '30-nov-1955',   3);
insert into qeemp values
   ('Giller    ',  46000.00,'sales   ','NC','Clark   ', ' 9-jun-1953',   1);
insert into qeemp values
   ('Gordon    ',  27000.00,'tech sup','NC','Shigio  ', '23-may-1963',   0);
insert into qeemp values
   ('Green     ',  26000.00,'market  ','NW','McTigue ', '19-dec-1961',   0);
insert into qeemp values
   ('Gregori   ',  31000.00,'sales   ','NW','Verducci', '21-oct-1949',   2);
insert into qeemp values
   ('Huber     ',  32000.00,'sales   ','NC','Clark   ', '29-jun-1951',   2);
insert into qeemp values
   ('Kay       ',  38000.00,'sales   ','NC','Clark   ', '12-mar-1944',   3);
insert into qeemp values
   ('Kreseski  ',  24000.00,'tech sup','NC','Shigio  ', '11-sep-1955',   0);
insert into qeemp values
   ('Mandic    ',  43000.00,'sales   ','SE','Verducci', '10-jul-1964',   0);
insert into qeemp values
   ('McShane   ',  22000.00,'admin   ','NW','Clark   ', ' 3-mar-1943',   0);
insert into qeemp values
   ('McTigue   ',  41000.00,'sales   ','NW','Verducci', ' 9-apr-1953',   1);
insert into qeemp values
   ('Ming      ',  22000.00,'tech sup','SE','Shigio  ', ' 4-may-1956',   1);
insert into qeemp values
   ('Ramos     ',  30000.00,'tech sup','NW','Shigio  ', '21-jan-1941',   0);
insert into qeemp values
   ('Robinson  ',  80000.00,'sales   ','NE','Verducci', '20-nov-1952',   1);
insert into qeemp values
   ('Sabel     ',  21000.00,'tech sup','SE','Shigio  ', ' 8-jan-1958',   0);
insert into qeemp values
   ('Saxena    ',  22000.00,'tech sup','NC','Shigio  ', ' 8-may-1950',   0);
insert into qeemp values
   ('Shigio    ',  28000.00,'sales   ','SE','Verducci', ' 9-jul-1948',   3);
insert into qeemp values
   ('Stannich  ',  33000.00,'market  ','NW','McTigue ', '13-dec-1961',   0);
insert into qeemp values
   ('Stein     ',  40000.00,'sales   ','NE','Verducci', '25-dec-1952',   1);
insert into qeemp values
   ('Stover    ',  35000.00,'admin   ','NW','Clark   ', ' 3-oct-1940',   4);
insert into qeemp values
   ('Sullivan  ',  35000.00,'tech sup','NW','Shigio  ', '10-oct-1960',   1);
insert into qeemp values
   ('Verducci  ',  55000.00,'admin   ','NW','        ', '25-dec-1958',   2);
insert into qeemp values
   ('Zimmerman ',  25000.00,'tech sup','NE','Shigio  ', '28-aug-1962',   0);\g

create table qesalhist (
   qename	char(10),
   qedate	char(25),
   qesalary	float);\g

create table qereview (
   qename 	char(10),
   qerev_date 	char(25),
   qestrength 	char(250),
   qeweakness 	char(250),
   qegoals 	char(250));
insert into qereview values 
('Ming','12-jun-1983','Shows mastery of current material and willingness to learn ne-
w material.  Responds enthusiastically to customer''s questions.  Has been helpful t-
raining less knowledgeable staff.','Has difficulty articulating complicated details -
to unsophisticated customers.','Establish formal training of new staff and take resp-
onsibility for their progress gaining mastery of new material.'); 
insert into qereview values 
('Ramos','9-apr-1983','Seems willing to learn new material.  Shows eagerness to lear-
n several new programming languages to broaden the base of customers to which she ca-
n respond.  Has progressed greatly in amount of material she has mastered s','Has di-
fficulty arriving on time for work.','Learn two new programming languages by next re-
view in six months.');\g

create table qesuppliers (
   qesno	char(5),
   qesname	char(20),
   qestatus	smallint,
   qecity	char(15));
insert into qesuppliers values('s1','Smith',20,'London');
insert into qesuppliers values ('s2','Jones',10,'Paris');
insert into qesuppliers values ('s3','Blake',30,'Paris');
insert into qesuppliers values ('s4','Clark',20,'London');
insert into qesuppliers values ('s5','Adams',30,'Athens');\g

create view qelowpay (qename, qesalary)
   as select qename, qesalary
   from qeemp
   where qesalary < 30000;\g

create view qeempinfo (qename, qedept, qediv, qebldg, qefloor)
   as select qeemp.qename, qeemp.qedept, qeemp.qediv,
      qedept.qebldg, qedept.qefloor
   from qeemp, qedept
   where qeemp.qedept = qedept.qedname and qeemp.qediv = qedept.qediv;\g

create view qeyoungemp (qename, qesalary)
   as select qename, qesalary
   from qeemp
   where qebirthdate > '1/1/55';\g

create table qeparts (
   qepno	char(6),
   qepname	char(20),
   qecolor	char(6),
   qeweight	smallint,
   qecity	char(15));
insert into qeparts values ('p1','nut','red',12,'London');
insert into qeparts values ('p2','bolt','green',17,'Paris');
insert into qeparts values ('p3','screw','blue',17,'Rome');
insert into qeparts values ('p4','screw','red',14,'London');
insert into qeparts values ('p5','cam','blue',12,'Paris');
insert into qeparts values ('p6','cog','red',19,'London');\g

create table blobtbl_01 (
   bl_int integer,
   bl_float float(5),
   bl_varchar varchar(15),
   bl_long long varchar,
   bl_dec decimal(5, 2) );\g

insert into blobtbl_01 values
(101, 12345.123, 'andrew', 'abcdefghijklmn', 123.12);
insert into blobtbl_01 values
(102, 987654.321, 'bob', 'abcdefghijklmnop', 997.12);
insert into blobtbl_01 values
(103, 9876512345.23456, 'carl', 'abcdefghijklmnopqrstu', 888.99);
insert into blobtbl_01 values
(104, 789234567.124567, 'david', 'bbbbbbbb.bbbb', 777.77);
insert into blobtbl_01 values
(105, 2345678.21345678901, 'eric', 'cccccccccccc', 666.66);
insert into blobtbl_01 values
(106, 1111111111.111, 'fred', 'ddddddddddddddddddddddddd', 555.55);
insert into blobtbl_01 values
(107, 444444444.33333, 'greg', 'eeeeeeeeeeeeeeeee', 444.44);
insert into blobtbl_01 values
(108, 33333333.333333, 'heidi', 'ffffffffffffffff', 333.33);
insert into blobtbl_01 values
(109, 2222222222.22222, 'ice', 'GGGGGGGGGGGGGGGG', 222.22);
insert into blobtbl_01 values
(110, 11111111.11111, 'jack', 'HHHHHHHHHHHHHHHH', 11.111);\g

create table blbtb_02
(intcol1 integer not null, lvcol1 long varchar, lvcol2 long byte);
insert into blbtb_02 (intcol1, lvcol1, lvcol2)
values (889, 'lvcol1=long varchar 1a', 'lvcol2=long byte');\g

create table blbtb_03
(intcol1 integer not null, lvcol1 long varchar, lvcol3 byte);
insert into blbtb_03 (intcol1, lvcol1, lvcol3)
values (182, 'lvcol1=long varchar 1b', 'lvcol3=byte');\g

create table blbtb_04
(intcol1 integer not null, lvcol4 long varchar);
insert into blbtb_04 (intcol1, lvcol4)
values (115905, 'lvcol4=long varchar 4');\g

create table blbtb_05
(intcol1 integer not null, lvcol5 byte varying);
insert into blbtb_05 (intcol1, lvcol5)
values (1223, 'lvcol5=byte varying');\g
!!
? fill u65a_drp.sql 
!!
drop table t65_1; \p\g
drop synonym s65_1; \p\g
drop table t65_2; \p\g
drop synonym s65_2; \p\g
drop table "table's ID 123"; \p\g
drop table "wHEre"; \p\g
drop synonym s65_8; \p\g
drop synonym "inSErt"; \p\g
drop synonym "synonym's ID 123"; \p\g
drop table t65_6; \p\g
!!
? fill u65a_ts.sql 
!!
create table t65_1 (floatcol_u65A_t65_1 float(10) not null, deccol_u65A_t65_1
decimal(20,15), joincol varchar(10)); \p\g
insert into t65_1 (floatcol_u65A_t65_1, deccol_u65A_t65_1, joincol)
	values (1.081709421993, 2.081709421993, 'for joindf'); \g
insert into t65_1 (floatcol_u65A_t65_1, deccol_u65A_t65_1, joincol)
	values (1.111119421993, 2.111119421993, 'for joindf'); \g

create table t65_2 (floatcol_u65A_t65_2 float(10) not null, deccol_u65A_t65_2
decimal(20,15), joincol varchar(10)); \p\g
insert into t65_2 (floatcol_u65A_t65_2, deccol_u65A_t65_2, joincol)
	values (11.081709421993, 11.081709421993, 'for joindf'); \g
insert into t65_2 (floatcol_u65A_t65_2, deccol_u65A_t65_2, joincol)
	values (11.111119421993, 11.111119421993, 'for joindf'); \g

create table "table's ID 123"
(floatcol_u65A_tmix1 float(10) not null, deccol_u65A_tmix1 decimal(20, 15),
 "column's ID 123_u65A_tmix1" varchar(10), joincol varchar(10)); \p\g
insert into "table's ID 123"
(floatcol_u65A_tmix1, deccol_u65A_tmix1, "column's ID 123_u65A_tmix1", joincol)
values (7.081709421993, 12345.123456789012345, 'select', 'for joindf')
; \g
insert into "table's ID 123"
(floatcol_u65A_tmix1, deccol_u65A_tmix1, "column's ID 123_u65A_tmix1",joincol)
values (7.111119421993, 22345.123456789012345, 'update', 'for joindf');\g

create table "wHEre"
(floatcol_u65A_where float(10) not null, deccol_u65A_where decimal(20,
15), "upDATE" varchar(10), joincol varchar(10)); \p\g
insert into "wHEre" (floatcol_u65A_where, deccol_u65A_where, "upDATE", joincol)
values (8.081709421993, 22345.123456789012345, 'select', 'for joindf')\g
insert into "wHEre" (floatcol_u65A_where, deccol_u65A_where, "upDATE", joincol)
values (8.111119421993, 32345.123456789012345, 'update', 'for joindf')
\g

create table t65_6 (floatcol_u65A_t65_6 float(10) not null, deccol_u65A_t65_6
decimal(20,15), joincol varchar(10)); \p\g
insert into t65_6 (floatcol_u65A_t65_6, deccol_u65A_t65_6, joincol)
values (10.081709421993, 6.081709421993, 'for joindf') \g
insert into t65_6 (floatcol_u65A_t65_6, deccol_u65A_t65_6, joincol)
	values (10.111119421993, 6.111119421993, 'for joindf') \g

grant select, update on t65_6 to u65C; \p\g

create synonym s65_1 for t65_1; \p\g
create synonym s65_2 for t65_2; \p\g
create synonym "inSErt" for "wHEre"; \p\g
create synonym "synonym's ID 123" for
	"table's ID 123" ; \p\g
!!
? fill u65a_ts1.sql 
!!
create synonym s65_8 for u65B.t65_4; \p\g
!!
? fill u65d_drp.sql 
!!
drop table t65_5; \p\g
drop synonym s65_5; \p\g
!!
? fill u65d_ts.sql 
!!
create table t65_5 (intcol_u65D_t65_5 integer not null, deccol_u65D_t65_5 decimal(20-
,15),
joincol varchar(10)); \p\g
insert into t65_5 (intcol_u65D_t65_5, deccol_u65D_t65_5, joincol)
values (81, 11.009421993, 'for joindf'); \g
insert into t65_5 (intcol_u65D_t65_5, deccol_u65D_t65_5, joincol)
values (29, 107.121993, 'for joindf'); \g

grant select, update on t65_5 to u65B with grant option; \p\g

create synonym s65_5 for t65_5; \p\g

grant select, update on s65_5 to u65B with grant option; \p\g
!!
? fill u65b_drp.sql 
!!
drop table t65_2; \p\g
drop table t65_4; \p\g
drop synonym s65_2; \p\g
drop synonym s65_4; \p\g
!!
? fill u65b_ts.sql 
!!
create table t65_2 (floatcol_u65B_t65_2 float(10) not null, deccol_u65B_t65_2
decimal(20,15), joincol varchar(10)); \p\g
insert into t65_2 (floatcol_u65B_t65_2, deccol_u65B_t65_2, joincol)
	values (2.081709421993, 3.081709421993, 'for joindf'); \g
insert into t65_2 (floatcol_u65B_t65_2, deccol_u65B_t65_2, joincol)
	values (2.111119421993, 3.111119421993, 'for joindf'); \g

create table t65_4 (floatcol_u65B_t65_4 float(10) not null, deccol_u65B_t65_4
decimal(20,15), joincol varchar(10)); \p\g
insert into t65_4 (floatcol_u65B_t65_4, deccol_u65B_t65_4, joincol)
	values (4.081709421993, 5.081709421993, 'for joindf'); \g
insert into t65_4 (floatcol_u65B_t65_4, deccol_u65B_t65_4, joincol)
	values (4.111119421993, 5.111119421993, 'for joindf'); \g

grant select, update on t65_4 to u65A, "seLEct"; \p\g
grant select, update on t65_5 to public; \p\g

create synonym s65_2 for t65_2; \p\g
create synonym s65_4 for t65_4; \p\g

grant select, update on s65_4 to u65A, "seLEct"; \p\g
grant select, update on s65_5 to public; \p\g
!!
? fill u65c_drp.sql 
!!
drop table t65_6; \p\g
drop synonym s65_9; \p\g
!!
? fill u65c_ts.sql 
!!
create table t65_6 (floatcol_u65C_t65_6 float(10) not null, deccol_u65C_t65_6
decimal(20,15), joincol varchar(10)); \p\g
insert into t65_6 (floatcol_u65C_t65_6, deccol_u65C_t65_6, joincol)
	values (14.081709421993, 16.081709421993, 'for joindf') \g
insert into t65_6 (floatcol_u65C_t65_6, deccol_u65C_t65_6, joincol)
	values (14.111119421993, 16.111119421993, 'for joindf') \g

grant select, update on t65_6 to u65A; \p\g

create synonym s65_9 for t65_6; \p\g

grant select, update on s65_9 to u65A; \p\g
!!
? fill umix_drp.sql 
!!
drop table "delim TABLE"; \p\g
drop synonym "delim SYNONYM"; \p\g
drop table t65_10; \p\g
drop synonym s65_10; \p\g
drop table "table2's ID 123"; \p\g
drop synonym "synonym2's ID 123"; \p\g
drop table t65_11; \p\g
drop synonym s65_11; \p\g
!!
? fill umix_ts.sql 
!!
create table "delim TABLE"
(floatcol_umix_deltbl float(10) not null, deccol_umix_deltbl decimal(20, 15),
"delim COLUMN_umix_deltbl" varchar(10), "deLEte" integer, joincol varchar(10)); \p\g
insert into "delim TABLE"
(floatcol_umix_deltbl, deccol_umix_deltbl, "delim COLUMN_umix_deltbl","deLEte", join-
col)
values (9.081793, 234.12345678345, 'join', 222, 'for joindf') \g

grant select, update on "delim TABLE" to u65A; \p\g

create synonym "delim SYNONYM" for "delim TABLE"; \p\g

grant select, update on "delim SYNONYM" to u65A; \p\g

create table t65_10
(floatcol_umix_t65_10 float(10) not null, deccol_umix_t65_10 decimal(20,15),
"delim COLUMN_umix_t65_10" varchar(10), "deLEte" integer, joincol varchar(10)); \p\g
insert into t65_10
(floatcol_umix_t65_10, deccol_umix_t65_10, "delim COLUMN_umix_t65_10","deLEte", join-
col)
values (33.081793, 666.12345678345, 'grant', 444, 'for joindf') \g

grant select, update on t65_10 to u65A; \p\g

create synonym s65_10 for t65_10; \p\g

grant select, update on s65_10 to u65A; \p\g

create table "table2's ID 123"
(floatcol_umix_tmix2 float(10) not null, deccol_umix_tmix2 decimal(20,15),
"column's ID 123_umix_tmix2" varchar(10), "deLEte" integer, joincol varchar(10)); \p-
\g
insert into "table2's ID 123"
(floatcol_umix_tmix2, deccol_umix_tmix2, "column's ID 123_umix_tmix2","deLEte", join-
col)
values (9.081709421993, 42345.123456789012345, 'select', 123,'for joindf') \g
insert into "table2's ID 123"
(floatcol_umix_tmix2, deccol_umix_tmix2, "column's ID 123_umix_tmix2","deLEte", join-
col)
values (9.111119421993, 42345.123456789012345, 'update', 456, 'for joindf') \g

grant select, update on "table2's ID 123" to u65A; \p\g

create table t65_11
(floatcol_umix_t65_11 float(10) not null, deccol_umix_t65_11 decimal(20,15),
"column's ID 123_umix_t65_11" varchar(10), "deLEte" integer, joincol varchar(10)); \-
p\g
insert into t65_11
(floatcol_umix_t65_11, deccol_umix_t65_11, "column's ID 123_umix_t65_11",
"deLEte", joincol)
values (23456.08170993, 345.1234789012345, 'exit', 445, 'for joindf')\g

grant select, update on t65_11 to u65A; \p\g

create synonym "synonym2's ID 123" for "table2's ID 123"; \p\g

create synonym s65_11 for t65_11; \p\g

grant select, update on "synonym2's ID 123" to u65A; \p\g

grant select, update on s65_11 to u65A; \p\g
!!
? fill u_drp.sql 
!!
drop table t65_3; \p\g
drop synonym s65_3; \p\g
!!
? fill u_ts.sql 
!!
create table t65_3 (floatcol_testenv_t65_3 float(10) not null, deccol_testenv_
t65_3 decimal(20,15), joincol varchar(10)); \p\g
insert into t65_3 (floatcol_testenv_t65_3, deccol_testenv_t65_3, joincol)
values (3.081709421993, 4.081709421993, 'for joindf') \g
insert into t65_3 (floatcol_testenv_t65_3, deccol_testenv_t65_3, joincol)
	values (3.111119421993, 4.111119421993, 'for joindf') \g

create synonym s65_3 for t65_3; \p\g
!!
? sql -s SEPPARAMDB 
<<
>>
* set autocommit on;\g
<<
>>
* \i drop.sql
<<
~
>>
* \i tables.sql
<<
(1 row)
(1 row)
(1 row)
(1 row)
(1 row)
(1 row)
(1 row)
(1 row)
(1 row)
(1 row)
(1 row)
(1 row)
(1 row)
(1 row)
(1 row)
(1 row)
(1 row)
(1 row)
(1 row)
(1 row)
(1 row)
(1 row)
(1 row)
(1 row)
(1 row)
(1 row)
(1 row)
(1 row)
(1 row)
(1 row)
(1 row)
(1 row)
(1 row)
(1 row)
(1 row)
(1 row)
(1 row)
(1 row)
(1 row)
(1 row)
(1 row)
(1 row)
(1 row)
(1 row)
(1 row)
(1 row)
(1 row)
(1 row)
(1 row)
(1 row)
(1 row)
(1 row)
(1 row)
(1 row)
(1 row)
(1 row)
(1 row)
(1 row)
(1 row)
(1 row)
(1 row)
(1 row)
(1 row)
(1 row)
(1 row)
(1 row)
(1 row)
(1 row)
(1 row)
(1 row)
(1 row)
(1 row)
(1 row)
>>
* \q
<<
>>
/*
04/10/94 daniel : Do not rearrange the order of these sql statements;
		  It is important that they remain in this order,
		  due to the way the tables/synonyms are assigned
		  as far as ownership and grant permission.
*/
? sql -s SEPPARAMDB -uu65A 
<<
>>
* \i u65a_drp.sql
<<
~
>>
* \i u65a_ts.sql
<<
~
>>
* \q
<<
>>
? sql -s SEPPARAMDB -uu65D 
<<
>>
* \i u65d_drp.sql
<<
~
>>
* \i u65d_ts.sql
<<
~
>>
* \q
<<
>>
? sql -s SEPPARAMDB -uu65B 
<<
>>
* \i u65b_drp.sql
<<
~
>>
* \i u65b_ts.sql
<<
~
>>
* \q
<<
>>
? sql -s SEPPARAMDB -uu65C 
<<
>>
* \i u65c_drp.sql
<<
~
>>
* \i u65c_ts.sql
<<
~
>>
* \q
<<
>>
.if (UNIX) 
/* 
This entire TM trans are similar to -uu65A
*/
? sql -s SEPPARAMDB -u"seLEct" 
<<
>>
* \i u65a_drp.sql
<<
~
>>
* \i u65a_ts.sql
<<
~
>>
* \q
<<
>>
.else 
.if (VMS) 
/*
This entire TM trans are similar to -uu65A.
*/
? sql -s SEPPARAMDB -u"""seLEct"""
<<
>>
* \i u65a_drp.sql
<<
~
>>
* \i u65a_ts.sql
<<
~
>>
* \q
<<
>>
.else
.if (NT_GENERIC)
/*
This entire TM trans are similar to -uu65A.
*/
? sql -s SEPPARAMDB -u"\"seLEct\"" 
<<
>>
* \i u65a_drp.sql
<<
~
>>
* \i u65a_ts.sql
<<
~
>>
* \q
<<
>>
.endif
.endif 
.endif 
.if (UNIX) 
? sql -s SEPPARAMDB -u"delim USER" 
<<
>>
* \i umix_drp.sql
<<
~
>>
* \i umix_ts.sql
<<
~
>>
* \q
<<
>>
.else 
.if (VMS) 
? sql -s SEPPARAMDB -u"""delim USER"""
<<
>>
* \i umix_drp.sql
<<
~
>>
* \i umix_ts.sql
<<
~
>>
* \q
<<
>>
.else
.if (NT_GENERIC)
? sql -s SEPPARAMDB -u"\"delim USER\""
<<
>>
* \i umix_drp.sql
<<
~
>>
* \i umix_ts.sql
<<
~
>>
* \q
<<
>>
.endif
.endif 
.endif 
? sql -s SEPPARAMDB 
<<
>>
* \i u_drp.sql
<<
~
>>
* \i u_ts.sql
<<
~
>>
* \q
<<
>>
? sql -s SEPPARAMDB -uu65A 
<<
>>
* \i u65a_ts1.sql
<<
~
>>
* \q
<<
>>
.if (UNIX) 
? sql -s SEPPARAMDB -u"seLEct" 
<<
>>
* \i u65a_ts1.sql
<<
~
>>
* \q
<<
>>
.else 
.if (VMS) 
? sql -s SEPPARAMDB -u"""seLEct"""
<<
>>
* \i u65a_ts1.sql
<<
~
>>
* \q
<<
>>
.else
.if (NT_GENERIC)
? sql -s SEPPARAMDB -u"\"seLEct\""
<<
>>
* \i u65a_ts1.sql
<<
~
>>
* \q
<<
>>
.endif
.endif 
.endif 
/*
10/25/93 uncharee:      Do not rearrange the order of these sql stmts;
			It is important that they remain in this order,
			due to the way the tables/synonyms are assigned
			as far as ownership and grant permmission.
(end)
*/


Ending at: Thu Apr 21 11:10:32 1994
