/*
	Test Name   : SETUP-07
	Time        : 14-AUG-1989 11:22:33
	User Name   : testenv

	Test ID     : (none)
	Module      : QBF
	Filename    : mkqbf07.sep
	Purpose     : Create and fill some tables.
	Input Files : (none)
	Output Files: xqbf07a.qry, xqbf07b.qry, xqbf07c.qry, xqbf07d.qry
	Database    : SEPPARAMDB 
	Tables      :
		t_all_ingres_50c_1r, t_all_ingres_50c_155r,
		t_all_ingres_data_types
	Views       : view_1
	Synopsis    :
		Create tables and views and fill with data.
	History     :
		14-aug-1989	hooshang	Created	
		08-sep-1989	edt	Split into several parts and cleaned up
*/
? fill xqbf07a.qry 
!!
drop view view_1;\p\g
drop table t_all_ingres_50c_1r;\p\g
drop table t_all_ingres_50c_155r;\p\g
drop table t_all_ingres_data_types;\p\g
!!
? fill xqbf07b.qry 
!!
create table t_all_ingres_50c_1r (
	col_1_frist_name_vchar_1 text(25) with null,
	col_2_last_name_varchar1 varchar(25) with null,
	col_3_salary_money_8byte money with null,
	col_4_department_charct# c25 with null,
	col_5_name_of_manager_@$ varchar(25) with null,
	col_6_name_of_the_divisn char(25) with null,
	col_7_social_security_nu varchar(11) with null,
	col_8_birthdate_of_emp#@ date with null,
	col_9_no_of_dept_intger1 i1 with null,
	col_10_building_no_intg2 i2 with null,
	col_11_num_of_emp_float4 f4 with null,
	col_12_no_of_emp__float8 f8 with null,
	col_13_frist_name_vchar_ text(25) with null,
	col_14_last_name_varchar varchar(25) with null,
	col_15_salary_money_8byt money with null,
	col_16_department_charc$ c25 with null,
	col_17_name_of_manager_@ varchar(25) with null,
	col_18_name_of_the_divis char(25) with null,
	col_19_social_security_n varchar(11) with null,
	col_20_birthdate_of_emp# date with null,
	col_21_no_of_dept_intger i1 with null,
	col_22_num_of_emp_float4 f4 with null,
	col_23_no_of_emp__float8 f8 with null,
	col_24_frist_name_vchar_ text(25) with null,
	col_25_last_name_varchar varchar(25) with null,
	col_26_salary_money_8byt money with null,
	col_27_department_charc$ c25 with null,
	col_28_name_of_manager_@ varchar(25) with null,
	col_29_name_of_the_divis char(25) with null,
	col_30_social_security_n varchar(11) with null,
	col_31_birthdate_of_emp# date with null,
	col_32_no_of_dept_intger i1 with null,
	col_33_building_no_intg2 i2 with null,
	col_34_num_of_emp_float4 f4 with null,
	col_35_no_of_emp__float8 f8 with null,
	col_36_frist_name_vchar_ text(25) with null,
	col_37_last_name_varchar varchar(25) with null,
	col_38_salary_money_8byt money with null,
	ool_39_department_charc$ c25 with null,
	col_40_name_of_manager_@ varchar(25) with null,
	col_41_name_of_the_divis char(25) with null,
	ool_42_social_security_n varchar(11) with null,
	col_43_birthdate_of_emp# date with null,
	col_44_no_of_dept_intger i1 with null,
	col_45_building_no_intg2 i2 with null,
	col_46_num_of_emp_float4 f4 with null,
	col_47_no_of_emp__float8 f8 with null,
	col_48_frist_name_vchar_ text(25) with null,
	col_49_last_name_varchar varchar(25) with null,
	col_50_salary_money_8byt money with null)
with duplicates, location = (ii_database);
\p\g
copy t_all_ingres_50c_1r (
	col_1_frist_name_vchar_1= varchar(25) with null,
	col_2_last_name_varchar1= varchar(25) with null,
	col_3_salary_money_8byte= c0tab with null ('NULL'),
	col_4_department_charct#= varchar(25) with null,
	col_5_name_of_manager_@$= varchar(25) with null,
	col_6_name_of_the_divisn= varchar(25) with null,
	col_7_social_security_nu= varchar(11) with null,
	col_8_birthdate_of_emp#@= c0tab with null ('NULL'),
	col_9_no_of_dept_intger1= c0tab with null ('NULL'),
	col_10_building_no_intg2= c0tab with null ('NULL'),
	col_11_num_of_emp_float4= c0tab with null ('NULL'),
	col_12_no_of_emp__float8= c0tab with null ('NULL'),
	col_13_frist_name_vchar_= varchar(25) with null,
	col_14_last_name_varchar= varchar(25) with null,
	col_15_salary_money_8byt= c0tab with null ('NULL'),
	col_16_department_charc$= varchar(25) with null,
	col_17_name_of_manager_@= varchar(25) with null,
	col_18_name_of_the_divis= varchar(25) with null,
	col_19_social_security_n= varchar(11) with null,
	col_20_birthdate_of_emp#= c0tab with null ('NULL'),
	col_21_no_of_dept_intger= c0tab with null ('NULL'),
	col_22_num_of_emp_float4= c0tab with null ('NULL'),
	col_23_no_of_emp__float8= c0tab with null ('NULL'),
	col_24_frist_name_vchar_= varchar(25) with null,
	col_25_last_name_varchar= varchar(25) with null,
	col_26_salary_money_8byt= c0tab with null ('NULL'),
	col_27_department_charc$= varchar(25) with null,
	col_28_name_of_manager_@= varchar(25) with null,
	col_29_name_of_the_divis= varchar(25) with null,
	col_30_social_security_n= varchar(11) with null,
	col_31_birthdate_of_emp#= c0tab with null ('NULL'),
	col_32_no_of_dept_intger= c0tab with null ('NULL'),
	col_33_building_no_intg2= c0tab with null ('NULL'),
	col_34_num_of_emp_float4= c0tab with null ('NULL'),
	col_35_no_of_emp__float8= c0tab with null ('NULL'),
	col_36_frist_name_vchar_= varchar(25) with null,
	col_37_last_name_varchar= varchar(25) with null,
	col_38_salary_money_8byt= c0tab with null ('NULL'),
	ool_39_department_charc$= varchar(25) with null,
	col_40_name_of_manager_@= varchar(25) with null,
	col_41_name_of_the_divis= varchar(25) with null,
	ool_42_social_security_n= varchar(11) with null,
	col_43_birthdate_of_emp#= c0tab with null ('NULL'),
	col_44_no_of_dept_intger= c0tab with null ('NULL'),
	col_45_building_no_intg2= c0tab with null ('NULL'),
	col_46_num_of_emp_float4= c0tab with null ('NULL'),
	col_47_no_of_emp__float8= c0tab with null ('NULL'),
	col_48_frist_name_vchar_= varchar(25) with null,
	col_49_last_name_varchar= varchar(25) with null,
	col_50_salary_money_8byt= c0nl with null ('NULL'),
	nl= d1)
from 't_all_i1.dat';
\p\g
!!
? fill xqbf07c.qry 
!!
create table t_all_ingres_50c_155r (
	col_1_frist_name_vchar_1 text(25) with null,
	col_2_last_name_varchar1 varchar(25) with null,
	col_3_salary_money_8byte money with null,
	col_4_department_charct# c25 with null,
	col_5_name_of_manager_@$ varchar(25) with null,
	col_6_name_of_the_divisn char(25) with null,
	col_7_social_security_nu varchar(11) with null,
	col_8_birthdate_of_emp#@ date with null,
	col_9_no_of_dept_intger1 i1 with null,
	col_10_building_no_intg2 i2 with null,
	col_11_num_of_emp_float4 f4 with null,
	col_12_no_of_emp__float8 f8 with null,
	col_13_frist_name_vchar_ text(25) with null,
	col_14_last_name_varchar varchar(25) with null,
	col_15_salary_money_8byt money with null,
	col_16_department_charc$ c25 with null,
	col_17_name_of_manager_@ varchar(25) with null,
	col_18_name_of_the_divis char(25) with null,
	col_19_social_security_n varchar(11) with null,
	col_20_birthdate_of_emp# date with null,
	col_21_no_of_dept_intger i1 with null,
	col_22_num_of_emp_float4 f4 with null,
	col_23_no_of_emp__float8 f8 with null,
	col_24_frist_name_vchar_ text(25) with null,
	col_25_last_name_varchar varchar(25) with null,
	col_26_salary_money_8byt money with null,
	col_27_department_charc$ c25 with null,
	col_28_name_of_manager_@ varchar(25) with null,
	col_29_name_of_the_divis char(25) with null,
	col_30_social_security_n varchar(11) with null,
	col_31_birthdate_of_emp# date with null,
	col_32_no_of_dept_intger i1 with null,
	col_33_building_no_intg2 i2 with null,
	col_34_num_of_emp_float4 f4 with null,
	col_35_no_of_emp__float8 f8 with null,
	col_36_frist_name_vchar_ text(25) with null,
	col_37_last_name_varchar varchar(25) with null,
	col_38_salary_money_8byt money with null,
	ool_39_department_charc$ c25 with null,
	col_40_name_of_manager_@ varchar(25) with null,
	col_41_name_of_the_divis char(25) with null,
	ool_42_social_security_n varchar(11) with null,
	col_43_birthdate_of_emp# date with null,
	col_44_no_of_dept_intger i1 with null,
	col_45_building_no_intg2 i2 with null,
	col_46_num_of_emp_float4 f4 with null,
	col_47_no_of_emp__float8 f8 with null,
	col_48_frist_name_vchar_ text(95) with null,
	col_49_last_name_varchar varchar(100) with null,
	col_50_salary_money_8byt money with null)
with duplicates, location = (ii_database);
\p\g
copy t_all_ingres_50c_155r (
	col_1_frist_name_vchar_1= varchar(25) with null,
	col_2_last_name_varchar1= varchar(25) with null,
	col_3_salary_money_8byte= c0tab with null ('NULL'),
	col_4_department_charct#= varchar(25) with null,
	col_5_name_of_manager_@$= varchar(25) with null,
	col_6_name_of_the_divisn= varchar(25) with null,
	col_7_social_security_nu= varchar(11) with null,
	col_8_birthdate_of_emp#@= c0tab with null ('NULL'),
	col_9_no_of_dept_intger1= c0tab with null ('NULL'),
	col_10_building_no_intg2= c0tab with null ('NULL'),
	col_11_num_of_emp_float4= c0tab with null ('NULL'),
	col_12_no_of_emp__float8= c0tab with null ('NULL'),
	col_13_frist_name_vchar_= varchar(25) with null,
	col_14_last_name_varchar= varchar(25) with null,
	col_15_salary_money_8byt= c0tab with null ('NULL'),
	col_16_department_charc$= varchar(25) with null,
	col_17_name_of_manager_@= varchar(25) with null,
	col_18_name_of_the_divis= varchar(25) with null,
	col_19_social_security_n= varchar(11) with null,
	col_20_birthdate_of_emp#= c0tab with null ('NULL'),
	col_21_no_of_dept_intger= c0tab with null ('NULL'),
	col_22_num_of_emp_float4= c0tab with null ('NULL'),
	col_23_no_of_emp__float8= c0tab with null ('NULL'),
	col_24_frist_name_vchar_= varchar(25) with null,
	col_25_last_name_varchar= varchar(25) with null,
	col_26_salary_money_8byt= c0tab with null ('NULL'),
	col_27_department_charc$= varchar(25) with null,
	col_28_name_of_manager_@= varchar(25) with null,
	col_29_name_of_the_divis= varchar(25) with null,
	col_30_social_security_n= varchar(11) with null,
	col_31_birthdate_of_emp#= c0tab with null ('NULL'),
	col_32_no_of_dept_intger= c0tab with null ('NULL'),
	col_33_building_no_intg2= c0tab with null ('NULL'),
	col_34_num_of_emp_float4= c0tab with null ('NULL'),
	col_35_no_of_emp__float8= c0tab with null ('NULL'),
	col_36_frist_name_vchar_= varchar(25) with null,
	col_37_last_name_varchar= varchar(25) with null,
	col_38_salary_money_8byt= c0tab with null ('NULL'),
	ool_39_department_charc$= varchar(25) with null,
	col_40_name_of_manager_@= varchar(25) with null,
	col_41_name_of_the_divis= varchar(25) with null,
	ool_42_social_security_n= varchar(11) with null,
	col_43_birthdate_of_emp#= c0tab with null ('NULL'),
	col_44_no_of_dept_intger= c0tab with null ('NULL'),
	col_45_building_no_intg2= c0tab with null ('NULL'),
	col_46_num_of_emp_float4= c0tab with null ('NULL'),
	col_47_no_of_emp__float8= c0tab with null ('NULL'),
	col_48_frist_name_vchar_= varchar(95) with null,
	col_49_last_name_varchar= varchar(100) with null,
	col_50_salary_money_8byt= c0nl with null ('NULL'),
	nl= d1)
from 't_all_in.dat';
\p\g
!!
? fill xqbf07d.qry 
!!
create table t_all_ingres_data_types (
	col_1_frist_name_vchar_1 text(25) with null,
	col_2_last_name_varchar1 varchar(25) with null,
	col_3_salary_money_8byte money with null,
	col_4_department_charct# c25 with null,
	col_5_name_of_manager_@$ varchar(25) with null,
	col_6_name_of_the_divisn char(25) with null,
	col_7_social_security_nu varchar(11) with null,
	col_8_birthdate_of_emp#@ date with null,
	col_9_no_of_dept_intger1 i1 with null,
	col_10_building_no_intg2 i2 with null,
	col_11_num_of_emp_float4 f4 with null,
	col_12_no_of_emp__float8 f8 with null,
	col_13_frist_name_vchar_ text(25) with null,
	col_14_last_name_varchar varchar(25) with null,
	col_15_salary_money_8byt money with null,
	col_16_department_charc$ c25 with null,
	col_17_name_of_manager_@ varchar(25) with null,
	col_18_name_of_the_divis char(25) with null,
	col_19_social_security_n varchar(11) with null,
	col_20_birthdate_of_emp# date with null,
	col_21_no_of_dept_intger i1 with null,
	col_20_building_no_intg2 i2 with null,
	col_22_num_of_emp_float4 f4 with null,
	col_23_no_of_emp__float8 f8 with null,
	col_24_frist_name_vchar_ text(25) with null,
	col_25_last_name_varchar varchar(25) with null,
	col_26_salary_money_8byt money with null,
	col_27_department_charc$ c25 with null,
	col_28_name_of_manager_@ varchar(25) with null,
	col_29_name_of_the_divis char(25) with null,
	col_30_social_security_n varchar(11) with null,
	col_31_birthdate_of_emp# date with null,
	col_32_no_of_dept_intger i1 with null,
	col_33_building_no_intg2 i2 with null,
	col_34_num_of_emp_float4 f4 with null,
	col_35_no_of_emp__float8 f8 with null,
	col_36_frist_name_vchar_ text(25) with null,
	col_37_last_name_varchar varchar(25) with null,
	col_38_salary_money_8byt money with null,
	ool_39_department_charc$ c25 with null,
	col_40_name_of_manager_@ varchar(25) with null,
	col_41_name_of_the_divis char(25) with null,
	ool_42_social_security_n varchar(11) with null,
	col_43_birthdate_of_emp# date with null,
	col_44_no_of_dept_intger i1 with null,
	col_45_building_no_intg2 i2 with null,
	col_46_num_of_emp_float4 f4 with null,
	col_47_no_of_emp__float8 f8 with null,
	col_48_frist_name_vchar_ text(25) with null,
	col_49_last_name_varchar varchar(25) with null,
	col_50_salary_money_8byt money with null)
with duplicates, location = (ii_database);
\p\g
copy t_all_ingres_data_types (
	col_1_frist_name_vchar_1= varchar(25) with null,
	col_2_last_name_varchar1= varchar(25) with null,
	col_3_salary_money_8byte= c0tab with null ('NULL'),
	col_4_department_charct#= varchar(25) with null,
	col_5_name_of_manager_@$= varchar(25) with null,
	col_6_name_of_the_divisn= varchar(25) with null,
	col_7_social_security_nu= varchar(11) with null,
	col_8_birthdate_of_emp#@= c0tab with null ('NULL'),
	col_9_no_of_dept_intger1= c0tab with null ('NULL'),
	col_10_building_no_intg2= c0tab with null ('NULL'),
	col_11_num_of_emp_float4= c0tab with null ('NULL'),
	col_12_no_of_emp__float8= c0tab with null ('NULL'),
	col_13_frist_name_vchar_= varchar(25) with null,
	col_14_last_name_varchar= varchar(25) with null,
	col_15_salary_money_8byt= c0tab with null ('NULL'),
	col_16_department_charc$= varchar(25) with null,
	col_17_name_of_manager_@= varchar(25) with null,
	col_18_name_of_the_divis= varchar(25) with null,
	col_19_social_security_n= varchar(11) with null,
	col_20_birthdate_of_emp#= c0tab with null ('NULL'),
	col_21_no_of_dept_intger= c0tab with null ('NULL'),
	col_20_building_no_intg2= c0tab with null ('NULL'),
	col_22_num_of_emp_float4= c0tab with null ('NULL'),
	col_23_no_of_emp__float8= c0tab with null ('NULL'),
	col_24_frist_name_vchar_= varchar(25) with null,
	col_25_last_name_varchar= varchar(25) with null,
	col_26_salary_money_8byt= c0tab with null ('NULL'),
	col_27_department_charc$= varchar(25) with null,
	col_28_name_of_manager_@= varchar(25) with null,
	col_29_name_of_the_divis= varchar(25) with null,
	col_30_social_security_n= varchar(11) with null,
	col_31_birthdate_of_emp#= c0tab with null ('NULL'),
	col_32_no_of_dept_intger= c0tab with null ('NULL'),
	col_33_building_no_intg2= c0tab with null ('NULL'),
	col_34_num_of_emp_float4= c0tab with null ('NULL'),
	col_35_no_of_emp__float8= c0tab with null ('NULL'),
	col_36_frist_name_vchar_= varchar(25) with null,
	col_37_last_name_varchar= varchar(25) with null,
	col_38_salary_money_8byt= c0tab with null ('NULL'),
	ool_39_department_charc$= varchar(25) with null,
	col_40_name_of_manager_@= varchar(25) with null,
	col_41_name_of_the_divis= varchar(25) with null,
	ool_42_social_security_n= varchar(11) with null,
	col_43_birthdate_of_emp#= c0tab with null ('NULL'),
	col_44_no_of_dept_intger= c0tab with null ('NULL'),
	col_45_building_no_intg2= c0tab with null ('NULL'),
	col_46_num_of_emp_float4= c0tab with null ('NULL'),
	col_47_no_of_emp__float8= c0tab with null ('NULL'),
	col_48_frist_name_vchar_= varchar(25) with null,
	col_49_last_name_varchar= varchar(25) with null,
	col_50_salary_money_8byt= c0nl with null ('NULL'),
	nl= d1)
from 't_all_i0.dat';
\p\g
create view view_1 as select * from t_all_ingres_data_types;
\p\g
!!
? fill t_all_i1.dat 
!!
!!
? fill t_all_in.dat 
!!
!!
? fill t_all_i0.dat 
!!
!!
? sql -s SEPPARAMDB 
<<
>>
* \i xqbf07a.qry
<<
~
>>
* \i xqbf07b.qry
<<
 create table t_all_ingres_50c_1r (
	col_1_frist_name_vchar_1 text(25) with null,
	col_2_last_name_varchar1 varchar(25) with null,
	col_3_salary_money_8byte money with null,
	col_4_department_charct# c25 with null,
	col_5_name_of_manager_@$ varchar(25) with null,
	col_6_name_of_the_divisn char(25) with null,
	col_7_social_security_nu varchar(11) with null,
	col_8_birthdate_of_emp#@ date with null,
	col_9_no_of_dept_intger1 i1 with null,
	col_10_building_no_intg2 i2 with null,
	col_11_num_of_emp_float4 f4 with null,
	col_12_no_of_emp__float8 f8 with null,
	col_13_frist_name_vchar_ text(25) with null,
	col_14_last_name_varchar varchar(25) with null,
	col_15_salary_money_8byt money with null,
	col_16_department_charc$ c25 with null,
	col_17_name_of_manager_@ varchar(25) with null,
	col_18_name_of_the_divis char(25) with null,
	col_19_social_security_n varchar(11) with null,
	col_20_birthdate_of_emp# date with null,
	col_21_no_of_dept_intger i1 with null,
	col_22_num_of_emp_float4 f4 with null,
	col_23_no_of_emp__float8 f8 with null,
	col_24_frist_name_vchar_ text(25) with null,
	col_25_last_name_varchar varchar(25) with null,
	col_26_salary_money_8byt money with null,
	col_27_department_charc$ c25 with null,
	col_28_name_of_manager_@ varchar(25) with null,
	col_29_name_of_the_divis char(25) with null,
	col_30_social_security_n varchar(11) with null,
	col_31_birthdate_of_emp# date with null,
	col_32_no_of_dept_intger i1 with null,
	col_33_building_no_intg2 i2 with null,
	col_34_num_of_emp_float4 f4 with null,
	col_35_no_of_emp__float8 f8 with null,
	col_36_frist_name_vchar_ text(25) with null,
	col_37_last_name_varchar varchar(25) with null,
	col_38_salary_money_8byt money with null,
	ool_39_department_charc$ c25 with null,
	col_40_name_of_manager_@ varchar(25) with null,
	col_41_name_of_the_divis char(25) with null,
	ool_42_social_security_n varchar(11) with null,
	col_43_birthdate_of_emp# date with null,
	col_44_no_of_dept_intger i1 with null,
	col_45_building_no_intg2 i2 with null,
	col_46_num_of_emp_float4 f4 with null,
	col_47_no_of_emp__float8 f8 with null,
	col_48_frist_name_vchar_ text(25) with null,
	col_49_last_name_varchar varchar(25) with null,
	col_50_salary_money_8byt money with null)
with duplicates, location = (ii_database);
copy t_all_ingres_50c_1r (
	col_1_frist_name_vchar_1= varchar(25) with null,
	col_2_last_name_varchar1= varchar(25) with null,
	col_3_salary_money_8byte= c0tab with null ('NULL'),
	col_4_department_charct#= varchar(25) with null,
	col_5_name_of_manager_@$= varchar(25) with null,
	col_6_name_of_the_divisn= varchar(25) with null,
	col_7_social_security_nu= varchar(11) with null,
	col_8_birthdate_of_emp#@= c0tab with null ('NULL'),
	col_9_no_of_dept_intger1= c0tab with null ('NULL'),
	col_10_building_no_intg2= c0tab with null ('NULL'),
	col_11_num_of_emp_float4= c0tab with null ('NULL'),
	col_12_no_of_emp__float8= c0tab with null ('NULL'),
	col_13_frist_name_vchar_= varchar(25) with null,
	col_14_last_name_varchar= varchar(25) with null,
	col_15_salary_money_8byt= c0tab with null ('NULL'),
	col_16_department_charc$= varchar(25) with null,
	col_17_name_of_manager_@= varchar(25) with null,
	col_18_name_of_the_divis= varchar(25) with null,
	col_19_social_security_n= varchar(11) with null,
	col_20_birthdate_of_emp#= c0tab with null ('NULL'),
	col_21_no_of_dept_intger= c0tab with null ('NULL'),
	col_22_num_of_emp_float4= c0tab with null ('NULL'),
	col_23_no_of_emp__float8= c0tab with null ('NULL'),
	col_24_frist_name_vchar_= varchar(25) with null,
	col_25_last_name_varchar= varchar(25) with null,
	col_26_salary_money_8byt= c0tab with null ('NULL'),
	col_27_department_charc$= varchar(25) with null,
	col_28_name_of_manager_@= varchar(25) with null,
	col_29_name_of_the_divis= varchar(25) with null,
	col_30_social_security_n= varchar(11) with null,
	col_31_birthdate_of_emp#= c0tab with null ('NULL'),
	col_32_no_of_dept_intger= c0tab with null ('NULL'),
	col_33_building_no_intg2= c0tab with null ('NULL'),
	col_34_num_of_emp_float4= c0tab with null ('NULL'),
	col_35_no_of_emp__float8= c0tab with null ('NULL'),
	col_36_frist_name_vchar_= varchar(25) with null,
	col_37_last_name_varchar= varchar(25) with null,
	col_38_salary_money_8byt= c0tab with null ('NULL'),
	ool_39_department_charc$= varchar(25) with null,
	col_40_name_of_manager_@= varchar(25) with null,
	col_41_name_of_the_divis= varchar(25) with null,
	ool_42_social_security_n= varchar(11) with null,
	col_43_birthdate_of_emp#= c0tab with null ('NULL'),
	col_44_no_of_dept_intger= c0tab with null ('NULL'),
	col_45_building_no_intg2= c0tab with null ('NULL'),
	col_46_num_of_emp_float4= c0tab with null ('NULL'),
	col_47_no_of_emp__float8= c0tab with null ('NULL'),
	col_48_frist_name_vchar_= varchar(25) with null,
	col_49_last_name_varchar= varchar(25) with null,
	col_50_salary_money_8byt= c0nl with null ('NULL'),
	nl= d1)
from 't_all_i1.dat';
(0 rows)
>>
* \i xqbf07c.qry
<<
 create table t_all_ingres_50c_155r (
	col_1_frist_name_vchar_1 text(25) with null,
	col_2_last_name_varchar1 varchar(25) with null,
	col_3_salary_money_8byte money with null,
	col_4_department_charct# c25 with null,
	col_5_name_of_manager_@$ varchar(25) with null,
	col_6_name_of_the_divisn char(25) with null,
	col_7_social_security_nu varchar(11) with null,
	col_8_birthdate_of_emp#@ date with null,
	col_9_no_of_dept_intger1 i1 with null,
	col_10_building_no_intg2 i2 with null,
	col_11_num_of_emp_float4 f4 with null,
	col_12_no_of_emp__float8 f8 with null,
	col_13_frist_name_vchar_ text(25) with null,
	col_14_last_name_varchar varchar(25) with null,
	col_15_salary_money_8byt money with null,
	col_16_department_charc$ c25 with null,
	col_17_name_of_manager_@ varchar(25) with null,
	col_18_name_of_the_divis char(25) with null,
	col_19_social_security_n varchar(11) with null,
	col_20_birthdate_of_emp# date with null,
	col_21_no_of_dept_intger i1 with null,
	col_22_num_of_emp_float4 f4 with null,
	col_23_no_of_emp__float8 f8 with null,
	col_24_frist_name_vchar_ text(25) with null,
	col_25_last_name_varchar varchar(25) with null,
	col_26_salary_money_8byt money with null,
	col_27_department_charc$ c25 with null,
	col_28_name_of_manager_@ varchar(25) with null,
	col_29_name_of_the_divis char(25) with null,
	col_30_social_security_n varchar(11) with null,
	col_31_birthdate_of_emp# date with null,
	col_32_no_of_dept_intger i1 with null,
	col_33_building_no_intg2 i2 with null,
	col_34_num_of_emp_float4 f4 with null,
	col_35_no_of_emp__float8 f8 with null,
	col_36_frist_name_vchar_ text(25) with null,
	col_37_last_name_varchar varchar(25) with null,
	col_38_salary_money_8byt money with null,
	ool_39_department_charc$ c25 with null,
	col_40_name_of_manager_@ varchar(25) with null,
	col_41_name_of_the_divis char(25) with null,
	ool_42_social_security_n varchar(11) with null,
	col_43_birthdate_of_emp# date with null,
	col_44_no_of_dept_intger i1 with null,
	col_45_building_no_intg2 i2 with null,
	col_46_num_of_emp_float4 f4 with null,
	col_47_no_of_emp__float8 f8 with null,
	col_48_frist_name_vchar_ text(95) with null,
	col_49_last_name_varchar varchar(100) with null,
	col_50_salary_money_8byt money with null)
with duplicates, location = (ii_database);
copy t_all_ingres_50c_155r (
	col_1_frist_name_vchar_1= varchar(25) with null,
	col_2_last_name_varchar1= varchar(25) with null,
	col_3_salary_money_8byte= c0tab with null ('NULL'),
	col_4_department_charct#= varchar(25) with null,
	col_5_name_of_manager_@$= varchar(25) with null,
	col_6_name_of_the_divisn= varchar(25) with null,
	col_7_social_security_nu= varchar(11) with null,
	col_8_birthdate_of_emp#@= c0tab with null ('NULL'),
	col_9_no_of_dept_intger1= c0tab with null ('NULL'),
	col_10_building_no_intg2= c0tab with null ('NULL'),
	col_11_num_of_emp_float4= c0tab with null ('NULL'),
	col_12_no_of_emp__float8= c0tab with null ('NULL'),
	col_13_frist_name_vchar_= varchar(25) with null,
	col_14_last_name_varchar= varchar(25) with null,
	col_15_salary_money_8byt= c0tab with null ('NULL'),
	col_16_department_charc$= varchar(25) with null,
	col_17_name_of_manager_@= varchar(25) with null,
	col_18_name_of_the_divis= varchar(25) with null,
	col_19_social_security_n= varchar(11) with null,
	col_20_birthdate_of_emp#= c0tab with null ('NULL'),
	col_21_no_of_dept_intger= c0tab with null ('NULL'),
	col_22_num_of_emp_float4= c0tab with null ('NULL'),
	col_23_no_of_emp__float8= c0tab with null ('NULL'),
	col_24_frist_name_vchar_= varchar(25) with null,
	col_25_last_name_varchar= varchar(25) with null,
	col_26_salary_money_8byt= c0tab with null ('NULL'),
	col_27_department_charc$= varchar(25) with null,
	col_28_name_of_manager_@= varchar(25) with null,
	col_29_name_of_the_divis= varchar(25) with null,
	col_30_social_security_n= varchar(11) with null,
	col_31_birthdate_of_emp#= c0tab with null ('NULL'),
	col_32_no_of_dept_intger= c0tab with null ('NULL'),
	col_33_building_no_intg2= c0tab with null ('NULL'),
	col_34_num_of_emp_float4= c0tab with null ('NULL'),
	col_35_no_of_emp__float8= c0tab with null ('NULL'),
	col_36_frist_name_vchar_= varchar(25) with null,
	col_37_last_name_varchar= varchar(25) with null,
	col_38_salary_money_8byt= c0tab with null ('NULL'),
	ool_39_department_charc$= varchar(25) with null,
	col_40_name_of_manager_@= varchar(25) with null,
	col_41_name_of_the_divis= varchar(25) with null,
	ool_42_social_security_n= varchar(11) with null,
	col_43_birthdate_of_emp#= c0tab with null ('NULL'),
	col_44_no_of_dept_intger= c0tab with null ('NULL'),
	col_45_building_no_intg2= c0tab with null ('NULL'),
	col_46_num_of_emp_float4= c0tab with null ('NULL'),
	col_47_no_of_emp__float8= c0tab with null ('NULL'),
	col_48_frist_name_vchar_= varchar(95) with null,
	col_49_last_name_varchar= varchar(100) with null,
	col_50_salary_money_8byt= c0nl with null ('NULL'),
	nl= d1)
from 't_all_in.dat';
(0 rows)
>>
* \i xqbf07d.qry
<<
 create table t_all_ingres_data_types (
	col_1_frist_name_vchar_1 text(25) with null,
	col_2_last_name_varchar1 varchar(25) with null,
	col_3_salary_money_8byte money with null,
	col_4_department_charct# c25 with null,
	col_5_name_of_manager_@$ varchar(25) with null,
	col_6_name_of_the_divisn char(25) with null,
	col_7_social_security_nu varchar(11) with null,
	col_8_birthdate_of_emp#@ date with null,
	col_9_no_of_dept_intger1 i1 with null,
	col_10_building_no_intg2 i2 with null,
	col_11_num_of_emp_float4 f4 with null,
	col_12_no_of_emp__float8 f8 with null,
	col_13_frist_name_vchar_ text(25) with null,
	col_14_last_name_varchar varchar(25) with null,
	col_15_salary_money_8byt money with null,
	col_16_department_charc$ c25 with null,
	col_17_name_of_manager_@ varchar(25) with null,
	col_18_name_of_the_divis char(25) with null,
	col_19_social_security_n varchar(11) with null,
	col_20_birthdate_of_emp# date with null,
	col_21_no_of_dept_intger i1 with null,
	col_20_building_no_intg2 i2 with null,
	col_22_num_of_emp_float4 f4 with null,
	col_23_no_of_emp__float8 f8 with null,
	col_24_frist_name_vchar_ text(25) with null,
	col_25_last_name_varchar varchar(25) with null,
	col_26_salary_money_8byt money with null,
	col_27_department_charc$ c25 with null,
	col_28_name_of_manager_@ varchar(25) with null,
	col_29_name_of_the_divis char(25) with null,
	col_30_social_security_n varchar(11) with null,
	col_31_birthdate_of_emp# date with null,
	col_32_no_of_dept_intger i1 with null,
	col_33_building_no_intg2 i2 with null,
	col_34_num_of_emp_float4 f4 with null,
	col_35_no_of_emp__float8 f8 with null,
	col_36_frist_name_vchar_ text(25) with null,
	col_37_last_name_varchar varchar(25) with null,
	col_38_salary_money_8byt money with null,
	ool_39_department_charc$ c25 with null,
	col_40_name_of_manager_@ varchar(25) with null,
	col_41_name_of_the_divis char(25) with null,
	ool_42_social_security_n varchar(11) with null,
	col_43_birthdate_of_emp# date with null,
	col_44_no_of_dept_intger i1 with null,
	col_45_building_no_intg2 i2 with null,
	col_46_num_of_emp_float4 f4 with null,
	col_47_no_of_emp__float8 f8 with null,
	col_48_frist_name_vchar_ text(25) with null,
	col_49_last_name_varchar varchar(25) with null,
	col_50_salary_money_8byt money with null)
with duplicates, location = (ii_database);
copy t_all_ingres_data_types (
	col_1_frist_name_vchar_1= varchar(25) with null,
	col_2_last_name_varchar1= varchar(25) with null,
	col_3_salary_money_8byte= c0tab with null ('NULL'),
	col_4_department_charct#= varchar(25) with null,
	col_5_name_of_manager_@$= varchar(25) with null,
	col_6_name_of_the_divisn= varchar(25) with null,
	col_7_social_security_nu= varchar(11) with null,
	col_8_birthdate_of_emp#@= c0tab with null ('NULL'),
	col_9_no_of_dept_intger1= c0tab with null ('NULL'),
	col_10_building_no_intg2= c0tab with null ('NULL'),
	col_11_num_of_emp_float4= c0tab with null ('NULL'),
	col_12_no_of_emp__float8= c0tab with null ('NULL'),
	col_13_frist_name_vchar_= varchar(25) with null,
	col_14_last_name_varchar= varchar(25) with null,
	col_15_salary_money_8byt= c0tab with null ('NULL'),
	col_16_department_charc$= varchar(25) with null,
	col_17_name_of_manager_@= varchar(25) with null,
	col_18_name_of_the_divis= varchar(25) with null,
	col_19_social_security_n= varchar(11) with null,
	col_20_birthdate_of_emp#= c0tab with null ('NULL'),
	col_21_no_of_dept_intger= c0tab with null ('NULL'),
	col_20_building_no_intg2= c0tab with null ('NULL'),
	col_22_num_of_emp_float4= c0tab with null ('NULL'),
	col_23_no_of_emp__float8= c0tab with null ('NULL'),
	col_24_frist_name_vchar_= varchar(25) with null,
	col_25_last_name_varchar= varchar(25) with null,
	col_26_salary_money_8byt= c0tab with null ('NULL'),
	col_27_department_charc$= varchar(25) with null,
	col_28_name_of_manager_@= varchar(25) with null,
	col_29_name_of_the_divis= varchar(25) with null,
	col_30_social_security_n= varchar(11) with null,
	col_31_birthdate_of_emp#= c0tab with null ('NULL'),
	col_32_no_of_dept_intger= c0tab with null ('NULL'),
	col_33_building_no_intg2= c0tab with null ('NULL'),
	col_34_num_of_emp_float4= c0tab with null ('NULL'),
	col_35_no_of_emp__float8= c0tab with null ('NULL'),
	col_36_frist_name_vchar_= varchar(25) with null,
	col_37_last_name_varchar= varchar(25) with null,
	col_38_salary_money_8byt= c0tab with null ('NULL'),
	ool_39_department_charc$= varchar(25) with null,
	col_40_name_of_manager_@= varchar(25) with null,
	col_41_name_of_the_divis= varchar(25) with null,
	ool_42_social_security_n= varchar(11) with null,
	col_43_birthdate_of_emp#= c0tab with null ('NULL'),
	col_44_no_of_dept_intger= c0tab with null ('NULL'),
	col_45_building_no_intg2= c0tab with null ('NULL'),
	col_46_num_of_emp_float4= c0tab with null ('NULL'),
	col_47_no_of_emp__float8= c0tab with null ('NULL'),
	col_48_frist_name_vchar_= varchar(25) with null,
	col_49_last_name_varchar= varchar(25) with null,
	col_50_salary_money_8byt= c0nl with null ('NULL'),
	nl= d1)
from 't_all_i0.dat';
(0 rows)
create view view_1 as select * from t_all_ingres_data_types;
>>
* \q
<<
>>


Ending at: Wed May  8 17:57:01 1991
