/*
	Test Name   : SETUP-04
	Time        : 14-AUG-1989 11:22:33
	User Name   : testenv

	Test ID     : (none)
	Module      : QBF
	Filename    : mkqbf04.sep
	Purpose     : Create and fill some tables.
	Input Files : (none)
	Output Files: xqbf04a.qry, xqbf04b.qry, xqbf04c.qry, xqbf04d.qry,
		xqbf04e.qry
	Database    : SEPPARAMDB
	Tables      :
		t_512w_126c_1r, t_512w_127c_1r, t_512w_127c_100r,
		t_1024w_127c_1r
	Views       : view_2
	Synopsis    :
		Create tables and views and fill with data.
	History     :
		14-aug-1989	hooshang	Created	
		08-sep-1989	edt	Split into several parts and cleaned up
*/
? fill xqbf04a.qry 
!!
drop view view_2;\p\g
drop table t_512w_126c_1r;\p\g
drop table t_512w_127c_1r;\p\g
drop table t_512w_127c_100r;\p\g
drop table t_1024w_127c_1r;\p\g
!!
? fill xqbf04b.qry 
!!
create table t_512w_126c_1r (
	col_1_first_name_char_1 char(3) with null,
	col_2_last_name_varchar1 varchar(5) with null,
	col_3_name_of_the_divisn char(3) with null,
	col_4_department_charct# char(3) with null,
	col_5_salary_smallint_2_ i2 with null,
	col_6_no_of_workstation_ i4 with null,
	col_7_no_of_dept_smalint i2 with null,
	col_8_building_no_intge2 i2 with null,
	col_9_num_of_mgrs_intge4 i4 with null,
	col_10_num_of_dir_integ2 i2 with null,
	col_11_no_of_emp__s_int_ i2 with null,
	col_12_first_name_char_1 char(3) with null,
	col_13_last_name_varchar varchar(3) with null,
	col_14_name_of_the_divis char(3) with null,
	col_15_department_charct char(3) with null,
	col_16_salary_smallint__ i2 with null,
	col_17_no_of_workstation i4 with null,
	col_18_no_of_dept_s_init i2 with null,
	col_19_bulding_no_intge2 i2 with null,
	col_20_num_of_mgr_intge4 i4 with null,
	col_21_num_of_dir_integ2 i2 with null,
	col_22_no_of_emp__s_int_ i2 with null,
	col_23_first_name_char_1 char(3) with null,
	col_24_last_name_varchar varchar(3) with null,
	col_25_name_of_the_divis char(3) with null,
	col_26_department_charct char(3) with null,
	col_27_salary_smallint__ i2 with null,
	col_28_no_of_workstation i4 with null,
	col_29_no_of_dept_s_init i2 with null,
	col_30_bulding_no_intge2 i2 with null,
	col_31_num_of_mgr_intge4 i4 with null,
	col_32_num_of_dir_integ2 i2 with null,
	col_33_first_name_char_1 char(3) with null,
	col_34_last_name_varchar varchar(3) with null,
	col_35_name_of_the_divis char(3) with null,
	col_36_department_charct char(3) with null,
	col_37_salary_smallint__ i2 with null,
	col_38_no_of_workstation i4 with null,
	col_39_no_of_dept_s_init i2 with null,
	col_40_bulding_no_intge2 i2 with null,
	col_41_num_of_mgr_intge4 i4 with null,
	col_42_num_of_dir_integ2 i2 with null,
	col_43_no_of_emp_s_int__ i2 with null,
	col_44_first_name_char_1 char(3) with null,
	col_45_last_name_varchar varchar(3) with null,
	col_46_name_of_the_divis char(3) with null,
	col_47_department_charct char(3) with null,
	col_48_salary_smallint__ i2 with null,
	col_49_no_of_workstation i4 with null,
	col_50_no_of_dept_s_init i2 with null,
	col_51_bulding_no_intge2 i2 with null,
	col_52_num_of_mgr_intge4 i4 with null,
	col_53_num_of_dir_integ2 i2 with null,
	col_54_first_name_char_1 char(3) with null,
	col_55_last_name_varchar varchar(3) with null,
	col_56_name_of_the_divis char(3) with null,
	col_57_department_charct char(3) with null,
	col_58_salary_smallint__ i2 with null,
	col_59_no_of_workstation i4 with null,
	col_60_no_of_dept_s_init i2 with null,
	col_61_bulding_no_intge2 i2 with null,
	col_62_num_of_mgr_intge4 i4 with null,
	col_63_num_of_dir_integ2 i2 with null,
	col_64_no_of_emp__s_int_ i2 with null,
	col_65_first_name_char_1 char(3) with null,
	col_66_last_name_varchar varchar(3) with null,
	col_67_name_of_the_divis char(3) with null,
	col_68_department_charct char(3) with null,
	col_69_salary_smallint__ i2 with null,
	col_70_no_of_workstation i4 with null,
	col_71_no_of_dept_s_init i2 with null,
	col_72_bulding_no_intge2 i2 with null,
	col_73_num_of_mgr_intge4 i4 with null,
	col_74_num_of_dir_integ2 i2 with null,
	col_75_no_of_emp__float_ f8 with null,
	col_76_first_name_char_1 char(3) with null,
	col_77_last_name_varchar varchar(3) with null,
	col_78_name_of_the_divis char(3) with null,
	col_79_department_charct char(3) with null,
	col_80_salary_smallint__ i2 with null,
	col_81_no_of_workstation i4 with null,
	col_82_no_of_dept_s_init i2 with null,
	col_83_bulding_no_intge2 i2 with null,
	col_84_num_of_mgr_intge4 i4 with null,
	col_85_num_of_dir_integ2 i2 with null,
	col_86_first_name_char_1 char(3) with null,
	col_87_last_name_varchar varchar(3) with null,
	col_88_name_of_the_divis char(3) with null,
	col_89_department_charct char(3) with null,
	col_90_salary_smallint__ i2 with null,
	col_91_no_of_workstation i4 with null,
	col_92_no_of_dept_s_init i2 with null,
	col_93_bulding_no_intge2 i2 with null,
	col_94_num_of_mgr_intge4 i4 with null,
	col_95_last_name_varchar varchar(3) with null,
	col_96_num_of_dir_integ2 i2 with null,
	col_97_no_of_emp__s_int_ i2 with null,
	col_98_first_name_char_1 char(3) with null,
	col_99_last_name_varchar varchar(3) with null,
	col_100_name_of_the_divi char(3) with null,
	col_101_department_charc char(3) with null,
	col_102_salary_smallint_ i2 with null,
	col_103_no_of_workstatio i4 with null,
	col_104_no_of_dept_s_ini i2 with null,
	col_105_bulding_no_intg2 i2 with null,
	col_106_num_of_mgr_intg4 i4 with null,
	col_107_num_of_dir_intg2 i2 with null,
	col_108_first_name_char3 char(3) with null,
	col_109_last_name_varch3 varchar(3) with null,
	col_110_name_of_the_divi char(3) with null,
	col_111_department_charc char(3) with null,
	col_112_salary_smallint_ i2 with null,
	col_113_no_of_workstatio i4 with null,
	col_114_no_of_dept_s_int i2 with null,
	col_115_bulding_no_intg2 i2 with null,
	col_116_num_of_mgr_intg4 i4 with null,
	col_117_num_of_dir_intg2 i2 with null,
	col_118_no_of_emp__sint_ i2 with null,
	col_119_first_name_char3 char(3) with null,
	col_120_last_name_varch3 varchar(3) with null,
	col_121_name_of_the_divi char(3) with null,
	col_122_department_charc char(8) with null,
	col_123_salary_smallint_ i2 with null,
	col_124_no_of_workstatio i4 with null,
	col_125_no_of_dept_s_int i2 with null,
	col_126_bulding_no_intg2 i2 with null)
with duplicates, location = (ii_database);
\p\g
copy t_512w_126c_1r (
	col_1_first_name_char_1= varchar(3) with null,
	col_2_last_name_varchar1= varchar(5) with null,
	col_3_name_of_the_divisn= varchar(3) with null,
	col_4_department_charct#= varchar(3) with null,
	col_5_salary_smallint_2_= c0tab with null ('NULL'),
	col_6_no_of_workstation_= c0tab with null ('NULL'),
	col_7_no_of_dept_smalint= c0tab with null ('NULL'),
	col_8_building_no_intge2= c0tab with null ('NULL'),
	col_9_num_of_mgrs_intge4= c0tab with null ('NULL'),
	col_10_num_of_dir_integ2= c0tab with null ('NULL'),
	col_11_no_of_emp__s_int_= c0tab with null ('NULL'),
	col_12_first_name_char_1= varchar(3) with null,
	col_13_last_name_varchar= varchar(3) with null,
	col_14_name_of_the_divis= varchar(3) with null,
	col_15_department_charct= varchar(3) with null,
	col_16_salary_smallint__= c0tab with null ('NULL'),
	col_17_no_of_workstation= c0tab with null ('NULL'),
	col_18_no_of_dept_s_init= c0tab with null ('NULL'),
	col_19_bulding_no_intge2= c0tab with null ('NULL'),
	col_20_num_of_mgr_intge4= c0tab with null ('NULL'),
	col_21_num_of_dir_integ2= c0tab with null ('NULL'),
	col_22_no_of_emp__s_int_= c0tab with null ('NULL'),
	col_23_first_name_char_1= varchar(3) with null,
	col_24_last_name_varchar= varchar(3) with null,
	col_25_name_of_the_divis= varchar(3) with null,
	col_26_department_charct= varchar(3) with null,
	col_27_salary_smallint__= c0tab with null ('NULL'),
	col_28_no_of_workstation= c0tab with null ('NULL'),
	col_29_no_of_dept_s_init= c0tab with null ('NULL'),
	col_30_bulding_no_intge2= c0tab with null ('NULL'),
	col_31_num_of_mgr_intge4= c0tab with null ('NULL'),
	col_32_num_of_dir_integ2= c0tab with null ('NULL'),
	col_33_first_name_char_1= varchar(3) with null,
	col_34_last_name_varchar= varchar(3) with null,
	col_35_name_of_the_divis= varchar(3) with null,
	col_36_department_charct= varchar(3) with null,
	col_37_salary_smallint__= c0tab with null ('NULL'),
	col_38_no_of_workstation= c0tab with null ('NULL'),
	col_39_no_of_dept_s_init= c0tab with null ('NULL'),
	col_40_bulding_no_intge2= c0tab with null ('NULL'),
	col_41_num_of_mgr_intge4= c0tab with null ('NULL'),
	col_42_num_of_dir_integ2= c0tab with null ('NULL'),
	col_43_no_of_emp_s_int__= c0tab with null ('NULL'),
	col_44_first_name_char_1= varchar(3) with null,
	col_45_last_name_varchar= varchar(3) with null,
	col_46_name_of_the_divis= varchar(3) with null,
	col_47_department_charct= varchar(3) with null,
	col_48_salary_smallint__= c0tab with null ('NULL'),
	col_49_no_of_workstation= c0tab with null ('NULL'),
	col_50_no_of_dept_s_init= c0tab with null ('NULL'),
	col_51_bulding_no_intge2= c0tab with null ('NULL'),
	col_52_num_of_mgr_intge4= c0tab with null ('NULL'),
	col_53_num_of_dir_integ2= c0tab with null ('NULL'),
	col_54_first_name_char_1= varchar(3) with null,
	col_55_last_name_varchar= varchar(3) with null,
	col_56_name_of_the_divis= varchar(3) with null,
	col_57_department_charct= varchar(3) with null,
	col_58_salary_smallint__= c0tab with null ('NULL'),
	col_59_no_of_workstation= c0tab with null ('NULL'),
	col_60_no_of_dept_s_init= c0tab with null ('NULL'),
	col_61_bulding_no_intge2= c0tab with null ('NULL'),
	col_62_num_of_mgr_intge4= c0tab with null ('NULL'),
	col_63_num_of_dir_integ2= c0tab with null ('NULL'),
	col_64_no_of_emp__s_int_= c0tab with null ('NULL'),
	col_65_first_name_char_1= varchar(3) with null,
	col_66_last_name_varchar= varchar(3) with null,
	col_67_name_of_the_divis= varchar(3) with null,
	col_68_department_charct= varchar(3) with null,
	col_69_salary_smallint__= c0tab with null ('NULL'),
	col_70_no_of_workstation= c0tab with null ('NULL'),
	col_71_no_of_dept_s_init= c0tab with null ('NULL'),
	col_72_bulding_no_intge2= c0tab with null ('NULL'),
	col_73_num_of_mgr_intge4= c0tab with null ('NULL'),
	col_74_num_of_dir_integ2= c0tab with null ('NULL'),
	col_75_no_of_emp__float_= c0tab with null ('NULL'),
	col_76_first_name_char_1= varchar(3) with null,
	col_77_last_name_varchar= varchar(3) with null,
	col_78_name_of_the_divis= varchar(3) with null,
	col_79_department_charct= varchar(3) with null,
	col_80_salary_smallint__= c0tab with null ('NULL'),
	col_81_no_of_workstation= c0tab with null ('NULL'),
	col_82_no_of_dept_s_init= c0tab with null ('NULL'),
	col_83_bulding_no_intge2= c0tab with null ('NULL'),
	col_84_num_of_mgr_intge4= c0tab with null ('NULL'),
	col_85_num_of_dir_integ2= c0tab with null ('NULL'),
	col_86_first_name_char_1= varchar(3) with null,
	col_87_last_name_varchar= varchar(3) with null,
	col_88_name_of_the_divis= varchar(3) with null,
	col_89_department_charct= varchar(3) with null,
	col_90_salary_smallint__= c0tab with null ('NULL'),
	col_91_no_of_workstation= c0tab with null ('NULL'),
	col_92_no_of_dept_s_init= c0tab with null ('NULL'),
	col_93_bulding_no_intge2= c0tab with null ('NULL'),
	col_94_num_of_mgr_intge4= c0tab with null ('NULL'),
	col_95_last_name_varchar= varchar(3) with null,
	col_96_num_of_dir_integ2= c0tab with null ('NULL'),
	col_97_no_of_emp__s_int_= c0tab with null ('NULL'),
	col_98_first_name_char_1= varchar(3) with null,
	col_99_last_name_varchar= varchar(3) with null,
	col_100_name_of_the_divi= varchar(3) with null,
	col_101_department_charc= varchar(3) with null,
	col_102_salary_smallint_= c0tab with null ('NULL'),
	col_103_no_of_workstatio= c0tab with null ('NULL'),
	col_104_no_of_dept_s_ini= c0tab with null ('NULL'),
	col_105_bulding_no_intg2= c0tab with null ('NULL'),
	col_106_num_of_mgr_intg4= c0tab with null ('NULL'),
	col_107_num_of_dir_intg2= c0tab with null ('NULL'),
	col_108_first_name_char3= varchar(3) with null,
	col_109_last_name_varch3= varchar(3) with null,
	col_110_name_of_the_divi= varchar(3) with null,
	col_111_department_charc= varchar(3) with null,
	col_112_salary_smallint_= c0tab with null ('NULL'),
	col_113_no_of_workstatio= c0tab with null ('NULL'),
	col_114_no_of_dept_s_int= c0tab with null ('NULL'),
	col_115_bulding_no_intg2= c0tab with null ('NULL'),
	col_116_num_of_mgr_intg4= c0tab with null ('NULL'),
	col_117_num_of_dir_intg2= c0tab with null ('NULL'),
	col_118_no_of_emp__sint_= c0tab with null ('NULL'),
	col_119_first_name_char3= varchar(3) with null,
	col_120_last_name_varch3= varchar(3) with null,
	col_121_name_of_the_divi= varchar(3) with null,
	col_122_department_charc= varchar(8) with null,
	col_123_salary_smallint_= c0tab with null ('NULL'),
	col_124_no_of_workstatio= c0tab with null ('NULL'),
	col_125_no_of_dept_s_int= c0tab with null ('NULL'),
	col_126_bulding_no_intg2= c0nl with null ('NULL'),
	nl= d1)
from 't_512w_1.dat';
\p\g
!!
? fill xqbf04c.qry 
!!
create table t_512w_127c_1r (
	col_1_first_name_char_1 char(3) with null,
	col_2_last_name_varchar1 varchar(5) with null,
	col_3_name_of_the_divisn char(3) with null,
	col_4_department_charct# char(3) with null,
	col_5_salary_smallint_2_ i2 with null,
	col_6_no_of_workstation_ i4 with null,
	col_7_no_of_dept_smalint i2 with null,
	col_8_building_no_intge2 i2 with null,
	col_9_num_of_mgrs_intge4 i4 with null,
	col_10_num_of_dir_integ2 i2 with null,
	col_11_no_of_emp__s_int_ i2 with null,
	col_12_first_name_char_1 char(3) with null,
	col_13_last_name_varchar varchar(3) with null,
	col_14_name_of_the_divis char(3) with null,
	col_15_department_charct char(3) with null,
	col_16_salary_smallint__ i2 with null,
	col_17_no_of_workstation i4 with null,
	col_18_no_of_dept_s_init i2 with null,
	col_19_bulding_no_intge2 i2 with null,
	col_20_num_of_mgr_intge4 i4 with null,
	col_21_num_of_dir_integ2 i2 with null,
	col_22_no_of_emp__s_int_ i2 with null,
	col_23_first_name_char_1 char(3) with null,
	col_24_last_name_varchar varchar(3) with null,
	col_25_name_of_the_divis char(3) with null,
	col_26_department_charct char(3) with null,
	col_27_salary_smallint__ i2 with null,
	col_28_no_of_workstation i4 with null,
	col_29_no_of_dept_s_init i2 with null,
	col_30_bulding_no_intge2 i2 with null,
	col_31_num_of_mgr_intge4 i4 with null,
	col_32_num_of_dir_integ2 i2 with null,
	col_33_first_name_char_1 char(3) with null,
	col_34_last_name_varchar varchar(3) with null,
	col_35_name_of_the_divis char(3) with null,
	col_36_department_charct char(3) with null,
	col_37_salary_smallint__ i2 with null,
	col_38_no_of_workstation i4 with null,
	col_39_no_of_dept_s_init i2 with null,
	col_40_bulding_no_intge2 i2 with null,
	col_41_num_of_mgr_intge4 i4 with null,
	col_42_num_of_dir_integ2 i2 with null,
	col_43_no_of_emp_s_int__ i2 with null,
	col_44_first_name_char_1 char(3) with null,
	col_45_last_name_varchar varchar(3) with null,
	col_46_name_of_the_divis char(3) with null,
	col_47_department_charct char(3) with null,
	col_48_salary_smallint__ i2 with null,
	col_49_no_of_workstation i4 with null,
	col_50_no_of_dept_s_init i2 with null,
	col_51_bulding_no_intge2 i2 with null,
	col_52_num_of_mgr_intge4 i4 with null,
	col_53_num_of_dir_integ2 i2 with null,
	col_54_first_name_char_1 char(3) with null,
	col_55_last_name_varchar varchar(3) with null,
	col_56_name_of_the_divis char(3) with null,
	col_57_department_charct char(3) with null,
	col_58_salary_smallint__ i2 with null,
	col_59_no_of_workstation i4 with null,
	col_60_no_of_dept_s_init i2 with null,
	col_61_bulding_no_intge2 i2 with null,
	col_62_num_of_mgr_intge4 i4 with null,
	col_63_num_of_dir_integ2 i2 with null,
	col_64_no_of_emp__s_int_ i2 with null,
	col_65_first_name_char_1 char(3) with null,
	col_66_last_name_varchar varchar(3) with null,
	col_67_name_of_the_divis char(3) with null,
	col_68_department_charct char(3) with null,
	col_69_salary_smallint__ i2 with null,
	col_70_no_of_workstation i4 with null,
	col_71_no_of_dept_s_init i2 with null,
	col_72_bulding_no_intge2 i2 with null,
	col_73_num_of_mgr_intge4 i4 with null,
	col_74_num_of_dir_integ2 i2 with null,
	col_75_no_of_emp__float_ f8 with null,
	col_76_first_name_char_1 char(3) with null,
	col_77_last_name_varchar varchar(3) with null,
	col_78_name_of_the_divis char(3) with null,
	col_79_department_charct char(3) with null,
	col_80_salary_smallint__ i2 with null,
	col_81_no_of_workstation i4 with null,
	col_82_no_of_dept_s_init i2 with null,
	col_83_bulding_no_intge2 i2 with null,
	col_84_num_of_mgr_intge4 i4 with null,
	col_85_num_of_dir_integ2 i2 with null,
	col_86_first_name_char_1 char(3) with null,
	col_87_last_name_varchar varchar(3) with null,
	col_88_name_of_the_divis char(3) with null,
	col_89_department_charct char(3) with null,
	col_90_salary_smallint__ i2 with null,
	col_91_no_of_workstation i4 with null,
	col_92_no_of_dept_s_init i2 with null,
	col_93_bulding_no_intge2 i2 with null,
	col_94_num_of_mgr_intge4 i4 with null,
	col_95_last_name_varchar varchar(3) with null,
	col_96_num_of_dir_integ2 i2 with null,
	col_97_no_of_emp__s_int_ i2 with null,
	col_98_first_name_char_1 char(3) with null,
	col_99_last_name_varchar varchar(3) with null,
	col_100_name_of_the_divi char(3) with null,
	col_101_department_charc char(3) with null,
	col_102_salary_smallint_ i2 with null,
	col_103_no_of_workstatio i4 with null,
	col_104_no_of_dept_s_ini i2 with null,
	col_105_bulding_no_intg2 i2 with null,
	col_106_num_of_mgr_intg4 i4 with null,
	col_107_num_of_dir_intg2 i2 with null,
	col_108_first_name_char3 char(3) with null,
	col_109_last_name_varch3 varchar(3) with null,
	col_110_name_of_the_divi char(3) with null,
	col_111_department_charc char(3) with null,
	col_112_salary_smallint_ i2 with null,
	col_113_no_of_workstatio i4 with null,
	col_114_no_of_dept_s_int i2 with null,
	col_115_bulding_no_intg2 i2 with null,
	col_116_num_of_mgr_intg4 i4 with null,
	col_117_num_of_dir_intg2 i2 with null,
	col_118_no_of_emp__sint_ i2 with null,
	col_119_first_name_char3 char(3) with null,
	col_120_last_name_varch3 varchar(3) with null,
	col_121_name_of_the_divi char(3) with null,
	col_122_department_charc char(3) with null,
	col_123_salary_smallint_ i2 with null,
	col_124_no_of_workstatio i4 with null,
	col_125_no_of_dept_s_int i2 with null,
	col_126_bulding_no_intg2 i2 with null,
	col_127_num_of_mgr_intg4 i4 with null)
with duplicates, location = (ii_database);
\p\g
copy t_512w_127c_1r (
	col_1_first_name_char_1= varchar(3) with null,
	col_2_last_name_varchar1= varchar(5) with null,
	col_3_name_of_the_divisn= varchar(3) with null,
	col_4_department_charct#= varchar(3) with null,
	col_5_salary_smallint_2_= c0tab with null ('NULL'),
	col_6_no_of_workstation_= c0tab with null ('NULL'),
	col_7_no_of_dept_smalint= c0tab with null ('NULL'),
	col_8_building_no_intge2= c0tab with null ('NULL'),
	col_9_num_of_mgrs_intge4= c0tab with null ('NULL'),
	col_10_num_of_dir_integ2= c0tab with null ('NULL'),
	col_11_no_of_emp__s_int_= c0tab with null ('NULL'),
	col_12_first_name_char_1= varchar(3) with null,
	col_13_last_name_varchar= varchar(3) with null,
	col_14_name_of_the_divis= varchar(3) with null,
	col_15_department_charct= varchar(3) with null,
	col_16_salary_smallint__= c0tab with null ('NULL'),
	col_17_no_of_workstation= c0tab with null ('NULL'),
	col_18_no_of_dept_s_init= c0tab with null ('NULL'),
	col_19_bulding_no_intge2= c0tab with null ('NULL'),
	col_20_num_of_mgr_intge4= c0tab with null ('NULL'),
	col_21_num_of_dir_integ2= c0tab with null ('NULL'),
	col_22_no_of_emp__s_int_= c0tab with null ('NULL'),
	col_23_first_name_char_1= varchar(3) with null,
	col_24_last_name_varchar= varchar(3) with null,
	col_25_name_of_the_divis= varchar(3) with null,
	col_26_department_charct= varchar(3) with null,
	col_27_salary_smallint__= c0tab with null ('NULL'),
	col_28_no_of_workstation= c0tab with null ('NULL'),
	col_29_no_of_dept_s_init= c0tab with null ('NULL'),
	col_30_bulding_no_intge2= c0tab with null ('NULL'),
	col_31_num_of_mgr_intge4= c0tab with null ('NULL'),
	col_32_num_of_dir_integ2= c0tab with null ('NULL'),
	col_33_first_name_char_1= varchar(3) with null,
	col_34_last_name_varchar= varchar(3) with null,
	col_35_name_of_the_divis= varchar(3) with null,
	col_36_department_charct= varchar(3) with null,
	col_37_salary_smallint__= c0tab with null ('NULL'),
	col_38_no_of_workstation= c0tab with null ('NULL'),
	col_39_no_of_dept_s_init= c0tab with null ('NULL'),
	col_40_bulding_no_intge2= c0tab with null ('NULL'),
	col_41_num_of_mgr_intge4= c0tab with null ('NULL'),
	col_42_num_of_dir_integ2= c0tab with null ('NULL'),
	col_43_no_of_emp_s_int__= c0tab with null ('NULL'),
	col_44_first_name_char_1= varchar(3) with null,
	col_45_last_name_varchar= varchar(3) with null,
	col_46_name_of_the_divis= varchar(3) with null,
	col_47_department_charct= varchar(3) with null,
	col_48_salary_smallint__= c0tab with null ('NULL'),
	col_49_no_of_workstation= c0tab with null ('NULL'),
	col_50_no_of_dept_s_init= c0tab with null ('NULL'),
	col_51_bulding_no_intge2= c0tab with null ('NULL'),
	col_52_num_of_mgr_intge4= c0tab with null ('NULL'),
	col_53_num_of_dir_integ2= c0tab with null ('NULL'),
	col_54_first_name_char_1= varchar(3) with null,
	col_55_last_name_varchar= varchar(3) with null,
	col_56_name_of_the_divis= varchar(3) with null,
	col_57_department_charct= varchar(3) with null,
	col_58_salary_smallint__= c0tab with null ('NULL'),
	col_59_no_of_workstation= c0tab with null ('NULL'),
	col_60_no_of_dept_s_init= c0tab with null ('NULL'),
	col_61_bulding_no_intge2= c0tab with null ('NULL'),
	col_62_num_of_mgr_intge4= c0tab with null ('NULL'),
	col_63_num_of_dir_integ2= c0tab with null ('NULL'),
	col_64_no_of_emp__s_int_= c0tab with null ('NULL'),
	col_65_first_name_char_1= varchar(3) with null,
	col_66_last_name_varchar= varchar(3) with null,
	col_67_name_of_the_divis= varchar(3) with null,
	col_68_department_charct= varchar(3) with null,
	col_69_salary_smallint__= c0tab with null ('NULL'),
	col_70_no_of_workstation= c0tab with null ('NULL'),
	col_71_no_of_dept_s_init= c0tab with null ('NULL'),
	col_72_bulding_no_intge2= c0tab with null ('NULL'),
	col_73_num_of_mgr_intge4= c0tab with null ('NULL'),
	col_74_num_of_dir_integ2= c0tab with null ('NULL'),
	col_75_no_of_emp__float_= c0tab with null ('NULL'),
	col_76_first_name_char_1= varchar(3) with null,
	col_77_last_name_varchar= varchar(3) with null,
	col_78_name_of_the_divis= varchar(3) with null,
	col_79_department_charct= varchar(3) with null,
	col_80_salary_smallint__= c0tab with null ('NULL'),
	col_81_no_of_workstation= c0tab with null ('NULL'),
	col_82_no_of_dept_s_init= c0tab with null ('NULL'),
	col_83_bulding_no_intge2= c0tab with null ('NULL'),
	col_84_num_of_mgr_intge4= c0tab with null ('NULL'),
	col_85_num_of_dir_integ2= c0tab with null ('NULL'),
	col_86_first_name_char_1= varchar(3) with null,
	col_87_last_name_varchar= varchar(3) with null,
	col_88_name_of_the_divis= varchar(3) with null,
	col_89_department_charct= varchar(3) with null,
	col_90_salary_smallint__= c0tab with null ('NULL'),
	col_91_no_of_workstation= c0tab with null ('NULL'),
	col_92_no_of_dept_s_init= c0tab with null ('NULL'),
	col_93_bulding_no_intge2= c0tab with null ('NULL'),
	col_94_num_of_mgr_intge4= c0tab with null ('NULL'),
	col_95_last_name_varchar= varchar(3) with null,
	col_96_num_of_dir_integ2= c0tab with null ('NULL'),
	col_97_no_of_emp__s_int_= c0tab with null ('NULL'),
	col_98_first_name_char_1= varchar(3) with null,
	col_99_last_name_varchar= varchar(3) with null,
	col_100_name_of_the_divi= varchar(3) with null,
	col_101_department_charc= varchar(3) with null,
	col_102_salary_smallint_= c0tab with null ('NULL'),
	col_103_no_of_workstatio= c0tab with null ('NULL'),
	col_104_no_of_dept_s_ini= c0tab with null ('NULL'),
	col_105_bulding_no_intg2= c0tab with null ('NULL'),
	col_106_num_of_mgr_intg4= c0tab with null ('NULL'),
	col_107_num_of_dir_intg2= c0tab with null ('NULL'),
	col_108_first_name_char3= varchar(3) with null,
	col_109_last_name_varch3= varchar(3) with null,
	col_110_name_of_the_divi= varchar(3) with null,
	col_111_department_charc= varchar(3) with null,
	col_112_salary_smallint_= c0tab with null ('NULL'),
	col_113_no_of_workstatio= c0tab with null ('NULL'),
	col_114_no_of_dept_s_int= c0tab with null ('NULL'),
	col_115_bulding_no_intg2= c0tab with null ('NULL'),
	col_116_num_of_mgr_intg4= c0tab with null ('NULL'),
	col_117_num_of_dir_intg2= c0tab with null ('NULL'),
	col_118_no_of_emp__sint_= c0tab with null ('NULL'),
	col_119_first_name_char3= varchar(3) with null,
	col_120_last_name_varch3= varchar(3) with null,
	col_121_name_of_the_divi= varchar(3) with null,
	col_122_department_charc= varchar(3) with null,
	col_123_salary_smallint_= c0tab with null ('NULL'),
	col_124_no_of_workstatio= c0tab with null ('NULL'),
	col_125_no_of_dept_s_int= c0tab with null ('NULL'),
	col_126_bulding_no_intg2= c0tab with null ('NULL'),
	col_127_num_of_mgr_intg4= c0nl with null ('NULL'),
	nl= d1)
from 't_512w_2.dat';
\p\g
create view view_2 as select * from t_512w_127c_1r;
\p\g
!!
? fill xqbf04d.qry 
!!
create table t_512w_127c_100r (
	col_1_first_name_char_1 char(3) with null,
	col_2_last_name_varchar1 varchar(5) with null,
	col_3_name_of_the_divisn char(3) with null,
	col_4_department_charct# char(3) with null,
	col_5_salary_smallint_2_ i2 with null,
	col_6_no_of_workstation_ i4 with null,
	col_7_no_of_dept_smalint i2 with null,
	col_8_building_no_intge2 i2 with null,
	col_9_num_of_mgrs_intge4 i4 with null,
	col_10_num_of_dir_integ2 i2 with null,
	col_11_no_of_emp__s_int_ i2 with null,
	col_12_first_name_char_1 char(3) with null,
	col_13_last_name_varchar varchar(3) with null,
	col_14_name_of_the_divis char(3) with null,
	col_15_department_charct char(3) with null,
	col_16_salary_smallint__ i2 with null,
	col_17_no_of_workstation i4 with null,
	col_18_no_of_dept_s_init i2 with null,
	col_19_bulding_no_intge2 i2 with null,
	col_20_num_of_mgr_intge4 i4 with null,
	col_21_num_of_dir_integ2 i2 with null,
	col_22_no_of_emp__s_int_ i2 with null,
	col_23_first_name_char_1 char(3) with null,
	col_24_last_name_varchar varchar(3) with null,
	col_25_name_of_the_divis char(3) with null,
	col_26_department_charct char(3) with null,
	col_27_salary_smallint__ i2 with null,
	col_28_no_of_workstation i4 with null,
	col_29_no_of_dept_s_init i2 with null,
	col_30_bulding_no_intge2 i2 with null,
	col_31_num_of_mgr_intge4 i4 with null,
	col_32_num_of_dir_integ2 i2 with null,
	col_33_first_name_char_1 char(3) with null,
	col_34_last_name_varchar varchar(3) with null,
	col_35_name_of_the_divis char(3) with null,
	col_36_department_charct char(3) with null,
	col_37_salary_smallint__ i2 with null,
	col_38_no_of_workstation i4 with null,
	col_39_no_of_dept_s_init i2 with null,
	col_40_bulding_no_intge2 i2 with null,
	col_41_num_of_mgr_intge4 i4 with null,
	col_42_num_of_dir_integ2 i2 with null,
	col_43_no_of_emp_s_int__ i2 with null,
	col_44_first_name_char_1 char(3) with null,
	col_45_last_name_varchar varchar(3) with null,
	col_46_name_of_the_divis char(3) with null,
	col_47_department_charct char(3) with null,
	col_48_salary_smallint__ i2 with null,
	col_49_no_of_workstation i4 with null,
	col_50_no_of_dept_s_init i2 with null,
	col_51_bulding_no_intge2 i2 with null,
	col_52_num_of_mgr_intge4 i4 with null,
	col_53_num_of_dir_integ2 i2 with null,
	col_54_first_name_char_1 char(3) with null,
	col_55_last_name_varchar varchar(3) with null,
	col_56_name_of_the_divis char(3) with null,
	col_57_department_charct char(3) with null,
	col_58_salary_smallint__ i2 with null,
	col_59_no_of_workstation i4 with null,
	col_60_no_of_dept_s_init i2 with null,
	col_61_bulding_no_intge2 i2 with null,
	col_62_num_of_mgr_intge4 i4 with null,
	col_63_num_of_dir_integ2 i2 with null,
	col_64_no_of_emp__s_int_ i2 with null,
	col_65_first_name_char_1 char(3) with null,
	col_66_last_name_varchar varchar(3) with null,
	col_67_name_of_the_divis char(3) with null,
	col_68_department_charct char(3) with null,
	col_69_salary_smallint__ i2 with null,
	col_70_no_of_workstation i4 with null,
	col_71_no_of_dept_s_init i2 with null,
	col_72_bulding_no_intge2 i2 with null,
	col_73_num_of_mgr_intge4 i4 with null,
	col_74_num_of_dir_integ2 i2 with null,
	col_75_no_of_emp__float_ f8 with null,
	col_76_first_name_char_1 char(3) with null,
	col_77_last_name_varchar varchar(3) with null,
	col_78_name_of_the_divis char(3) with null,
	col_79_department_charct char(3) with null,
	col_80_salary_smallint__ i2 with null,
	col_81_no_of_workstation i4 with null,
	col_82_no_of_dept_s_init i2 with null,
	col_83_bulding_no_intge2 i2 with null,
	col_84_num_of_mgr_intge4 i4 with null,
	col_85_num_of_dir_integ2 i2 with null,
	col_86_first_name_char_1 char(3) with null,
	col_87_last_name_varchar varchar(3) with null,
	col_88_name_of_the_divis char(3) with null,
	col_89_department_charct char(3) with null,
	col_90_salary_smallint__ i2 with null,
	col_91_no_of_workstation i4 with null,
	col_92_no_of_dept_s_init i2 with null,
	col_93_bulding_no_intge2 i2 with null,
	col_94_num_of_mgr_intge4 i4 with null,
	col_95_last_name_varchar varchar(3) with null,
	col_96_num_of_dir_integ2 i2 with null,
	col_97_no_of_emp__s_int_ i2 with null,
	col_98_first_name_char_1 char(3) with null,
	col_99_last_name_varchar varchar(3) with null,
	col_100_name_of_the_divi char(3) with null,
	col_101_department_charc char(3) with null,
	col_102_salary_smallint_ i2 with null,
	col_103_no_of_workstatio i4 with null,
	col_104_no_of_dept_s_ini i2 with null,
	col_105_bulding_no_intg2 i2 with null,
	col_106_num_of_mgr_intg4 i4 with null,
	col_107_num_of_dir_intg2 i2 with null,
	col_108_first_name_char3 char(3) with null,
	col_109_last_name_varch3 varchar(3) with null,
	col_110_name_of_the_divi char(3) with null,
	col_111_department_charc char(3) with null,
	col_112_salary_smallint_ i2 with null,
	col_113_no_of_workstatio i4 with null,
	col_114_no_of_dept_s_int i2 with null,
	col_115_bulding_no_intg2 i2 with null,
	col_116_num_of_mgr_intg4 i4 with null,
	col_117_num_of_dir_intg2 i2 with null,
	col_118_no_of_emp__sint_ i2 with null,
	col_119_first_name_char3 char(3) with null,
	col_120_last_name_varch3 varchar(3) with null,
	col_121_name_of_the_divi char(3) with null,
	col_122_department_charc char(3) with null,
	col_123_salary_smallint_ i2 with null,
	col_124_no_of_workstatio i4 with null,
	col_125_no_of_dept_s_int i2 with null,
	col_126_bulding_no_intg2 i2 with null,
	col_127_num_of_mgr_intg4 i4 with null)
with duplicates, location = (ii_database);
\p\g
copy t_512w_127c_100r (
	col_1_first_name_char_1= varchar(3) with null,
	col_2_last_name_varchar1= varchar(5) with null,
	col_3_name_of_the_divisn= varchar(3) with null,
	col_4_department_charct#= varchar(3) with null,
	col_5_salary_smallint_2_= c0tab with null ('NULL'),
	col_6_no_of_workstation_= c0tab with null ('NULL'),
	col_7_no_of_dept_smalint= c0tab with null ('NULL'),
	col_8_building_no_intge2= c0tab with null ('NULL'),
	col_9_num_of_mgrs_intge4= c0tab with null ('NULL'),
	col_10_num_of_dir_integ2= c0tab with null ('NULL'),
	col_11_no_of_emp__s_int_= c0tab with null ('NULL'),
	col_12_first_name_char_1= varchar(3) with null,
	col_13_last_name_varchar= varchar(3) with null,
	col_14_name_of_the_divis= varchar(3) with null,
	col_15_department_charct= varchar(3) with null,
	col_16_salary_smallint__= c0tab with null ('NULL'),
	col_17_no_of_workstation= c0tab with null ('NULL'),
	col_18_no_of_dept_s_init= c0tab with null ('NULL'),
	col_19_bulding_no_intge2= c0tab with null ('NULL'),
	col_20_num_of_mgr_intge4= c0tab with null ('NULL'),
	col_21_num_of_dir_integ2= c0tab with null ('NULL'),
	col_22_no_of_emp__s_int_= c0tab with null ('NULL'),
	col_23_first_name_char_1= varchar(3) with null,
	col_24_last_name_varchar= varchar(3) with null,
	col_25_name_of_the_divis= varchar(3) with null,
	col_26_department_charct= varchar(3) with null,
	col_27_salary_smallint__= c0tab with null ('NULL'),
	col_28_no_of_workstation= c0tab with null ('NULL'),
	col_29_no_of_dept_s_init= c0tab with null ('NULL'),
	col_30_bulding_no_intge2= c0tab with null ('NULL'),
	col_31_num_of_mgr_intge4= c0tab with null ('NULL'),
	col_32_num_of_dir_integ2= c0tab with null ('NULL'),
	col_33_first_name_char_1= varchar(3) with null,
	col_34_last_name_varchar= varchar(3) with null,
	col_35_name_of_the_divis= varchar(3) with null,
	col_36_department_charct= varchar(3) with null,
	col_37_salary_smallint__= c0tab with null ('NULL'),
	col_38_no_of_workstation= c0tab with null ('NULL'),
	col_39_no_of_dept_s_init= c0tab with null ('NULL'),
	col_40_bulding_no_intge2= c0tab with null ('NULL'),
	col_41_num_of_mgr_intge4= c0tab with null ('NULL'),
	col_42_num_of_dir_integ2= c0tab with null ('NULL'),
	col_43_no_of_emp_s_int__= c0tab with null ('NULL'),
	col_44_first_name_char_1= varchar(3) with null,
	col_45_last_name_varchar= varchar(3) with null,
	col_46_name_of_the_divis= varchar(3) with null,
	col_47_department_charct= varchar(3) with null,
	col_48_salary_smallint__= c0tab with null ('NULL'),
	col_49_no_of_workstation= c0tab with null ('NULL'),
	col_50_no_of_dept_s_init= c0tab with null ('NULL'),
	col_51_bulding_no_intge2= c0tab with null ('NULL'),
	col_52_num_of_mgr_intge4= c0tab with null ('NULL'),
	col_53_num_of_dir_integ2= c0tab with null ('NULL'),
	col_54_first_name_char_1= varchar(3) with null,
	col_55_last_name_varchar= varchar(3) with null,
	col_56_name_of_the_divis= varchar(3) with null,
	col_57_department_charct= varchar(3) with null,
	col_58_salary_smallint__= c0tab with null ('NULL'),
	col_59_no_of_workstation= c0tab with null ('NULL'),
	col_60_no_of_dept_s_init= c0tab with null ('NULL'),
	col_61_bulding_no_intge2= c0tab with null ('NULL'),
	col_62_num_of_mgr_intge4= c0tab with null ('NULL'),
	col_63_num_of_dir_integ2= c0tab with null ('NULL'),
	col_64_no_of_emp__s_int_= c0tab with null ('NULL'),
	col_65_first_name_char_1= varchar(3) with null,
	col_66_last_name_varchar= varchar(3) with null,
	col_67_name_of_the_divis= varchar(3) with null,
	col_68_department_charct= varchar(3) with null,
	col_69_salary_smallint__= c0tab with null ('NULL'),
	col_70_no_of_workstation= c0tab with null ('NULL'),
	col_71_no_of_dept_s_init= c0tab with null ('NULL'),
	col_72_bulding_no_intge2= c0tab with null ('NULL'),
	col_73_num_of_mgr_intge4= c0tab with null ('NULL'),
	col_74_num_of_dir_integ2= c0tab with null ('NULL'),
	col_75_no_of_emp__float_= c0tab with null ('NULL'),
	col_76_first_name_char_1= varchar(3) with null,
	col_77_last_name_varchar= varchar(3) with null,
	col_78_name_of_the_divis= varchar(3) with null,
	col_79_department_charct= varchar(3) with null,
	col_80_salary_smallint__= c0tab with null ('NULL'),
	col_81_no_of_workstation= c0tab with null ('NULL'),
	col_82_no_of_dept_s_init= c0tab with null ('NULL'),
	col_83_bulding_no_intge2= c0tab with null ('NULL'),
	col_84_num_of_mgr_intge4= c0tab with null ('NULL'),
	col_85_num_of_dir_integ2= c0tab with null ('NULL'),
	col_86_first_name_char_1= varchar(3) with null,
	col_87_last_name_varchar= varchar(3) with null,
	col_88_name_of_the_divis= varchar(3) with null,
	col_89_department_charct= varchar(3) with null,
	col_90_salary_smallint__= c0tab with null ('NULL'),
	col_91_no_of_workstation= c0tab with null ('NULL'),
	col_92_no_of_dept_s_init= c0tab with null ('NULL'),
	col_93_bulding_no_intge2= c0tab with null ('NULL'),
	col_94_num_of_mgr_intge4= c0tab with null ('NULL'),
	col_95_last_name_varchar= varchar(3) with null,
	col_96_num_of_dir_integ2= c0tab with null ('NULL'),
	col_97_no_of_emp__s_int_= c0tab with null ('NULL'),
	col_98_first_name_char_1= varchar(3) with null,
	col_99_last_name_varchar= varchar(3) with null,
	col_100_name_of_the_divi= varchar(3) with null,
	col_101_department_charc= varchar(3) with null,
	col_102_salary_smallint_= c0tab with null ('NULL'),
	col_103_no_of_workstatio= c0tab with null ('NULL'),
	col_104_no_of_dept_s_ini= c0tab with null ('NULL'),
	col_105_bulding_no_intg2= c0tab with null ('NULL'),
	col_106_num_of_mgr_intg4= c0tab with null ('NULL'),
	col_107_num_of_dir_intg2= c0tab with null ('NULL'),
	col_108_first_name_char3= varchar(3) with null,
	col_109_last_name_varch3= varchar(3) with null,
	col_110_name_of_the_divi= varchar(3) with null,
	col_111_department_charc= varchar(3) with null,
	col_112_salary_smallint_= c0tab with null ('NULL'),
	col_113_no_of_workstatio= c0tab with null ('NULL'),
	col_114_no_of_dept_s_int= c0tab with null ('NULL'),
	col_115_bulding_no_intg2= c0tab with null ('NULL'),
	col_116_num_of_mgr_intg4= c0tab with null ('NULL'),
	col_117_num_of_dir_intg2= c0tab with null ('NULL'),
	col_118_no_of_emp__sint_= c0tab with null ('NULL'),
	col_119_first_name_char3= varchar(3) with null,
	col_120_last_name_varch3= varchar(3) with null,
	col_121_name_of_the_divi= varchar(3) with null,
	col_122_department_charc= varchar(3) with null,
	col_123_salary_smallint_= c0tab with null ('NULL'),
	col_124_no_of_workstatio= c0tab with null ('NULL'),
	col_125_no_of_dept_s_int= c0tab with null ('NULL'),
	col_126_bulding_no_intg2= c0tab with null ('NULL'),
	col_127_num_of_mgr_intg4= c0nl with null ('NULL'),
	nl= d1)
from 't_512w_0.dat';
\p\g
!!
? fill xqbf04e.qry 
!!
create table t_1024w_127c_1r (
	col_1_first_name_char_1 char(14) with null,
	col_2_last_name_varchar1 varchar(5) with null,
	col_3_name_of_the_divisn char(14) with null,
	col_4_department_charct# char(14) with null,
	col_5_salary_smallint_2_ i2 with null,
	col_6_no_of_workstation_ i4 with null,
	col_7_no_of_dept_smalint i2 with null,
	col_8_building_no_intge2 i2 with null,
	col_9_num_of_mgrs_intge4 i4 with null,
	col_10_num_of_dir_integ2 i2 with null,
	col_11_no_of_emp__s_int_ i2 with null,
	col_12_first_name_char_1 char(14) with null,
	col_13_last_name_varchar varchar(14) with null,
	col_14_name_of_the_divis char(14) with null,
	col_15_department_charct char(14) with null,
	col_16_salary_smallint__ i2 with null,
	col_17_no_of_workstation i4 with null,
	col_18_no_of_dept_s_init i2 with null,
	col_19_bulding_no_intge2 i2 with null,
	col_20_num_of_mgr_intge4 i4 with null,
	col_21_num_of_dir_integ2 i2 with null,
	col_22_no_of_emp__s_int_ i2 with null,
	col_23_first_name_char_1 char(14) with null,
	col_24_last_name_varchar varchar(14) with null,
	col_25_name_of_the_divis char(14) with null,
	col_26_department_charct char(14) with null,
	col_27_salary_smallint__ i2 with null,
	col_28_no_of_workstation i4 with null,
	col_29_no_of_dept_s_init i2 with null,
	col_30_bulding_no_intge2 i2 with null,
	col_31_num_of_mgr_intge4 i4 with null,
	col_32_num_of_dir_integ2 i2 with null,
	col_33_first_name_char_1 char(14) with null,
	col_34_last_name_varchar varchar(14) with null,
	col_35_name_of_the_divis char(14) with null,
	col_36_department_charct char(14) with null,
	col_37_salary_smallint__ i2 with null,
	col_38_no_of_workstation i4 with null,
	col_39_no_of_dept_s_init i2 with null,
	col_40_bulding_no_intge2 i2 with null,
	col_41_num_of_mgr_intge4 i4 with null,
	col_42_num_of_dir_integ2 i2 with null,
	col_43_no_of_emp_s_int__ i2 with null,
	col_44_first_name_char_1 char(14) with null,
	col_45_last_name_varchar varchar(14) with null,
	col_46_name_of_the_divis char(14) with null,
	col_47_department_charct char(14) with null,
	col_48_salary_smallint__ i2 with null,
	col_49_no_of_workstation i4 with null,
	col_50_no_of_dept_s_init i2 with null,
	col_51_bulding_no_intge2 i2 with null,
	col_52_num_of_mgr_intge4 i4 with null,
	col_53_num_of_dir_integ2 i2 with null,
	col_54_first_name_char_1 char(14) with null,
	col_55_last_name_varchar varchar(14) with null,
	col_56_name_of_the_divis char(14) with null,
	col_57_department_charct char(14) with null,
	col_58_salary_smallint__ i2 with null,
	col_59_no_of_workstation i4 with null,
	col_60_no_of_dept_s_init i2 with null,
	col_61_bulding_no_intge2 i2 with null,
	col_62_num_of_mgr_intge4 i4 with null,
	col_63_num_of_dir_integ2 i2 with null,
	col_64_no_of_emp__s_int_ i2 with null,
	col_65_first_name_char_1 char(14) with null,
	col_66_last_name_varchar varchar(14) with null,
	col_67_name_of_the_divis char(14) with null,
	col_68_department_charct char(14) with null,
	col_69_salary_smallint__ i2 with null,
	col_70_no_of_workstation i4 with null,
	col_71_no_of_dept_s_init i2 with null,
	col_72_bulding_no_intge2 i2 with null,
	col_73_num_of_mgr_intge4 i4 with null,
	col_74_num_of_dir_integ2 i2 with null,
	col_75_no_of_emp__float_ f8 with null,
	col_76_first_name_char_1 char(14) with null,
	col_77_last_name_varchar varchar(14) with null,
	col_78_name_of_the_divis char(14) with null,
	col_79_department_charct char(14) with null,
	col_80_salary_smallint__ i2 with null,
	col_81_no_of_workstation i4 with null,
	col_82_no_of_dept_s_init i2 with null,
	col_83_bulding_no_intge2 i2 with null,
	col_84_num_of_mgr_intge4 i4 with null,
	col_85_num_of_dir_integ2 i2 with null,
	col_86_first_name_char_1 char(14) with null,
	col_87_last_name_varchar varchar(14) with null,
	col_88_name_of_the_divis char(14) with null,
	col_89_department_charct char(14) with null,
	col_90_salary_smallint__ i2 with null,
	col_91_no_of_workstation i4 with null,
	col_92_no_of_dept_s_init i2 with null,
	col_93_bulding_no_intge2 i2 with null,
	col_94_num_of_mgr_intge4 i4 with null,
	col_95_last_name_varchar varchar(14) with null,
	col_96_num_of_dir_integ2 i2 with null,
	col_97_no_of_emp__s_int_ i2 with null,
	col_98_first_name_char_1 char(14) with null,
	col_99_last_name_varchar varchar(14) with null,
	col_100_name_of_the_divi char(14) with null,
	col_101_department_charc char(14) with null,
	col_102_salary_smallint_ i2 with null,
	col_103_no_of_workstatio i4 with null,
	col_104_no_of_dept_s_ini i2 with null,
	col_105_bulding_no_intg2 i2 with null,
	col_106_num_of_mgr_intg4 i4 with null,
	col_107_num_of_dir_intg2 i2 with null,
	col_108_first_name_char3 char(14) with null,
	col_109_last_name_varch3 varchar(14) with null,
	col_110_name_of_the_divi char(14) with null,
	col_111_department_charc char(14) with null,
	col_112_salary_smallint_ i2 with null,
	col_113_no_of_workstatio i4 with null,
	col_114_no_of_dept_s_int i2 with null,
	col_115_bulding_no_intg2 i2 with null,
	col_116_num_of_mgr_intg4 i4 with null,
	col_117_num_of_dir_intg2 i2 with null,
	col_118_no_of_emp__sint_ i2 with null,
	col_119_first_name_char3 char(14) with null,
	col_120_last_name_varch3 varchar(10) with null,
	col_121_name_of_the_divi char(8) with null,
	col_122_department_charc char(8) with null,
	col_123_salary_smallint_ i2 with null,
	col_124_no_of_workstatio i4 with null,
	col_125_no_of_dept_s_int i2 with null,
	col_126_bulding_no_intg2 i2 with null,
	col_127_num_of_mgr_intg4 i4 with null)
with duplicates, location = (ii_database);
\p\g
copy t_1024w_127c_1r (
	col_1_first_name_char_1= varchar(14) with null,
	col_2_last_name_varchar1= varchar(5) with null,
	col_3_name_of_the_divisn= varchar(14) with null,
	col_4_department_charct#= varchar(14) with null,
	col_5_salary_smallint_2_= c0tab with null ('NULL'),
	col_6_no_of_workstation_= c0tab with null ('NULL'),
	col_7_no_of_dept_smalint= c0tab with null ('NULL'),
	col_8_building_no_intge2= c0tab with null ('NULL'),
	col_9_num_of_mgrs_intge4= c0tab with null ('NULL'),
	col_10_num_of_dir_integ2= c0tab with null ('NULL'),
	col_11_no_of_emp__s_int_= c0tab with null ('NULL'),
	col_12_first_name_char_1= varchar(14) with null,
	col_13_last_name_varchar= varchar(14) with null,
	col_14_name_of_the_divis= varchar(14) with null,
	col_15_department_charct= varchar(14) with null,
	col_16_salary_smallint__= c0tab with null ('NULL'),
	col_17_no_of_workstation= c0tab with null ('NULL'),
	col_18_no_of_dept_s_init= c0tab with null ('NULL'),
	col_19_bulding_no_intge2= c0tab with null ('NULL'),
	col_20_num_of_mgr_intge4= c0tab with null ('NULL'),
	col_21_num_of_dir_integ2= c0tab with null ('NULL'),
	col_22_no_of_emp__s_int_= c0tab with null ('NULL'),
	col_23_first_name_char_1= varchar(14) with null,
	col_24_last_name_varchar= varchar(14) with null,
	col_25_name_of_the_divis= varchar(14) with null,
	col_26_department_charct= varchar(14) with null,
	col_27_salary_smallint__= c0tab with null ('NULL'),
	col_28_no_of_workstation= c0tab with null ('NULL'),
	col_29_no_of_dept_s_init= c0tab with null ('NULL'),
	col_30_bulding_no_intge2= c0tab with null ('NULL'),
	col_31_num_of_mgr_intge4= c0tab with null ('NULL'),
	col_32_num_of_dir_integ2= c0tab with null ('NULL'),
	col_33_first_name_char_1= varchar(14) with null,
	col_34_last_name_varchar= varchar(14) with null,
	col_35_name_of_the_divis= varchar(14) with null,
	col_36_department_charct= varchar(14) with null,
	col_37_salary_smallint__= c0tab with null ('NULL'),
	col_38_no_of_workstation= c0tab with null ('NULL'),
	col_39_no_of_dept_s_init= c0tab with null ('NULL'),
	col_40_bulding_no_intge2= c0tab with null ('NULL'),
	col_41_num_of_mgr_intge4= c0tab with null ('NULL'),
	col_42_num_of_dir_integ2= c0tab with null ('NULL'),
	col_43_no_of_emp_s_int__= c0tab with null ('NULL'),
	col_44_first_name_char_1= varchar(14) with null,
	col_45_last_name_varchar= varchar(14) with null,
	col_46_name_of_the_divis= varchar(14) with null,
	col_47_department_charct= varchar(14) with null,
	col_48_salary_smallint__= c0tab with null ('NULL'),
	col_49_no_of_workstation= c0tab with null ('NULL'),
	col_50_no_of_dept_s_init= c0tab with null ('NULL'),
	col_51_bulding_no_intge2= c0tab with null ('NULL'),
	col_52_num_of_mgr_intge4= c0tab with null ('NULL'),
	col_53_num_of_dir_integ2= c0tab with null ('NULL'),
	col_54_first_name_char_1= varchar(14) with null,
	col_55_last_name_varchar= varchar(14) with null,
	col_56_name_of_the_divis= varchar(14) with null,
	col_57_department_charct= varchar(14) with null,
	col_58_salary_smallint__= c0tab with null ('NULL'),
	col_59_no_of_workstation= c0tab with null ('NULL'),
	col_60_no_of_dept_s_init= c0tab with null ('NULL'),
	col_61_bulding_no_intge2= c0tab with null ('NULL'),
	col_62_num_of_mgr_intge4= c0tab with null ('NULL'),
	col_63_num_of_dir_integ2= c0tab with null ('NULL'),
	col_64_no_of_emp__s_int_= c0tab with null ('NULL'),
	col_65_first_name_char_1= varchar(14) with null,
	col_66_last_name_varchar= varchar(14) with null,
	col_67_name_of_the_divis= varchar(14) with null,
	col_68_department_charct= varchar(14) with null,
	col_69_salary_smallint__= c0tab with null ('NULL'),
	col_70_no_of_workstation= c0tab with null ('NULL'),
	col_71_no_of_dept_s_init= c0tab with null ('NULL'),
	col_72_bulding_no_intge2= c0tab with null ('NULL'),
	col_73_num_of_mgr_intge4= c0tab with null ('NULL'),
	col_74_num_of_dir_integ2= c0tab with null ('NULL'),
	col_75_no_of_emp__float_= c0tab with null ('NULL'),
	col_76_first_name_char_1= varchar(14) with null,
	col_77_last_name_varchar= varchar(14) with null,
	col_78_name_of_the_divis= varchar(14) with null,
	col_79_department_charct= varchar(14) with null,
	col_80_salary_smallint__= c0tab with null ('NULL'),
	col_81_no_of_workstation= c0tab with null ('NULL'),
	col_82_no_of_dept_s_init= c0tab with null ('NULL'),
	col_83_bulding_no_intge2= c0tab with null ('NULL'),
	col_84_num_of_mgr_intge4= c0tab with null ('NULL'),
	col_85_num_of_dir_integ2= c0tab with null ('NULL'),
	col_86_first_name_char_1= varchar(14) with null,
	col_87_last_name_varchar= varchar(14) with null,
	col_88_name_of_the_divis= varchar(14) with null,
	col_89_department_charct= varchar(14) with null,
	col_90_salary_smallint__= c0tab with null ('NULL'),
	col_91_no_of_workstation= c0tab with null ('NULL'),
	col_92_no_of_dept_s_init= c0tab with null ('NULL'),
	col_93_bulding_no_intge2= c0tab with null ('NULL'),
	col_94_num_of_mgr_intge4= c0tab with null ('NULL'),
	col_95_last_name_varchar= varchar(14) with null,
	col_96_num_of_dir_integ2= c0tab with null ('NULL'),
	col_97_no_of_emp__s_int_= c0tab with null ('NULL'),
	col_98_first_name_char_1= varchar(14) with null,
	col_99_last_name_varchar= varchar(14) with null,
	col_100_name_of_the_divi= varchar(14) with null,
	col_101_department_charc= varchar(14) with null,
	col_102_salary_smallint_= c0tab with null ('NULL'),
	col_103_no_of_workstatio= c0tab with null ('NULL'),
	col_104_no_of_dept_s_ini= c0tab with null ('NULL'),
	col_105_bulding_no_intg2= c0tab with null ('NULL'),
	col_106_num_of_mgr_intg4= c0tab with null ('NULL'),
	col_107_num_of_dir_intg2= c0tab with null ('NULL'),
	col_108_first_name_char3= varchar(14) with null,
	col_109_last_name_varch3= varchar(14) with null,
	col_110_name_of_the_divi= varchar(14) with null,
	col_111_department_charc= varchar(14) with null,
	col_112_salary_smallint_= c0tab with null ('NULL'),
	col_113_no_of_workstatio= c0tab with null ('NULL'),
	col_114_no_of_dept_s_int= c0tab with null ('NULL'),
	col_115_bulding_no_intg2= c0tab with null ('NULL'),
	col_116_num_of_mgr_intg4= c0tab with null ('NULL'),
	col_117_num_of_dir_intg2= c0tab with null ('NULL'),
	col_118_no_of_emp__sint_= c0tab with null ('NULL'),
	col_119_first_name_char3= varchar(14) with null,
	col_120_last_name_varch3= varchar(10) with null,
	col_121_name_of_the_divi= varchar(8) with null,
	col_122_department_charc= varchar(8) with null,
	col_123_salary_smallint_= c0tab with null ('NULL'),
	col_124_no_of_workstatio= c0tab with null ('NULL'),
	col_125_no_of_dept_s_int= c0tab with null ('NULL'),
	col_126_bulding_no_intg2= c0tab with null ('NULL'),
	col_127_num_of_mgr_intg4= c0nl with null ('NULL'),
	nl= d1)
from 't_1024w_.dat';
\p\g
!!
? fill t_512w_1.dat 
!!
!!
? fill t_512w_2.dat 
!!
!!
? fill t_512w_0.dat 
!!
!!
? fill t_1024w_.dat 
!!
!!
? sql -s SEPPARAMDB 
<<
>>
* \i xqbf04a.qry
<<
~
>>
* \i xqbf04b.qry
<<
 create table t_512w_126c_1r (
	col_1_first_name_char_1 char(3) with null,
	col_2_last_name_varchar1 varchar(5) with null,
	col_3_name_of_the_divisn char(3) with null,
	col_4_department_charct# char(3) with null,
	col_5_salary_smallint_2_ i2 with null,
	col_6_no_of_workstation_ i4 with null,
	col_7_no_of_dept_smalint i2 with null,
	col_8_building_no_intge2 i2 with null,
	col_9_num_of_mgrs_intge4 i4 with null,
	col_10_num_of_dir_integ2 i2 with null,
	col_11_no_of_emp__s_int_ i2 with null,
	col_12_first_name_char_1 char(3) with null,
	col_13_last_name_varchar varchar(3) with null,
	col_14_name_of_the_divis char(3) with null,
	col_15_department_charct char(3) with null,
	col_16_salary_smallint__ i2 with null,
	col_17_no_of_workstation i4 with null,
	col_18_no_of_dept_s_init i2 with null,
	col_19_bulding_no_intge2 i2 with null,
	col_20_num_of_mgr_intge4 i4 with null,
	col_21_num_of_dir_integ2 i2 with null,
	col_22_no_of_emp__s_int_ i2 with null,
	col_23_first_name_char_1 char(3) with null,
	col_24_last_name_varchar varchar(3) with null,
	col_25_name_of_the_divis char(3) with null,
	col_26_department_charct char(3) with null,
	col_27_salary_smallint__ i2 with null,
	col_28_no_of_workstation i4 with null,
	col_29_no_of_dept_s_init i2 with null,
	col_30_bulding_no_intge2 i2 with null,
	col_31_num_of_mgr_intge4 i4 with null,
	col_32_num_of_dir_integ2 i2 with null,
	col_33_first_name_char_1 char(3) with null,
	col_34_last_name_varchar varchar(3) with null,
	col_35_name_of_the_divis char(3) with null,
	col_36_department_charct char(3) with null,
	col_37_salary_smallint__ i2 with null,
	col_38_no_of_workstation i4 with null,
	col_39_no_of_dept_s_init i2 with null,
	col_40_bulding_no_intge2 i2 with null,
	col_41_num_of_mgr_intge4 i4 with null,
	col_42_num_of_dir_integ2 i2 with null,
	col_43_no_of_emp_s_int__ i2 with null,
	col_44_first_name_char_1 char(3) with null,
	col_45_last_name_varchar varchar(3) with null,
	col_46_name_of_the_divis char(3) with null,
	col_47_department_charct char(3) with null,
	col_48_salary_smallint__ i2 with null,
	col_49_no_of_workstation i4 with null,
	col_50_no_of_dept_s_init i2 with null,
	col_51_bulding_no_intge2 i2 with null,
	col_52_num_of_mgr_intge4 i4 with null,
	col_53_num_of_dir_integ2 i2 with null,
	col_54_first_name_char_1 char(3) with null,
	col_55_last_name_varchar varchar(3) with null,
	col_56_name_of_the_divis char(3) with null,
	col_57_department_charct char(3) with null,
	col_58_salary_smallint__ i2 with null,
	col_59_no_of_workstation i4 with null,
	col_60_no_of_dept_s_init i2 with null,
	col_61_bulding_no_intge2 i2 with null,
	col_62_num_of_mgr_intge4 i4 with null,
	col_63_num_of_dir_integ2 i2 with null,
	col_64_no_of_emp__s_int_ i2 with null,
	col_65_first_name_char_1 char(3) with null,
	col_66_last_name_varchar varchar(3) with null,
	col_67_name_of_the_divis char(3) with null,
	col_68_department_charct char(3) with null,
	col_69_salary_smallint__ i2 with null,
	col_70_no_of_workstation i4 with null,
	col_71_no_of_dept_s_init i2 with null,
	col_72_bulding_no_intge2 i2 with null,
	col_73_num_of_mgr_intge4 i4 with null,
	col_74_num_of_dir_integ2 i2 with null,
	col_75_no_of_emp__float_ f8 with null,
	col_76_first_name_char_1 char(3) with null,
	col_77_last_name_varchar varchar(3) with null,
	col_78_name_of_the_divis char(3) with null,
	col_79_department_charct char(3) with null,
	col_80_salary_smallint__ i2 with null,
	col_81_no_of_workstation i4 with null,
	col_82_no_of_dept_s_init i2 with null,
	col_83_bulding_no_intge2 i2 with null,
	col_84_num_of_mgr_intge4 i4 with null,
	col_85_num_of_dir_integ2 i2 with null,
	col_86_first_name_char_1 char(3) with null,
	col_87_last_name_varchar varchar(3) with null,
	col_88_name_of_the_divis char(3) with null,
	col_89_department_charct char(3) with null,
	col_90_salary_smallint__ i2 with null,
	col_91_no_of_workstation i4 with null,
	col_92_no_of_dept_s_init i2 with null,
	col_93_bulding_no_intge2 i2 with null,
	col_94_num_of_mgr_intge4 i4 with null,
	col_95_last_name_varchar varchar(3) with null,
	col_96_num_of_dir_integ2 i2 with null,
	col_97_no_of_emp__s_int_ i2 with null,
	col_98_first_name_char_1 char(3) with null,
	col_99_last_name_varchar varchar(3) with null,
	col_100_name_of_the_divi char(3) with null,
	col_101_department_charc char(3) with null,
	col_102_salary_smallint_ i2 with null,
	col_103_no_of_workstatio i4 with null,
	col_104_no_of_dept_s_ini i2 with null,
	col_105_bulding_no_intg2 i2 with null,
	col_106_num_of_mgr_intg4 i4 with null,
	col_107_num_of_dir_intg2 i2 with null,
	col_108_first_name_char3 char(3) with null,
	col_109_last_name_varch3 varchar(3) with null,
	col_110_name_of_the_divi char(3) with null,
	col_111_department_charc char(3) with null,
	col_112_salary_smallint_ i2 with null,
	col_113_no_of_workstatio i4 with null,
	col_114_no_of_dept_s_int i2 with null,
	col_115_bulding_no_intg2 i2 with null,
	col_116_num_of_mgr_intg4 i4 with null,
	col_117_num_of_dir_intg2 i2 with null,
	col_118_no_of_emp__sint_ i2 with null,
	col_119_first_name_char3 char(3) with null,
	col_120_last_name_varch3 varchar(3) with null,
	col_121_name_of_the_divi char(3) with null,
	col_122_department_charc char(8) with null,
	col_123_salary_smallint_ i2 with null,
	col_124_no_of_workstatio i4 with null,
	col_125_no_of_dept_s_int i2 with null,
	col_126_bulding_no_intg2 i2 with null)
with duplicates, location = (ii_database);
copy t_512w_126c_1r (
	col_1_first_name_char_1= varchar(3) with null,
	col_2_last_name_varchar1= varchar(5) with null,
	col_3_name_of_the_divisn= varchar(3) with null,
	col_4_department_charct#= varchar(3) with null,
	col_5_salary_smallint_2_= c0tab with null ('NULL'),
	col_6_no_of_workstation_= c0tab with null ('NULL'),
	col_7_no_of_dept_smalint= c0tab with null ('NULL'),
	col_8_building_no_intge2= c0tab with null ('NULL'),
	col_9_num_of_mgrs_intge4= c0tab with null ('NULL'),
	col_10_num_of_dir_integ2= c0tab with null ('NULL'),
	col_11_no_of_emp__s_int_= c0tab with null ('NULL'),
	col_12_first_name_char_1= varchar(3) with null,
	col_13_last_name_varchar= varchar(3) with null,
	col_14_name_of_the_divis= varchar(3) with null,
	col_15_department_charct= varchar(3) with null,
	col_16_salary_smallint__= c0tab with null ('NULL'),
	col_17_no_of_workstation= c0tab with null ('NULL'),
	col_18_no_of_dept_s_init= c0tab with null ('NULL'),
	col_19_bulding_no_intge2= c0tab with null ('NULL'),
	col_20_num_of_mgr_intge4= c0tab with null ('NULL'),
	col_21_num_of_dir_integ2= c0tab with null ('NULL'),
	col_22_no_of_emp__s_int_= c0tab with null ('NULL'),
	col_23_first_name_char_1= varchar(3) with null,
	col_24_last_name_varchar= varchar(3) with null,
	col_25_name_of_the_divis= varchar(3) with null,
	col_26_department_charct= varchar(3) with null,
	col_27_salary_smallint__= c0tab with null ('NULL'),
	col_28_no_of_workstation= c0tab with null ('NULL'),
	col_29_no_of_dept_s_init= c0tab with null ('NULL'),
	col_30_bulding_no_intge2= c0tab with null ('NULL'),
	col_31_num_of_mgr_intge4= c0tab with null ('NULL'),
	col_32_num_of_dir_integ2= c0tab with null ('NULL'),
	col_33_first_name_char_1= varchar(3) with null,
	col_34_last_name_varchar= varchar(3) with null,
	col_35_name_of_the_divis= varchar(3) with null,
	col_36_department_charct= varchar(3) with null,
	col_37_salary_smallint__= c0tab with null ('NULL'),
	col_38_no_of_workstation= c0tab with null ('NULL'),
	col_39_no_of_dept_s_init= c0tab with null ('NULL'),
	col_40_bulding_no_intge2= c0tab with null ('NULL'),
	col_41_num_of_mgr_intge4= c0tab with null ('NULL'),
	col_42_num_of_dir_integ2= c0tab with null ('NULL'),
	col_43_no_of_emp_s_int__= c0tab with null ('NULL'),
	col_44_first_name_char_1= varchar(3) with null,
	col_45_last_name_varchar= varchar(3) with null,
	col_46_name_of_the_divis= varchar(3) with null,
	col_47_department_charct= varchar(3) with null,
	col_48_salary_smallint__= c0tab with null ('NULL'),
	col_49_no_of_workstation= c0tab with null ('NULL'),
	col_50_no_of_dept_s_init= c0tab with null ('NULL'),
	col_51_bulding_no_intge2= c0tab with null ('NULL'),
	col_52_num_of_mgr_intge4= c0tab with null ('NULL'),
	col_53_num_of_dir_integ2= c0tab with null ('NULL'),
	col_54_first_name_char_1= varchar(3) with null,
	col_55_last_name_varchar= varchar(3) with null,
	col_56_name_of_the_divis= varchar(3) with null,
	col_57_department_charct= varchar(3) with null,
	col_58_salary_smallint__= c0tab with null ('NULL'),
	col_59_no_of_workstation= c0tab with null ('NULL'),
	col_60_no_of_dept_s_init= c0tab with null ('NULL'),
	col_61_bulding_no_intge2= c0tab with null ('NULL'),
	col_62_num_of_mgr_intge4= c0tab with null ('NULL'),
	col_63_num_of_dir_integ2= c0tab with null ('NULL'),
	col_64_no_of_emp__s_int_= c0tab with null ('NULL'),
	col_65_first_name_char_1= varchar(3) with null,
	col_66_last_name_varchar= varchar(3) with null,
	col_67_name_of_the_divis= varchar(3) with null,
	col_68_department_charct= varchar(3) with null,
	col_69_salary_smallint__= c0tab with null ('NULL'),
	col_70_no_of_workstation= c0tab with null ('NULL'),
	col_71_no_of_dept_s_init= c0tab with null ('NULL'),
	col_72_bulding_no_intge2= c0tab with null ('NULL'),
	col_73_num_of_mgr_intge4= c0tab with null ('NULL'),
	col_74_num_of_dir_integ2= c0tab with null ('NULL'),
	col_75_no_of_emp__float_= c0tab with null ('NULL'),
	col_76_first_name_char_1= varchar(3) with null,
	col_77_last_name_varchar= varchar(3) with null,
	col_78_name_of_the_divis= varchar(3) with null,
	col_79_department_charct= varchar(3) with null,
	col_80_salary_smallint__= c0tab with null ('NULL'),
	col_81_no_of_workstation= c0tab with null ('NULL'),
	col_82_no_of_dept_s_init= c0tab with null ('NULL'),
	col_83_bulding_no_intge2= c0tab with null ('NULL'),
	col_84_num_of_mgr_intge4= c0tab with null ('NULL'),
	col_85_num_of_dir_integ2= c0tab with null ('NULL'),
	col_86_first_name_char_1= varchar(3) with null,
	col_87_last_name_varchar= varchar(3) with null,
	col_88_name_of_the_divis= varchar(3) with null,
	col_89_department_charct= varchar(3) with null,
	col_90_salary_smallint__= c0tab with null ('NULL'),
	col_91_no_of_workstation= c0tab with null ('NULL'),
	col_92_no_of_dept_s_init= c0tab with null ('NULL'),
	col_93_bulding_no_intge2= c0tab with null ('NULL'),
	col_94_num_of_mgr_intge4= c0tab with null ('NULL'),
	col_95_last_name_varchar= varchar(3) with null,
	col_96_num_of_dir_integ2= c0tab with null ('NULL'),
	col_97_no_of_emp__s_int_= c0tab with null ('NULL'),
	col_98_first_name_char_1= varchar(3) with null,
	col_99_last_name_varchar= varchar(3) with null,
	col_100_name_of_the_divi= varchar(3) with null,
	col_101_department_charc= varchar(3) with null,
	col_102_salary_smallint_= c0tab with null ('NULL'),
	col_103_no_of_workstatio= c0tab with null ('NULL'),
	col_104_no_of_dept_s_ini= c0tab with null ('NULL'),
	col_105_bulding_no_intg2= c0tab with null ('NULL'),
	col_106_num_of_mgr_intg4= c0tab with null ('NULL'),
	col_107_num_of_dir_intg2= c0tab with null ('NULL'),
	col_108_first_name_char3= varchar(3) with null,
	col_109_last_name_varch3= varchar(3) with null,
	col_110_name_of_the_divi= varchar(3) with null,
	col_111_department_charc= varchar(3) with null,
	col_112_salary_smallint_= c0tab with null ('NULL'),
	col_113_no_of_workstatio= c0tab with null ('NULL'),
	col_114_no_of_dept_s_int= c0tab with null ('NULL'),
	col_115_bulding_no_intg2= c0tab with null ('NULL'),
	col_116_num_of_mgr_intg4= c0tab with null ('NULL'),
	col_117_num_of_dir_intg2= c0tab with null ('NULL'),
	col_118_no_of_emp__sint_= c0tab with null ('NULL'),
	col_119_first_name_char3= varchar(3) with null,
	col_120_last_name_varch3= varchar(3) with null,
	col_121_name_of_the_divi= varchar(3) with null,
	col_122_department_charc= varchar(8) with null,
	col_123_salary_smallint_= c0tab with null ('NULL'),
	col_124_no_of_workstatio= c0tab with null ('NULL'),
	col_125_no_of_dept_s_int= c0tab with null ('NULL'),
	col_126_bulding_no_intg2= c0nl with null ('NULL'),
	nl= d1)
from 't_512w_1.dat';
(0 rows)
>>
* \i xqbf04c.qry
<<
 create table t_512w_127c_1r (
	col_1_first_name_char_1 char(3) with null,
	col_2_last_name_varchar1 varchar(5) with null,
	col_3_name_of_the_divisn char(3) with null,
	col_4_department_charct# char(3) with null,
	col_5_salary_smallint_2_ i2 with null,
	col_6_no_of_workstation_ i4 with null,
	col_7_no_of_dept_smalint i2 with null,
	col_8_building_no_intge2 i2 with null,
	col_9_num_of_mgrs_intge4 i4 with null,
	col_10_num_of_dir_integ2 i2 with null,
	col_11_no_of_emp__s_int_ i2 with null,
	col_12_first_name_char_1 char(3) with null,
	col_13_last_name_varchar varchar(3) with null,
	col_14_name_of_the_divis char(3) with null,
	col_15_department_charct char(3) with null,
	col_16_salary_smallint__ i2 with null,
	col_17_no_of_workstation i4 with null,
	col_18_no_of_dept_s_init i2 with null,
	col_19_bulding_no_intge2 i2 with null,
	col_20_num_of_mgr_intge4 i4 with null,
	col_21_num_of_dir_integ2 i2 with null,
	col_22_no_of_emp__s_int_ i2 with null,
	col_23_first_name_char_1 char(3) with null,
	col_24_last_name_varchar varchar(3) with null,
	col_25_name_of_the_divis char(3) with null,
	col_26_department_charct char(3) with null,
	col_27_salary_smallint__ i2 with null,
	col_28_no_of_workstation i4 with null,
	col_29_no_of_dept_s_init i2 with null,
	col_30_bulding_no_intge2 i2 with null,
	col_31_num_of_mgr_intge4 i4 with null,
	col_32_num_of_dir_integ2 i2 with null,
	col_33_first_name_char_1 char(3) with null,
	col_34_last_name_varchar varchar(3) with null,
	col_35_name_of_the_divis char(3) with null,
	col_36_department_charct char(3) with null,
	col_37_salary_smallint__ i2 with null,
	col_38_no_of_workstation i4 with null,
	col_39_no_of_dept_s_init i2 with null,
	col_40_bulding_no_intge2 i2 with null,
	col_41_num_of_mgr_intge4 i4 with null,
	col_42_num_of_dir_integ2 i2 with null,
	col_43_no_of_emp_s_int__ i2 with null,
	col_44_first_name_char_1 char(3) with null,
	col_45_last_name_varchar varchar(3) with null,
	col_46_name_of_the_divis char(3) with null,
	col_47_department_charct char(3) with null,
	col_48_salary_smallint__ i2 with null,
	col_49_no_of_workstation i4 with null,
	col_50_no_of_dept_s_init i2 with null,
	col_51_bulding_no_intge2 i2 with null,
	col_52_num_of_mgr_intge4 i4 with null,
	col_53_num_of_dir_integ2 i2 with null,
	col_54_first_name_char_1 char(3) with null,
	col_55_last_name_varchar varchar(3) with null,
	col_56_name_of_the_divis char(3) with null,
	col_57_department_charct char(3) with null,
	col_58_salary_smallint__ i2 with null,
	col_59_no_of_workstation i4 with null,
	col_60_no_of_dept_s_init i2 with null,
	col_61_bulding_no_intge2 i2 with null,
	col_62_num_of_mgr_intge4 i4 with null,
	col_63_num_of_dir_integ2 i2 with null,
	col_64_no_of_emp__s_int_ i2 with null,
	col_65_first_name_char_1 char(3) with null,
	col_66_last_name_varchar varchar(3) with null,
	col_67_name_of_the_divis char(3) with null,
	col_68_department_charct char(3) with null,
	col_69_salary_smallint__ i2 with null,
	col_70_no_of_workstation i4 with null,
	col_71_no_of_dept_s_init i2 with null,
	col_72_bulding_no_intge2 i2 with null,
	col_73_num_of_mgr_intge4 i4 with null,
	col_74_num_of_dir_integ2 i2 with null,
	col_75_no_of_emp__float_ f8 with null,
	col_76_first_name_char_1 char(3) with null,
	col_77_last_name_varchar varchar(3) with null,
	col_78_name_of_the_divis char(3) with null,
	col_79_department_charct char(3) with null,
	col_80_salary_smallint__ i2 with null,
	col_81_no_of_workstation i4 with null,
	col_82_no_of_dept_s_init i2 with null,
	col_83_bulding_no_intge2 i2 with null,
	col_84_num_of_mgr_intge4 i4 with null,
	col_85_num_of_dir_integ2 i2 with null,
	col_86_first_name_char_1 char(3) with null,
	col_87_last_name_varchar varchar(3) with null,
	col_88_name_of_the_divis char(3) with null,
	col_89_department_charct char(3) with null,
	col_90_salary_smallint__ i2 with null,
	col_91_no_of_workstation i4 with null,
	col_92_no_of_dept_s_init i2 with null,
	col_93_bulding_no_intge2 i2 with null,
	col_94_num_of_mgr_intge4 i4 with null,
	col_95_last_name_varchar varchar(3) with null,
	col_96_num_of_dir_integ2 i2 with null,
	col_97_no_of_emp__s_int_ i2 with null,
	col_98_first_name_char_1 char(3) with null,
	col_99_last_name_varchar varchar(3) with null,
	col_100_name_of_the_divi char(3) with null,
	col_101_department_charc char(3) with null,
	col_102_salary_smallint_ i2 with null,
	col_103_no_of_workstatio i4 with null,
	col_104_no_of_dept_s_ini i2 with null,
	col_105_bulding_no_intg2 i2 with null,
	col_106_num_of_mgr_intg4 i4 with null,
	col_107_num_of_dir_intg2 i2 with null,
	col_108_first_name_char3 char(3) with null,
	col_109_last_name_varch3 varchar(3) with null,
	col_110_name_of_the_divi char(3) with null,
	col_111_department_charc char(3) with null,
	col_112_salary_smallint_ i2 with null,
	col_113_no_of_workstatio i4 with null,
	col_114_no_of_dept_s_int i2 with null,
	col_115_bulding_no_intg2 i2 with null,
	col_116_num_of_mgr_intg4 i4 with null,
	col_117_num_of_dir_intg2 i2 with null,
	col_118_no_of_emp__sint_ i2 with null,
	col_119_first_name_char3 char(3) with null,
	col_120_last_name_varch3 varchar(3) with null,
	col_121_name_of_the_divi char(3) with null,
	col_122_department_charc char(3) with null,
	col_123_salary_smallint_ i2 with null,
	col_124_no_of_workstatio i4 with null,
	col_125_no_of_dept_s_int i2 with null,
	col_126_bulding_no_intg2 i2 with null,
	col_127_num_of_mgr_intg4 i4 with null)
with duplicates, location = (ii_database);
copy t_512w_127c_1r (
	col_1_first_name_char_1= varchar(3) with null,
	col_2_last_name_varchar1= varchar(5) with null,
	col_3_name_of_the_divisn= varchar(3) with null,
	col_4_department_charct#= varchar(3) with null,
	col_5_salary_smallint_2_= c0tab with null ('NULL'),
	col_6_no_of_workstation_= c0tab with null ('NULL'),
	col_7_no_of_dept_smalint= c0tab with null ('NULL'),
	col_8_building_no_intge2= c0tab with null ('NULL'),
	col_9_num_of_mgrs_intge4= c0tab with null ('NULL'),
	col_10_num_of_dir_integ2= c0tab with null ('NULL'),
	col_11_no_of_emp__s_int_= c0tab with null ('NULL'),
	col_12_first_name_char_1= varchar(3) with null,
	col_13_last_name_varchar= varchar(3) with null,
	col_14_name_of_the_divis= varchar(3) with null,
	col_15_department_charct= varchar(3) with null,
	col_16_salary_smallint__= c0tab with null ('NULL'),
	col_17_no_of_workstation= c0tab with null ('NULL'),
	col_18_no_of_dept_s_init= c0tab with null ('NULL'),
	col_19_bulding_no_intge2= c0tab with null ('NULL'),
	col_20_num_of_mgr_intge4= c0tab with null ('NULL'),
	col_21_num_of_dir_integ2= c0tab with null ('NULL'),
	col_22_no_of_emp__s_int_= c0tab with null ('NULL'),
	col_23_first_name_char_1= varchar(3) with null,
	col_24_last_name_varchar= varchar(3) with null,
	col_25_name_of_the_divis= varchar(3) with null,
	col_26_department_charct= varchar(3) with null,
	col_27_salary_smallint__= c0tab with null ('NULL'),
	col_28_no_of_workstation= c0tab with null ('NULL'),
	col_29_no_of_dept_s_init= c0tab with null ('NULL'),
	col_30_bulding_no_intge2= c0tab with null ('NULL'),
	col_31_num_of_mgr_intge4= c0tab with null ('NULL'),
	col_32_num_of_dir_integ2= c0tab with null ('NULL'),
	col_33_first_name_char_1= varchar(3) with null,
	col_34_last_name_varchar= varchar(3) with null,
	col_35_name_of_the_divis= varchar(3) with null,
	col_36_department_charct= varchar(3) with null,
	col_37_salary_smallint__= c0tab with null ('NULL'),
	col_38_no_of_workstation= c0tab with null ('NULL'),
	col_39_no_of_dept_s_init= c0tab with null ('NULL'),
	col_40_bulding_no_intge2= c0tab with null ('NULL'),
	col_41_num_of_mgr_intge4= c0tab with null ('NULL'),
	col_42_num_of_dir_integ2= c0tab with null ('NULL'),
	col_43_no_of_emp_s_int__= c0tab with null ('NULL'),
	col_44_first_name_char_1= varchar(3) with null,
	col_45_last_name_varchar= varchar(3) with null,
	col_46_name_of_the_divis= varchar(3) with null,
	col_47_department_charct= varchar(3) with null,
	col_48_salary_smallint__= c0tab with null ('NULL'),
	col_49_no_of_workstation= c0tab with null ('NULL'),
	col_50_no_of_dept_s_init= c0tab with null ('NULL'),
	col_51_bulding_no_intge2= c0tab with null ('NULL'),
	col_52_num_of_mgr_intge4= c0tab with null ('NULL'),
	col_53_num_of_dir_integ2= c0tab with null ('NULL'),
	col_54_first_name_char_1= varchar(3) with null,
	col_55_last_name_varchar= varchar(3) with null,
	col_56_name_of_the_divis= varchar(3) with null,
	col_57_department_charct= varchar(3) with null,
	col_58_salary_smallint__= c0tab with null ('NULL'),
	col_59_no_of_workstation= c0tab with null ('NULL'),
	col_60_no_of_dept_s_init= c0tab with null ('NULL'),
	col_61_bulding_no_intge2= c0tab with null ('NULL'),
	col_62_num_of_mgr_intge4= c0tab with null ('NULL'),
	col_63_num_of_dir_integ2= c0tab with null ('NULL'),
	col_64_no_of_emp__s_int_= c0tab with null ('NULL'),
	col_65_first_name_char_1= varchar(3) with null,
	col_66_last_name_varchar= varchar(3) with null,
	col_67_name_of_the_divis= varchar(3) with null,
	col_68_department_charct= varchar(3) with null,
	col_69_salary_smallint__= c0tab with null ('NULL'),
	col_70_no_of_workstation= c0tab with null ('NULL'),
	col_71_no_of_dept_s_init= c0tab with null ('NULL'),
	col_72_bulding_no_intge2= c0tab with null ('NULL'),
	col_73_num_of_mgr_intge4= c0tab with null ('NULL'),
	col_74_num_of_dir_integ2= c0tab with null ('NULL'),
	col_75_no_of_emp__float_= c0tab with null ('NULL'),
	col_76_first_name_char_1= varchar(3) with null,
	col_77_last_name_varchar= varchar(3) with null,
	col_78_name_of_the_divis= varchar(3) with null,
	col_79_department_charct= varchar(3) with null,
	col_80_salary_smallint__= c0tab with null ('NULL'),
	col_81_no_of_workstation= c0tab with null ('NULL'),
	col_82_no_of_dept_s_init= c0tab with null ('NULL'),
	col_83_bulding_no_intge2= c0tab with null ('NULL'),
	col_84_num_of_mgr_intge4= c0tab with null ('NULL'),
	col_85_num_of_dir_integ2= c0tab with null ('NULL'),
	col_86_first_name_char_1= varchar(3) with null,
	col_87_last_name_varchar= varchar(3) with null,
	col_88_name_of_the_divis= varchar(3) with null,
	col_89_department_charct= varchar(3) with null,
	col_90_salary_smallint__= c0tab with null ('NULL'),
	col_91_no_of_workstation= c0tab with null ('NULL'),
	col_92_no_of_dept_s_init= c0tab with null ('NULL'),
	col_93_bulding_no_intge2= c0tab with null ('NULL'),
	col_94_num_of_mgr_intge4= c0tab with null ('NULL'),
	col_95_last_name_varchar= varchar(3) with null,
	col_96_num_of_dir_integ2= c0tab with null ('NULL'),
	col_97_no_of_emp__s_int_= c0tab with null ('NULL'),
	col_98_first_name_char_1= varchar(3) with null,
	col_99_last_name_varchar= varchar(3) with null,
	col_100_name_of_the_divi= varchar(3) with null,
	col_101_department_charc= varchar(3) with null,
	col_102_salary_smallint_= c0tab with null ('NULL'),
	col_103_no_of_workstatio= c0tab with null ('NULL'),
	col_104_no_of_dept_s_ini= c0tab with null ('NULL'),
	col_105_bulding_no_intg2= c0tab with null ('NULL'),
	col_106_num_of_mgr_intg4= c0tab with null ('NULL'),
	col_107_num_of_dir_intg2= c0tab with null ('NULL'),
	col_108_first_name_char3= varchar(3) with null,
	col_109_last_name_varch3= varchar(3) with null,
	col_110_name_of_the_divi= varchar(3) with null,
	col_111_department_charc= varchar(3) with null,
	col_112_salary_smallint_= c0tab with null ('NULL'),
	col_113_no_of_workstatio= c0tab with null ('NULL'),
	col_114_no_of_dept_s_int= c0tab with null ('NULL'),
	col_115_bulding_no_intg2= c0tab with null ('NULL'),
	col_116_num_of_mgr_intg4= c0tab with null ('NULL'),
	col_117_num_of_dir_intg2= c0tab with null ('NULL'),
	col_118_no_of_emp__sint_= c0tab with null ('NULL'),
	col_119_first_name_char3= varchar(3) with null,
	col_120_last_name_varch3= varchar(3) with null,
	col_121_name_of_the_divi= varchar(3) with null,
	col_122_department_charc= varchar(3) with null,
	col_123_salary_smallint_= c0tab with null ('NULL'),
	col_124_no_of_workstatio= c0tab with null ('NULL'),
	col_125_no_of_dept_s_int= c0tab with null ('NULL'),
	col_126_bulding_no_intg2= c0tab with null ('NULL'),
	col_127_num_of_mgr_intg4= c0nl with null ('NULL'),
	nl= d1)
from 't_512w_2.dat';
(0 rows)
create view view_2 as select * from t_512w_127c_1r;
>>
* \i xqbf04d.qry
<<
 create table t_512w_127c_100r (
	col_1_first_name_char_1 char(3) with null,
	col_2_last_name_varchar1 varchar(5) with null,
	col_3_name_of_the_divisn char(3) with null,
	col_4_department_charct# char(3) with null,
	col_5_salary_smallint_2_ i2 with null,
	col_6_no_of_workstation_ i4 with null,
	col_7_no_of_dept_smalint i2 with null,
	col_8_building_no_intge2 i2 with null,
	col_9_num_of_mgrs_intge4 i4 with null,
	col_10_num_of_dir_integ2 i2 with null,
	col_11_no_of_emp__s_int_ i2 with null,
	col_12_first_name_char_1 char(3) with null,
	col_13_last_name_varchar varchar(3) with null,
	col_14_name_of_the_divis char(3) with null,
	col_15_department_charct char(3) with null,
	col_16_salary_smallint__ i2 with null,
	col_17_no_of_workstation i4 with null,
	col_18_no_of_dept_s_init i2 with null,
	col_19_bulding_no_intge2 i2 with null,
	col_20_num_of_mgr_intge4 i4 with null,
	col_21_num_of_dir_integ2 i2 with null,
	col_22_no_of_emp__s_int_ i2 with null,
	col_23_first_name_char_1 char(3) with null,
	col_24_last_name_varchar varchar(3) with null,
	col_25_name_of_the_divis char(3) with null,
	col_26_department_charct char(3) with null,
	col_27_salary_smallint__ i2 with null,
	col_28_no_of_workstation i4 with null,
	col_29_no_of_dept_s_init i2 with null,
	col_30_bulding_no_intge2 i2 with null,
	col_31_num_of_mgr_intge4 i4 with null,
	col_32_num_of_dir_integ2 i2 with null,
	col_33_first_name_char_1 char(3) with null,
	col_34_last_name_varchar varchar(3) with null,
	col_35_name_of_the_divis char(3) with null,
	col_36_department_charct char(3) with null,
	col_37_salary_smallint__ i2 with null,
	col_38_no_of_workstation i4 with null,
	col_39_no_of_dept_s_init i2 with null,
	col_40_bulding_no_intge2 i2 with null,
	col_41_num_of_mgr_intge4 i4 with null,
	col_42_num_of_dir_integ2 i2 with null,
	col_43_no_of_emp_s_int__ i2 with null,
	col_44_first_name_char_1 char(3) with null,
	col_45_last_name_varchar varchar(3) with null,
	col_46_name_of_the_divis char(3) with null,
	col_47_department_charct char(3) with null,
	col_48_salary_smallint__ i2 with null,
	col_49_no_of_workstation i4 with null,
	col_50_no_of_dept_s_init i2 with null,
	col_51_bulding_no_intge2 i2 with null,
	col_52_num_of_mgr_intge4 i4 with null,
	col_53_num_of_dir_integ2 i2 with null,
	col_54_first_name_char_1 char(3) with null,
	col_55_last_name_varchar varchar(3) with null,
	col_56_name_of_the_divis char(3) with null,
	col_57_department_charct char(3) with null,
	col_58_salary_smallint__ i2 with null,
	col_59_no_of_workstation i4 with null,
	col_60_no_of_dept_s_init i2 with null,
	col_61_bulding_no_intge2 i2 with null,
	col_62_num_of_mgr_intge4 i4 with null,
	col_63_num_of_dir_integ2 i2 with null,
	col_64_no_of_emp__s_int_ i2 with null,
	col_65_first_name_char_1 char(3) with null,
	col_66_last_name_varchar varchar(3) with null,
	col_67_name_of_the_divis char(3) with null,
	col_68_department_charct char(3) with null,
	col_69_salary_smallint__ i2 with null,
	col_70_no_of_workstation i4 with null,
	col_71_no_of_dept_s_init i2 with null,
	col_72_bulding_no_intge2 i2 with null,
	col_73_num_of_mgr_intge4 i4 with null,
	col_74_num_of_dir_integ2 i2 with null,
	col_75_no_of_emp__float_ f8 with null,
	col_76_first_name_char_1 char(3) with null,
	col_77_last_name_varchar varchar(3) with null,
	col_78_name_of_the_divis char(3) with null,
	col_79_department_charct char(3) with null,
	col_80_salary_smallint__ i2 with null,
	col_81_no_of_workstation i4 with null,
	col_82_no_of_dept_s_init i2 with null,
	col_83_bulding_no_intge2 i2 with null,
	col_84_num_of_mgr_intge4 i4 with null,
	col_85_num_of_dir_integ2 i2 with null,
	col_86_first_name_char_1 char(3) with null,
	col_87_last_name_varchar varchar(3) with null,
	col_88_name_of_the_divis char(3) with null,
	col_89_department_charct char(3) with null,
	col_90_salary_smallint__ i2 with null,
	col_91_no_of_workstation i4 with null,
	col_92_no_of_dept_s_init i2 with null,
	col_93_bulding_no_intge2 i2 with null,
	col_94_num_of_mgr_intge4 i4 with null,
	col_95_last_name_varchar varchar(3) with null,
	col_96_num_of_dir_integ2 i2 with null,
	col_97_no_of_emp__s_int_ i2 with null,
	col_98_first_name_char_1 char(3) with null,
	col_99_last_name_varchar varchar(3) with null,
	col_100_name_of_the_divi char(3) with null,
	col_101_department_charc char(3) with null,
	col_102_salary_smallint_ i2 with null,
	col_103_no_of_workstatio i4 with null,
	col_104_no_of_dept_s_ini i2 with null,
	col_105_bulding_no_intg2 i2 with null,
	col_106_num_of_mgr_intg4 i4 with null,
	col_107_num_of_dir_intg2 i2 with null,
	col_108_first_name_char3 char(3) with null,
	col_109_last_name_varch3 varchar(3) with null,
	col_110_name_of_the_divi char(3) with null,
	col_111_department_charc char(3) with null,
	col_112_salary_smallint_ i2 with null,
	col_113_no_of_workstatio i4 with null,
	col_114_no_of_dept_s_int i2 with null,
	col_115_bulding_no_intg2 i2 with null,
	col_116_num_of_mgr_intg4 i4 with null,
	col_117_num_of_dir_intg2 i2 with null,
	col_118_no_of_emp__sint_ i2 with null,
	col_119_first_name_char3 char(3) with null,
	col_120_last_name_varch3 varchar(3) with null,
	col_121_name_of_the_divi char(3) with null,
	col_122_department_charc char(3) with null,
	col_123_salary_smallint_ i2 with null,
	col_124_no_of_workstatio i4 with null,
	col_125_no_of_dept_s_int i2 with null,
	col_126_bulding_no_intg2 i2 with null,
	col_127_num_of_mgr_intg4 i4 with null)
with duplicates, location = (ii_database);
copy t_512w_127c_100r (
	col_1_first_name_char_1= varchar(3) with null,
	col_2_last_name_varchar1= varchar(5) with null,
	col_3_name_of_the_divisn= varchar(3) with null,
	col_4_department_charct#= varchar(3) with null,
	col_5_salary_smallint_2_= c0tab with null ('NULL'),
	col_6_no_of_workstation_= c0tab with null ('NULL'),
	col_7_no_of_dept_smalint= c0tab with null ('NULL'),
	col_8_building_no_intge2= c0tab with null ('NULL'),
	col_9_num_of_mgrs_intge4= c0tab with null ('NULL'),
	col_10_num_of_dir_integ2= c0tab with null ('NULL'),
	col_11_no_of_emp__s_int_= c0tab with null ('NULL'),
	col_12_first_name_char_1= varchar(3) with null,
	col_13_last_name_varchar= varchar(3) with null,
	col_14_name_of_the_divis= varchar(3) with null,
	col_15_department_charct= varchar(3) with null,
	col_16_salary_smallint__= c0tab with null ('NULL'),
	col_17_no_of_workstation= c0tab with null ('NULL'),
	col_18_no_of_dept_s_init= c0tab with null ('NULL'),
	col_19_bulding_no_intge2= c0tab with null ('NULL'),
	col_20_num_of_mgr_intge4= c0tab with null ('NULL'),
	col_21_num_of_dir_integ2= c0tab with null ('NULL'),
	col_22_no_of_emp__s_int_= c0tab with null ('NULL'),
	col_23_first_name_char_1= varchar(3) with null,
	col_24_last_name_varchar= varchar(3) with null,
	col_25_name_of_the_divis= varchar(3) with null,
	col_26_department_charct= varchar(3) with null,
	col_27_salary_smallint__= c0tab with null ('NULL'),
	col_28_no_of_workstation= c0tab with null ('NULL'),
	col_29_no_of_dept_s_init= c0tab with null ('NULL'),
	col_30_bulding_no_intge2= c0tab with null ('NULL'),
	col_31_num_of_mgr_intge4= c0tab with null ('NULL'),
	col_32_num_of_dir_integ2= c0tab with null ('NULL'),
	col_33_first_name_char_1= varchar(3) with null,
	col_34_last_name_varchar= varchar(3) with null,
	col_35_name_of_the_divis= varchar(3) with null,
	col_36_department_charct= varchar(3) with null,
	col_37_salary_smallint__= c0tab with null ('NULL'),
	col_38_no_of_workstation= c0tab with null ('NULL'),
	col_39_no_of_dept_s_init= c0tab with null ('NULL'),
	col_40_bulding_no_intge2= c0tab with null ('NULL'),
	col_41_num_of_mgr_intge4= c0tab with null ('NULL'),
	col_42_num_of_dir_integ2= c0tab with null ('NULL'),
	col_43_no_of_emp_s_int__= c0tab with null ('NULL'),
	col_44_first_name_char_1= varchar(3) with null,
	col_45_last_name_varchar= varchar(3) with null,
	col_46_name_of_the_divis= varchar(3) with null,
	col_47_department_charct= varchar(3) with null,
	col_48_salary_smallint__= c0tab with null ('NULL'),
	col_49_no_of_workstation= c0tab with null ('NULL'),
	col_50_no_of_dept_s_init= c0tab with null ('NULL'),
	col_51_bulding_no_intge2= c0tab with null ('NULL'),
	col_52_num_of_mgr_intge4= c0tab with null ('NULL'),
	col_53_num_of_dir_integ2= c0tab with null ('NULL'),
	col_54_first_name_char_1= varchar(3) with null,
	col_55_last_name_varchar= varchar(3) with null,
	col_56_name_of_the_divis= varchar(3) with null,
	col_57_department_charct= varchar(3) with null,
	col_58_salary_smallint__= c0tab with null ('NULL'),
	col_59_no_of_workstation= c0tab with null ('NULL'),
	col_60_no_of_dept_s_init= c0tab with null ('NULL'),
	col_61_bulding_no_intge2= c0tab with null ('NULL'),
	col_62_num_of_mgr_intge4= c0tab with null ('NULL'),
	col_63_num_of_dir_integ2= c0tab with null ('NULL'),
	col_64_no_of_emp__s_int_= c0tab with null ('NULL'),
	col_65_first_name_char_1= varchar(3) with null,
	col_66_last_name_varchar= varchar(3) with null,
	col_67_name_of_the_divis= varchar(3) with null,
	col_68_department_charct= varchar(3) with null,
	col_69_salary_smallint__= c0tab with null ('NULL'),
	col_70_no_of_workstation= c0tab with null ('NULL'),
	col_71_no_of_dept_s_init= c0tab with null ('NULL'),
	col_72_bulding_no_intge2= c0tab with null ('NULL'),
	col_73_num_of_mgr_intge4= c0tab with null ('NULL'),
	col_74_num_of_dir_integ2= c0tab with null ('NULL'),
	col_75_no_of_emp__float_= c0tab with null ('NULL'),
	col_76_first_name_char_1= varchar(3) with null,
	col_77_last_name_varchar= varchar(3) with null,
	col_78_name_of_the_divis= varchar(3) with null,
	col_79_department_charct= varchar(3) with null,
	col_80_salary_smallint__= c0tab with null ('NULL'),
	col_81_no_of_workstation= c0tab with null ('NULL'),
	col_82_no_of_dept_s_init= c0tab with null ('NULL'),
	col_83_bulding_no_intge2= c0tab with null ('NULL'),
	col_84_num_of_mgr_intge4= c0tab with null ('NULL'),
	col_85_num_of_dir_integ2= c0tab with null ('NULL'),
	col_86_first_name_char_1= varchar(3) with null,
	col_87_last_name_varchar= varchar(3) with null,
	col_88_name_of_the_divis= varchar(3) with null,
	col_89_department_charct= varchar(3) with null,
	col_90_salary_smallint__= c0tab with null ('NULL'),
	col_91_no_of_workstation= c0tab with null ('NULL'),
	col_92_no_of_dept_s_init= c0tab with null ('NULL'),
	col_93_bulding_no_intge2= c0tab with null ('NULL'),
	col_94_num_of_mgr_intge4= c0tab with null ('NULL'),
	col_95_last_name_varchar= varchar(3) with null,
	col_96_num_of_dir_integ2= c0tab with null ('NULL'),
	col_97_no_of_emp__s_int_= c0tab with null ('NULL'),
	col_98_first_name_char_1= varchar(3) with null,
	col_99_last_name_varchar= varchar(3) with null,
	col_100_name_of_the_divi= varchar(3) with null,
	col_101_department_charc= varchar(3) with null,
	col_102_salary_smallint_= c0tab with null ('NULL'),
	col_103_no_of_workstatio= c0tab with null ('NULL'),
	col_104_no_of_dept_s_ini= c0tab with null ('NULL'),
	col_105_bulding_no_intg2= c0tab with null ('NULL'),
	col_106_num_of_mgr_intg4= c0tab with null ('NULL'),
	col_107_num_of_dir_intg2= c0tab with null ('NULL'),
	col_108_first_name_char3= varchar(3) with null,
	col_109_last_name_varch3= varchar(3) with null,
	col_110_name_of_the_divi= varchar(3) with null,
	col_111_department_charc= varchar(3) with null,
	col_112_salary_smallint_= c0tab with null ('NULL'),
	col_113_no_of_workstatio= c0tab with null ('NULL'),
	col_114_no_of_dept_s_int= c0tab with null ('NULL'),
	col_115_bulding_no_intg2= c0tab with null ('NULL'),
	col_116_num_of_mgr_intg4= c0tab with null ('NULL'),
	col_117_num_of_dir_intg2= c0tab with null ('NULL'),
	col_118_no_of_emp__sint_= c0tab with null ('NULL'),
	col_119_first_name_char3= varchar(3) with null,
	col_120_last_name_varch3= varchar(3) with null,
	col_121_name_of_the_divi= varchar(3) with null,
	col_122_department_charc= varchar(3) with null,
	col_123_salary_smallint_= c0tab with null ('NULL'),
	col_124_no_of_workstatio= c0tab with null ('NULL'),
	col_125_no_of_dept_s_int= c0tab with null ('NULL'),
	col_126_bulding_no_intg2= c0tab with null ('NULL'),
	col_127_num_of_mgr_intg4= c0nl with null ('NULL'),
	nl= d1)
from 't_512w_0.dat';
(0 rows)
>>
* \i xqbf04e.qry
<<
 create table t_1024w_127c_1r (
	col_1_first_name_char_1 char(14) with null,
	col_2_last_name_varchar1 varchar(5) with null,
	col_3_name_of_the_divisn char(14) with null,
	col_4_department_charct# char(14) with null,
	col_5_salary_smallint_2_ i2 with null,
	col_6_no_of_workstation_ i4 with null,
	col_7_no_of_dept_smalint i2 with null,
	col_8_building_no_intge2 i2 with null,
	col_9_num_of_mgrs_intge4 i4 with null,
	col_10_num_of_dir_integ2 i2 with null,
	col_11_no_of_emp__s_int_ i2 with null,
	col_12_first_name_char_1 char(14) with null,
	col_13_last_name_varchar varchar(14) with null,
	col_14_name_of_the_divis char(14) with null,
	col_15_department_charct char(14) with null,
	col_16_salary_smallint__ i2 with null,
	col_17_no_of_workstation i4 with null,
	col_18_no_of_dept_s_init i2 with null,
	col_19_bulding_no_intge2 i2 with null,
	col_20_num_of_mgr_intge4 i4 with null,
	col_21_num_of_dir_integ2 i2 with null,
	col_22_no_of_emp__s_int_ i2 with null,
	col_23_first_name_char_1 char(14) with null,
	col_24_last_name_varchar varchar(14) with null,
	col_25_name_of_the_divis char(14) with null,
	col_26_department_charct char(14) with null,
	col_27_salary_smallint__ i2 with null,
	col_28_no_of_workstation i4 with null,
	col_29_no_of_dept_s_init i2 with null,
	col_30_bulding_no_intge2 i2 with null,
	col_31_num_of_mgr_intge4 i4 with null,
	col_32_num_of_dir_integ2 i2 with null,
	col_33_first_name_char_1 char(14) with null,
	col_34_last_name_varchar varchar(14) with null,
	col_35_name_of_the_divis char(14) with null,
	col_36_department_charct char(14) with null,
	col_37_salary_smallint__ i2 with null,
	col_38_no_of_workstation i4 with null,
	col_39_no_of_dept_s_init i2 with null,
	col_40_bulding_no_intge2 i2 with null,
	col_41_num_of_mgr_intge4 i4 with null,
	col_42_num_of_dir_integ2 i2 with null,
	col_43_no_of_emp_s_int__ i2 with null,
	col_44_first_name_char_1 char(14) with null,
	col_45_last_name_varchar varchar(14) with null,
	col_46_name_of_the_divis char(14) with null,
	col_47_department_charct char(14) with null,
	col_48_salary_smallint__ i2 with null,
	col_49_no_of_workstation i4 with null,
	col_50_no_of_dept_s_init i2 with null,
	col_51_bulding_no_intge2 i2 with null,
	col_52_num_of_mgr_intge4 i4 with null,
	col_53_num_of_dir_integ2 i2 with null,
	col_54_first_name_char_1 char(14) with null,
	col_55_last_name_varchar varchar(14) with null,
	col_56_name_of_the_divis char(14) with null,
	col_57_department_charct char(14) with null,
	col_58_salary_smallint__ i2 with null,
	col_59_no_of_workstation i4 with null,
	col_60_no_of_dept_s_init i2 with null,
	col_61_bulding_no_intge2 i2 with null,
	col_62_num_of_mgr_intge4 i4 with null,
	col_63_num_of_dir_integ2 i2 with null,
	col_64_no_of_emp__s_int_ i2 with null,
	col_65_first_name_char_1 char(14) with null,
	col_66_last_name_varchar varchar(14) with null,
	col_67_name_of_the_divis char(14) with null,
	col_68_department_charct char(14) with null,
	col_69_salary_smallint__ i2 with null,
	col_70_no_of_workstation i4 with null,
	col_71_no_of_dept_s_init i2 with null,
	col_72_bulding_no_intge2 i2 with null,
	col_73_num_of_mgr_intge4 i4 with null,
	col_74_num_of_dir_integ2 i2 with null,
	col_75_no_of_emp__float_ f8 with null,
	col_76_first_name_char_1 char(14) with null,
	col_77_last_name_varchar varchar(14) with null,
	col_78_name_of_the_divis char(14) with null,
	col_79_department_charct char(14) with null,
	col_80_salary_smallint__ i2 with null,
	col_81_no_of_workstation i4 with null,
	col_82_no_of_dept_s_init i2 with null,
	col_83_bulding_no_intge2 i2 with null,
	col_84_num_of_mgr_intge4 i4 with null,
	col_85_num_of_dir_integ2 i2 with null,
	col_86_first_name_char_1 char(14) with null,
	col_87_last_name_varchar varchar(14) with null,
	col_88_name_of_the_divis char(14) with null,
	col_89_department_charct char(14) with null,
	col_90_salary_smallint__ i2 with null,
	col_91_no_of_workstation i4 with null,
	col_92_no_of_dept_s_init i2 with null,
	col_93_bulding_no_intge2 i2 with null,
	col_94_num_of_mgr_intge4 i4 with null,
	col_95_last_name_varchar varchar(14) with null,
	col_96_num_of_dir_integ2 i2 with null,
	col_97_no_of_emp__s_int_ i2 with null,
	col_98_first_name_char_1 char(14) with null,
	col_99_last_name_varchar varchar(14) with null,
	col_100_name_of_the_divi char(14) with null,
	col_101_department_charc char(14) with null,
	col_102_salary_smallint_ i2 with null,
	col_103_no_of_workstatio i4 with null,
	col_104_no_of_dept_s_ini i2 with null,
	col_105_bulding_no_intg2 i2 with null,
	col_106_num_of_mgr_intg4 i4 with null,
	col_107_num_of_dir_intg2 i2 with null,
	col_108_first_name_char3 char(14) with null,
	col_109_last_name_varch3 varchar(14) with null,
	col_110_name_of_the_divi char(14) with null,
	col_111_department_charc char(14) with null,
	col_112_salary_smallint_ i2 with null,
	col_113_no_of_workstatio i4 with null,
	col_114_no_of_dept_s_int i2 with null,
	col_115_bulding_no_intg2 i2 with null,
	col_116_num_of_mgr_intg4 i4 with null,
	col_117_num_of_dir_intg2 i2 with null,
	col_118_no_of_emp__sint_ i2 with null,
	col_119_first_name_char3 char(14) with null,
	col_120_last_name_varch3 varchar(10) with null,
	col_121_name_of_the_divi char(8) with null,
	col_122_department_charc char(8) with null,
	col_123_salary_smallint_ i2 with null,
	col_124_no_of_workstatio i4 with null,
	col_125_no_of_dept_s_int i2 with null,
	col_126_bulding_no_intg2 i2 with null,
	col_127_num_of_mgr_intg4 i4 with null)
with duplicates, location = (ii_database);
copy t_1024w_127c_1r (
	col_1_first_name_char_1= varchar(14) with null,
	col_2_last_name_varchar1= varchar(5) with null,
	col_3_name_of_the_divisn= varchar(14) with null,
	col_4_department_charct#= varchar(14) with null,
	col_5_salary_smallint_2_= c0tab with null ('NULL'),
	col_6_no_of_workstation_= c0tab with null ('NULL'),
	col_7_no_of_dept_smalint= c0tab with null ('NULL'),
	col_8_building_no_intge2= c0tab with null ('NULL'),
	col_9_num_of_mgrs_intge4= c0tab with null ('NULL'),
	col_10_num_of_dir_integ2= c0tab with null ('NULL'),
	col_11_no_of_emp__s_int_= c0tab with null ('NULL'),
	col_12_first_name_char_1= varchar(14) with null,
	col_13_last_name_varchar= varchar(14) with null,
	col_14_name_of_the_divis= varchar(14) with null,
	col_15_department_charct= varchar(14) with null,
	col_16_salary_smallint__= c0tab with null ('NULL'),
	col_17_no_of_workstation= c0tab with null ('NULL'),
	col_18_no_of_dept_s_init= c0tab with null ('NULL'),
	col_19_bulding_no_intge2= c0tab with null ('NULL'),
	col_20_num_of_mgr_intge4= c0tab with null ('NULL'),
	col_21_num_of_dir_integ2= c0tab with null ('NULL'),
	col_22_no_of_emp__s_int_= c0tab with null ('NULL'),
	col_23_first_name_char_1= varchar(14) with null,
	col_24_last_name_varchar= varchar(14) with null,
	col_25_name_of_the_divis= varchar(14) with null,
	col_26_department_charct= varchar(14) with null,
	col_27_salary_smallint__= c0tab with null ('NULL'),
	col_28_no_of_workstation= c0tab with null ('NULL'),
	col_29_no_of_dept_s_init= c0tab with null ('NULL'),
	col_30_bulding_no_intge2= c0tab with null ('NULL'),
	col_31_num_of_mgr_intge4= c0tab with null ('NULL'),
	col_32_num_of_dir_integ2= c0tab with null ('NULL'),
	col_33_first_name_char_1= varchar(14) with null,
	col_34_last_name_varchar= varchar(14) with null,
	col_35_name_of_the_divis= varchar(14) with null,
	col_36_department_charct= varchar(14) with null,
	col_37_salary_smallint__= c0tab with null ('NULL'),
	col_38_no_of_workstation= c0tab with null ('NULL'),
	col_39_no_of_dept_s_init= c0tab with null ('NULL'),
	col_40_bulding_no_intge2= c0tab with null ('NULL'),
	col_41_num_of_mgr_intge4= c0tab with null ('NULL'),
	col_42_num_of_dir_integ2= c0tab with null ('NULL'),
	col_43_no_of_emp_s_int__= c0tab with null ('NULL'),
	col_44_first_name_char_1= varchar(14) with null,
	col_45_last_name_varchar= varchar(14) with null,
	col_46_name_of_the_divis= varchar(14) with null,
	col_47_department_charct= varchar(14) with null,
	col_48_salary_smallint__= c0tab with null ('NULL'),
	col_49_no_of_workstation= c0tab with null ('NULL'),
	col_50_no_of_dept_s_init= c0tab with null ('NULL'),
	col_51_bulding_no_intge2= c0tab with null ('NULL'),
	col_52_num_of_mgr_intge4= c0tab with null ('NULL'),
	col_53_num_of_dir_integ2= c0tab with null ('NULL'),
	col_54_first_name_char_1= varchar(14) with null,
	col_55_last_name_varchar= varchar(14) with null,
	col_56_name_of_the_divis= varchar(14) with null,
	col_57_department_charct= varchar(14) with null,
	col_58_salary_smallint__= c0tab with null ('NULL'),
	col_59_no_of_workstation= c0tab with null ('NULL'),
	col_60_no_of_dept_s_init= c0tab with null ('NULL'),
	col_61_bulding_no_intge2= c0tab with null ('NULL'),
	col_62_num_of_mgr_intge4= c0tab with null ('NULL'),
	col_63_num_of_dir_integ2= c0tab with null ('NULL'),
	col_64_no_of_emp__s_int_= c0tab with null ('NULL'),
	col_65_first_name_char_1= varchar(14) with null,
	col_66_last_name_varchar= varchar(14) with null,
	col_67_name_of_the_divis= varchar(14) with null,
	col_68_department_charct= varchar(14) with null,
	col_69_salary_smallint__= c0tab with null ('NULL'),
	col_70_no_of_workstation= c0tab with null ('NULL'),
	col_71_no_of_dept_s_init= c0tab with null ('NULL'),
	col_72_bulding_no_intge2= c0tab with null ('NULL'),
	col_73_num_of_mgr_intge4= c0tab with null ('NULL'),
	col_74_num_of_dir_integ2= c0tab with null ('NULL'),
	col_75_no_of_emp__float_= c0tab with null ('NULL'),
	col_76_first_name_char_1= varchar(14) with null,
	col_77_last_name_varchar= varchar(14) with null,
	col_78_name_of_the_divis= varchar(14) with null,
	col_79_department_charct= varchar(14) with null,
	col_80_salary_smallint__= c0tab with null ('NULL'),
	col_81_no_of_workstation= c0tab with null ('NULL'),
	col_82_no_of_dept_s_init= c0tab with null ('NULL'),
	col_83_bulding_no_intge2= c0tab with null ('NULL'),
	col_84_num_of_mgr_intge4= c0tab with null ('NULL'),
	col_85_num_of_dir_integ2= c0tab with null ('NULL'),
	col_86_first_name_char_1= varchar(14) with null,
	col_87_last_name_varchar= varchar(14) with null,
	col_88_name_of_the_divis= varchar(14) with null,
	col_89_department_charct= varchar(14) with null,
	col_90_salary_smallint__= c0tab with null ('NULL'),
	col_91_no_of_workstation= c0tab with null ('NULL'),
	col_92_no_of_dept_s_init= c0tab with null ('NULL'),
	col_93_bulding_no_intge2= c0tab with null ('NULL'),
	col_94_num_of_mgr_intge4= c0tab with null ('NULL'),
	col_95_last_name_varchar= varchar(14) with null,
	col_96_num_of_dir_integ2= c0tab with null ('NULL'),
	col_97_no_of_emp__s_int_= c0tab with null ('NULL'),
	col_98_first_name_char_1= varchar(14) with null,
	col_99_last_name_varchar= varchar(14) with null,
	col_100_name_of_the_divi= varchar(14) with null,
	col_101_department_charc= varchar(14) with null,
	col_102_salary_smallint_= c0tab with null ('NULL'),
	col_103_no_of_workstatio= c0tab with null ('NULL'),
	col_104_no_of_dept_s_ini= c0tab with null ('NULL'),
	col_105_bulding_no_intg2= c0tab with null ('NULL'),
	col_106_num_of_mgr_intg4= c0tab with null ('NULL'),
	col_107_num_of_dir_intg2= c0tab with null ('NULL'),
	col_108_first_name_char3= varchar(14) with null,
	col_109_last_name_varch3= varchar(14) with null,
	col_110_name_of_the_divi= varchar(14) with null,
	col_111_department_charc= varchar(14) with null,
	col_112_salary_smallint_= c0tab with null ('NULL'),
	col_113_no_of_workstatio= c0tab with null ('NULL'),
	col_114_no_of_dept_s_int= c0tab with null ('NULL'),
	col_115_bulding_no_intg2= c0tab with null ('NULL'),
	col_116_num_of_mgr_intg4= c0tab with null ('NULL'),
	col_117_num_of_dir_intg2= c0tab with null ('NULL'),
	col_118_no_of_emp__sint_= c0tab with null ('NULL'),
	col_119_first_name_char3= varchar(14) with null,
	col_120_last_name_varch3= varchar(10) with null,
	col_121_name_of_the_divi= varchar(8) with null,
	col_122_department_charc= varchar(8) with null,
	col_123_salary_smallint_= c0tab with null ('NULL'),
	col_124_no_of_workstatio= c0tab with null ('NULL'),
	col_125_no_of_dept_s_int= c0tab with null ('NULL'),
	col_126_bulding_no_intg2= c0tab with null ('NULL'),
	col_127_num_of_mgr_intg4= c0nl with null ('NULL'),
	nl= d1)
from 't_1024w_.dat';
(0 rows)
>>
* \q
<<
>>


Ending at: Wed May  8 17:55:28 1991
