/*
	Test Name: initutil.sep
	Time: Fri Apr  6 15:11:30 2001
	User Name: testenv
	Terminal type: septerm
 
	Test ID : initutil.sep
	Module  : be/util
	Filename: initutil.sep
	Purpose	: To create tables, indexes, etc. for testing copydb feature.
	Input Files  : tables.sql
	Output Files :
	Database     : utildb3, utildb4
	Tables       : util_copydb_table, util_alongtablenameforingres,
                       util_alongtablename
	Synopsis     : The sep tests for testing copydb feature will be using
                       two different databases, utildb3 and utildb4 with 
                       SEPPARAMDB3 and SEPPARAMDB4 accordingly, instead of the 
                       original database, utildb.
                       This sep test is to create 3 tables, 3 indexes, 2
                       constraints, 1 view, 2 synonyms, 1 dbevent, 1 procedures,
                       1 rules, 1 security alarm, 6 permissions, and 1 comment. 

 History:  6-Apr-2001	(wu$ca01)	Created
*/
? fill @file(tables.sql) 
!!
drop table util_copydb_table\p\g
drop table util_alongtablenameforingres\p\g
drop table util_alongtablename\p\g
drop index util_idx1\p\g
drop index util_idx2\p\g
drop index util_idx3\p\g
drop view util_view1;\p\g
drop dbevent util_event1\p\g
drop synonym util_maintable\p\g
drop synonym util_shortname\p\g
drop procedure util_proc1\p\g
drop rule util_rule1\p\g
drop security_alarm on util_alongtablename\p\g
alter table util_copydb_table drop constraint util_const1 restrict\p\g
alter table util_copydb_table drop constraint util_const2 restrict\p\g

create table util_copydb_table(name varchar(10) not null , state c(2), city char(15)-
, address text(30), zip int, DOB date not null, gender byte, age decimal(3,0), statu-
s byte varying(10), id float, height float(4), weight smallint, class integer1,  ind-
ustry long byte, title long varchar, salary money, code object_key, tablekey table_k-
ey, type blob)\p\g

insert into util_copydb_table values('bebe', 'IL', 'chicago', '111 michigan avenue',-
 60611, '01-11-1971', 'f', 30, 'single',109, 160.6, 120, 111, 'business', 'accountan-
t', 32000, 'kkkkkkkkkkkkkkkk', '12345678', 'abcdefghijklmnopqrstuvwxyz')\p\g

insert into util_copydb_table values('katie','IL', 'springfield', '2944 dirksen park-
way', 62703, '02-12-1960', 'f',41, 'divorced', 120, 165, 122, 99, 'business',  'cons-
ultant', 40000, 'kkkkkkkkkkkkkkkk', '12345678', 'abc1234567890efghijklmnopq')\p\g

insert into util_copydb_table values('bill', 'IL', 'rockford', '4218 newburg', 61108-
, '03-13-1955', 'm', 46, 'married', 99,  180, 203, 56, 'business', 'manager', 70000,-
 'kkkkkkkkkkkkkkkk', '12345678', 'xyz99999999988888888666666')\p\g

insert into util_copydb_table values('christian', 'IL', 'batavia', '555 randall road-
', 60510, '04-14-1979', 'm', 22, 'single', 12, 175, 160, 11, 'business', 'intern', 1-
8000, 'kkkkkkkkkkkkkkkk', '12345678', 'w000-12689-#####^et=******')\p\g

insert into util_copydb_table values('darien', 'IL', 'joliet', '3802 plainfield', 60-
435, '05-25-1975', 'm', 26, 'single', 39, 180, 170, 70, 'business', 'technical suppo-
rt', 45000, 'kkkkkkkkkkkkkkkk', '12345678', 'yr<2001>@!#$%^&*()_+={}[]?')\p\g

insert into util_copydb_table values('faith', 'IL', 'elgin', '251 grove avenue', 601-
20, '06-06-1939', 'f', 62, 'married', 222, 160, 150, 33, 'business', 'senior manager-
', 110000, 'kkkkkkkkkkkkkkkk', '12345678', '$1234567890.00,^%%%%%%%%%%')\p\g

insert into util_copydb_table values('jack', 'IL', 'chicago', '2500 s state', 60616,-
 '11-05-1973', 'm', 28, 'single', 570, 169, 140, 27, 'business', 'sale representativ-
e', 55000, 'kkkkkkkkkkkkkkkk', '12345678', 'testing 4 blob datatypes')\p\g

insert into util_copydb_table values('mary', 'IL', 'zion', '3399 sheridan road', 600-
99, '07-10-1956', 'f', 45, 'divorced', 317, 155, 180, 100, 'business', 'developer', -
35000, 'kkkkkkkkkkkkkkkk', '12345678', 'po:4xxx8qrstuvwxyz920123456')\p\g

insert into util_copydb_table values('nick', 'IL', 'peoria', '2600 westlake', 61615,-
 '08-18-1970', 'm', 31, 'married', 344, 180, 175, 32, 'business', 'financial consult-
ant', 31000, 'kkkkkkkkkkkkkkkk', '12345678', 'a0b9c8d7e6f5g4h3i2j1k10l11m')\p\g

insert into util_copydb_table values('steven', 'IL', 'decatur', '500 east fitzgerald-
', 62521, '12-25-1950', 'm', 51, 'married', 129, 176, 165, 25, 'business', 'manager'-
, 60000, 'kkkkkkkkkkkkkkkk', '12345678', 'pleezzzzzz:P:):(:q^_^%*Q*!')\p\g

create table util_alongtablenameforingres(name text(10), hire_date date, years int)\-
p\g
insert into util_alongtablenameforingres values('bebe', '03-20-1995', 6)\p\g
insert into util_alongtablenameforingres values('katie', '01-01-1990',11 )\p\g
insert into util_alongtablenameforingres values('bill', '02-21-1989',12)\p\g
insert into util_alongtablenameforingres values('christian', '08-25-2000', 1)\p\g 
insert into util_alongtablenameforingres values('darien', '11-20-1999',2 )\p\g
insert into util_alongtablenameforingres values('faith', '09-15-1980', 21)\p\g
insert into util_alongtablenameforingres values('jack', '03-11-1998', 3)\p\g
insert into util_alongtablenameforingres values('mary', '01-01-1991', 10)\p\g
insert into util_alongtablenameforingres values('nick', '10-01-1997', 4 )\p\g
insert into util_alongtablenameforingres values('steven', '01-01-1988', 13)\p\g

create table util_alongtablename(data char(10), id int);\p\g	
insert into util_alongtablename values('zz', 2);\p\g
insert into util_alongtablename values('aaaa', 4);\p\g
insert into util_alongtablename values('dddddddd', 8);\p\g
insert into util_alongtablename values('x', 1);\p\g

create index util_idx1 on util_copydb_table(name) with structure=hash, persistence;\-
p\g
create index util_idx2 on util_copydb_table(address) with structure=isam, nopersiste-
nce;\p\g
create index util_idx3 on util_copydb_table(DOB) unique with structure=isam, compres-
sion;\p\g 

alter table util_copydb_table add constraint util_const1 check (salary>0);\p\g
alter table util_copydb_table add constraint util_const2 check(age>21);\p\g

create view util_view1(name, salary, hire_date) as select util_copydb_table.name, ut-
il_copydb_table.salary, util_alongtablenameforingres.hire_date from util_copydb_tabl-
e, util_alongtablenameforingres where util_copydb_table.name=util_alongtablenamefori-
ngres.name;\p\g

create synonym util_maintable for util_copydb_table;\p\g
create synonym util_shortname for util_alongtablenameforingres;\p\g

create dbevent util_event1;\p\g

register dbevent util_event1;\p\g

create procedure util_proc1(data char(10) not null, id int not null) as begin update-
 util_alongtablename set id=:id where data=:data; end;\p\g

create rule util_rule1 after insert into util_alongtablename where old.id<0 execute -
procedure util_proc1(data=old.data, id=0);\p\g

create security_alarm util_alarm1 on table util_alongtablename if success when updat-
e by public;\p\g

grant select on "testenv".util_alongtablename to pvusr1;\p\g
grant insert on "testenv".util_alongtablename to pvusr1;\p\g
grant select on "testenv".util_alongtablename to pvusr2;\p\g
grant update on "testenv".util_alongtablename to pvusr2;\p\g
grant delete on "testenv".util_alongtablename to pvusr2;\p\g
grant register on dbevent util_event1 to pvusr1;\p\g

comment on table util_copydb_table is 'This is the main table that I will use';\p\g
!!
? sql -s SEPPARAMDB3 
<<

>>
* \i tables.sql 
<<
~
>>
* select * from util_copydb_table order by name\p\g 
<<
select * from util_copydb_table order by name

+----------+------+---------------+------------------------------+-------------+-----
---------------------+------+----+----------+-----------+-----------+------+------+--
-------------------------------+--------------------------------+--------------------
-+----------------+--------+--------------------------------+
|name      |state |city           |address                       |zip          |dob -
                     |gender|age |status    |id         |height     |weight|class |i-
ndustry                        |title                           |salary             -
 |code            |tablekey|type                            |
+----------+------+---------------+------------------------------+-------------+-----
---------------------+------+----+----------+-----------+-----------+------+------+--
-------------------------------+--------------------------------+--------------------
-+----------------+--------+--------------------------------+
|bebe      |IL    |chicago        |111 michigan avenue           |        60611|11-j-
an-1971              |f     |  30|single    |    109.000|    160.600|   120|   111|b-
usiness                        |accountant                      |           $32000.0-
0|kkkkkkkkkkkkkkkk|12345678|abcdefghijklmnopqrstuvwxyz      |
|bill      |IL    |rockford       |4218 newburg                  |        61108|13-m-
ar-1955              |m     |  46|married   |     99.000|    180.000|   203|    56|b-
usiness                        |manager                         |           $70000.0-
0|kkkkkkkkkkkkkkkk|12345678|xyz99999999988888888666666      |
|christian |IL    |batavia        |555 randall road              |        60510|14-a-
pr-1979              |m     |  22|single    |     12.000|    175.000|   160|    11|b-
usiness                        |intern                          |           $18000.0-
0|kkkkkkkkkkkkkkkk|12345678|w000-12689-#####^et=******      |
|darien    |IL    |joliet         |3802 plainfield               |        60435|25-m-
ay-1975              |m     |  26|single    |     39.000|    180.000|   170|    70|b-
usiness                        |technical support               |           $45000.0-
0|kkkkkkkkkkkkkkkk|12345678|yr<2001>@!#$%^&*()_+={}[]?      |
|faith     |IL    |elgin          |251 grove avenue              |        60120|06-j-
un-1939              |f     |  62|married   |    222.000|    160.000|   150|    33|b-
usiness                        |senior manager                  |          $110000.0-
0|kkkkkkkkkkkkkkkk|12345678|$1234567890.00,^%%%%%%%%%%      |
|jack      |IL    |chicago        |2500 s state                  |        60616|05-n-
ov-1973              |m     |  28|single    |    570.000|    169.000|   140|    27|b-
usiness                        |sale representative             |           $55000.0-
0|kkkkkkkkkkkkkkkk|12345678|testing 4 blob datatypes        |
|katie     |IL    |springfield    |2944 dirksen parkway          |        62703|12-f-
eb-1960              |f     |  41|divorced  |    120.000|    165.000|   122|    99|b-
usiness                        |consultant                      |           $40000.0-
0|kkkkkkkkkkkkkkkk|12345678|abc1234567890efghijklmnopq      |
|mary      |IL    |zion           |3399 sheridan road            |        60099|10-j-
ul-1956              |f     |  45|divorced  |    317.000|    155.000|   180|   100|b-
usiness                        |developer                       |           $35000.0-
0|kkkkkkkkkkkkkkkk|12345678|po:4xxx8qrstuvwxyz920123456     |
|nick      |IL    |peoria         |2600 westlake                 |        61615|18-a-
ug-1970              |m     |  31|married   |    344.000|    180.000|   175|    32|b-
usiness                        |financial consultant            |           $31000.0-
0|kkkkkkkkkkkkkkkk|12345678|a0b9c8d7e6f5g4h3i2j1k10l11m     |
|steven    |IL    |decatur        |500 east fitzgerald           |        62521|25-d-
ec-1950              |m     |  51|married   |    129.000|    176.000|   165|    25|b-
usiness                        |manager                         |           $60000.0-
0|kkkkkkkkkkkkkkkk|12345678|pleezzzzzz:P:):(:q^_^%*Q*!      |
+----------+------+---------------+------------------------------+-------------+-----
---------------------+------+----+----------+-----------+-----------+------+------+--
-------------------------------+--------------------------------+--------------------
-+----------------+--------+--------------------------------+
(10 rows)
>>
* select * from util_alongtablenameforingres order by name\p\g 
<<
 
select * from util_alongtablenameforingres order by name

+----------+-------------------------+-------------+
|name      |hire_date                |years        |
+----------+-------------------------+-------------+
|bebe      |20-mar-1995              |            6|
|bill      |21-feb-1989              |           12|
|christian |25-aug-2000              |            1|
|darien    |20-nov-1999              |            2|
|faith     |15-sep-1980              |           21|
|jack      |11-mar-1998              |            3|
|katie     |01-jan-1990              |           11|
|mary      |01-jan-1991              |           10|
|nick      |01-oct-1997              |            4|
|steven    |01-jan-1988              |           13|
+----------+-------------------------+-------------+
(10 rows)
>>
* select * from util_alongtablename order by data\p\g 
<<
 
select * from util_alongtablename order by data

+----------+-------------+
|data      |id           |
+----------+-------------+
|aaaa      |            4|
|dddddddd  |            8|
|x         |            1|
|zz        |            2|
+----------+-------------+
(4 rows)
>>
* select * from util_view1 order by name\p\g 
<<
 
select * from util_view1 order by name

+----------+--------------------+-------------------------+
|name      |salary              |hire_date                |
+----------+--------------------+-------------------------+
|bebe      |           $32000.00|20-mar-1995              |
|bill      |           $70000.00|21-feb-1989              |
|christian |           $18000.00|25-aug-2000              |
|darien    |           $45000.00|20-nov-1999              |
|faith     |          $110000.00|15-sep-1980              |
|jack      |           $55000.00|11-mar-1998              |
|katie     |           $40000.00|01-jan-1990              |
|mary      |           $35000.00|01-jan-1991              |
|nick      |           $31000.00|01-oct-1997              |
|steven    |           $60000.00|01-jan-1988              |
+----------+--------------------+-------------------------+
(10 rows)
>>
* select * from util_maintable order by name\p\g 
<<
 
select * from util_maintable order by name

+----------+------+---------------+------------------------------+-------------+-----
---------------------+------+----+----------+-----------+-----------+------+------+--
-------------------------------+--------------------------------+--------------------
-+----------------+--------+--------------------------------+
|name      |state |city           |address                       |zip          |dob -
                     |gender|age |status    |id         |height     |weight|class |i-
ndustry                        |title                           |salary             -
 |code            |tablekey|type                            |
+----------+------+---------------+------------------------------+-------------+-----
---------------------+------+----+----------+-----------+-----------+------+------+--
-------------------------------+--------------------------------+--------------------
-+----------------+--------+--------------------------------+
|bebe      |IL    |chicago        |111 michigan avenue           |        60611|11-j-
an-1971              |f     |  30|single    |    109.000|    160.600|   120|   111|b-
usiness                        |accountant                      |           $32000.0-
0|kkkkkkkkkkkkkkkk|12345678|abcdefghijklmnopqrstuvwxyz      |
|bill      |IL    |rockford       |4218 newburg                  |        61108|13-m-
ar-1955              |m     |  46|married   |     99.000|    180.000|   203|    56|b-
usiness                        |manager                         |           $70000.0-
0|kkkkkkkkkkkkkkkk|12345678|xyz99999999988888888666666      |
|christian |IL    |batavia        |555 randall road              |        60510|14-a-
pr-1979              |m     |  22|single    |     12.000|    175.000|   160|    11|b-
usiness                        |intern                          |           $18000.0-
0|kkkkkkkkkkkkkkkk|12345678|w000-12689-#####^et=******      |
|darien    |IL    |joliet         |3802 plainfield               |        60435|25-m-
ay-1975              |m     |  26|single    |     39.000|    180.000|   170|    70|b-
usiness                        |technical support               |           $45000.0-
0|kkkkkkkkkkkkkkkk|12345678|yr<2001>@!#$%^&*()_+={}[]?      |
|faith     |IL    |elgin          |251 grove avenue              |        60120|06-j-
un-1939              |f     |  62|married   |    222.000|    160.000|   150|    33|b-
usiness                        |senior manager                  |          $110000.0-
0|kkkkkkkkkkkkkkkk|12345678|$1234567890.00,^%%%%%%%%%%      |
|jack      |IL    |chicago        |2500 s state                  |        60616|05-n-
ov-1973              |m     |  28|single    |    570.000|    169.000|   140|    27|b-
usiness                        |sale representative             |           $55000.0-
0|kkkkkkkkkkkkkkkk|12345678|testing 4 blob datatypes        |
|katie     |IL    |springfield    |2944 dirksen parkway          |        62703|12-f-
eb-1960              |f     |  41|divorced  |    120.000|    165.000|   122|    99|b-
usiness                        |consultant                      |           $40000.0-
0|kkkkkkkkkkkkkkkk|12345678|abc1234567890efghijklmnopq      |
|mary      |IL    |zion           |3399 sheridan road            |        60099|10-j-
ul-1956              |f     |  45|divorced  |    317.000|    155.000|   180|   100|b-
usiness                        |developer                       |           $35000.0-
0|kkkkkkkkkkkkkkkk|12345678|po:4xxx8qrstuvwxyz920123456     |
|nick      |IL    |peoria         |2600 westlake                 |        61615|18-a-
ug-1970              |m     |  31|married   |    344.000|    180.000|   175|    32|b-
usiness                        |financial consultant            |           $31000.0-
0|kkkkkkkkkkkkkkkk|12345678|a0b9c8d7e6f5g4h3i2j1k10l11m     |
|steven    |IL    |decatur        |500 east fitzgerald           |        62521|25-d-
ec-1950              |m     |  51|married   |    129.000|    176.000|   165|    25|b-
usiness                        |manager                         |           $60000.0-
0|kkkkkkkkkkkkkkkk|12345678|pleezzzzzz:P:):(:q^_^%*Q*!      |
+----------+------+---------------+------------------------------+-------------+-----
---------------------+------+----+----------+-----------+-----------+------+------+--
-------------------------------+--------------------------------+--------------------
-+----------------+--------+--------------------------------+
(10 rows)
>>
* select * from util_shortname order by name\p\g 
<<
 
select * from util_shortname order by name

+----------+-------------------------+-------------+
|name      |hire_date                |years        |
+----------+-------------------------+-------------+
|bebe      |20-mar-1995              |            6|
|bill      |21-feb-1989              |           12|
|christian |25-aug-2000              |            1|
|darien    |20-nov-1999              |            2|
|faith     |15-sep-1980              |           21|
|jack      |11-mar-1998              |            3|
|katie     |01-jan-1990              |           11|
|mary      |01-jan-1991              |           10|
|nick      |01-oct-1997              |            4|
|steven    |01-jan-1988              |           13|
+----------+-------------------------+-------------+
(10 rows)
>>
* \q 
<<

>>


Ending at: Fri Apr  6 15:14:52 2001
