/*
	Test Name   : 	REPORT Initialization for Ingres Data Types
	Time        : 	
	User Name   : 	TESTENV

	Test ID     : 	initrw
	Module      : 	REPORT and SREPORT
	Filename    : 	initrw.sep  
	Purpose     :	Create and initialize Ingres SQL tables for REPORT
			Writer tests.
	Database    :	SEPPARAMDB
	Tables      :	
	Synopsis    :	Drop and create RW test tables and fill with data.
	History     :   30-sep-1993	(jpark)
				Combined bsopnld.sep, rwingld.sep, rwopnld.sep.
			10-Nov-1993	(jpark)
				added tables for wla01
		07-jan-1994 (judi)
			Replace b55029 with correct naming convention, wla01.

	Note	    : 	This script must be run prior to the RW tests.
                26-Jan-1994 (daniel lee) added a table "tbl65" and inserted rows
			to the table
                14-Feb-1994 (daniel) added tbles 'blobstbl1', 'blobstbl2',
		        'blobstbl3', and 'blobstbl4'. Inserted rows to the
			tables.
		18-Feb-1994 (uncharee) added tblarr table 
			for iiexport/iiimport test.
		01-Mar-1994	uncharee	Update to include tables, and
						synonyms in order to test
						FIPS 6.5.
						NOTE: users.sql script must
						be run prior to running
						this init script.
						NOTE: due VMS bug 54750
						(or 54050), you will see
						DIFF when you try to connect
						to DB using -u w/ delim user.
		08-Apr-1994	uncharee	modify tblarr to make it
						accept float(n) columns
                12-Apr-1996     (clate01)       Modified to use with NT
          26-Jun-2001	(rogch01)
		Add \p\g to shed a little light on the errors.  Populate wha03b
		correctly.  Lose the copy of rwdata in place of the fill.
		Recanonise everything.  Swap "t62_5" for "t65_5" etc. where it
		seemed appropriate.  Before that the script tried to grant
		permissions before creating the t65_5 table.  Reorganise some
		of the unix / vms / nt specific blocks to share a common canon.
		That saves recanonising on other environments and copying the
		test back and forth.
          12-Jul-2004   (vande02)
                Removing fill file for rwdata.dat and usage of rwdata.dat.
		rwdata.dat will continue to be used in these tests rw17.sep,
		rw18.sep, rw23.sep rw24.sep but only by internal testing.
*/
? fill drop.sql 
!!
drop table qebldg, qedept, qeemp, qeparts, qesalhist, qereview, qesuppliers;\g
drop table wca01b_qeemp, wfa01c_qetotsales;\g
drop table wha03a, wha03b, wha04a, wha04b, wha05a, wha06a, wha07a, wha08a;\g
drop table wha08b, wha08c, wha09a, wha09b, wha10a, wha10b;\g
drop table wia12_customer, wia12_account, wia12_transact;\g
drop table wfa03a, wfa03b, wfa03c, wfa04, wfa05, wga02a, wga05a, wga12;\g
drop table wha00a, wha01a, wha02a, wia00a;\g
drop table wia11_region, wia11_state, wia11_pop;\g
drop table wia13_ddef, wia13_dref, wia14_subscriber;\g
drop table wia15a_book, wia15a_author, wia15a_subject, wia15a_tempreport;\g
drop table wia15b_book, wia15b_author, wia15b_subject, wia15b_tempreport;\g
drop table wia15b_sub, wia15b_auth;\g
drop table wka03_status, wka03a, wka03b;\g
drop table wna01a, wna01b, wna01c, wha13;\g
drop table wla01;\g
drop table tbl65;\g
drop table blobstbl1, blobstbl2, blobstbl3, blobstbl4;\g
drop table tblarr;\g
!!
? fill tables.sql 
!!
create table qebldg (
   qebldg	char(2),
   qest_adr	char(30),
   qecity	char(15),
   qestate	char(2),
   qezip	char(5));\p\g
insert into qebldg values
   ('A', '1000 University Ave   ' ,'Berkeley  ',  'CA','94000');\p\g
insert into qebldg values
   ('B', '1800 Shattuck Ave     ' ,'Berkeley  ',  'CA','94100');\p\g
insert into qebldg values
   ('C', '900 Lake Shore Blvd   ' ,'Chicago   ',  'IL','60080');\p\g
insert into qebldg values
   ('D', '24130 Pennsylvania Ave' ,'Washington',  'DC','20198');\p\g
insert into qebldg values
   ('E', '42318 Woodsay Blvd    ' ,'Houston   ',  'TX','77009');\p\g
insert into qebldg values
   ('F', '1585 Eye St           ' ,'Washington',  'DC','20199');\p\g

create table qedept (
   qedname	char(8),
   qediv	char(3),
   qesales	float,
   qebldg	char(2),
   qefloor	smallint,
   qenum_emp	smallint);\p\g
insert into qedept values
   ('admin   ','NW',                 0.00,'C',  2,     4);\p\g
insert into qedept values
   ('market  ','NW',              9200.00,'A',  1,     2);\p\g
insert into qedept values
   ('sales   ','NC',            120000.00,'A',  2,     1);\p\g
insert into qedept values
   ('sales   ','NE',                 0.00,'D', 18,     4);\p\g
insert into qedept values
   ('sales   ','NW',            200000.00,'A',  2,     1);\p\g
insert into qedept values
   ('sales   ','SC',             95000.00,'E',  1,     1);\p\g
insert into qedept values
   ('sales   ','SE',            175000.00,'D', 18,     1);\p\g
insert into qedept values
   ('tech sup','NC',              5000.00,'C',  2,     3);\p\g
insert into qedept values
   ('tech sup','NE',             20000.00,'D', 17,     2);\p\g
insert into qedept values
   ('tech sup','NW',                 0.00,'B',  1,     1);\p\g
insert into qedept values
   ('tech sup','SE',                 0.00,'D', 19,     1);\p\g

create table qeemp (
   qename	char(10),
   qesalary	float,
   qedept	char(8),
   qediv	char(3),
   qemgr	char(10),
   qebirthdate	char(25),
   qenum_dep	smallint);\p\g
insert into qeemp values
   ('Aitken    ',  50000.00,'sales   ','NE','Verducci', '12-mar-1947',   2);\p\g
insert into qeemp values
   ('Blumberg  ',  32000.00,'sales   ','SC','Clark   ', ' 6-dec-1952',   2);\p\g
insert into qeemp values
   ('Brodie    ',  40000.00,'sales   ','NC','Clark   ', ' 1-feb-1948',   2);\p\g
insert into qeemp values
   ('Cameron   ',  35000.00,'tech sup','SE','Shigio  ', '15-aug-1960',   0);\p\g
insert into qeemp values
   ('Clark     ',  40000.00,'sales   ','NC','Verducci', '18-nov-1949',   1);\p\g
insert into qeemp values
   ('Curan     ',  30000.00,'tech sup','NW','Shigio  ', '20-aug-1959',   0);\p\g
insert into qeemp values
   ('Curry     ',  32000.00,'tech sup','NW','Shigio  ', '30-nov-1955',   3);\p\g
insert into qeemp values
   ('Giller    ',  46000.00,'sales   ','NC','Clark   ', ' 9-jun-1953',   1);\p\g
insert into qeemp values
   ('Gordon    ',  27000.00,'tech sup','NC','Shigio  ', '23-may-1963',   0);\p\g
insert into qeemp values
   ('Green     ',  26000.00,'market  ','NW','McTigue ', '19-dec-1961',   0);\p\g
insert into qeemp values
   ('Gregori   ',  31000.00,'sales   ','NW','Verducci', '21-oct-1949',   2);\p\g
insert into qeemp values
   ('Huber     ',  32000.00,'sales   ','NC','Clark   ', '29-jun-1951',   2);\p\g
insert into qeemp values
   ('Kay       ',  38000.00,'sales   ','NC','Clark   ', '12-mar-1944',   3);\p\g
insert into qeemp values
   ('Kreseski  ',  24000.00,'tech sup','NC','Shigio  ', '11-sep-1955',   0);\p\g
insert into qeemp values
   ('Mandic    ',  43000.00,'sales   ','SE','Verducci', '10-jul-1964',   0);\p\g
insert into qeemp values
   ('McShane   ',  22000.00,'admin   ','NW','Clark   ', ' 3-mar-1943',   0);\p\g
insert into qeemp values
   ('McTigue   ',  41000.00,'sales   ','NW','Verducci', ' 9-apr-1953',   1);\p\g
insert into qeemp values
   ('Ming      ',  22000.00,'tech sup','SE','Shigio  ', ' 4-may-1956',   1);\p\g
insert into qeemp values
   ('Ramos     ',  30000.00,'tech sup','NW','Shigio  ', '21-jan-1941',   0);\p\g
insert into qeemp values
   ('Robinson  ',  80000.00,'sales   ','NE','Verducci', '20-nov-1952',   1);\p\g
insert into qeemp values
   ('Sabel     ',  21000.00,'tech sup','SE','Shigio  ', ' 8-jan-1958',   0);\p\g
insert into qeemp values
   ('Saxena    ',  22000.00,'tech sup','NC','Shigio  ', ' 8-may-1950',   0);\p\g
insert into qeemp values
   ('Shigio    ',  28000.00,'sales   ','SE','Verducci', ' 9-jul-1948',   3);\p\g
insert into qeemp values
   ('Stannich  ',  33000.00,'market  ','NW','McTigue ', '13-dec-1961',   0);\p\g
insert into qeemp values
   ('Stein     ',  40000.00,'sales   ','NE','Verducci', '25-dec-1952',   1);\p\g
insert into qeemp values
   ('Stover    ',  35000.00,'admin   ','NW','Clark   ', ' 3-oct-1940',   4);\p\g
insert into qeemp values
   ('Sullivan  ',  35000.00,'tech sup','NW','Shigio  ', '10-oct-1960',   1);\p\g
insert into qeemp values
   ('Verducci  ',  55000.00,'admin   ','NW','        ', '25-dec-1958',   2);\p\g
insert into qeemp values
   ('Zimmerman ',  25000.00,'tech sup','NE','Shigio  ', '28-aug-1962',   0);\p\g

create table qesalhist (
   qename	char(10),
   qedate	char(25),
   qesalary	float);\p\g

create table qereview (
   qename 	char(10),
   qerev_date 	char(25),
   qestrength 	char(250),
   qeweakness 	char(250),
   qegoals 	char(250));\p\g
insert into qereview values 
('Ming','12-jun-1983','Shows mastery of current material and willingness to learn ne-
w material.  Responds enthusiastically to customer''s questions.  Has been helpful t-
raining less knowledgeable staff.','Has difficulty articulating complicated details -
to unsophisticated customers.','Establish formal training of new staff and take resp-
onsibility for their progress gaining mastery of new material.');\p\g
insert into qereview values 
('Ramos','9-apr-1983','Seems willing to learn new material.  Shows eagerness to lear-
n several new programming languages to broaden the base of customers to which she ca-
n respond.  Has progressed greatly in amount of material she has mastered s','Has di-
fficulty arriving on time for work.','Learn two new programming languages by next re-
view in six months.');\p\g

create table qesuppliers (
   qesno	char(5),
   qesname	char(20),
   qestatus	smallint,
   qecity	char(15));\p\g
insert into qesuppliers values('s1','Smith',20,'London');\p\g
insert into qesuppliers values ('s2','Jones',10,'Paris');\p\g
insert into qesuppliers values ('s3','Blake',30,'Paris');\p\g
insert into qesuppliers values ('s4','Clark',20,'London');\p\g
insert into qesuppliers values ('s5','Adams',30,'Athens');\p\g

create view qelowpay (qename, qesalary)
   as select qename, qesalary
   from qeemp
   where qesalary < 30000;\p\g

create view qeempinfo (qename, qedept, qediv, qebldg, qefloor)
   as select qeemp.qename, qeemp.qedept, qeemp.qediv,
      qedept.qebldg, qedept.qefloor
   from qeemp, qedept
   where qeemp.qedept = qedept.qedname and qeemp.qediv = qedept.qediv;\p\g

create view qeyoungemp (qename, qesalary)
   as select qename, qesalary
   from qeemp
   where qebirthdate > '1/1/55';\p\g

create table qeparts (
   qepno	char(6),
   qepname	char(20),
   qecolor	char(6),
   qeweight	smallint,
   qecity	char(15));\p\g
insert into qeparts values ('p1','nut','red',12,'London');\p\g
insert into qeparts values ('p2','bolt','green',17,'Paris');\p\g
insert into qeparts values ('p3','screw','blue',17,'Rome');\p\g
insert into qeparts values ('p4','screw','red',14,'London');\p\g
insert into qeparts values ('p5','cam','blue',12,'Paris');\p\g
insert into qeparts values ('p6','cog','red',19,'London');\p\g

create table wca01b_qeemp (qemgr, qemonth, mm) as select 
   qemgr, left(right(ascii(qebirthdate),22),3),
   concat(qemgr, left(right(ascii(qebirthdate),22),3))
from qeemp;\p\g

create table wfa01c_qetotsales (qetotsales) as select sum(qesales)
   from qedept where lowercase(qedname)='sales';\p\g

create table wha03a (qechar1 char(1), qechar10 char(10));\p\g
insert into wha03a values ('1', '1234567890');\p\g

create table wha04a (qevarchar1 varchar(1), qevarchar10 varchar(10));\p\g
insert into wha04a values ('1', '1234567890');\p\g

create table wha05a (qeinteger1 integer1, qeinteger2 integer2,
   qeinteger4 integer4);\p\g
insert into wha05a values (-128, -32768, -2147483648);\p\g
insert into wha05a values (   0,      0,           0);\p\g
insert into wha05a values (+127, +32767, +2147483647);\p\g

create table wha06a (qefloat4 float4, qefloat8 float8);\p\g
insert into wha06a values (-10.0e+37, -10.0e+37);\p\g
insert into wha06a values (        0,         0);\p\g
insert into wha06a values (+10.0e+37, +10.0e+37);\p\g

create table wha07a (qemoney money);\p\g
insert into wha07a values (-999999999999.99);\p\g
insert into wha07a values (            0.00);\p\g
insert into wha07a values (+999999999999.99);\p\g

create table wha08a (qedate date);\p\g
insert into wha08a values ('01-jan-1582');\p\g
insert into wha08a values ('01-jan-1982');\p\g
insert into wha08a values ('01-jan-2382');\p\g

create table wha08b (times date);\p\g
insert into wha08b values ('1 yr 3 mos 11 days 14 hrs 38 mins 2 secs');\p\g
insert into wha08b values ('4 hrs 12 mins 59 secs');\p\g
insert into wha08b values ('231 days 1 hr 11 secs');\p\g
insert into wha08b values ('2 days 3 hours 14 mins');\p\g
insert into wha08b values ('2 yrs 11 mos 9 days 23 hrs 1 mins 11 secs');\p\g
insert into wha08b values ('4 hours 1 minute 13 seconds');\p\g
insert into wha08b values ('14:41:44 hours');\p\g
insert into wha08b values ('11 days 59 secs');\p\g

create table wha08c (qedate date);\p\g
insert into wha08c values ('01-jan-1582');\p\g
insert into wha08c values ('01-jan-1982');\p\g
insert into wha08c values ('01-jan-2382');\p\g

create table wha09a (qec1 c(1), qec10 c(10));\p\g
insert into wha09a values ('1', '1234567890');\p\g

create table wha10a (qevchar1 vchar(1), qevchar10 vchar(10));\p\g
insert into wha10a values ('1', '1234567890');\p\g

create table wia12_customer (
   name char(20),
   address char(20),
   city char(20),
   state char(2),
   zip integer);\p\g
insert into wia12_customer values
   ('Big Daddy','1 Bestview Lane','Topofthehill','NJ',05436);\p\g
insert into wia12_customer values
   ('Fast Sally','1234 71st St','Big City','NY',01234);\p\g

create table wia12_account (
   name char(20),
   acctnum integer,
   balance float);\p\g
insert into wia12_account values
   ('Big Daddy', 749025436, 234657.00);\p\g
insert into wia12_account values
   ('Fast Sally', 488219082, 1245.00);\p\g

create table wia12_transact (
   acctnum integer,
   tdate date,
   transnum integer,
   type integer,
   amount float);\p\g
insert into wia12_transact values
   (749025436, '01-jul-81', 0101, 0, 100000.00);\p\g
insert into wia12_transact values
   (749025436, '01-jul-81', 0102, 1, 50500.00);\p\g
insert into wia12_transact values
   (749025436, '01-jul-81', 0103, 1, 24.56);\p\g
insert into wia12_transact values
   (749025436, '01-jul-81', 0104, 1, 10100.00);\p\g
insert into wia12_transact values
   (749025436, '15-jul-81', 0105, 0, 50000.00);\p\g
insert into wia12_transact values
   (749025436, '17-jul-81', 0106, 1, 10143.54);\p\g
insert into wia12_transact values
   (749025436, '17-jul-81', 0107, 1, 243.56);\p\g
insert into wia12_transact values
   (749025436, '22-jul-81', 0108, 1, 100.00);\p\g
insert into wia12_transact values
   (749025436, '23-jul-81', 0109, 1, 25000.00);\p\g
insert into wia12_transact values
   (749025436, '23-jul-81', 0110, 0, 100000.00);\p\g
insert into wia12_transact values
   (488219082, '25-may-81', 0101, 1, 200.00);\p\g
insert into wia12_transact values
   (488219082, '03-jul-81', 0102, 0, 250.00);\p\g
insert into wia12_transact values
   (488219082, '05-jul-81', 0103, 1, 320.34);\p\g
insert into wia12_transact values
   (488219082, '05-jul-81', 0104, 0, 65.23);\p\g
insert into wia12_transact values
   (488219082, '08-jul-81', 0105, 1, 100.00);\p\g
insert into wia12_transact values
   (488219082, '10-jul-81', 0106, 1, 56.32);\p\g
insert into wia12_transact values
   (488219082, '16-jul-81', 0107, 1, 24.71);\p\g
insert into wia12_transact values
   (488219082, '20-jul-81', 0108, 1, 120.00);\p\g
insert into wia12_transact values
   (488219082, '25-jul-81', 0109, 1, 31.16);\p\g

create table wfa03a (
   orderno integer not null not default,
   partno integer not null not default, 
   qty smallint not null not default,
   unit_pr float not null not default);\p\g
create unique index wfa03a_index on wfa03a (orderno, partno);\p\g
insert into wfa03a values (10, 4, 5, .31);\p\g
insert into wfa03a values (10, 5, 100, .90);\p\g
insert into wfa03a values (10, 1, 12, 175.00);\p\g
insert into wfa03a values (11, 4, 10, .57);\p\g
insert into wfa03a values (12, 4, 5, .31);\p\g
insert into wfa03a values (13, 2, 3, 1299.00);\p\g
insert into wfa03a values (14, 4, 100, .17);\p\g
insert into wfa03a values (14, 7, 12, .69);\p\g
insert into wfa03a values (15, 5, 100, .98);\p\g
insert into wfa03a values (15, 6, 10, .55);\p\g
insert into wfa03a values (16, 6, 12, .49);\p\g
insert into wfa03a values (16, 7, 24, .65);\p\g
insert into wfa03a values (17, 5, 100, .90);\p\g

create table wfa03b (
   orderno integer not null not default,
   orddate char(25) not null not default, 
   vendorno integer not null not default,
   invoiceno varchar(10) not null not default, 
   status char(1) not null not default);\p\g
create unique index wfa03b_index on wfa03b (orderno);\p\g
insert into wfa03b values (1, '10-may-1984', 3, '00476', 'c');\p\g
insert into wfa03b values (2, '12-may-1984', 1, '1967', 'c');\p\g
insert into wfa03b values (3, '23-jun-1984', 3, '00537', 'c');\p\g
insert into wfa03b values (4, '04-sep-1984', 1, '6627', 'c');\p\g
insert into wfa03b values (5, '15-jan-1985', 4, '39662', 'c');\p\g
insert into wfa03b values (6, '30-jun-1985', 4, '43732', 'c');\p\g
insert into wfa03b values (7, '27-jul-1985', 5, 'CP01720', 'c');\p\g
insert into wfa03b values (8, '13-aug-1985', 3, '', 'c');\p\g
insert into wfa03b values (9, '30-jun-1986', 4, '17436', 'c');\p\g
insert into wfa03b values (10, '11-jun-1987', 3, '15798', 'c');\p\g
insert into wfa03b values (11, '13-jun-1987', 1, '6365 ', 'c');\p\g
insert into wfa03b values (12, '24-jul-1987', 3, '23687', 'c');\p\g
insert into wfa03b values (13, '05-oct-1987', 1, '6627 ', 'c');\p\g
insert into wfa03b values (14, '16-feb-1988', 4, '', 'p');\p\g
insert into wfa03b values (15, '31-jul-1988', 4, '43732', 'p');\p\g
insert into wfa03b values (16, '28-aug-1988', 5, '', 'p');\p\g
insert into wfa03b values (17, '14-sep-1988', 3, '', 'p');\p\g

create table wfa03c (
   vendorno integer not null not default,
   vname varchar(20) not null not default, 
   street varchar(20) not null not default, 
   city varchar(15) not null not default,
   state char(2) not null not default, 
   zip varchar(10) not null not default,
   contact varchar(10) not null with default);\p\g
create unique index wfa03c_index on wfa03c (vendorno);\p\g
insert into wfa03c values (1, 'PC TIME DATA',
   '40038 Christy St','Fremont','CA', '94538', 'Cheng');\p\g
insert into wfa03c values (2, 'Fry''s Electronics',
   '440 Mission Court','Fremont','CA', '94538', 'Allen');\p\g
insert into wfa03c values (3, 'Whole Earth Access',
   'Fashion Island Center','San Mateo','CA', '94545', 'Jeff');\p\g
insert into wfa03c values (4, 'Tower Computer Inc.',
   '1937-B Tully Road','San Jose','CA', '95122', 'Tony');\p\g
insert into wfa03c values (5, 'Weird Stuff Warehouse ',
   '715 Sycamore Drive','Milpitas','CA', '95035', 'Bo');\p\g

create table wfa04 (charcol char(30), intwnull integer with null);\p\g
insert into wfa04 values ('A1', 1);\p\g
insert into wfa04 values ('B1', 1);\p\g
insert into wfa04 values ('ANULL', NULL);\p\g
insert into wfa04 values ('BNULL', NULL);\p\g
insert into wfa04 values ('A2', 2);\p\g
insert into wfa04 values ('B2', 2);\p\g
insert into wfa04 values ('C1', 1);\p\g
insert into wfa04 values ('C2', 2);\p\g
insert into wfa04 values ('CNULL', NULL);\p\g

create table wfa05 (
   name char(18),
   address char(22),
   city char(16),
   state char(4),
   zip integer);\p\g
insert into wfa05 values 
   ('PC TIME DATA','40038 Christy St','Fremont','CA', 94538);\p\g
insert into wfa05 values 
   ('Fry''s Elect.','440 Mission Court','Fremont','CA', 94538);\p\g
insert into wfa05 values 
   ('Whole Earth','Fashion Island Center','San Mat','CA', 94545);\p\g
insert into wfa05 values 
   ('Tower Computer','1937-B Tully Road','SanJose','CA',95122);\p\g
insert into wfa05 values 
   ('Weird Stuff','715 Sycamore Drive','Milpita','CA', 95035);\p\g

create table wga02a (
   aa integer,
   bb float,
   cc char(10),
   dd varchar(10));\p\g

create table wga05a (
   aa float,
   bb float,
   cc float);\p\g
insert into wga05a values (10101.0101, 10101.0101, 10101.0101);\p\g
insert into wga05a values (20202.0202, 20202.0202, 20202.0202);\p\g
insert into wga05a values (30303.0303, 30303.0303, 30303.0303);\p\g
insert into wga05a values (40404.0404, 40404.0404, 40404.0404);\p\g

create table wga12 (aaaa smallint);\p\g
insert into wga12 values (123);\p\g

create table wha00a (qesmallint smallint);\p\g
insert into wha00a values (-32768);\p\g
insert into wha00a values (     0);\p\g
insert into wha00a values (+32767);\p\g

create table wha01a (qeinteger integer);\p\g
insert into wha01a values (-2147483648);\p\g
insert into wha01a values (          0);\p\g
insert into wha01a values (+2147483647);\p\g

create table wha02a (qefloat float);\p\g
insert into wha02a values (-10.0e+37);\p\g
insert into wha02a values (      0);\p\g
insert into wha02a values (+10.0e+37);\p\g

create table wia00a (
   qesmallint smallint,
   qeinteger integer,
   qefloat float,
   qechar1 char(1),
   qechar10 char(10),
   qevarchar1 varchar(1),
   qevarchar10 varchar(10));\p\g
insert into wia00a values (1, 1001, 10101.01,
   '1', 'one', '1', 'ONE');\p\g
insert into wia00a values (2, 2002, 20202.02,
   '2', 'two', '2', 'TWO');\p\g
insert into wia00a values (3, 3003, 30303.03,
   '3', 'three', '3', 'THREE');\p\g

create table wia11_region (
   regabbrev char(3),
   region char(20));\p\g
insert into wia11_region values ('ENC','East North Central');\p\g
insert into wia11_region values ('ESC','East South Central');\p\g
insert into wia11_region values ('M','Mountain');\p\g
insert into wia11_region values ('MA','Middle Atlantic');\p\g
insert into wia11_region values ('NE','New England');\p\g
insert into wia11_region values ('P','Pacific');\p\g
insert into wia11_region values ('SA','South Atlantic');\p\g
insert into wia11_region values ('WNC','West North Central');\p\g
insert into wia11_region values ('WSC','West South Central');\p\g

create table wia11_state (
   regabbrev char(3),
   statabbrev char(2),
   state char(20));\p\g
insert into wia11_state values ('ENC','IL','Illinois');\p\g
insert into wia11_state values ('ENC','IN','Indiana');\p\g
insert into wia11_state values ('ENC','MI','Michigan');\p\g
insert into wia11_state values ('ENC','OH','Ohio');\p\g
insert into wia11_state values ('ENC','WI','Wisconsin');\p\g
insert into wia11_state values ('ESC','AL','Alabama');\p\g
insert into wia11_state values ('ESC','KY','Kentucky');\p\g
insert into wia11_state values ('ESC','MS','Mississippi');\p\g
insert into wia11_state values ('ESC','TN','Tennessee');\p\g
insert into wia11_state values ('MA','NJ','New Jersey');\p\g
insert into wia11_state values ('MA','NY','New York');\p\g
insert into wia11_state values ('MA','PN','Pennsylvania');\p\g
insert into wia11_state values ('M','AZ','Arizona');\p\g
insert into wia11_state values ('M','CO','Colorado');\p\g
insert into wia11_state values ('M','ID','Idaho');\p\g
insert into wia11_state values ('M','MT','Montana');\p\g
insert into wia11_state values ('M','NV','Nevada');\p\g
insert into wia11_state values ('M','NM','New Mexico');\p\g
insert into wia11_state values ('M','UT','Utah');\p\g
insert into wia11_state values ('M','WY','Wyoming');\p\g
insert into wia11_state values ('NE','CN','Connecticut');\p\g
insert into wia11_state values ('NE','ME','Maine');\p\g
insert into wia11_state values ('NE','MA','Massachusetts');\p\g
insert into wia11_state values ('NE','NH','New Hampshire');\p\g
insert into wia11_state values ('NE','RI','Rhode Island');\p\g
insert into wia11_state values ('NE','VT','Vermont');\p\g
insert into wia11_state values ('P','AK','Alaska');\p\g
insert into wia11_state values ('P','CA','California');\p\g
insert into wia11_state values ('P','HI','Hawaii');\p\g
insert into wia11_state values ('P','OR','Oregon');\p\g
insert into wia11_state values ('P','WA','Washington');\p\g
insert into wia11_state values ('SA','DE','Delaware');\p\g
insert into wia11_state values ('SA','DC','District of Columbia');\p\g
insert into wia11_state values ('SA','FL','Florida');\p\g
insert into wia11_state values ('SA','GA','Georgia');\p\g
insert into wia11_state values ('SA','MD','Maryland');\p\g
insert into wia11_state values ('SA','NC','North Carolina');\p\g
insert into wia11_state values ('SA','SC','South Carolina');\p\g
insert into wia11_state values ('SA','VA','Virginia');\p\g
insert into wia11_state values ('SA','WV','West Virginia');\p\g
insert into wia11_state values ('WNC','IA','Iowa');\p\g
insert into wia11_state values ('WNC','KS','Kansas');\p\g
insert into wia11_state values ('WNC','MN','Minnesota');\p\g
insert into wia11_state values ('WNC','MO','Missouri');\p\g
insert into wia11_state values ('WNC','NB','Nebraska');\p\g
insert into wia11_state values ('WNC','ND','North Dakota');\p\g
insert into wia11_state values ('WNC','SD','South Dakota');\p\g
insert into wia11_state values ('WSC','AR','Arkansas');\p\g
insert into wia11_state values ('WSC','LA','Louisiana');\p\g
insert into wia11_state values ('WSC','OK','Oklahoma');\p\g
insert into wia11_state values ('WSC','TX','Texas');\p\g

create table wia11_pop (
   year integer,
   statabbrev char(2),
   tot_18to65 integer,
   tot_under18 integer,
   tot_over65 integer);\p\g
insert into wia11_pop values (1970,'IL',9600381,1425674,87921);\p\g
insert into wia11_pop values (1970,'IN',4820324,357464,15881);\p\g
insert into wia11_pop values (1970,'MI',7833474,991066,50543);\p\g
insert into wia11_pop values (1970,'OH',9646997,970477,34543);\p\g
insert into wia11_pop values (1970,'WI',4258959,128224,30548);\p\g
insert into wia11_pop values (1970,'AL',2528983,908247,6935);\p\g
insert into wia11_pop values (1970,'KY',2971232,241292,6182);\p\g
insert into wia11_pop values (1970,'MS',1393283,815770,7859);\p\g
insert into wia11_pop values (1970,'TN',3283432,631696,8559);\p\g
insert into wia11_pop values (1970,'NJ',6349908,770292,47964);\p\g
insert into wia11_pop values (1970,'NY',15790307,2166933,233500);\p\g
insert into wia11_pop values (1970,'PN',10737732,1016514,39663);\p\g
insert into wia11_pop values (1970,'AZ',1604948,53344,112608);\p\g
insert into wia11_pop values (1970,'CO',2112352,66411,28496);\p\g
insert into wia11_pop values (1970,'ID',698802,2130,11635);\p\g
insert into wia11_pop values (1970,'MT',663043,1995,29371);\p\g
insert into wia11_pop values (1970,'NV',448177,27762,12799);\p\g
insert into wia11_pop values (1970,'NM',915815,19555,80630);\p\g
insert into wia11_pop values (1970,'UT',1031926,6617,20730);\p\g
insert into wia11_pop values (1970,'WY',323024,2568,6824);\p\g
insert into wia11_pop values (1970,'CN',2835458,181177,15074);\p\g
insert into wia11_pop values (1970,'ME',985276,2800,3972);\p\g
insert into wia11_pop values (1970,'MA',5477624,175817,35729);\p\g
insert into wia11_pop values (1970,'NH',733106,2505,2070);\p\g
insert into wia11_pop values (1970,'RI',914757,25338,6630);\p\g
insert into wia11_pop values (1970,'VT',442553,761,1016);\p\g
insert into wia11_pop values (1970,'AK',236767,8911,54704);\p\g
insert into wia11_pop values (1970,'CA',17761032,1400143,791959);\p\g
insert into wia11_pop values (1970,'HI',298160,7573,462828);\p\g
insert into wia11_pop values (1970,'OR',2032079,26308,32998);\p\g
insert into wia11_pop values (1970,'WA',3251055,71308,86806);\p\g
insert into wia11_pop values (1970,'DE',466459,78276,3369);\p\g
insert into wia11_pop values (1970,'DC',209272,537712,9526);\p\g
insert into wia11_pop values (1970,'FL',5711411,1049578,28454);\p\g
insert into wia11_pop values (1970,'GA',3387516,1190779,11280);\p\g
insert into wia11_pop values (1970,'MD',3193021,701341,28037);\p\g
insert into wia11_pop values (1970,'NC',3891510,1137664,52885);\p\g
insert into wia11_pop values (1970,'SC',1794430,789041,7045);\p\g
insert into wia11_pop values (1970,'VA',3757478,865388,25628);\p\g
insert into wia11_pop values (1970,'WV',1666870,73931,3436);\p\g
insert into wia11_pop values (1970,'IA',2782762,32596,9018);\p\g
insert into wia11_pop values (1970,'KS',2122068,106977,17533);\p\g
insert into wia11_pop values (1970,'MN',3736038,34868,34065);\p\g
insert into wia11_pop values (1970,'MO',4177495,480172,18834);\p\g
insert into wia11_pop values (1970,'NB',1432867,39911,10715);\p\g
insert into wia11_pop values (1970,'ND',599485,2494,15782);\p\g
insert into wia11_pop values (1970,'SD',630333,1627,33547);\p\g
insert into wia11_pop values (1970,'AR',1561108,357225,4962);\p\g
insert into wia11_pop values (1970,'LA',2539547,1088734,13025);\p\g
insert into wia11_pop values (1970,'OK',2275104,177910,106218);\p\g
insert into wia11_pop values (1970,'TX',9696569,1419677,80484);\p\g

create table wia13_ddef (
   word char(20),
   definition char(250));\p\g
insert into wia13_ddef values (
'aggregate function',
'An aggregate operator which first groups rows on the basis of the value of a (list -
of) columns (called the "by-list"), before computing the aggregate for each value of-
 the "by-list".');\p\g
insert into wia13_ddef values (
'aggregate operator',
'An aggregate operator is a computation performed on a column across all rows in a t-
able. Common aggregate operators are SUM, COUNT, and AVG. Aggregate operators can ha-
ve qualifications to limit the number of rows used in the calculation.');\p\g
insert into wia13_ddef values ('attribute',
   'Another term for a "column" in a table.');\p\g
insert into wia13_ddef values ('buffer',
   'Another term for the INGRES "workspace".');\p\g
insert into wia13_ddef values ('column',
'All data in INGRES is saved in the form of tables made up of rows and columns. In t-
raditional database terminology, a "column" is a "field" in a record.');\p\g
insert into wia13_ddef values ('comparison operator',
'A symbol which specified the kind of comparison to make in a qualification, such as-
 ">" (for greater than), or "=" (for equality check).');\p\g
insert into wia13_ddef values ('compressed',
'Any of the INGRES internal storage structures can be compressed.  Compression reduc-
es the storage required for a table, by deleting all trailing blanks in character co-
lumns.');\p\g

create table wia13_dref (
   word char(20),
   ref char(20));\p\g
insert into wia13_dref values ('aggregate function','aggregate operator');\p\g
insert into wia13_dref values ('aggregate function','aggregation');\p\g
insert into wia13_dref values ('aggregate function','by list');\p\g
insert into wia13_dref values ('aggregate function','computation');\p\g
insert into wia13_dref values ('aggregate operator','aggregate func');\p\g
insert into wia13_dref values ('aggregate operator','aggregation');\p\g
insert into wia13_dref values ('aggregate operator','computation');\p\g
insert into wia13_dref values ('attribute','column');\p\g
insert into wia13_dref values ('buffer','workspace');\p\g
insert into wia13_dref values ('column','attribute');\p\g
insert into wia13_dref values ('column','domain');\p\g
insert into wia13_dref values ('column','field');\p\g
insert into wia13_dref values ('comparison operator','qualification');\p\g
insert into wia13_dref values ('comparison operator','restriction');\p\g
insert into wia13_dref values ('compressed','character strings');\p\g
insert into wia13_dref values ('compressed','compression');\p\g
insert into wia13_dref values ('compressed','storage structures');\p\g

create table wia14_subscriber (
   name char(20),
   po_box char(20),
   address char(20),
   city char(20),
   state char(2),
   zip integer);\p\g
insert into wia14_subscriber values 
   ('Betty Clark',' ','2556 Carey Rd.','Boston','MA',01002);\p\g
insert into wia14_subscriber values 
   ('Ming Ho',' ','1020 The Parkway','Mamaroneck','NY',10012);\p\g
insert into wia14_subscriber values 
   ('Pat McTigue',' ','Route 146','Trumbell','CT',04239);\p\g
insert into wia14_subscriber values 
   ('T. Shigio','1234','201 Emperor Lane','Rye','NY',10101);\p\g
insert into wia14_subscriber values 
   ('Marvin Blumbert',' ','17 Saville Row','Carmel','CA',93001);\p\g
insert into wia14_subscriber values 
   ('Carlos Ramos',' ','2459 39th Ave','San Francisco','CA',94121);\p\g
insert into wia14_subscriber values 
   ('Anastassios Vasos',' ','722 Fourth St.','Gualala','CA',95035);\p\g
insert into wia14_subscriber values 
   ('Mario Verducci','X-207','General Delivery','Middletown','WA',98112);\p\g

create table wia15a_book (id integer, title varchar(30));\p\g
insert into wia15a_book values (1001, 'The C Programming Language');\p\g

create table wia15a_author (id integer, name varchar(15));\p\g
insert into wia15a_author values (1001, 'Ritchie');\p\g
insert into wia15a_author values (1001, 'Kernighan');\p\g

create table wia15a_subject (id integer, subject varchar(15));\p\g
insert into wia15a_subject values (1001, 'C');\p\g
insert into wia15a_subject values (1001, 'programming');\p\g
insert into wia15a_subject values (1001, 'language');\p\g

create table wia15a_tempreport (
   id integer,
   title varchar(30),
   name varchar(15),
   subject varchar(15),
   code integer);\p\g
insert into wia15a_tempreport (id, title, name, code)
   select b.id, b.title, a.name,  1 as code
   from wia15a_book b, wia15a_author a
   where b.id = a.id;\p\g
insert into wia15a_tempreport (id, title, subject, code)
   select b.id, b.title,  subject, 2 as code
   from wia15a_book b, wia15a_subject s
   where b.id = s.id;\p\g

create table wia15b_book (id integer, title varchar(30));\p\g
insert into wia15b_book values (1001, 'The C Programming Language');\p\g
insert into wia15b_book values (1002, 'Computer Programming and Arch.');\p\g
insert into wia15b_book values (1003, 'The INGRES Papers');\p\g
insert into wia15b_book values (1004, 'Database Systems');\p\g
insert into wia15b_book values (1005, 'The Quiet American');\p\g

create table wia15b_author (id integer, name varchar(15));\p\g
insert into wia15b_author values (1001, 'Ritchie');\p\g
insert into wia15b_author values (1001, 'Kernighan');\p\g
insert into wia15b_author values (1002, 'Eckhouse');\p\g
insert into wia15b_author values (1002, 'Levy');\p\g
insert into wia15b_author values (1003, 'Stonebraker');\p\g
insert into wia15b_author values (1004, 'Ullman');\p\g
insert into wia15b_author values (1005, 'Greene');\p\g

create table wia15b_subject (id integer, subject varchar(15));\p\g
insert into wia15b_subject values (1001, 'C');\p\g
insert into wia15b_subject values (1001, 'programming');\p\g
insert into wia15b_subject values (1001, 'language');\p\g
insert into wia15b_subject values (1002, 'architecture');\p\g
insert into wia15b_subject values (1002, 'assembler');\p\g
insert into wia15b_subject values (1002, 'computer');\p\g
insert into wia15b_subject values (1002, 'programming');\p\g
insert into wia15b_subject values (1003, 'Database');\p\g
insert into wia15b_subject values (1003, 'INGRES');\p\g
insert into wia15b_subject values (1003, 'computer');\p\g
insert into wia15b_subject values (1004, 'Database');\p\g
insert into wia15b_subject values (1004, 'management');\p\g
insert into wia15b_subject values (1005, 'Vietnam');\p\g

create table wia15b_tempreport (
   id integer,
   title varchar(30),
   name varchar(15),
   subject varchar(15),
   code integer);\p\g
insert into wia15b_tempreport (id, title, name, code)
   select b.id, b.title, a.name, 1 as code
   from wia15b_book b, wia15b_author a
   where b.id = a.id;\p\g
insert into wia15b_tempreport (id, title, subject, code)
   select b.id, b.title, s.subject, 2 as code
   from wia15b_book b, wia15b_subject s
   where b.id = s.id;\p\g

create table wia15b_sub as
   select id, count(*) as num_sub
   from wia15b_tempreport
   where subject <> ''
   group by id;\p\g

create table wia15b_auth as
   select id, count(*) as num_auth
   from wia15b_tempreport
   where name <> ''
   group by id;\p\g

create table wka03_status (xxstatus varchar(10));\p\g

create table wna01a (
   xsmallint smallint,
   xinteger integer,
   xfloat float,
   xchar10 char(10),
   xvarchar10 varchar(10));\p\g
insert into wna01a values (1, 1001, 10101.01, 'one', 'ONE');\p\g
insert into wna01a values (2, 2002, 20202.02, 'two', 'TWO');\p\g

create table wna01b (
   xsmallint smallint,
   xinteger integer,
   xfloat float,
   xchar10 char(10),
   xvarchar10 varchar(10));\p\g
insert into wna01b values (1, 1001, 10101.01, 'one', 'ONE');\p\g
insert into wna01b values (2, 2002, 20202.02, 'two', 'TWO');\p\g
insert into wna01b values (2, 2002, 20202.02, 'two', 'TWO');\p\g
insert into wna01b values (3, 3003, 30103.03, 'three', 'THREE');\p\g
insert into wna01b values (3, 3003, 30103.03, 'three', 'THREE');\p\g
insert into wna01b values (3, 3003, 30103.03, 'three', 'THREE');\p\g
insert into wna01b values (4, 4004, 40404.04, 'four', 'FOUR');\p\g
insert into wna01b values (4, 4004, 40404.04, 'four', 'FOUR');\p\g
insert into wna01b values (4, 4004, 40404.04, 'four', 'FOUR');\p\g
insert into wna01b values (4, 4004, 40404.04, 'four', 'FOUR');\p\g
insert into wna01b values (5, 5005, 50505.05, 'five', 'FIVE');\p\g
insert into wna01b values (5, 5005, 50505.05, 'five', 'FIVE');\p\g
insert into wna01b values (5, 5005, 50505.05, 'five', 'FIVE');\p\g
insert into wna01b values (5, 5005, 50505.05, 'five', 'FIVE');\p\g
insert into wna01b values (5, 5005, 50505.05, 'five', 'FIVE');\p\g

create table wna01c (
   xsmallint smallint,
   xinteger integer,
   xfloat float,
   xchar10 char(10),
   xvarchar10 varchar(10));\p\g
insert into wna01c values (1, 1001, 10101.01, 'one', 'ONE');\p\g
insert into wna01c values (2, 2002, 20202.02, 'two', 'TWO');\p\g
insert into wna01c values (2, 2002, 20202.02, 'two', 'TWO');\p\g
insert into wna01c values (3, 3003, 30103.03, 'three', 'THREE');\p\g
insert into wna01c values (3, 3003, 30103.03, 'three', 'THREE');\p\g
insert into wna01c values (3, 3003, 30103.03, 'three', 'THREE');\p\g
insert into wna01c values (4, 4004, 40404.04, 'four', 'FOUR');\p\g
insert into wna01c values (4, 4004, 40404.04, 'four', 'FOUR');\p\g
insert into wna01c values (4, 4004, 40404.04, 'four', 'FOUR');\p\g
insert into wna01c values (4, 4004, 40404.04, 'four', 'FOUR');\p\g
insert into wna01c values (5, 5005, 50505.05, 'five', 'FIVE');\p\g
insert into wna01c values (5, 5005, 50505.05, 'five', 'FIVE');\p\g
insert into wna01c values (5, 5005, 50505.05, 'five', 'FIVE');\p\g
insert into wna01c values (5, 5005, 50505.05, 'five', 'FIVE');\p\g
insert into wna01c values (5, 5005, 50505.05, 'five', 'FIVE');\p\g
insert into wna01c values (6, 6006, 60606.06, 'six', 'SIX');\p\g
insert into wna01c values (6, 6006, 60606.06, 'six', 'SIX');\p\g
insert into wna01c values (6, 6006, 60606.06, 'six', 'SIX');\p\g
insert into wna01c values (6, 6006, 60606.06, 'six', 'SIX');\p\g
insert into wna01c values (6, 6006, 60606.06, 'six', 'SIX');\p\g
insert into wna01c values (6, 6006, 60606.06, 'six', 'SIX');\p\g
insert into wna01c values (7, 7007, 70707.07, 'seven', 'SEVEN');\p\g
insert into wna01c values (7, 7007, 70707.07, 'seven', 'SEVEN');\p\g
insert into wna01c values (7, 7007, 70707.07, 'seven', 'SEVEN');\p\g
insert into wna01c values (7, 7007, 70707.07, 'seven', 'SEVEN');\p\g
insert into wna01c values (7, 7007, 70707.07, 'seven', 'SEVEN');\p\g
insert into wna01c values (7, 7007, 70707.07, 'seven', 'SEVEN');\p\g
insert into wna01c values (7, 7007, 70707.07, 'seven', 'SEVEN');\p\g

create table wha13 (column1 integer not null not default);\p\g
insert into wha13 (column1) values (1);\p\g

create table wla01 (col1 int);\p\g
insert into wla01 (col1) values (-1);\p\g
insert into wla01 (col1) values (-1);\p\g

create table tbl65 (
	ccol            c(2) not null,
	charcol         char(10),
	varcol          varchar(10),
	textcol         text(2),
	floatcol        float,
	f4col           f4,
	f8col           f8,
	intcol          integer,
	smallcol        smallint,
	moneycol        money,
	datecol         date,
	deccol1         decimal,
	deccol2         decimal(31,15),
	lvcol           long varchar);\p\g

insert into tbl65 values ('TU', 'nineteen', 'April 15', 'Ma', 11.3847, 40.47,
199.3, 1993, 30, 30.1140, '30-Mar-1993 15:47:21', 12345, 1729.381993,
'long varchar1');\p\g

insert into tbl65 values ( 'MO', 'hello word', 'April 15', 'Pa', 1234141411.384703,
840.47, 999199.3456, 19930002, 430, 30.1150, '19-Apr-1993', 98121,0.381993,
'long varchar2');\p\g

insert into tbl65 values ( 'WE', 'thirty', 'October 15', 'Pa', 12.3847, 30.47,
299.3, 4993, 20, 20.1140, '10-Mar-1993 15:47:21', 32345, 8729.381993,
'long varchar3');\p\g

insert into tbl65 values ( 'FR', 'good word', 'June 1921', 'Sa',1234141333.384703,
890.47, 199199.3456, 18880002, 030, 20.1150, '19-Aug-1993', 99999, 0.391393,
'long varchar4');\p\g

insert into tbl65 values ( 'OO', 'nineteen', 'April 15', 'Ma', 11.3847, 40.47,
199.3, 1993, 30, 30.1140, '30-Mar-1993 15:47:21', 12345, 1729.381993, 
'long varchar1');\p\g

insert into tbl65 values ( 'PP', 'hello word', 'April 15', 'Pa', 1234141411.384703,
840.47, 999199.3456, 19930002, 430, 30.1150, '19-Apr-1993', 98121, 0.381993,
'long varchar2');\p\g

insert into tbl65 values ( 'NN', 'thirty', 'October 15', 'Pa', 12.3847, 30.47,
299.3, 4993, 20, 20.1140, '10-Mar-1993 15:47:21', 32345, 8729.381993,
'long varchar3');\p\g

insert into tbl65 values ( 'MM', 'good word', 'June 1921', 'Sa', 1234141333.384703,
890.47, 199199.3456, 18880002, 030, 20.1150, '19-Aug-1993', 99999, 0.391393,
'long varchar4');\p\g

create table blobstbl1
(intcol1 integer not null, lvcol1 long varchar, lvcol2 long byte);\p\g
insert into blobstbl1 (intcol1, lvcol1, lvcol2)
values (889, 'lvcol1=long varchar 1a', 'lvcol2=long byte');\p\g

create table blobstbl2
(intcol1 integer not null, lvcol1 long varchar, lvcol3 byte);\p\g
insert into blobstbl2 (intcol1, lvcol1, lvcol3)
values (182, 'lvcol1=long varchar 1b', 'lvcol3=byte');\p\g

create table blobstbl3
(intcol1 integer not null, lvcol4 long varchar);\p\g
insert into blobstbl3 (intcol1, lvcol4)
values (115905, 'lvcol4=long varchar 4');\p\g

create table blobstbl4
(lvcol5 long varchar, lvcol6 long varchar, lvcol7 long varchar,
 lvcol8 long varchar, lvcol9 long varchar, lvcol10 long varchar);\p\g
insert into blobstbl4 (lvcol5, lvcol6, lvcol7, lvcol8, lvcol9, lvcol10)
values('abcdefghijk','lmnopqrstu','vwxyz','abcdefghi','jklmnopq',
       'rstuvwxyz');\p\g

create table tblarr (
        ccol            c(20),
        charcol         char(20) not null,
        varcol          varchar(20),
        textcol         text(20),
        floatcol        float not null,
        f4col           float(4),
        f8col           float(8),
        intcol          integer,
        smallcol        smallint,
        moneycol        money,
        datecol         date,
	deccol1		decimal not null,
	deccol2		decimal(31,15),
	deccol3		numeric(5,2))\p\g
 
insert into tblarr values (
'TU', 'nineteen', 'April 15', 'Ma',
11.3847, 40.47, 199.3,
1993, 30,
30.1140,
'30-Mar-1993 15:47:21',
12345, 1729.381993, 0.3345)\p\g

insert into tblarr values (
'MO', 'hello word', 'April 1921', 'Pa',
1234141411.384703, 840.47, 999199.3456,
19930002, 430,
30.1150,
'19-Apr-1993',
98121, 0.381993, 12.33)\p\g
!!
? fill u65a_drp.sql 
!!
drop table t65_1;\p\g
drop synonym s65_1;\p\g
drop table t65_2;\p\g
drop synonym s65_2;\p\g
drop table "table's ID 123";\p\g
drop table "wHEre";\p\g
drop synonym s65_8;\p\g
drop synonym "inSErt";\p\g
drop synonym "synonym's ID 123";\p\g
drop table t65_6;\p\g
!!
? fill u65a_ts.sql 
!!
create table t65_1 (floatcol_u65A_t65_1 float(10) not null, deccol_u65A_t65_1 decima-
l(20,15), joincol varchar(10));\p\g
insert into t65_1 (floatcol_u65A_t65_1, deccol_u65A_t65_1, joincol)
        values (1.081709421993, 2.081709421993, 'for joindf');\p\g
insert into t65_1 (floatcol_u65A_t65_1, deccol_u65A_t65_1, joincol)
        values (1.111119421993, 2.111119421993, 'for joindf');\p\g

create table t65_2 (floatcol_u65A_t65_2 float(10) not null, deccol_u65A_t65_2 decima-
l(20,15), joincol varchar(10));\p\g
insert into t65_2 (floatcol_u65A_t65_2, deccol_u65A_t65_2, joincol)
        values (11.081709421993, 11.081709421993, 'for joindf');\p\g
insert into t65_2 (floatcol_u65A_t65_2, deccol_u65A_t65_2, joincol)
        values (11.111119421993, 11.111119421993, 'for joindf');\p\g

create table "table's ID 123" 
	(floatcol_u65A_tmix1 float(10) not null, deccol_u65A_tmix1 decimal(20,15), 
	 "column's ID 123_u65A_tmix1" varchar(10), joincol varchar(10));\p\g
insert into "table's ID 123" 
	(floatcol_u65A_tmix1, deccol_u65A_tmix1, "column's ID 123_u65A_tmix1", joincol)
        values (7.081709421993, 12345.123456789012345, 'select', 'for joindf');\p\g
insert into "table's ID 123" 
	(floatcol_u65A_tmix1, deccol_u65A_tmix1, "column's ID 123_u65A_tmix1", joincol)
        values (7.111119421993, 22345.123456789012345, 'update', 'for joindf');\p\g

create table "wHEre" 
	(floatcol_u65A_where float(10) not null, deccol_u65A_where decimal(20,15), "upDATE"-
 varchar(10), joincol varchar(10));\p\g
insert into "wHEre" (floatcol_u65A_where, deccol_u65A_where, "upDATE", joincol)
        values (8.081709421993, 22345.123456789012345, 'select', 'for joindf')\p\g
insert into "wHEre" (floatcol_u65A_where, deccol_u65A_where, "upDATE", joincol)
        values (8.111119421993, 32345.123456789012345, 'update', 'for joindf')\p\g

create table t65_6 (floatcol_u65A_t65_6 float(10) not null, deccol_u65A_t65_6 decima-
l(20,15), joincol varchar(10));\p\g
insert into t65_6 (floatcol_u65A_t65_6, deccol_u65A_t65_6, joincol)
        values (10.081709421993, 6.081709421993, 'for joindf')\p\g
insert into t65_6 (floatcol_u65A_t65_6, deccol_u65A_t65_6, joincol)
        values (10.111119421993, 6.111119421993, 'for joindf')\p\g

grant select, update on t65_6 to u65C;\p\g

create synonym s65_1 for t65_1;\p\g
create synonym s65_2 for t65_2;\p\g
create synonym "inSErt" for "wHEre";\p\g
grant select,update on "inSErt" to u65A with grant option;\p\g
create synonym "synonym's ID 123" for 
	"table's ID 123" ;\p\g
!!
? fill u65a_ts1.sql 
!!
create synonym s65_8 for u65B.t65_4;\p\g
!!
? fill u65d_drp.sql 
!!
drop table t65_5;\p\g
drop synonym s65_5;\p\g
!!
? fill u65d_ts.sql 
!!
create table t65_5 (intcol_u65D_t65_5 integer not null, deccol_u65D_t65_5 decimal(20-
,15), joincol varchar(10));\p\g
insert into t65_5 (intcol_u65D_t65_5, deccol_u65D_t65_5, joincol)
        values (81, 11.009421993, 'for joindf');\p\g
insert into t65_5 (intcol_u65D_t65_5, deccol_u65D_t65_5, joincol)
        values (29, 107.121993, 'for joindf');\p\g

grant select, update on t65_5 to u65B with grant option;\p\g

create synonym s65_5 for t65_5;\p\g

grant select, update on s65_5 to u65B with grant option;\p\g
!!
? fill u65b_drp.sql 
!!
drop table t65_2;\p\g
drop table t65_4;\p\g
drop synonym s65_2;\p\g
drop synonym s65_4;\p\g
!!
? fill u65b_ts.sql 
!!
create table t65_2 (floatcol_u65B_t65_2 float(10) not null, deccol_u65B_t65_2 decima-
l(20,15), joincol varchar(10));\p\g
insert into t65_2 (floatcol_u65B_t65_2, deccol_u65B_t65_2, joincol)
        values (2.081709421993, 3.081709421993, 'for joindf');\p\g
insert into t65_2 (floatcol_u65B_t65_2, deccol_u65B_t65_2, joincol)
        values (2.111119421993, 3.111119421993, 'for joindf');\p\g

create table t65_4 (floatcol_u65B_t65_4 float(10) not null, deccol_u65B_t65_4 decima-
l(20,15), joincol varchar(10));\p\g
insert into t65_4 (floatcol_u65B_t65_4, deccol_u65B_t65_4, joincol)
        values (4.081709421993, 5.081709421993, 'for joindf');\p\g
insert into t65_4 (floatcol_u65B_t65_4, deccol_u65B_t65_4, joincol)
        values (4.111119421993, 5.111119421993, 'for joindf');\p\g

grant select, update on t65_2 to public;\p\g
grant select, update on t65_4 to u65A, "seLEct";\p\g

create synonym s65_2 for t65_2;\p\g
create synonym s65_4 for t65_4;\p\g

grant select, update on s65_2 to public;\p\g
grant select, update on s65_4 to u65A, "seLEct";\p\g
!!
? fill u65c_drp.sql 
!!
drop table t65_6;\p\g
drop synonym s65_9;\p\g
!!
? fill u65c_ts.sql 
!!
create table t65_6 (floatcol_u65C_t65_6 float(10) not null, deccol_u65C_t65_6 decima-
l(20,15), joincol varchar(10));\p\g
insert into t65_6 (floatcol_u65C_t65_6, deccol_u65C_t65_6, joincol)
        values (14.081709421993, 16.081709421993, 'for joindf')\p\g
insert into t65_6 (floatcol_u65C_t65_6, deccol_u65C_t65_6, joincol)
        values (14.111119421993, 16.111119421993, 'for joindf')\p\g

grant select, update on t65_6 to u65A;\p\g

create synonym s65_9 for t65_6;\p\g

grant select, update on s65_9 to u65A;\p\g
!!
? fill umix_drp.sql 
!!
drop table "delim TABLE";\p\g
drop synonym "delim SYNONYM";\p\g
drop table t65_10;\p\g
drop synonym s65_10;\p\g
drop table "table2's ID 123";\p\g
drop synonym "synonym2's ID 123";\p\g
drop table t65_11;\p\g
drop synonym s65_11;\p\g
!!
? fill umix_ts.sql 
!!
create table "delim TABLE" 
	(floatcol_umix_deltbl float(10) not null, deccol_umix_deltbl decimal(20,15), 
	 "delim COLUMN_umix_deltbl" varchar(10), "deLEte" integer, joincol varchar(10));\p\-
g
insert into "delim TABLE"
	(floatcol_umix_deltbl, deccol_umix_deltbl, "delim COLUMN_umix_deltbl", "deLEte", jo-
incol)
        values (9.081793, 234.12345678345, 'join', 222, 'for joindf')\p\g

grant select, update on "delim TABLE" to u65A;\p\g

create synonym "delim SYNONYM" for "delim TABLE";\p\g

grant select, update on "delim SYNONYM" to u65A;\p\g

create table t65_10
	(floatcol_umix_t65_10 float(10) not null, deccol_umix_t65_10 decimal(20,15), 
	 "delim COLUMN_umix_t65_10" varchar(10), "deLEte" integer, joincol varchar(10));\p\-
g
insert into t65_10
	(floatcol_umix_t65_10, deccol_umix_t65_10, "delim COLUMN_umix_t65_10", "deLEte", jo-
incol)
        values (33.081793, 666.12345678345, 'grant', 444, 'for joindf')\p\g

grant select, update on t65_10 to u65A;\p\g

create synonym s65_10 for t65_10;\p\g

grant select, update on s65_10 to u65A;\p\g

create table "table2's ID 123" 
	(floatcol_umix_tmix2 float(10) not null, deccol_umix_tmix2 decimal(20,15), 
	 "column's ID 123_umix_tmix2" varchar(10), "deLEte" integer, joincol varchar(10));\-
p\g
insert into "table2's ID 123" 
	(floatcol_umix_tmix2, deccol_umix_tmix2, "column's ID 123_umix_tmix2", "deLEte", jo-
incol)
        values (9.081709421993, 42345.123456789012345, 'select', 123, 'for joindf')\-
p\g
insert into "table2's ID 123" 
	(floatcol_umix_tmix2, deccol_umix_tmix2, "column's ID 123_umix_tmix2", "deLEte", jo-
incol)
        values (9.111119421993, 42345.123456789012345, 'update', 456, 'for joindf')\-
p\g

grant select, update on "table2's ID 123" to u65A;\p\g

create table t65_11 
	(floatcol_umix_t65_11 float(10) not null, deccol_umix_t65_11 decimal(20,15), 
	 "column's ID 123_umix_t65_11" varchar(10), "deLEte" integer, joincol varchar(10));-
\p\g
insert into t65_11
	(floatcol_umix_t65_11, deccol_umix_t65_11, "column's ID 123_umix_t65_11", "deLEte",-
 joincol)
        values (23456.08170993, 345.1234789012345, 'exit', 445, 'for joindf')\p\g

grant select, update on t65_11 to u65A;\p\g

create synonym "synonym2's ID 123" for "table2's ID 123";\p\g

create synonym s65_11 for t65_11;\p\g

grant select, update on "synonym2's ID 123" to u65A;\p\g

grant select, update on s65_11 to u65A;\p\g
!!
? fill u_drp.sql 
!!
drop table t65_3;\p\g
drop synonym s65_3;\p\g
!!
? fill u_ts.sql 
!!
create table t65_3 (floatcol_testenv_t65_3 float(10) not null, deccol_testenv_t65_3 -
decimal(20,15), joincol varchar(10));\p\g
insert into t65_3 (floatcol_testenv_t65_3, deccol_testenv_t65_3, joincol)
        values (3.081709421993, 4.081709421993, 'for joindf')\p\g
insert into t65_3 (floatcol_testenv_t65_3, deccol_testenv_t65_3, joincol)
        values (3.111119421993, 4.111119421993, 'for joindf')\p\g

create synonym s65_3 for t65_3;\p\g
!!
? sql -s SEPPARAMDB 
<<
>>
* set autocommit on;\g
<<
>>
* \i drop.sql
<<
~
>>
* \i tables.sql
<<
 create table qebldg (
   qebldg	char(2),
   qest_adr	char(30),
   qecity	char(15),
   qestate	char(2),
   qezip	char(5));
insert into qebldg values
   ('A', '1000 University Ave   ' ,'Berkeley  ',  'CA','94000');
(1 row)
insert into qebldg values
   ('B', '1800 Shattuck Ave     ' ,'Berkeley  ',  'CA','94100');
(1 row)
insert into qebldg values
   ('C', '900 Lake Shore Blvd   ' ,'Chicago   ',  'IL','60080');
(1 row)
insert into qebldg values
   ('D', '24130 Pennsylvania Ave' ,'Washington',  'DC','20198');
(1 row)
insert into qebldg values
   ('E', '42318 Woodsay Blvd    ' ,'Houston   ',  'TX','77009');
(1 row)
insert into qebldg values
   ('F', '1585 Eye St           ' ,'Washington',  'DC','20199');
(1 row)

create table qedept (
   qedname	char(8),
   qediv	char(3),
   qesales	float,
   qebldg	char(2),
   qefloor	smallint,
   qenum_emp	smallint);
insert into qedept values
   ('admin   ','NW',                 0.00,'C',  2,     4);
(1 row)
insert into qedept values
   ('market  ','NW',              9200.00,'A',  1,     2);
(1 row)
insert into qedept values
   ('sales   ','NC',            120000.00,'A',  2,     1);
(1 row)
insert into qedept values
   ('sales   ','NE',                 0.00,'D', 18,     4);
(1 row)
insert into qedept values
   ('sales   ','NW',            200000.00,'A',  2,     1);
(1 row)
insert into qedept values
   ('sales   ','SC',             95000.00,'E',  1,     1);
(1 row)
insert into qedept values
   ('sales   ','SE',            175000.00,'D', 18,     1);
(1 row)
insert into qedept values
   ('tech sup','NC',              5000.00,'C',  2,     3);
(1 row)
insert into qedept values
   ('tech sup','NE',             20000.00,'D', 17,     2);
(1 row)
insert into qedept values
   ('tech sup','NW',                 0.00,'B',  1,     1);
(1 row)
insert into qedept values
   ('tech sup','SE',                 0.00,'D', 19,     1);
(1 row)

create table qeemp (
   qename	char(10),
   qesalary	float,
   qedept	char(8),
   qediv	char(3),
   qemgr	char(10),
   qebirthdate	char(25),
   qenum_dep	smallint);
insert into qeemp values
   ('Aitken    ',  50000.00,'sales   ','NE','Verducci', '12-mar-1947',   2);
(1 row)
insert into qeemp values
   ('Blumberg  ',  32000.00,'sales   ','SC','Clark   ', ' 6-dec-1952',   2);
(1 row)
insert into qeemp values
   ('Brodie    ',  40000.00,'sales   ','NC','Clark   ', ' 1-feb-1948',   2);
(1 row)
insert into qeemp values
   ('Cameron   ',  35000.00,'tech sup','SE','Shigio  ', '15-aug-1960',   0);
(1 row)
insert into qeemp values
   ('Clark     ',  40000.00,'sales   ','NC','Verducci', '18-nov-1949',   1);
(1 row)
insert into qeemp values
   ('Curan     ',  30000.00,'tech sup','NW','Shigio  ', '20-aug-1959',   0);
(1 row)
insert into qeemp values
   ('Curry     ',  32000.00,'tech sup','NW','Shigio  ', '30-nov-1955',   3);
(1 row)
insert into qeemp values
   ('Giller    ',  46000.00,'sales   ','NC','Clark   ', ' 9-jun-1953',   1);
(1 row)
insert into qeemp values
   ('Gordon    ',  27000.00,'tech sup','NC','Shigio  ', '23-may-1963',   0);
(1 row)
insert into qeemp values
   ('Green     ',  26000.00,'market  ','NW','McTigue ', '19-dec-1961',   0);
(1 row)
insert into qeemp values
   ('Gregori   ',  31000.00,'sales   ','NW','Verducci', '21-oct-1949',   2);
(1 row)
insert into qeemp values
   ('Huber     ',  32000.00,'sales   ','NC','Clark   ', '29-jun-1951',   2);
(1 row)
insert into qeemp values
   ('Kay       ',  38000.00,'sales   ','NC','Clark   ', '12-mar-1944',   3);
(1 row)
insert into qeemp values
   ('Kreseski  ',  24000.00,'tech sup','NC','Shigio  ', '11-sep-1955',   0);
(1 row)
insert into qeemp values
   ('Mandic    ',  43000.00,'sales   ','SE','Verducci', '10-jul-1964',   0);
(1 row)
insert into qeemp values
   ('McShane   ',  22000.00,'admin   ','NW','Clark   ', ' 3-mar-1943',   0);
(1 row)
insert into qeemp values
   ('McTigue   ',  41000.00,'sales   ','NW','Verducci', ' 9-apr-1953',   1);
(1 row)
insert into qeemp values
   ('Ming      ',  22000.00,'tech sup','SE','Shigio  ', ' 4-may-1956',   1);
(1 row)
insert into qeemp values
   ('Ramos     ',  30000.00,'tech sup','NW','Shigio  ', '21-jan-1941',   0);
(1 row)
insert into qeemp values
   ('Robinson  ',  80000.00,'sales   ','NE','Verducci', '20-nov-1952',   1);
(1 row)
insert into qeemp values
   ('Sabel     ',  21000.00,'tech sup','SE','Shigio  ', ' 8-jan-1958',   0);
(1 row)
insert into qeemp values
   ('Saxena    ',  22000.00,'tech sup','NC','Shigio  ', ' 8-may-1950',   0);
(1 row)
insert into qeemp values
   ('Shigio    ',  28000.00,'sales   ','SE','Verducci', ' 9-jul-1948',   3);
(1 row)
insert into qeemp values
   ('Stannich  ',  33000.00,'market  ','NW','McTigue ', '13-dec-1961',   0);
(1 row)
insert into qeemp values
   ('Stein     ',  40000.00,'sales   ','NE','Verducci', '25-dec-1952',   1);
(1 row)
insert into qeemp values
   ('Stover    ',  35000.00,'admin   ','NW','Clark   ', ' 3-oct-1940',   4);
(1 row)
insert into qeemp values
   ('Sullivan  ',  35000.00,'tech sup','NW','Shigio  ', '10-oct-1960',   1);
(1 row)
insert into qeemp values
   ('Verducci  ',  55000.00,'admin   ','NW','        ', '25-dec-1958',   2);
(1 row)
insert into qeemp values
   ('Zimmerman ',  25000.00,'tech sup','NE','Shigio  ', '28-aug-1962',   0);
(1 row)

create table qesalhist (
   qename	char(10),
   qedate	char(25),
   qesalary	float);

create table qereview (
   qename 	char(10),
   qerev_date 	char(25),
   qestrength 	char(250),
   qeweakness 	char(250),
   qegoals 	char(250));
insert into qereview values 
('Ming','12-jun-1983','Shows mastery of current material and willingness to learn ne-
w material.  Responds enthusiastically to customer''s questions.  Has been helpful t-
raining less knowledgeable staff.','Has difficulty articulating complicated details -
to unsophisticated customers.','Establish formal training of new staff and take resp-
onsibility for their progress gaining mastery of new material.');
(1 row)
insert into qereview values 
('Ramos','9-apr-1983','Seems willing to learn new material.  Shows eagerness to lear-
n several new programming languages to broaden the base of customers to which she ca-
n respond.  Has progressed greatly in amount of material she has mastered s','Has di-
fficulty arriving on time for work.','Learn two new programming languages by next re-
view in six months.');
(1 row)

create table qesuppliers (
   qesno	char(5),
   qesname	char(20),
   qestatus	smallint,
   qecity	char(15));
insert into qesuppliers values('s1','Smith',20,'London');
(1 row)
insert into qesuppliers values ('s2','Jones',10,'Paris');
(1 row)
insert into qesuppliers values ('s3','Blake',30,'Paris');
(1 row)
insert into qesuppliers values ('s4','Clark',20,'London');
(1 row)
insert into qesuppliers values ('s5','Adams',30,'Athens');
(1 row)

create view qelowpay (qename, qesalary)
   as select qename, qesalary
   from qeemp
   where qesalary < 30000;

create view qeempinfo (qename, qedept, qediv, qebldg, qefloor)
   as select qeemp.qename, qeemp.qedept, qeemp.qediv,
      qedept.qebldg, qedept.qefloor
   from qeemp, qedept
   where qeemp.qedept = qedept.qedname and qeemp.qediv = qedept.qediv;

create view qeyoungemp (qename, qesalary)
   as select qename, qesalary
   from qeemp
   where qebirthdate > '1/1/55';

create table qeparts (
   qepno	char(6),
   qepname	char(20),
   qecolor	char(6),
   qeweight	smallint,
   qecity	char(15));
insert into qeparts values ('p1','nut','red',12,'London');
(1 row)
insert into qeparts values ('p2','bolt','green',17,'Paris');
(1 row)
insert into qeparts values ('p3','screw','blue',17,'Rome');
(1 row)
insert into qeparts values ('p4','screw','red',14,'London');
(1 row)
insert into qeparts values ('p5','cam','blue',12,'Paris');
(1 row)
insert into qeparts values ('p6','cog','red',19,'London');
(1 row)

create table wca01b_qeemp (qemgr, qemonth, mm) as select 
   qemgr, left(right(ascii(qebirthdate),22),3),
   concat(qemgr, left(right(ascii(qebirthdate),22),3))
from qeemp;
(29 rows)

create table wfa01c_qetotsales (qetotsales) as select sum(qesales)
   from qedept where lowercase(qedname)='sales';
(1 row)

create table wha03a (qechar1 char(1), qechar10 char(10));
insert into wha03a values ('1', '1234567890');
(1 row)

create table wha04a (qevarchar1 varchar(1), qevarchar10 varchar(10));
insert into wha04a values ('1', '1234567890');
(1 row)

create table wha05a (qeinteger1 integer1, qeinteger2 integer2,
   qeinteger4 integer4);
insert into wha05a values (-128, -32768, -2147483648);
(1 row)
insert into wha05a values (   0,      0,           0);
(1 row)
insert into wha05a values (+127, +32767, +2147483647);
(1 row)

create table wha06a (qefloat4 float4, qefloat8 float8);
insert into wha06a values (-10.0e+37, -10.0e+37);
(1 row)
insert into wha06a values (        0,         0);
(1 row)
insert into wha06a values (+10.0e+37, +10.0e+37);
(1 row)

create table wha07a (qemoney money);
insert into wha07a values (-999999999999.99);
(1 row)
insert into wha07a values (            0.00);
(1 row)
insert into wha07a values (+999999999999.99);
(1 row)

create table wha08a (qedate date);
insert into wha08a values ('01-jan-1582');
(1 row)
insert into wha08a values ('01-jan-1982');
(1 row)
insert into wha08a values ('01-jan-2382');
(1 row)

create table wha08b (times date);
insert into wha08b values ('1 yr 3 mos 11 days 14 hrs 38 mins 2 secs');
(1 row)
insert into wha08b values ('4 hrs 12 mins 59 secs');
(1 row)
insert into wha08b values ('231 days 1 hr 11 secs');
(1 row)
insert into wha08b values ('2 days 3 hours 14 mins');
(1 row)
insert into wha08b values ('2 yrs 11 mos 9 days 23 hrs 1 mins 11 secs');
(1 row)
insert into wha08b values ('4 hours 1 minute 13 seconds');
(1 row)
insert into wha08b values ('14:41:44 hours');
(1 row)
insert into wha08b values ('11 days 59 secs');
(1 row)

create table wha08c (qedate date);
insert into wha08c values ('01-jan-1582');
(1 row)
insert into wha08c values ('01-jan-1982');
(1 row)
insert into wha08c values ('01-jan-2382');
(1 row)

create table wha09a (qec1 c(1), qec10 c(10));
insert into wha09a values ('1', '1234567890');
(1 row)

create table wha10a (qevchar1 vchar(1), qevchar10 vchar(10));
insert into wha10a values ('1', '1234567890');
(1 row)

create table wia12_customer (
   name char(20),
   address char(20),
   city char(20),
   state char(2),
   zip integer);
insert into wia12_customer values
   ('Big Daddy','1 Bestview Lane','Topofthehill','NJ',05436);
(1 row)
insert into wia12_customer values
   ('Fast Sally','1234 71st St','Big City','NY',01234);
(1 row)

create table wia12_account (
   name char(20),
   acctnum integer,
   balance float);
insert into wia12_account values
   ('Big Daddy', 749025436, 234657.00);
(1 row)
insert into wia12_account values
   ('Fast Sally', 488219082, 1245.00);
(1 row)

create table wia12_transact (
   acctnum integer,
   tdate date,
   transnum integer,
   type integer,
   amount float);
insert into wia12_transact values
   (749025436, '01-jul-81', 0101, 0, 100000.00);
(1 row)
insert into wia12_transact values
   (749025436, '01-jul-81', 0102, 1, 50500.00);
(1 row)
insert into wia12_transact values
   (749025436, '01-jul-81', 0103, 1, 24.56);
(1 row)
insert into wia12_transact values
   (749025436, '01-jul-81', 0104, 1, 10100.00);
(1 row)
insert into wia12_transact values
   (749025436, '15-jul-81', 0105, 0, 50000.00);
(1 row)
insert into wia12_transact values
   (749025436, '17-jul-81', 0106, 1, 10143.54);
(1 row)
insert into wia12_transact values
   (749025436, '17-jul-81', 0107, 1, 243.56);
(1 row)
insert into wia12_transact values
   (749025436, '22-jul-81', 0108, 1, 100.00);
(1 row)
insert into wia12_transact values
   (749025436, '23-jul-81', 0109, 1, 25000.00);
(1 row)
insert into wia12_transact values
   (749025436, '23-jul-81', 0110, 0, 100000.00);
(1 row)
insert into wia12_transact values
   (488219082, '25-may-81', 0101, 1, 200.00);
(1 row)
insert into wia12_transact values
   (488219082, '03-jul-81', 0102, 0, 250.00);
(1 row)
insert into wia12_transact values
   (488219082, '05-jul-81', 0103, 1, 320.34);
(1 row)
insert into wia12_transact values
   (488219082, '05-jul-81', 0104, 0, 65.23);
(1 row)
insert into wia12_transact values
   (488219082, '08-jul-81', 0105, 1, 100.00);
(1 row)
insert into wia12_transact values
   (488219082, '10-jul-81', 0106, 1, 56.32);
(1 row)
insert into wia12_transact values
   (488219082, '16-jul-81', 0107, 1, 24.71);
(1 row)
insert into wia12_transact values
   (488219082, '20-jul-81', 0108, 1, 120.00);
(1 row)
insert into wia12_transact values
   (488219082, '25-jul-81', 0109, 1, 31.16);
(1 row)

create table wfa03a (
   orderno integer not null not default,
   partno integer not null not default, 
   qty smallint not null not default,
   unit_pr float not null not default);
create unique index wfa03a_index on wfa03a (orderno, partno);
(0 rows)
insert into wfa03a values (10, 4, 5, .31);
(1 row)
insert into wfa03a values (10, 5, 100, .90);
(1 row)
insert into wfa03a values (10, 1, 12, 175.00);
(1 row)
insert into wfa03a values (11, 4, 10, .57);
(1 row)
insert into wfa03a values (12, 4, 5, .31);
(1 row)
insert into wfa03a values (13, 2, 3, 1299.00);
(1 row)
insert into wfa03a values (14, 4, 100, .17);
(1 row)
insert into wfa03a values (14, 7, 12, .69);
(1 row)
insert into wfa03a values (15, 5, 100, .98);
(1 row)
insert into wfa03a values (15, 6, 10, .55);
(1 row)
insert into wfa03a values (16, 6, 12, .49);
(1 row)
insert into wfa03a values (16, 7, 24, .65);
(1 row)
insert into wfa03a values (17, 5, 100, .90);
(1 row)

create table wfa03b (
   orderno integer not null not default,
   orddate char(25) not null not default, 
   vendorno integer not null not default,
   invoiceno varchar(10) not null not default, 
   status char(1) not null not default);
create unique index wfa03b_index on wfa03b (orderno);
(0 rows)
insert into wfa03b values (1, '10-may-1984', 3, '00476', 'c');
(1 row)
insert into wfa03b values (2, '12-may-1984', 1, '1967', 'c');
(1 row)
insert into wfa03b values (3, '23-jun-1984', 3, '00537', 'c');
(1 row)
insert into wfa03b values (4, '04-sep-1984', 1, '6627', 'c');
(1 row)
insert into wfa03b values (5, '15-jan-1985', 4, '39662', 'c');
(1 row)
insert into wfa03b values (6, '30-jun-1985', 4, '43732', 'c');
(1 row)
insert into wfa03b values (7, '27-jul-1985', 5, 'CP01720', 'c');
(1 row)
insert into wfa03b values (8, '13-aug-1985', 3, '', 'c');
(1 row)
insert into wfa03b values (9, '30-jun-1986', 4, '17436', 'c');
(1 row)
insert into wfa03b values (10, '11-jun-1987', 3, '15798', 'c');
(1 row)
insert into wfa03b values (11, '13-jun-1987', 1, '6365 ', 'c');
(1 row)
insert into wfa03b values (12, '24-jul-1987', 3, '23687', 'c');
(1 row)
insert into wfa03b values (13, '05-oct-1987', 1, '6627 ', 'c');
(1 row)
insert into wfa03b values (14, '16-feb-1988', 4, '', 'p');
(1 row)
insert into wfa03b values (15, '31-jul-1988', 4, '43732', 'p');
(1 row)
insert into wfa03b values (16, '28-aug-1988', 5, '', 'p');
(1 row)
insert into wfa03b values (17, '14-sep-1988', 3, '', 'p');
(1 row)

create table wfa03c (
   vendorno integer not null not default,
   vname varchar(20) not null not default, 
   street varchar(20) not null not default, 
   city varchar(15) not null not default,
   state char(2) not null not default, 
   zip varchar(10) not null not default,
   contact varchar(10) not null with default);
create unique index wfa03c_index on wfa03c (vendorno);
(0 rows)
insert into wfa03c values (1, 'PC TIME DATA',
   '40038 Christy St','Fremont','CA', '94538', 'Cheng');
(1 row)
insert into wfa03c values (2, 'Fry''s Electronics',
   '440 Mission Court','Fremont','CA', '94538', 'Allen');
(1 row)
insert into wfa03c values (3, 'Whole Earth Access',
   'Fashion Island Center','San Mateo','CA', '94545', 'Jeff');
(1 row)
insert into wfa03c values (4, 'Tower Computer Inc.',
   '1937-B Tully Road','San Jose','CA', '95122', 'Tony');
(1 row)
insert into wfa03c values (5, 'Weird Stuff Warehouse ',
   '715 Sycamore Drive','Milpitas','CA', '95035', 'Bo');
(1 row)

create table wfa04 (charcol char(30), intwnull integer with null);
insert into wfa04 values ('A1', 1);
(1 row)
insert into wfa04 values ('B1', 1);
(1 row)
insert into wfa04 values ('ANULL', NULL);
(1 row)
insert into wfa04 values ('BNULL', NULL);
(1 row)
insert into wfa04 values ('A2', 2);
(1 row)
insert into wfa04 values ('B2', 2);
(1 row)
insert into wfa04 values ('C1', 1);
(1 row)
insert into wfa04 values ('C2', 2);
(1 row)
insert into wfa04 values ('CNULL', NULL);
(1 row)

create table wfa05 (
   name char(18),
   address char(22),
   city char(16),
   state char(4),
   zip integer);
insert into wfa05 values 
   ('PC TIME DATA','40038 Christy St','Fremont','CA', 94538);
(1 row)
insert into wfa05 values 
   ('Fry''s Elect.','440 Mission Court','Fremont','CA', 94538);
(1 row)
insert into wfa05 values 
   ('Whole Earth','Fashion Island Center','San Mat','CA', 94545);
(1 row)
insert into wfa05 values 
   ('Tower Computer','1937-B Tully Road','SanJose','CA',95122);
(1 row)
insert into wfa05 values 
   ('Weird Stuff','715 Sycamore Drive','Milpita','CA', 95035);
(1 row)

create table wga02a (
   aa integer,
   bb float,
   cc char(10),
   dd varchar(10));

create table wga05a (
   aa float,
   bb float,
   cc float);
insert into wga05a values (10101.0101, 10101.0101, 10101.0101);
(1 row)
insert into wga05a values (20202.0202, 20202.0202, 20202.0202);
(1 row)
insert into wga05a values (30303.0303, 30303.0303, 30303.0303);
(1 row)
insert into wga05a values (40404.0404, 40404.0404, 40404.0404);
(1 row)

create table wga12 (aaaa smallint);
insert into wga12 values (123);
(1 row)

create table wha00a (qesmallint smallint);
insert into wha00a values (-32768);
(1 row)
insert into wha00a values (     0);
(1 row)
insert into wha00a values (+32767);
(1 row)

create table wha01a (qeinteger integer);
insert into wha01a values (-2147483648);
(1 row)
insert into wha01a values (          0);
(1 row)
insert into wha01a values (+2147483647);
(1 row)

create table wha02a (qefloat float);
insert into wha02a values (-10.0e+37);
(1 row)
insert into wha02a values (      0);
(1 row)
insert into wha02a values (+10.0e+37);
(1 row)

create table wia00a (
   qesmallint smallint,
   qeinteger integer,
   qefloat float,
   qechar1 char(1),
   qechar10 char(10),
   qevarchar1 varchar(1),
   qevarchar10 varchar(10));
insert into wia00a values (1, 1001, 10101.01,
   '1', 'one', '1', 'ONE');
(1 row)
insert into wia00a values (2, 2002, 20202.02,
   '2', 'two', '2', 'TWO');
(1 row)
insert into wia00a values (3, 3003, 30303.03,
   '3', 'three', '3', 'THREE');
(1 row)

create table wia11_region (
   regabbrev char(3),
   region char(20));
insert into wia11_region values ('ENC','East North Central');
(1 row)
insert into wia11_region values ('ESC','East South Central');
(1 row)
insert into wia11_region values ('M','Mountain');
(1 row)
insert into wia11_region values ('MA','Middle Atlantic');
(1 row)
insert into wia11_region values ('NE','New England');
(1 row)
insert into wia11_region values ('P','Pacific');
(1 row)
insert into wia11_region values ('SA','South Atlantic');
(1 row)
insert into wia11_region values ('WNC','West North Central');
(1 row)
insert into wia11_region values ('WSC','West South Central');
(1 row)

create table wia11_state (
   regabbrev char(3),
   statabbrev char(2),
   state char(20));
insert into wia11_state values ('ENC','IL','Illinois');
(1 row)
insert into wia11_state values ('ENC','IN','Indiana');
(1 row)
insert into wia11_state values ('ENC','MI','Michigan');
(1 row)
insert into wia11_state values ('ENC','OH','Ohio');
(1 row)
insert into wia11_state values ('ENC','WI','Wisconsin');
(1 row)
insert into wia11_state values ('ESC','AL','Alabama');
(1 row)
insert into wia11_state values ('ESC','KY','Kentucky');
(1 row)
insert into wia11_state values ('ESC','MS','Mississippi');
(1 row)
insert into wia11_state values ('ESC','TN','Tennessee');
(1 row)
insert into wia11_state values ('MA','NJ','New Jersey');
(1 row)
insert into wia11_state values ('MA','NY','New York');
(1 row)
insert into wia11_state values ('MA','PN','Pennsylvania');
(1 row)
insert into wia11_state values ('M','AZ','Arizona');
(1 row)
insert into wia11_state values ('M','CO','Colorado');
(1 row)
insert into wia11_state values ('M','ID','Idaho');
(1 row)
insert into wia11_state values ('M','MT','Montana');
(1 row)
insert into wia11_state values ('M','NV','Nevada');
(1 row)
insert into wia11_state values ('M','NM','New Mexico');
(1 row)
insert into wia11_state values ('M','UT','Utah');
(1 row)
insert into wia11_state values ('M','WY','Wyoming');
(1 row)
insert into wia11_state values ('NE','CN','Connecticut');
(1 row)
insert into wia11_state values ('NE','ME','Maine');
(1 row)
insert into wia11_state values ('NE','MA','Massachusetts');
(1 row)
insert into wia11_state values ('NE','NH','New Hampshire');
(1 row)
insert into wia11_state values ('NE','RI','Rhode Island');
(1 row)
insert into wia11_state values ('NE','VT','Vermont');
(1 row)
insert into wia11_state values ('P','AK','Alaska');
(1 row)
insert into wia11_state values ('P','CA','California');
(1 row)
insert into wia11_state values ('P','HI','Hawaii');
(1 row)
insert into wia11_state values ('P','OR','Oregon');
(1 row)
insert into wia11_state values ('P','WA','Washington');
(1 row)
insert into wia11_state values ('SA','DE','Delaware');
(1 row)
insert into wia11_state values ('SA','DC','District of Columbia');
(1 row)
insert into wia11_state values ('SA','FL','Florida');
(1 row)
insert into wia11_state values ('SA','GA','Georgia');
(1 row)
insert into wia11_state values ('SA','MD','Maryland');
(1 row)
insert into wia11_state values ('SA','NC','North Carolina');
(1 row)
insert into wia11_state values ('SA','SC','South Carolina');
(1 row)
insert into wia11_state values ('SA','VA','Virginia');
(1 row)
insert into wia11_state values ('SA','WV','West Virginia');
(1 row)
insert into wia11_state values ('WNC','IA','Iowa');
(1 row)
insert into wia11_state values ('WNC','KS','Kansas');
(1 row)
insert into wia11_state values ('WNC','MN','Minnesota');
(1 row)
insert into wia11_state values ('WNC','MO','Missouri');
(1 row)
insert into wia11_state values ('WNC','NB','Nebraska');
(1 row)
insert into wia11_state values ('WNC','ND','North Dakota');
(1 row)
insert into wia11_state values ('WNC','SD','South Dakota');
(1 row)
insert into wia11_state values ('WSC','AR','Arkansas');
(1 row)
insert into wia11_state values ('WSC','LA','Louisiana');
(1 row)
insert into wia11_state values ('WSC','OK','Oklahoma');
(1 row)
insert into wia11_state values ('WSC','TX','Texas');
(1 row)

create table wia11_pop (
   year integer,
   statabbrev char(2),
   tot_18to65 integer,
   tot_under18 integer,
   tot_over65 integer);
insert into wia11_pop values (1970,'IL',9600381,1425674,87921);
(1 row)
insert into wia11_pop values (1970,'IN',4820324,357464,15881);
(1 row)
insert into wia11_pop values (1970,'MI',7833474,991066,50543);
(1 row)
insert into wia11_pop values (1970,'OH',9646997,970477,34543);
(1 row)
insert into wia11_pop values (1970,'WI',4258959,128224,30548);
(1 row)
insert into wia11_pop values (1970,'AL',2528983,908247,6935);
(1 row)
insert into wia11_pop values (1970,'KY',2971232,241292,6182);
(1 row)
insert into wia11_pop values (1970,'MS',1393283,815770,7859);
(1 row)
insert into wia11_pop values (1970,'TN',3283432,631696,8559);
(1 row)
insert into wia11_pop values (1970,'NJ',6349908,770292,47964);
(1 row)
insert into wia11_pop values (1970,'NY',15790307,2166933,233500);
(1 row)
insert into wia11_pop values (1970,'PN',10737732,1016514,39663);
(1 row)
insert into wia11_pop values (1970,'AZ',1604948,53344,112608);
(1 row)
insert into wia11_pop values (1970,'CO',2112352,66411,28496);
(1 row)
insert into wia11_pop values (1970,'ID',698802,2130,11635);
(1 row)
insert into wia11_pop values (1970,'MT',663043,1995,29371);
(1 row)
insert into wia11_pop values (1970,'NV',448177,27762,12799);
(1 row)
insert into wia11_pop values (1970,'NM',915815,19555,80630);
(1 row)
insert into wia11_pop values (1970,'UT',1031926,6617,20730);
(1 row)
insert into wia11_pop values (1970,'WY',323024,2568,6824);
(1 row)
insert into wia11_pop values (1970,'CN',2835458,181177,15074);
(1 row)
insert into wia11_pop values (1970,'ME',985276,2800,3972);
(1 row)
insert into wia11_pop values (1970,'MA',5477624,175817,35729);
(1 row)
insert into wia11_pop values (1970,'NH',733106,2505,2070);
(1 row)
insert into wia11_pop values (1970,'RI',914757,25338,6630);
(1 row)
insert into wia11_pop values (1970,'VT',442553,761,1016);
(1 row)
insert into wia11_pop values (1970,'AK',236767,8911,54704);
(1 row)
insert into wia11_pop values (1970,'CA',17761032,1400143,791959);
(1 row)
insert into wia11_pop values (1970,'HI',298160,7573,462828);
(1 row)
insert into wia11_pop values (1970,'OR',2032079,26308,32998);
(1 row)
insert into wia11_pop values (1970,'WA',3251055,71308,86806);
(1 row)
insert into wia11_pop values (1970,'DE',466459,78276,3369);
(1 row)
insert into wia11_pop values (1970,'DC',209272,537712,9526);
(1 row)
insert into wia11_pop values (1970,'FL',5711411,1049578,28454);
(1 row)
insert into wia11_pop values (1970,'GA',3387516,1190779,11280);
(1 row)
insert into wia11_pop values (1970,'MD',3193021,701341,28037);
(1 row)
insert into wia11_pop values (1970,'NC',3891510,1137664,52885);
(1 row)
insert into wia11_pop values (1970,'SC',1794430,789041,7045);
(1 row)
insert into wia11_pop values (1970,'VA',3757478,865388,25628);
(1 row)
insert into wia11_pop values (1970,'WV',1666870,73931,3436);
(1 row)
insert into wia11_pop values (1970,'IA',2782762,32596,9018);
(1 row)
insert into wia11_pop values (1970,'KS',2122068,106977,17533);
(1 row)
insert into wia11_pop values (1970,'MN',3736038,34868,34065);
(1 row)
insert into wia11_pop values (1970,'MO',4177495,480172,18834);
(1 row)
insert into wia11_pop values (1970,'NB',1432867,39911,10715);
(1 row)
insert into wia11_pop values (1970,'ND',599485,2494,15782);
(1 row)
insert into wia11_pop values (1970,'SD',630333,1627,33547);
(1 row)
insert into wia11_pop values (1970,'AR',1561108,357225,4962);
(1 row)
insert into wia11_pop values (1970,'LA',2539547,1088734,13025);
(1 row)
insert into wia11_pop values (1970,'OK',2275104,177910,106218);
(1 row)
insert into wia11_pop values (1970,'TX',9696569,1419677,80484);
(1 row)

create table wia13_ddef (
   word char(20),
   definition char(250));
insert into wia13_ddef values (
'aggregate function',
'An aggregate operator which first groups rows on the basis of the value of a (list -
of) columns (called the "by-list"), before computing the aggregate for each value of-
 the "by-list".');
(1 row)
insert into wia13_ddef values (
'aggregate operator',
'An aggregate operator is a computation performed on a column across all rows in a t-
able. Common aggregate operators are SUM, COUNT, and AVG. Aggregate operators can ha-
ve qualifications to limit the number of rows used in the calculation.');
(1 row)
insert into wia13_ddef values ('attribute',
   'Another term for a "column" in a table.');
(1 row)
insert into wia13_ddef values ('buffer',
   'Another term for the INGRES "workspace".');
(1 row)
insert into wia13_ddef values ('column',
'All data in INGRES is saved in the form of tables made up of rows and columns. In t-
raditional database terminology, a "column" is a "field" in a record.');
(1 row)
insert into wia13_ddef values ('comparison operator',
'A symbol which specified the kind of comparison to make in a qualification, such as-
 ">" (for greater than), or "=" (for equality check).');
(1 row)
insert into wia13_ddef values ('compressed',
'Any of the INGRES internal storage structures can be compressed.  Compression reduc-
es the storage required for a table, by deleting all trailing blanks in character co-
lumns.');
(1 row)

create table wia13_dref (
   word char(20),
   ref char(20));
insert into wia13_dref values ('aggregate function','aggregate operator');
(1 row)
insert into wia13_dref values ('aggregate function','aggregation');
(1 row)
insert into wia13_dref values ('aggregate function','by list');
(1 row)
insert into wia13_dref values ('aggregate function','computation');
(1 row)
insert into wia13_dref values ('aggregate operator','aggregate func');
(1 row)
insert into wia13_dref values ('aggregate operator','aggregation');
(1 row)
insert into wia13_dref values ('aggregate operator','computation');
(1 row)
insert into wia13_dref values ('attribute','column');
(1 row)
insert into wia13_dref values ('buffer','workspace');
(1 row)
insert into wia13_dref values ('column','attribute');
(1 row)
insert into wia13_dref values ('column','domain');
(1 row)
insert into wia13_dref values ('column','field');
(1 row)
insert into wia13_dref values ('comparison operator','qualification');
(1 row)
insert into wia13_dref values ('comparison operator','restriction');
(1 row)
insert into wia13_dref values ('compressed','character strings');
(1 row)
insert into wia13_dref values ('compressed','compression');
(1 row)
insert into wia13_dref values ('compressed','storage structures');
(1 row)

create table wia14_subscriber (
   name char(20),
   po_box char(20),
   address char(20),
   city char(20),
   state char(2),
   zip integer);
insert into wia14_subscriber values 
   ('Betty Clark',' ','2556 Carey Rd.','Boston','MA',01002);
(1 row)
insert into wia14_subscriber values 
   ('Ming Ho',' ','1020 The Parkway','Mamaroneck','NY',10012);
(1 row)
insert into wia14_subscriber values 
   ('Pat McTigue',' ','Route 146','Trumbell','CT',04239);
(1 row)
insert into wia14_subscriber values 
   ('T. Shigio','1234','201 Emperor Lane','Rye','NY',10101);
(1 row)
insert into wia14_subscriber values 
   ('Marvin Blumbert',' ','17 Saville Row','Carmel','CA',93001);
(1 row)
insert into wia14_subscriber values 
   ('Carlos Ramos',' ','2459 39th Ave','San Francisco','CA',94121);
(1 row)
insert into wia14_subscriber values 
   ('Anastassios Vasos',' ','722 Fourth St.','Gualala','CA',95035);
(1 row)
insert into wia14_subscriber values 
   ('Mario Verducci','X-207','General Delivery','Middletown','WA',98112);
(1 row)

create table wia15a_book (id integer, title varchar(30));
insert into wia15a_book values (1001, 'The C Programming Language');
(1 row)

create table wia15a_author (id integer, name varchar(15));
insert into wia15a_author values (1001, 'Ritchie');
(1 row)
insert into wia15a_author values (1001, 'Kernighan');
(1 row)

create table wia15a_subject (id integer, subject varchar(15));
insert into wia15a_subject values (1001, 'C');
(1 row)
insert into wia15a_subject values (1001, 'programming');
(1 row)
insert into wia15a_subject values (1001, 'language');
(1 row)

create table wia15a_tempreport (
   id integer,
   title varchar(30),
   name varchar(15),
   subject varchar(15),
   code integer);
insert into wia15a_tempreport (id, title, name, code)
   select b.id, b.title, a.name,  1 as code
   from wia15a_book b, wia15a_author a
   where b.id = a.id;
(2 rows)
insert into wia15a_tempreport (id, title, subject, code)
   select b.id, b.title,  subject, 2 as code
   from wia15a_book b, wia15a_subject s
   where b.id = s.id;
(3 rows)

create table wia15b_book (id integer, title varchar(30));
insert into wia15b_book values (1001, 'The C Programming Language');
(1 row)
insert into wia15b_book values (1002, 'Computer Programming and Arch.');
(1 row)
insert into wia15b_book values (1003, 'The INGRES Papers');
(1 row)
insert into wia15b_book values (1004, 'Database Systems');
(1 row)
insert into wia15b_book values (1005, 'The Quiet American');
(1 row)

create table wia15b_author (id integer, name varchar(15));
insert into wia15b_author values (1001, 'Ritchie');
(1 row)
insert into wia15b_author values (1001, 'Kernighan');
(1 row)
insert into wia15b_author values (1002, 'Eckhouse');
(1 row)
insert into wia15b_author values (1002, 'Levy');
(1 row)
insert into wia15b_author values (1003, 'Stonebraker');
(1 row)
insert into wia15b_author values (1004, 'Ullman');
(1 row)
insert into wia15b_author values (1005, 'Greene');
(1 row)

create table wia15b_subject (id integer, subject varchar(15));
insert into wia15b_subject values (1001, 'C');
(1 row)
insert into wia15b_subject values (1001, 'programming');
(1 row)
insert into wia15b_subject values (1001, 'language');
(1 row)
insert into wia15b_subject values (1002, 'architecture');
(1 row)
insert into wia15b_subject values (1002, 'assembler');
(1 row)
insert into wia15b_subject values (1002, 'computer');
(1 row)
insert into wia15b_subject values (1002, 'programming');
(1 row)
insert into wia15b_subject values (1003, 'Database');
(1 row)
insert into wia15b_subject values (1003, 'INGRES');
(1 row)
insert into wia15b_subject values (1003, 'computer');
(1 row)
insert into wia15b_subject values (1004, 'Database');
(1 row)
insert into wia15b_subject values (1004, 'management');
(1 row)
insert into wia15b_subject values (1005, 'Vietnam');
(1 row)

create table wia15b_tempreport (
   id integer,
   title varchar(30),
   name varchar(15),
   subject varchar(15),
   code integer);
insert into wia15b_tempreport (id, title, name, code)
   select b.id, b.title, a.name, 1 as code
   from wia15b_book b, wia15b_author a
   where b.id = a.id;
(7 rows)
insert into wia15b_tempreport (id, title, subject, code)
   select b.id, b.title, s.subject, 2 as code
   from wia15b_book b, wia15b_subject s
   where b.id = s.id;
(13 rows)

create table wia15b_sub as
   select id, count(*) as num_sub
   from wia15b_tempreport
   where subject <> ''
   group by id;
(5 rows)

create table wia15b_auth as
   select id, count(*) as num_auth
   from wia15b_tempreport
   where name <> ''
   group by id;
(5 rows)

create table wka03_status (xxstatus varchar(10));

create table wna01a (
   xsmallint smallint,
   xinteger integer,
   xfloat float,
   xchar10 char(10),
   xvarchar10 varchar(10));
insert into wna01a values (1, 1001, 10101.01, 'one', 'ONE');
(1 row)
insert into wna01a values (2, 2002, 20202.02, 'two', 'TWO');
(1 row)

create table wna01b (
   xsmallint smallint,
   xinteger integer,
   xfloat float,
   xchar10 char(10),
   xvarchar10 varchar(10));
insert into wna01b values (1, 1001, 10101.01, 'one', 'ONE');
(1 row)
insert into wna01b values (2, 2002, 20202.02, 'two', 'TWO');
(1 row)
insert into wna01b values (2, 2002, 20202.02, 'two', 'TWO');
(1 row)
insert into wna01b values (3, 3003, 30103.03, 'three', 'THREE');
(1 row)
insert into wna01b values (3, 3003, 30103.03, 'three', 'THREE');
(1 row)
insert into wna01b values (3, 3003, 30103.03, 'three', 'THREE');
(1 row)
insert into wna01b values (4, 4004, 40404.04, 'four', 'FOUR');
(1 row)
insert into wna01b values (4, 4004, 40404.04, 'four', 'FOUR');
(1 row)
insert into wna01b values (4, 4004, 40404.04, 'four', 'FOUR');
(1 row)
insert into wna01b values (4, 4004, 40404.04, 'four', 'FOUR');
(1 row)
insert into wna01b values (5, 5005, 50505.05, 'five', 'FIVE');
(1 row)
insert into wna01b values (5, 5005, 50505.05, 'five', 'FIVE');
(1 row)
insert into wna01b values (5, 5005, 50505.05, 'five', 'FIVE');
(1 row)
insert into wna01b values (5, 5005, 50505.05, 'five', 'FIVE');
(1 row)
insert into wna01b values (5, 5005, 50505.05, 'five', 'FIVE');
(1 row)

create table wna01c (
   xsmallint smallint,
   xinteger integer,
   xfloat float,
   xchar10 char(10),
   xvarchar10 varchar(10));
insert into wna01c values (1, 1001, 10101.01, 'one', 'ONE');
(1 row)
insert into wna01c values (2, 2002, 20202.02, 'two', 'TWO');
(1 row)
insert into wna01c values (2, 2002, 20202.02, 'two', 'TWO');
(1 row)
insert into wna01c values (3, 3003, 30103.03, 'three', 'THREE');
(1 row)
insert into wna01c values (3, 3003, 30103.03, 'three', 'THREE');
(1 row)
insert into wna01c values (3, 3003, 30103.03, 'three', 'THREE');
(1 row)
insert into wna01c values (4, 4004, 40404.04, 'four', 'FOUR');
(1 row)
insert into wna01c values (4, 4004, 40404.04, 'four', 'FOUR');
(1 row)
insert into wna01c values (4, 4004, 40404.04, 'four', 'FOUR');
(1 row)
insert into wna01c values (4, 4004, 40404.04, 'four', 'FOUR');
(1 row)
insert into wna01c values (5, 5005, 50505.05, 'five', 'FIVE');
(1 row)
insert into wna01c values (5, 5005, 50505.05, 'five', 'FIVE');
(1 row)
insert into wna01c values (5, 5005, 50505.05, 'five', 'FIVE');
(1 row)
insert into wna01c values (5, 5005, 50505.05, 'five', 'FIVE');
(1 row)
insert into wna01c values (5, 5005, 50505.05, 'five', 'FIVE');
(1 row)
insert into wna01c values (6, 6006, 60606.06, 'six', 'SIX');
(1 row)
insert into wna01c values (6, 6006, 60606.06, 'six', 'SIX');
(1 row)
insert into wna01c values (6, 6006, 60606.06, 'six', 'SIX');
(1 row)
insert into wna01c values (6, 6006, 60606.06, 'six', 'SIX');
(1 row)
insert into wna01c values (6, 6006, 60606.06, 'six', 'SIX');
(1 row)
insert into wna01c values (6, 6006, 60606.06, 'six', 'SIX');
(1 row)
insert into wna01c values (7, 7007, 70707.07, 'seven', 'SEVEN');
(1 row)
insert into wna01c values (7, 7007, 70707.07, 'seven', 'SEVEN');
(1 row)
insert into wna01c values (7, 7007, 70707.07, 'seven', 'SEVEN');
(1 row)
insert into wna01c values (7, 7007, 70707.07, 'seven', 'SEVEN');
(1 row)
insert into wna01c values (7, 7007, 70707.07, 'seven', 'SEVEN');
(1 row)
insert into wna01c values (7, 7007, 70707.07, 'seven', 'SEVEN');
(1 row)
insert into wna01c values (7, 7007, 70707.07, 'seven', 'SEVEN');
(1 row)

create table wha13 (column1 integer not null not default);
insert into wha13 (column1) values (1);
(1 row)

create table wla01 (col1 int);
insert into wla01 (col1) values (-1);
(1 row)
insert into wla01 (col1) values (-1);
(1 row)

create table tbl65 (
	ccol            c(2) not null,
	charcol         char(10),
	varcol          varchar(10),
	textcol         text(2),
	floatcol        float,
	f4col           f4,
	f8col           f8,
	intcol          integer,
	smallcol        smallint,
	moneycol        money,
	datecol         date,
	deccol1         decimal,
	deccol2         decimal(31,15),
	lvcol           long varchar);

insert into tbl65 values ('TU', 'nineteen', 'April 15', 'Ma', 11.3847, 40.47,
199.3, 1993, 30, 30.1140, '30-Mar-1993 15:47:21', 12345, 1729.381993,
'long varchar1');
(1 row)

insert into tbl65 values ( 'MO', 'hello word', 'April 15', 'Pa', 1234141411.384703,
840.47, 999199.3456, 19930002, 430, 30.1150, '19-Apr-1993', 98121,0.381993,
'long varchar2');
(1 row)

insert into tbl65 values ( 'WE', 'thirty', 'October 15', 'Pa', 12.3847, 30.47,
299.3, 4993, 20, 20.1140, '10-Mar-1993 15:47:21', 32345, 8729.381993,
'long varchar3');
(1 row)

insert into tbl65 values ( 'FR', 'good word', 'June 1921', 'Sa',1234141333.384703,
890.47, 199199.3456, 18880002, 030, 20.1150, '19-Aug-1993', 99999, 0.391393,
'long varchar4');
(1 row)

insert into tbl65 values ( 'OO', 'nineteen', 'April 15', 'Ma', 11.3847, 40.47,
199.3, 1993, 30, 30.1140, '30-Mar-1993 15:47:21', 12345, 1729.381993, 
'long varchar1');
(1 row)

insert into tbl65 values ( 'PP', 'hello word', 'April 15', 'Pa', 1234141411.384703,
840.47, 999199.3456, 19930002, 430, 30.1150, '19-Apr-1993', 98121, 0.381993,
'long varchar2');
(1 row)

insert into tbl65 values ( 'NN', 'thirty', 'October 15', 'Pa', 12.3847, 30.47,
299.3, 4993, 20, 20.1140, '10-Mar-1993 15:47:21', 32345, 8729.381993,
'long varchar3');
(1 row)

insert into tbl65 values ( 'MM', 'good word', 'June 1921', 'Sa', 1234141333.384703,
890.47, 199199.3456, 18880002, 030, 20.1150, '19-Aug-1993', 99999, 0.391393,
'long varchar4');
(1 row)

create table blobstbl1
(intcol1 integer not null, lvcol1 long varchar, lvcol2 long byte);
insert into blobstbl1 (intcol1, lvcol1, lvcol2)
values (889, 'lvcol1=long varchar 1a', 'lvcol2=long byte');
(1 row)

create table blobstbl2
(intcol1 integer not null, lvcol1 long varchar, lvcol3 byte);
insert into blobstbl2 (intcol1, lvcol1, lvcol3)
values (182, 'lvcol1=long varchar 1b', 'lvcol3=byte');
(1 row)

create table blobstbl3
(intcol1 integer not null, lvcol4 long varchar);
insert into blobstbl3 (intcol1, lvcol4)
values (115905, 'lvcol4=long varchar 4');
(1 row)

create table blobstbl4
(lvcol5 long varchar, lvcol6 long varchar, lvcol7 long varchar,
 lvcol8 long varchar, lvcol9 long varchar, lvcol10 long varchar);
insert into blobstbl4 (lvcol5, lvcol6, lvcol7, lvcol8, lvcol9, lvcol10)
values('abcdefghijk','lmnopqrstu','vwxyz','abcdefghi','jklmnopq',
       'rstuvwxyz');
(1 row)

create table tblarr (
        ccol            c(20),
        charcol         char(20) not null,
        varcol          varchar(20),
        textcol         text(20),
        floatcol        float not null,
        f4col           float(4),
        f8col           float(8),
        intcol          integer,
        smallcol        smallint,
        moneycol        money,
        datecol         date,
	deccol1		decimal not null,
	deccol2		decimal(31,15),
	deccol3		numeric(5,2))
 
insert into tblarr values (
'TU', 'nineteen', 'April 15', 'Ma',
11.3847, 40.47, 199.3,
1993, 30,
30.1140,
'30-Mar-1993 15:47:21',
12345, 1729.381993, 0.3345)
(1 row)

insert into tblarr values (
'MO', 'hello word', 'April 1921', 'Pa',
1234141411.384703, 840.47, 999199.3456,
19930002, 430,
30.1150,
'19-Apr-1993',
98121, 0.381993, 12.33)
(1 row)
>>
* \q
<<
>>
/* 
10/25/93 uncharee: 	Do not rearrange the order of these sql stmts;
			It is important that they remain in this order,
			due to the way the tables/synonyms are assigned
			as far as ownership and grant permission.
(begin) 
*/
? sql -s SEPPARAMDB -uu65A 
<<
>>
* \i u65a_drp.sql
<<
~
>>
* \i u65a_ts.sql
<<
 create table t65_1 (floatcol_u65A_t65_1 float(10) not null, deccol_u65A_t65_1 decim-
al(20,15), joincol varchar(10));
insert into t65_1 (floatcol_u65A_t65_1, deccol_u65A_t65_1, joincol)
        values (1.081709421993, 2.081709421993, 'for joindf');
(1 row)
insert into t65_1 (floatcol_u65A_t65_1, deccol_u65A_t65_1, joincol)
        values (1.111119421993, 2.111119421993, 'for joindf');
(1 row)

create table t65_2 (floatcol_u65A_t65_2 float(10) not null, deccol_u65A_t65_2 decima-
l(20,15), joincol varchar(10));
insert into t65_2 (floatcol_u65A_t65_2, deccol_u65A_t65_2, joincol)
        values (11.081709421993, 11.081709421993, 'for joindf');
(1 row)
insert into t65_2 (floatcol_u65A_t65_2, deccol_u65A_t65_2, joincol)
        values (11.111119421993, 11.111119421993, 'for joindf');
(1 row)

create table "table's ID 123" 
	(floatcol_u65A_tmix1 float(10) not null, deccol_u65A_tmix1 decimal(20,15), 
	 "column's ID 123_u65A_tmix1" varchar(10), joincol varchar(10));
insert into "table's ID 123" 
	(floatcol_u65A_tmix1, deccol_u65A_tmix1, "column's ID 123_u65A_tmix1", joincol)
        values (7.081709421993, 12345.123456789012345, 'select', 'for joindf');
(1 row)
insert into "table's ID 123" 
	(floatcol_u65A_tmix1, deccol_u65A_tmix1, "column's ID 123_u65A_tmix1", joincol)
        values (7.111119421993, 22345.123456789012345, 'update', 'for joindf');
(1 row)

create table "wHEre" 
	(floatcol_u65A_where float(10) not null, deccol_u65A_where decimal(20,15), "upDATE"-
 varchar(10), joincol varchar(10));
insert into "wHEre" (floatcol_u65A_where, deccol_u65A_where, "upDATE", joincol)
        values (8.081709421993, 22345.123456789012345, 'select', 'for joindf')
(1 row)
insert into "wHEre" (floatcol_u65A_where, deccol_u65A_where, "upDATE", joincol)
        values (8.111119421993, 32345.123456789012345, 'update', 'for joindf')
(1 row)

create table t65_6 (floatcol_u65A_t65_6 float(10) not null, deccol_u65A_t65_6 decima-
l(20,15), joincol varchar(10));
insert into t65_6 (floatcol_u65A_t65_6, deccol_u65A_t65_6, joincol)
        values (10.081709421993, 6.081709421993, 'for joindf')
(1 row)
insert into t65_6 (floatcol_u65A_t65_6, deccol_u65A_t65_6, joincol)
        values (10.111119421993, 6.111119421993, 'for joindf')
(1 row)

grant select, update on t65_6 to u65C;

create synonym s65_1 for t65_1;
create synonym s65_2 for t65_2;
create synonym "inSErt" for "wHEre";
grant select,update on "inSErt" to u65A with grant option;
create synonym "synonym's ID 123" for 
	"table's ID 123" ;
>>
* \q
<<
>>
? sql -s SEPPARAMDB -uu65D 
<<
>>
* \i u65d_drp.sql
<<
~
>>
* \i u65d_ts.sql
<<
 create table t65_5 (intcol_u65D_t65_5 integer not null, deccol_u65D_t65_5 decimal(2-
0,15), joincol varchar(10));
insert into t65_5 (intcol_u65D_t65_5, deccol_u65D_t65_5, joincol)
        values (81, 11.009421993, 'for joindf');
(1 row)
insert into t65_5 (intcol_u65D_t65_5, deccol_u65D_t65_5, joincol)
        values (29, 107.121993, 'for joindf');
(1 row)

grant select, update on t65_5 to u65B with grant option;

create synonym s65_5 for t65_5;

grant select, update on s65_5 to u65B with grant option;
>>
* \q
<<
>>
? sql -s SEPPARAMDB -uu65B 
<<
>>
* \i u65b_drp.sql
<<
~
>>
* \i u65b_ts.sql
<<
 create table t65_2 (floatcol_u65B_t65_2 float(10) not null, deccol_u65B_t65_2 decim-
al(20,15), joincol varchar(10));
insert into t65_2 (floatcol_u65B_t65_2, deccol_u65B_t65_2, joincol)
        values (2.081709421993, 3.081709421993, 'for joindf');
(1 row)
insert into t65_2 (floatcol_u65B_t65_2, deccol_u65B_t65_2, joincol)
        values (2.111119421993, 3.111119421993, 'for joindf');
(1 row)

create table t65_4 (floatcol_u65B_t65_4 float(10) not null, deccol_u65B_t65_4 decima-
l(20,15), joincol varchar(10));
insert into t65_4 (floatcol_u65B_t65_4, deccol_u65B_t65_4, joincol)
        values (4.081709421993, 5.081709421993, 'for joindf');
(1 row)
insert into t65_4 (floatcol_u65B_t65_4, deccol_u65B_t65_4, joincol)
        values (4.111119421993, 5.111119421993, 'for joindf');
(1 row)

grant select, update on t65_2 to public;
grant select, update on t65_4 to u65A, "seLEct";

create synonym s65_2 for t65_2;
create synonym s65_4 for t65_4;

grant select, update on s65_2 to public;
grant select, update on s65_4 to u65A, "seLEct";
>>
* \q
<<
>>
? sql -s SEPPARAMDB -uu65C 
<<
>>
* \i u65c_drp.sql
<<
~
>>
* \i u65c_ts.sql
<<
 create table t65_6 (floatcol_u65C_t65_6 float(10) not null, deccol_u65C_t65_6 decim-
al(20,15), joincol varchar(10));
insert into t65_6 (floatcol_u65C_t65_6, deccol_u65C_t65_6, joincol)
        values (14.081709421993, 16.081709421993, 'for joindf')
(1 row)
insert into t65_6 (floatcol_u65C_t65_6, deccol_u65C_t65_6, joincol)
        values (14.111119421993, 16.111119421993, 'for joindf')
(1 row)

grant select, update on t65_6 to u65A;

create synonym s65_9 for t65_6;

grant select, update on s65_9 to u65A;
>>
* \q
<<
>>
.if (UNIX) 
/*
This entire TM trans are similar to -uu65A.
*/
? sql -s SEPPARAMDB -u"seLEct" 
<<
>>
.else 
.if (VMS) 
/*
This entire TM trans are similar to -uu65A.
*/
? sql -s SEPPARAMDB -u"""seLEct""" 
<<
>>
.else
.if (NT_GENERIC) 
/*
This entire TM trans are similar to -uu65A.
*/
? sql -s SEPPARAMDB -u"\"seLEct\"" 
<<
>>
.endif
.endif
.endif
* \i u65a_drp.sql
<<
~
>>
* \i u65a_ts.sql
<<
 create table t65_1 (floatcol_u65A_t65_1 float(10) not null, deccol_u65A_t65_1 decim-
al(20,15), joincol varchar(10));
insert into t65_1 (floatcol_u65A_t65_1, deccol_u65A_t65_1, joincol)
        values (1.081709421993, 2.081709421993, 'for joindf');
(1 row)
insert into t65_1 (floatcol_u65A_t65_1, deccol_u65A_t65_1, joincol)
        values (1.111119421993, 2.111119421993, 'for joindf');
(1 row)

create table t65_2 (floatcol_u65A_t65_2 float(10) not null, deccol_u65A_t65_2 decima-
l(20,15), joincol varchar(10));
insert into t65_2 (floatcol_u65A_t65_2, deccol_u65A_t65_2, joincol)
        values (11.081709421993, 11.081709421993, 'for joindf');
(1 row)
insert into t65_2 (floatcol_u65A_t65_2, deccol_u65A_t65_2, joincol)
        values (11.111119421993, 11.111119421993, 'for joindf');
(1 row)

create table "table's ID 123" 
	(floatcol_u65A_tmix1 float(10) not null, deccol_u65A_tmix1 decimal(20,15), 
	 "column's ID 123_u65A_tmix1" varchar(10), joincol varchar(10));
insert into "table's ID 123" 
	(floatcol_u65A_tmix1, deccol_u65A_tmix1, "column's ID 123_u65A_tmix1", joincol)
        values (7.081709421993, 12345.123456789012345, 'select', 'for joindf');
(1 row)
insert into "table's ID 123" 
	(floatcol_u65A_tmix1, deccol_u65A_tmix1, "column's ID 123_u65A_tmix1", joincol)
        values (7.111119421993, 22345.123456789012345, 'update', 'for joindf');
(1 row)

create table "wHEre" 
	(floatcol_u65A_where float(10) not null, deccol_u65A_where decimal(20,15), "upDATE"-
 varchar(10), joincol varchar(10));
insert into "wHEre" (floatcol_u65A_where, deccol_u65A_where, "upDATE", joincol)
        values (8.081709421993, 22345.123456789012345, 'select', 'for joindf')
(1 row)
insert into "wHEre" (floatcol_u65A_where, deccol_u65A_where, "upDATE", joincol)
        values (8.111119421993, 32345.123456789012345, 'update', 'for joindf')
(1 row)

create table t65_6 (floatcol_u65A_t65_6 float(10) not null, deccol_u65A_t65_6 decima-
l(20,15), joincol varchar(10));
insert into t65_6 (floatcol_u65A_t65_6, deccol_u65A_t65_6, joincol)
        values (10.081709421993, 6.081709421993, 'for joindf')
(1 row)
insert into t65_6 (floatcol_u65A_t65_6, deccol_u65A_t65_6, joincol)
        values (10.111119421993, 6.111119421993, 'for joindf')
(1 row)

grant select, update on t65_6 to u65C;

create synonym s65_1 for t65_1;
create synonym s65_2 for t65_2;
create synonym "inSErt" for "wHEre";
grant select,update on "inSErt" to u65A with grant option;
create synonym "synonym's ID 123" for 
	"table's ID 123" ;
>>
* \q
<<
>>
.if (UNIX) 
? sql -s SEPPARAMDB -u"delim USER"
<<
>>
.else 
.if (VMS) 
? sql -s SEPPARAMDB -u"""delim USER"""
<<
>>
.else 
.if (NT_GENERIC) 
? sql -s SEPPARAMDB -u"\"delim USER\"" 
<<
>>
.endif
.endif
.endif
* \i umix_drp.sql
<<
~
>>
* \i umix_ts.sql
<<
 create table "delim TABLE" 
	(floatcol_umix_deltbl float(10) not null, deccol_umix_deltbl decimal(20,15), 
	 "delim COLUMN_umix_deltbl" varchar(10), "deLEte" integer, joincol varchar(10));
insert into "delim TABLE"
	(floatcol_umix_deltbl, deccol_umix_deltbl, "delim COLUMN_umix_deltbl", "deLEte", jo-
incol)
        values (9.081793, 234.12345678345, 'join', 222, 'for joindf')
(1 row)

grant select, update on "delim TABLE" to u65A;

create synonym "delim SYNONYM" for "delim TABLE";

grant select, update on "delim SYNONYM" to u65A;

create table t65_10
	(floatcol_umix_t65_10 float(10) not null, deccol_umix_t65_10 decimal(20,15), 
	 "delim COLUMN_umix_t65_10" varchar(10), "deLEte" integer, joincol varchar(10));
insert into t65_10
	(floatcol_umix_t65_10, deccol_umix_t65_10, "delim COLUMN_umix_t65_10", "deLEte", jo-
incol)
        values (33.081793, 666.12345678345, 'grant', 444, 'for joindf')
(1 row)

grant select, update on t65_10 to u65A;

create synonym s65_10 for t65_10;

grant select, update on s65_10 to u65A;

create table "table2's ID 123" 
	(floatcol_umix_tmix2 float(10) not null, deccol_umix_tmix2 decimal(20,15), 
	 "column's ID 123_umix_tmix2" varchar(10), "deLEte" integer, joincol varchar(10));
insert into "table2's ID 123" 
	(floatcol_umix_tmix2, deccol_umix_tmix2, "column's ID 123_umix_tmix2", "deLEte", jo-
incol)
        values (9.081709421993, 42345.123456789012345, 'select', 123, 'for joindf')
(1 row)
insert into "table2's ID 123" 
	(floatcol_umix_tmix2, deccol_umix_tmix2, "column's ID 123_umix_tmix2", "deLEte", jo-
incol)
        values (9.111119421993, 42345.123456789012345, 'update', 456, 'for joindf')
(1 row)

grant select, update on "table2's ID 123" to u65A;

create table t65_11 
	(floatcol_umix_t65_11 float(10) not null, deccol_umix_t65_11 decimal(20,15), 
	 "column's ID 123_umix_t65_11" varchar(10), "deLEte" integer, joincol varchar(10));
insert into t65_11
	(floatcol_umix_t65_11, deccol_umix_t65_11, "column's ID 123_umix_t65_11", "deLEte",-
 joincol)
        values (23456.08170993, 345.1234789012345, 'exit', 445, 'for joindf')
(1 row)

grant select, update on t65_11 to u65A;

create synonym "synonym2's ID 123" for "table2's ID 123";

create synonym s65_11 for t65_11;

grant select, update on "synonym2's ID 123" to u65A;

grant select, update on s65_11 to u65A;
>>
* \q
<<
>>
? sql -s SEPPARAMDB 
<<
>>
* \i u_drp.sql
<<
~
>>
* \i u_ts.sql
<<
 create table t65_3 (floatcol_testenv_t65_3 float(10) not null, deccol_testenv_t65_3-
 decimal(20,15), joincol varchar(10));
insert into t65_3 (floatcol_testenv_t65_3, deccol_testenv_t65_3, joincol)
        values (3.081709421993, 4.081709421993, 'for joindf')
(1 row)
insert into t65_3 (floatcol_testenv_t65_3, deccol_testenv_t65_3, joincol)
        values (3.111119421993, 4.111119421993, 'for joindf')
(1 row)

create synonym s65_3 for t65_3;
>>
* \q
<<
>>
? sql -s SEPPARAMDB -uu65A 
<<
>>
* \i u65a_ts1.sql
<<
/* SQL Startup File */
 create synonym s65_8 for u65B.t65_4;
>>
* \q
<<
>>
.if (UNIX) 
? sql -s SEPPARAMDB -u"seLEct"
<<
>>
.else 
.if (VMS) 
? sql -s SEPPARAMDB -u"""seLEct"""
<<
>>
.else
.if (NT_GENERIC) 
? sql -s SEPPARAMDB -u"\"seLEct\"" 
<<
>>
.endif
.endif
.endif
* \i u65a_ts1.sql
<<
/* SQL Startup File */
 create synonym s65_8 for u65B.t65_4;
>>
* \q
<<
>>
/* 
10/25/93 uncharee: 	Do not rearrange the order of these sql stmts;
			It is important that they remain in this order,
			due to the way the tables/synonyms are assigned
			as far as ownership and grant permission.
(end) 
*/


Ending at: Tue Jun 26 14:41:35 2001
