/*
	Test Name   : REPORT Setup 2
	Time        : 13-JUN-1989 12:48:55
	User Name   : qatest

	Test ID     : (none)
	Module      : REPORT and SREPORT
	Filename    : repinit2.sep
	Purpose     : REPORT Certification Test Setup
	Input Files :
		xwca01a.qry, xwca01b.qry,

		xwfa01a.qry, xwfa01b.qry,
		xwia06a.qry, xwia06b.qry, xwia06a.dat, xwia06b.dat, xwia06c.dat,
		xwia07a.qry, xwia07b.qry, xwia07a.dat, xwia07b.dat, xwia07c.dat,
		xwia08a.qry, xwia08b.qry, xwia08a.dat, xwia08b.dat,
		xwia09a.qry, xwia09b.qry, xwia09a.dat,
		xwia10a.qry, xwia10b.qry
	Output Files: (none)
	Database    : SEPPARAMDB
	Tables      :
		wfa01c_qetotsales,
		wia06_region, wia06_state, wia06_pop,
		wia07_customer, wia07_account, wia07_transact,
		wia08_ddef, wia08_dref,
		wia09_subscriber,
		wia10a_book, wia10a_author, wia10a_subject, wia10a_tempreport,
		wia10b_book, wia10b_author, wia10b_subject, wia10b_tempreport,
		wia10b_sub, wia10b_auth
	Synopsis    :
		Create REPORT tables and fill with data.
	History     :
		31-jul-1989	edt	Created
*/
? fill xwca01a.qry 
!!
drop table wca01b_qeemp;\p\g
!!
? fill xwca01b.qry 
!!
create table wca01b_qeemp (qemgr, qemonth, mm) as
	select	qemgr, left(right(ascii(qebirthdate),22),3),
		concat(qemgr, left(right(ascii(qebirthdate),22),3))
	from qeemp;
\p\g
!!
? sql -s SEPPARAMDB 
<<
>>
* \i xwca01a.qry
<<
~
>>
* \i xwca01b.qry
<<
 create table wca01b_qeemp (qemgr, qemonth, mm) as
	select	qemgr, left(right(ascii(qebirthdate),22),3),
		concat(qemgr, left(right(ascii(qebirthdate),22),3))
	from qeemp;
(29 rows)
>>
* \q
<<
>>
? fill xwfa01a.qry 
!!
drop table wfa01c_qetotsales;\p\g
!!
? fill xwfa01b.qry 
!!
create table wfa01c_qetotsales (qetotsales) as
	select sum(qesales)
	from qedept
	where lowercase(qedname)='sales';
\p\g
!!
? sql -s SEPPARAMDB 
<<
>>
* \i xwfa01a.qry
<<
~
>>
* \i xwfa01b.qry
<<
 create table wfa01c_qetotsales (qetotsales) as
	select sum(qesales)
	from qedept
	where lowercase(qedname)='sales';
(1 row)
>>
* \q
<<
>>
? fill xwia06a.qry 
!!
drop table wia06_region;\p\g
drop table wia06_state;\p\g
drop table wia06_pop;\p\g
!!
? fill xwia06b.qry 
!!
create table wia06_region (
	regabbrev char(3),
	region char(20)
	);
\p\g
copy wia06_region (
	regabbrev =c0tab,
	region =c0nl
	)
from 'xwia06a.dat';
\p\g
create table wia06_state (
	regabbrev char(3),
	statabbrev char(2),
	state char(20)
	);
\p\g
copy wia06_state (
	regabbrev =c0tab,
	statabbrev =c0tab,
	state =c0nl
	)
from 'xwia06b.dat';
\p\g
create table wia06_pop (
	year integer,
	statabbrev char(2),
	totwhite integer,
	totblack integer,
	totother integer
	);
\p\g
copy wia06_pop (
	year =c0tab,
	statabbrev =c0tab,
	totwhite =c0tab,
	totblack =c0tab,
	totother =c0nl
	)
from 'xwia06c.dat';
\p\g
!!
? fill xwia06a.dat 
!!
ENC	East North Central
ESC	East South Central
M	Mountain
MA	Middle Atlantic
NE	New England
P	Pacific
SA	South Atlantic
WNC	West North Central
WSC	West South Central
!!
? fill xwia06b.dat 
!!
ENC	IL	Illinois
ENC	IN	Indiana
ENC	MI	Michigan
ENC	OH	Ohio
ENC	WI	Wisconsin
ESC	AL	Alabama
ESC	KY	Kentucky
ESC	MS	Mississippi
ESC	TN	Tennessee
MA	NJ	New Jersey
MA	NY	New York
MA	PN	Pennsylvania
M	AZ	Arizona
M	CO	Colorado
M	ID	Idaho
M	MT	Montana
M	NV	Nevada
M	NM	New Mexico
M	UT	Utah
M	WY	Wyoming
NE	CN	Connecticut
NE	ME	Maine
NE	MA	Massachusetts
NE	NH	New Hampshire
NE	RI	Rhode Island
NE	VT	Vermont
P	AK	Alaska
P	CA	California
P	HI	Hawaii
P	OR	Oregon
P	WA	Washington
SA	DE	Delaware
SA	DC	District of Columbia
SA	FL	Florida
SA	GA	Georgia
SA	MD	Maryland
SA	NC	North Carolina
SA	SC	South Carolina
SA	VA	Virginia
SA	WV	West Virginia
WNC	IA	Iowa
WNC	KS	Kansas
WNC	MN	Minnesota
WNC	MO	Missouri
WNC	NB	Nebraska
WNC	ND	North Dakota
WNC	SD	South Dakota
WSC	AR	Arkansas
WSC	LA	Louisiana
WSC	OK	Oklahoma
WSC	TX	Texas
!!
? fill xwia06c.dat 
!!
1970	IL	9600381	1425674	87921
1970	IN	4820324	357464	15881
1970	MI	7833474	991066	50543
1970	OH	9646997	970477	34543
1970	WI	4258959	128224	30548
1970	AL	2528983	908247	6935
1970	KY	2971232	241292	6182
1970	MS	1393283	815770	7859
1970	TN	3283432	631696	8559
1970	NJ	6349908	770292	47964
1970	NY	15790307	2166933	233500
1970	PN	10737732	1016514	39663
1970	AZ	1604948	53344	112608
1970	CO	2112352	66411	28496
1970	ID	698802	2130	11635
1970	MT	663043	1995	29371
1970	NV	448177	27762	12799
1970	NM	915815	19555	80630
1970	UT	1031926	6617	20730
1970	WY	323024	2568	6824
1970	CN	2835458	181177	15074
1970	ME	985276	2800	3972
1970	MA	5477624	175817	35729
1970	NH	733106	2505	2070
1970	RI	914757	25338	6630
1970	VT	442553	761	1016
1970	AK	236767	8911	54704
1970	CA	17761032	1400143	791959
1970	HI	298160	7573	462828
1970	OR	2032079	26308	32998
1970	WA	3251055	71308	86806
1970	DE	466459	78276	3369
1970	DC	209272	537712	9526
1970	FL	5711411	1049578	28454
1970	GA	3387516	1190779	11280
1970	MD	3193021	701341	28037
1970	NC	3891510	1137664	52885
1970	SC	1794430	789041	7045
1970	VA	3757478	865388	25628
1970	WV	1666870	73931	3436
1970	IA	2782762	32596	9018
1970	KS	2122068	106977	17533
1970	MN	3736038	34868	34065
1970	MO	4177495	480172	18834
1970	NB	1432867	39911	10715
1970	ND	599485	2494	15782
1970	SD	630333	1627	33547
1970	AR	1561108	357225	4962
1970	LA	2539547	1088734	13025
1970	OK	2275104	177910	106218
1970	TX	9696569	1419677	80484
!!
? sql -s SEPPARAMDB 
<<
~
>>
* \i xwia06a.qry
<<
~
>>
* \i xwia06b.qry
<<
 create table wia06_region (
	regabbrev char(3),
	region char(20)
	);
copy wia06_region (
	regabbrev =c0tab,
	region =c0nl
	)
from 'xwia06a.dat';
(9 rows)
create table wia06_state (
	regabbrev char(3),
	statabbrev char(2),
	state char(20)
	);
copy wia06_state (
	regabbrev =c0tab,
	statabbrev =c0tab,
	state =c0nl
	)
from 'xwia06b.dat';
(51 rows)
create table wia06_pop (
	year integer,
	statabbrev char(2),
	totwhite integer,
	totblack integer,
	totother integer
	);
copy wia06_pop (
	year =c0tab,
	statabbrev =c0tab,
	totwhite =c0tab,
	totblack =c0tab,
	totother =c0nl
	)
from 'xwia06c.dat';
(51 rows)
>>
* \q
<<
>>
? fill xwia07a.qry 
!!
drop table wia07_customer;\p\g
drop table wia07_account;\p\g
drop table wia07_transact;\p\g
!!
? fill xwia07b.qry 
!!
create table wia07_customer (
	name char(20),
	address char(20),
	city char(20),
	state char(2),
	zip integer
	);
\p\g
copy wia07_customer (
	name =c0tab,
	address =c0tab,
	city =c0tab,
	state =c0tab,
	zip =c0nl
	)
from 'xwia07a.dat';
\p\g
create table wia07_account (
	name char(20),
	acctnum integer,
	balance float
	);
\p\g
copy wia07_account (
	name =c0tab,
	acctnum =c0tab,
	balance =c0nl
	)
from 'xwia07b.dat';
\p\g
create table wia07_transact (
	acctnum integer,
	date date,
	transnum integer,
	type integer,
	amount float
	);
\p\g
copy wia07_transact (
	acctnum =c0tab,
	date =c0tab,
	transnum =c0tab,
	type =c0tab,
	amount =c0nl
	)
from 'xwia07c.dat';
\p\g
!!
? fill xwia07a.dat 
!!
Big Daddy	1 Bestview Lane	Topofthehill	NJ	05436
Fast Sally	1234 71st St	Big City	NY	01234
!!
? fill xwia07b.dat 
!!
Big Daddy	749025436	234657.00
Fast Sally	488219082	1245.00
!!
? fill xwia07c.dat 
!!
749025436	01-jul-81	0101	0	100000.00
749025436	01-jul-81	0102	1	50500.00
749025436	01-jul-81	0103	1	24.56
749025436	01-jul-81	0104	1	10100.00
749025436	15-jul-81	0105	0	50000.00
749025436	17-jul-81	0106	1	10143.54
749025436	17-jul-81	0107	1	243.56
749025436	22-jul-81	0108	1	100.00
749025436	23-jul-81	0109	1	25000.00
749025436	23-jul-81	0110	0	100000.00
488219082	25-may-81	0101	1	200.00
488219082	03-jul-81	0102	0	250.00
488219082	05-jul-81	0103	1	320.34
488219082	05-jul-81	0104	0	65.23
488219082	08-jul-81	0105	1	100.00
488219082	10-jul-81	0106	1	56.32
488219082	16-jul-81	0107	1	24.71
488219082	20-jul-81	0108	1	120.00
488219082	25-jul-81	0109	1	31.16
!!
? sql -s SEPPARAMDB 
<<
>>
* \i xwia07a.qry
<<
~
>>
* \i xwia07b.qry
<<
 create table wia07_customer (
	name char(20),
	address char(20),
	city char(20),
	state char(2),
	zip integer
	);
copy wia07_customer (
	name =c0tab,
	address =c0tab,
	city =c0tab,
	state =c0tab,
	zip =c0nl
	)
from 'xwia07a.dat';
(2 rows)
create table wia07_account (
	name char(20),
	acctnum integer,
	balance float
	);
copy wia07_account (
	name =c0tab,
	acctnum =c0tab,
	balance =c0nl
	)
from 'xwia07b.dat';
(2 rows)
create table wia07_transact (
	acctnum integer,
	date date,
	transnum integer,
	type integer,
	amount float
	);
copy wia07_transact (
	acctnum =c0tab,
	date =c0tab,
	transnum =c0tab,
	type =c0tab,
	amount =c0nl
	)
from 'xwia07c.dat';
(19 rows)
>>
* \q
<<
>>
? fill xwia08a.qry 
!!
drop table wia08_ddef;\p\g
drop table wia08_dref;\p\g
!!
? fill xwia08b.qry 
!!
create table wia08_ddef (
	word char(20),
	definition char(250)
	);
\p\g
copy wia08_ddef (
	word =c0nl,
	definition ='c0%',
	dummy =d1
	)
from 'xwia08a.dat';
\p\g
create table wia08_dref (
	word char(20),
	ref char(20)
	);
\p\g
copy wia08_dref (
	word =c0tab,
	ref =c0nl
	)
from 'xwia08b.dat';
\p\g
!!
? fill xwia08a.dat 
!!
aggregate function
An aggregate operator which first groups rows on the basis of the value of
a (list of) columns (called the "by-list"), before computing the aggregate
for each value of the "by-list".
%
aggregate operator
An aggregate operator is a computation performed on a column across all rows
in a table. Common aggregate operators are SUM, COUNT, and AVG. Aggregate
operators can have qualifications to limit the number of rows used in the
calculation.
%
attribute
Another term for a "column" in a table.
%
buffer
Another term for the INGRES "workspace".
%
column
All data in INGRES is saved in the form of tables made up of rows and columns.
In traditional database terminology, a "column" is a "field" in a record.
%
comparison operator
A symbol which specified the kind of comparison to make in a qualification,
such as ">" (for greater than), or "=" (for equality check).
%
compressed
Any of the INGRES internal storage structures can be compressed.  Compression
reduces the storage required for a table, by deleting all trailing blanks in
character columns.
%
!!
? fill xwia08b.dat 
!!
aggregate function	aggregate operator
aggregate function	aggregation
aggregate function	by list
aggregate function	computation
aggregate operator	aggregate function
aggregate operator	aggregation
aggregate operator	computation
attribute	column
buffer	workspace
column	attribute
column	domain
column	field
comparison operator	qualification
comparison operator	restriction
compressed	character strings
compressed	compression
compressed	storage structures
!!
? sql -s SEPPARAMDB 
<<
>>
* \i xwia08a.qry
<<
~
>>
* \i xwia08b.qry
<<
 create table wia08_ddef (
	word char(20),
	definition char(250)
	);
copy wia08_ddef (
	word =c0nl,
	definition ='c0%',
	dummy =d1
	)
from 'xwia08a.dat';
(7 rows)
create table wia08_dref (
	word char(20),
	ref char(20)
	);
copy wia08_dref (
	word =c0tab,
	ref =c0nl
	)
from 'xwia08b.dat';
(17 rows)
>>
* \q
<<
>>
? fill xwia09a.qry 
!!
drop wia09_subscriber;\p\g
!!
? fill xwia09b.qry 
!!
create table wia09_subscriber (
	name char(20),
	po_box char(20),
	address char(20),
	city char(20),
	state char(2),
	zip integer
	);
\p\g
copy wia09_subscriber (
	name ='c0;',
	po_box ='c0;',
	address ='c0;',
	city ='c0;',
	state ='c0;',
	zip =c0nl
	)
from 'xwia09a.dat';
\p\g
!!
? fill xwia09a.dat 
!!
Betty Clark; ;2556 Carey Rd.;Boston;MA;01002
Ming Ho; ;1020 The Parkway;Mamaroneck;NY;10012
Pat McTigue; ;Route 146;Trumbell;CT;04239
T. Shigio;1234;201 Emperor Lane;Rye;NY;10101
Marvin Blumbert; ;17 Saville Row;Carmel;CA;93001
Carlos Ramos; ;2459 39th Ave;San Francisco;CA;94121
Anastassios Vasos; ;722 Fourth St.;Gualala;CA;95035
Mario Verducci;X-207;General Delivery;Middletown;WA;98112
!!
? sql -s SEPPARAMDB 
<<
>>
* \i xwia09a.qry
<<
~
>>
* \i xwia09b.qry
<<
 create table wia09_subscriber (
	name char(20),
	po_box char(20),
	address char(20),
	city char(20),
	state char(2),
	zip integer
	);
copy wia09_subscriber (
	name ='c0;',
	po_box ='c0;',
	address ='c0;',
	city ='c0;',
	state ='c0;',
	zip =c0nl
	)
from 'xwia09a.dat';
(8 rows)
>>
* \q
<<
>>
? fill xwia10a.qry 
!!
drop table wia10a_book;\p\g
drop table wia10a_author;\p\g
drop table wia10a_subject;\p\g
drop table wia10a_tempreport;\p\g

drop table wia10b_book;\p\g
drop table wia10b_author;\p\g
drop table wia10b_subject;\p\g
drop table wia10b_tempreport;\p\g
drop table wia10b_sub;\p\g
drop table wia10b_auth;\p\g
!!
? fill xwia10b.qry 
!!
create table wia10a_book (id integer, title varchar(30));
\p\g
insert into wia10a_book values (1001, 'The C Programming Language');
\p\g

create table wia10a_author (id integer, name varchar(15));
\p\g
insert into wia10a_author values (1001, 'Ritchie');
insert into wia10a_author values (1001, 'Kernighan');
\p\g

create table wia10a_subject (id integer, subject varchar(15));
\p\g
insert into wia10a_subject values (1001, 'C');
insert into wia10a_subject values (1001, 'programming');
insert into wia10a_subject values (1001, 'language');
\p\g

create table wia10a_tempreport (
	id integer,
	title varchar(30),
	name varchar(15) not null with default,
	subject varchar(15) not null with default,
	code integer
	);
\p\g
insert into wia10a_tempreport (id, title, name, code)
	select b.id, b.title, a.name, code=1
	from wia10a_book b, wia10a_author a
	where b.id = a.id;
\p\g
insert into wia10a_tempreport (id, title, subject, code)
	select b.id, b.title, s.subject, code=2
	from wia10a_book b, wia10a_subject s
	where b.id = s.id;
\p\g

create table wia10b_book (id integer, title varchar(30));
\p\g
insert into wia10b_book values (1001, 'The C Programming Language');
insert into wia10b_book values (1002, 'Computer Programming and Arch.');
insert into wia10b_book values (1003, 'The INGRES Papers');
insert into wia10b_book values (1004, 'Database Systems');
insert into wia10b_book values (1005, 'The Quiet American');
\p\g

create table wia10b_author (id integer, name varchar(15));
\p\g
insert into wia10b_author values (1001, 'Ritchie');
insert into wia10b_author values (1001, 'Kernighan');
insert into wia10b_author values (1002, 'Eckhouse');
insert into wia10b_author values (1002, 'Levy');
insert into wia10b_author values (1003, 'Stonebraker');
insert into wia10b_author values (1004, 'Ullman');
insert into wia10b_author values (1005, 'Greene');
\p\g

create table wia10b_subject (id integer, subject varchar(15));
\p\g
insert into wia10b_subject values (1001, 'C');
insert into wia10b_subject values (1001, 'programming');
insert into wia10b_subject values (1001, 'language');
insert into wia10b_subject values (1002, 'architecture');
insert into wia10b_subject values (1002, 'assembler');
insert into wia10b_subject values (1002, 'computer');
insert into wia10b_subject values (1002, 'programming');
insert into wia10b_subject values (1003, 'Database');
insert into wia10b_subject values (1003, 'INGRES');
insert into wia10b_subject values (1003, 'computer');
insert into wia10b_subject values (1004, 'Database');
insert into wia10b_subject values (1004, 'management');
insert into wia10b_subject values (1005, 'Vietnam');
\p\g

create table wia10b_tempreport (
	id integer,
	title varchar(30),
	name varchar(15) not null with default,
	subject varchar(15) not null with default,
	code integer
	);
\p\g
insert into wia10b_tempreport (id, title, name, code)
	select b.id, b.title, a.name, code=1
	from wia10b_book b, wia10b_author a
	where b.id = a.id;
\p\g
insert into wia10b_tempreport (id, title, subject, code)
	select b.id, b.title, s.subject, code=2
	from wia10b_book b, wia10b_subject s
	where b.id = s.id;
\p\g

create table wia10b_sub as
	select id, num_sub=count(subject)
	from wia10b_tempreport
	where subject != ''
	group by id;
\p\g

create table wia10b_auth as
	select id, num_auth=count(name)
	from wia10b_tempreport
	where name != ''
	group by id;
\p\g
!!
? sql -s SEPPARAMDB 
<<
>>
* \i xwia10a.qry
<<
~
>>
* \i xwia10b.qry
<<
 create table wia10a_book (id integer, title varchar(30));
insert into wia10a_book values (1001, 'The C Programming Language');
(1 row)

create table wia10a_author (id integer, name varchar(15));
insert into wia10a_author values (1001, 'Ritchie');
insert into wia10a_author values (1001, 'Kernighan');
(1 row)
(1 row)

create table wia10a_subject (id integer, subject varchar(15));
insert into wia10a_subject values (1001, 'C');
insert into wia10a_subject values (1001, 'programming');
insert into wia10a_subject values (1001, 'language');
(1 row)
(1 row)
(1 row)

create table wia10a_tempreport (
	id integer,
	title varchar(30),
	name varchar(15) not null with default,
	subject varchar(15) not null with default,
	code integer
	);
insert into wia10a_tempreport (id, title, name, code)
	select b.id, b.title, a.name, code=1
	from wia10a_book b, wia10a_author a
	where b.id = a.id;
(2 rows)
insert into wia10a_tempreport (id, title, subject, code)
	select b.id, b.title, s.subject, code=2
	from wia10a_book b, wia10a_subject s
	where b.id = s.id;
(3 rows)

create table wia10b_book (id integer, title varchar(30));
insert into wia10b_book values (1001, 'The C Programming Language');
insert into wia10b_book values (1002, 'Computer Programming and Arch.');
insert into wia10b_book values (1003, 'The INGRES Papers');
insert into wia10b_book values (1004, 'Database Systems');
insert into wia10b_book values (1005, 'The Quiet American');
(1 row)
(1 row)
(1 row)
(1 row)
(1 row)

create table wia10b_author (id integer, name varchar(15));
insert into wia10b_author values (1001, 'Ritchie');
insert into wia10b_author values (1001, 'Kernighan');
insert into wia10b_author values (1002, 'Eckhouse');
insert into wia10b_author values (1002, 'Levy');
insert into wia10b_author values (1003, 'Stonebraker');
insert into wia10b_author values (1004, 'Ullman');
insert into wia10b_author values (1005, 'Greene');
(1 row)
(1 row)
(1 row)
(1 row)
(1 row)
(1 row)
(1 row)

create table wia10b_subject (id integer, subject varchar(15));
insert into wia10b_subject values (1001, 'C');
insert into wia10b_subject values (1001, 'programming');
insert into wia10b_subject values (1001, 'language');
insert into wia10b_subject values (1002, 'architecture');
insert into wia10b_subject values (1002, 'assembler');
insert into wia10b_subject values (1002, 'computer');
insert into wia10b_subject values (1002, 'programming');
insert into wia10b_subject values (1003, 'Database');
insert into wia10b_subject values (1003, 'INGRES');
insert into wia10b_subject values (1003, 'computer');
insert into wia10b_subject values (1004, 'Database');
insert into wia10b_subject values (1004, 'management');
insert into wia10b_subject values (1005, 'Vietnam');
(1 row)
(1 row)
(1 row)
(1 row)
(1 row)
(1 row)
(1 row)
(1 row)
(1 row)
(1 row)
(1 row)
(1 row)
(1 row)

create table wia10b_tempreport (
	id integer,
	title varchar(30),
	name varchar(15) not null with default,
	subject varchar(15) not null with default,
	code integer
	);
insert into wia10b_tempreport (id, title, name, code)
	select b.id, b.title, a.name, code=1
	from wia10b_book b, wia10b_author a
	where b.id = a.id;
(7 rows)
insert into wia10b_tempreport (id, title, subject, code)
	select b.id, b.title, s.subject, code=2
	from wia10b_book b, wia10b_subject s
	where b.id = s.id;
(13 rows)

create table wia10b_sub as
	select id, num_sub=count(subject)
	from wia10b_tempreport
	where subject != ''
	group by id;
(5 rows)

create table wia10b_auth as
	select id, num_auth=count(name)
	from wia10b_tempreport
	where name != ''
	group by id;
(5 rows)
>>
* \q
<<
>>


Ending at: Tue May  7 15:00:03 1991
