/*

 Copyright (c) 2008 Ingres Corporation

 
	Test Name: odbc05.sep
	Time: Mon Apr  3 11:06:02 2000
	User Name: ingres
	Terminal type: septerm
 
        Test ID      : odbc05.sep
        Module       : odbc
        Filename     : odbc05.sep
        Purpose      : Testing Datatypes which are available on Gateway
        Input Files  : droptable.sql, gatewayodbctest.sql
        Output Files :
        Database     : odbcdb
        Tables       :
        Synopsis     :

 History: 02-May-2000	(ngutr03)	Created
	17-May-2001	(soura01)
		Changed to also run on w95 & w98 with a SEPPARAM_NODE.
	24-May-2001	(rogch01)
		Detect setting of SEPPARAM_NODE to allow client server
		operation on any OS.  Because the data source is defined from
		the ingres account on NT, the test needs to be run as ingres.
        26-Nov-2001     (sarjo01)
                Change testenv pw to ca-testenv for UNIX; Add ./ to odbctest
                command. Made UNIX build script a separate file.
        15-Jul-2004     (sarjo01)
                Added password variable, SEPPARAM_OPASSWORD
        12-Aug-2004     (sarjo01)
                Changed DSN name to testdsn 
        12-Aug-2004     (sarjo01)
                Recanonize.
        01-Oct-2004	(legru01)
		Ported test to operate on Windows without using the MKS 
		toolkit command "sh".Added "%"s for
		the Windows environment variable SEPPARAM_OPASSWORD.
        30-Jan-2006	(boija02) Updated copyright info for Ingres Corp.
	20-Jun-2007	(boija02) Deleting filled files makes debugging harder
	16-Jul-2008	(boija02) 
		Making the test work on VMS. Add vms-specific build commands &
		edit the source files to make them vms-compatible. Also, fixing
		use of SEPPARAM_NODE, which is not generally defined as a full
		vnode, replacing it with SEPPARAM_ODB.

*/
? delete runodbc.bat
<<
~
>>
? delete SEPPARAM_OPTFILE
<<
~
>>
? delete buildodbc.bat
<<
~
>>
? delete buildodbc.com
<<
~
>>
? delete runodbc.com
<<
~
>>
? delete runodbc
<<
~
>>
? delete buildodbc
<<
~
>>
? delete odbctest
<<
~
>>
? delete odbctest.h
<<
~
>>
? delete odbctest.c
<<
~
>>
? delete odbctest.o
<<
~
>>
? delete odbctest.obj
<<
~
>>
? delete odbctest.exe
<<
~
>>
? fill droptable.sql
!!
drop table char255\g
drop table character255\g
drop table t_smallint\g
drop table t_integer2\g
drop table t_integer\g
drop table t_integer4\g
drop table t_int\g
drop table t_decimal\g
drop table t_dec\g
drop table t_float\g
drop table t_double\g
drop table t_float4\g
drop table t_real\g
drop table t_date\g

!!
? fill gatewayodbctest.sql
!!
create table char255 ( aaa char(255))\g
insert into char255 values( 'aaaaaaaaaabbbbbbbbbbccccccccccddddddddddeeeeeeeeeefffff-
fffffgggggggggghhhhhhhhhhiiiiiiiiiijjjjjjjjjjkkkkkkkkkkllllllllllmmmmmmmmmmnnnnnnnnn-
nooooooooooppppppppppqqqqqqqqqqrrrrrrrrrrssssssssssttttttttttuuuuuuuuuuvvvvvvvvvvwww-
wwwwwwwxxxxxxxxxxyyyyyyyyyyzzzzz')\g
select * from char255\g
select length(aaa) as length from char255\g
create table character255 ( aaa character(255))\g
insert into character255 values( 'aaaaaaaaaabbbbbbbbbbccccccccccddddddddddeeeeeeeeee-
ffffffffffgggggggggghhhhhhhhhhiiiiiiiiiijjjjjjjjjjkkkkkkkkkkllllllllllmmmmmmmmmmnnnn-
nnnnnnooooooooooppppppppppqqqqqqqqqqrrrrrrrrrrssssssssssttttttttttuuuuuuuuuuvvvvvvvv-
vvwwwwwwwwwwxxxxxxxxxxyyyyyyyyyyzzzzz')\g
select * from character255\g
select length(aaa) as length from character255\g
create table t_smallint ( bbb smallint)\g
insert into t_smallint values ( -32768)\g
insert into t_smallint values ( 32767)\g
select * from t_smallint\g
create table t_integer2 ( bbb integer2)\g
insert into t_integer2 values ( -32768)\g
insert into t_integer2 values ( 32767)\g
select * from t_integer2\g
create table t_integer ( bbb integer)\g
insert into t_integer values ( -2147483648)\g
insert into t_integer values (  2147483647)\g
select * from t_integer\g
create table t_integer4 ( bbb integer4)\g
insert into t_integer4 values ( -2147483648)\g
insert into t_integer4  values ( 2147483647)\g
select * from t_integer4\g
create table t_int ( bbb int)\g
insert into t_int values ( -2147483648)\g
insert into t_int values (  2147483647)\g
select * from t_int\g
create table t_decimal (bbb decimal(31, 0))\g
insert into t_decimal values ( 1234567890123456789012345678901)\g
select * from t_decimal\g
drop table t_decimal\g
create table t_decimal (bbb decimal(31, 31))\g
insert into t_decimal values ( .1234567890123456789012345678901)\g
select * from t_decimal	\g
drop table t_decimal\g
create table t_decimal (bbb decimal(1, 1))\g
insert into t_decimal values ( .9)\g
select * from t_decimal\g
create table t_dec (bbb dec(31, 0))\g
insert into t_dec values ( 1234567890123456789012345678901)\g
select * from t_dec\g
drop table t_dec\g
create table t_dec (bbb dec(31, 31))\g
insert into t_dec values ( .1234567890123456789012345678901)\g
select * from t_dec\g
drop table t_dec\g
create table t_dec (bbb dec(1, 1))\g
insert into t_dec values ( .9)\g
select * from t_dec\g
create table t_float (bbb float(0))\g
insert into t_float values (1)\g
select * from t_float\g
drop table t_float\g
create table t_float (bbb float)\g
insert into t_float values ( -(1e+308))\g
insert into t_float values ( 1e+308)\g
insert into t_float values (  -1.0e+38)\g
insert into t_float values ( 1.0e+38)\g
select * from t_float\g
drop table t_float\g
create table t_float (bbb float(53))\g
insert into t_float values ( -(1e+308))\g
insert into t_float values ( 1e+308)\g
insert into t_float values (  -1.0e+38)\g
insert into t_float values ( 1.0e+38)\g
select * from t_float\g
create table t_double (bbb double precision)\g
insert into t_double values ( -(1e+308))\g
insert into t_double values ( 1e+308)\g
insert into t_double values (  -1.0e+38)\g
insert into t_double values ( 1.0e+38)\g
select * from t_double\g
create table t_float4 (bbb float4)\g
insert into t_float4 values (  -1.0e+38)\g
insert into t_float4 values ( 1.0e+38)\g
select * from t_float4\g
create table t_real (bbb real)\g
insert into t_real values (  -1.0e+38)\g
insert into t_real values ( 1.0e+38)\g
select * from t_real\g
create table t_date (aaa date)\g
insert into t_date values ('01/01/1583')\g
insert into t_date values (date('01/01/1583'))\g
insert into t_date values ('12/12/2382')\g
insert into t_date values (date('12/12/2382'))\g
insert into t_date values ('01-jan-1583')\g
insert into t_date values (date('01-jan-1583'))\g
insert into t_date values ( '31-dec-2382')\g
insert into t_date values ( date('31-dec-2382'))\g
insert into t_date values ( '1583.01.01')\g
insert into t_date values ( date('1583.01.01'))\g
insert into t_date values ( '2382.12.31')\g
insert into t_date values ( date('2382.12.31'))\g
insert into t_date values ( '1583_01_01')\g
insert into t_date values ( date('1583_01_01'))\g
insert into t_date values ( '2382_12_31')\g
insert into t_date values ( date('2382_12_31'))\g
insert into t_date values ( '1753_01_01')\g
insert into t_date values ( date('1753_01_01'))\g
insert into t_date values ( '010199')\g
insert into t_date values ( date('010199'))\g
insert into t_date values ( '01-09')\g
insert into t_date values ( date('01-09'))\g
insert into t_date values ( '09/30')\g
insert into t_date values ( date('09/30'))\g
select * from t_date\g
insert into t_date values ( '12/12/99 12:59:59')\g
insert into t_date values (date('12/12/99 12:59:59'))\g
insert into t_date values ( '31-dec-01 00:00:00')\g
insert into t_date values ( date('31-dec-01 00:00:00'))\g
insert into t_date values ( '12/12/99 12:59:59 gmt')\g
insert into t_date values ( date('12/12/99 12:59:59 gmt'))\g
insert into t_date values ( '31-dec-01 00:00:00 gmt')\g
insert into t_date values ( date('31-dec-01 00:00:00 gmt'))\g
insert into t_date values ( '31-dec-88 12:09:33 am' )\g
insert into t_date values ( date('31-dec-88 12:09:33 am'))\g
insert into t_date values ( '28-nov-99 12:00:59 pm')\g
insert into t_date values ( date('28-nov-99 12:00:59 pm'))\g
insert into t_date values ( '12/12/89 12:59')\g
insert into t_date values ( date('12/12/89 12:59'))\g
insert into t_date values ( '30-nov-09 12:59')\g
insert into t_date values ( date('30-nov-09 12:59'))\g
insert into t_date values ( '31-dec-89 12:59')\g
insert into t_date values ( date('31-dec-89 12:59'))\g
select * from t_date\g
!!
.if !SEPPARAM_ODB
? sql -s -utestenv odbcdb
<<

>>
.else
? sql -s -utestenv SEPPARAM_ODB
<<

>>
.endif
* \i droptable.sql
<<
~
>>
* \q
<<
>>
? cp @file(ing_tst,odbc,src,odbctest.h) odbctest.h
<<
>>
? cp @file(ing_tst,odbc,src,odbctest.c) odbctest.c
<<
>>
.if (VMS)
? fill runodbc.com
!!
$ mc []odbctest.exe -uid testenv -pwd ca_testenv -dsn testdsn -file gatewayodbctest.sql
!!
? setenv SEPPARAM_FILENAME runodbc.com
<<
~
>>
? cp @file(ing_tst,odbc,src,SEPPARAM_OPTFILE) SEPPARAM_OPTFILE
<<
>>
? cp @file(ing_tst,odbc,src,buildodbc.com) buildodbc.com
<<
>>
? run buildodbc.com SEPPARAM_OINC SEPPARAM_OPTFILE SEPPARAM_OCCFLAGS
<<
~
>>
.endif
.if (NT_GENERIC)
? setenv SEPPARAM_FILENAME runodbc.bat
<<
~
>>
? fill buildodbc.bat
!!
cl odbctest.c Odbc32.lib Odbccp32.lib
!!
? fill runodbc.bat
!!
odbctest.exe -uid testenv -pwd %SEPPARAM_OPASSWORD% -dsn testdsn -file gatewayodbctest.sql
!!
? run buildodbc.bat
<<
~
>>
.endif
.if (UNIX)
? setenv SEPPARAM_FILENAME runodbc
<<
~
>>
? cp @file(ing_tst,odbc,src,buildodbc.sh) buildodbc
<<
~
>>
? fill runodbc
!!
./odbctest.exe -uid testenv -pwd $SEPPARAM_OPASSWORD -dsn testdsn -file gatewayodbctest.sql
!!
? sh buildodbc odbctest.c
<<
~
>>
? run chmod +x runodbc
<<
~
>>
.endif
? run SEPPARAM_FILENAME
<<

Please wait . . .
Establishing a connection to 'testdsn' . . .
Attempt connecting 1 of 3 . . .
Successfully, connected to 'testdsn'.

Now executing test: 'gatewayodbctest.sql' . . .

Reading from 'gatewayodbctest.sql' . . .

* create table char255 ( aaa char(255))\g
Executing . . .

* insert into char255 values( 'aaaaaaaaaabbbbbbbbbbccccccccccddddddddddeeeeeeeeeefffff-
fffffgggggggggghhhhhhhhhhiiiiiiiiiijjjjjjjjjjkkkkkkkkkkllllllllllmmmmmmmmmmnnnnnnnnn-
nooooooooooppppppppppqqqqqqqqqqrrrrrrrrrrssssssssssttttttttttuuuuuuuuuuvvvvvvvvvvwww-
wwwwwwwxxxxxxxxxxyyyyyyyyyyzzzzz')\g
Executing . . .

(1 row)
* select * from char255\g
Executing . . .

+------------------------------------------------------------------------------------
-------------------------------------------------------------------------------------
-------------------------------------------------------------------------------------
----+
|aaa                                                                                -
                                                                                    -
                                                                                    -
    |
+------------------------------------------------------------------------------------
-------------------------------------------------------------------------------------
-------------------------------------------------------------------------------------
----+
|aaaaaaaaaabbbbbbbbbbccccccccccddddddddddeeeeeeeeeeffffffffffgggggggggghhhhhhhhhhiii-
iiiiiiijjjjjjjjjjkkkkkkkkkkllllllllllmmmmmmmmmmnnnnnnnnnnooooooooooppppppppppqqqqqqq-
qqqrrrrrrrrrrssssssssssttttttttttuuuuuuuuuuvvvvvvvvvvwwwwwwwwwwxxxxxxxxxxyyyyyyyyyyz-
zzzz|
+------------------------------------------------------------------------------------
-------------------------------------------------------------------------------------
-------------------------------------------------------------------------------------
----+

(1 row)
* select length(aaa) as length from char255\g
Executing . . .

+---------------+
|length         |
+---------------+
|            255|
+---------------+

(1 row)
* create table character255 ( aaa character(255))\g
Executing . . .

* insert into character255 values( 'aaaaaaaaaabbbbbbbbbbccccccccccddddddddddeeeeeeee-
eeffffffffffgggggggggghhhhhhhhhhiiiiiiiiiijjjjjjjjjjkkkkkkkkkkllllllllllmmmmmmmmmmnn-
nnnnnnnnooooooooooppppppppppqqqqqqqqqqrrrrrrrrrrssssssssssttttttttttuuuuuuuuuuvvvvvv-
vvvvwwwwwwwwwwxxxxxxxxxxyyyyyyyyyyzzzzz')\g
Executing . . .

(1 row)
* select * from character255\g
Executing . . .

+------------------------------------------------------------------------------------
-------------------------------------------------------------------------------------
-------------------------------------------------------------------------------------
----+
|aaa                                                                                -
                                                                                    -
                                                                                    -
    |
+------------------------------------------------------------------------------------
-------------------------------------------------------------------------------------
-------------------------------------------------------------------------------------
----+
|aaaaaaaaaabbbbbbbbbbccccccccccddddddddddeeeeeeeeeeffffffffffgggggggggghhhhhhhhhhiii-
iiiiiiijjjjjjjjjjkkkkkkkkkkllllllllllmmmmmmmmmmnnnnnnnnnnooooooooooppppppppppqqqqqqq-
qqqrrrrrrrrrrssssssssssttttttttttuuuuuuuuuuvvvvvvvvvvwwwwwwwwwwxxxxxxxxxxyyyyyyyyyyz-
zzzz|
+------------------------------------------------------------------------------------
-------------------------------------------------------------------------------------
-------------------------------------------------------------------------------------
----+

(1 row)
* select length(aaa) as length from character255\g
Executing . . .

+---------------+
|length         |
+---------------+
|            255|
+---------------+

(1 row)
* create table t_smallint ( bbb smallint)\g
Executing . . .

* insert into t_smallint values ( -32768)\g
Executing . . .

(1 row)
* insert into t_smallint values ( 32767)\g
Executing . . .

(1 row)
* select * from t_smallint\g
Executing . . .

+----------+
|bbb       |
+----------+
|    -32768|
|     32767|
+----------+

(2 rows)
* create table t_integer2 ( bbb integer2)\g
Executing . . .

* insert into t_integer2 values ( -32768)\g
Executing . . .

(1 row)
* insert into t_integer2 values ( 32767)\g
Executing . . .

(1 row)
* select * from t_integer2\g
Executing . . .

+----------+
|bbb       |
+----------+
|    -32768|
|     32767|
+----------+

(2 rows)
* create table t_integer ( bbb integer)\g
Executing . . .

* insert into t_integer values ( -2147483648)\g
Executing . . .

(1 row)
* insert into t_integer values (  2147483647)\g
Executing . . .

(1 row)
* select * from t_integer\g
Executing . . .

+---------------+
|bbb            |
+---------------+
|    -2147483648|
|     2147483647|
+---------------+

(2 rows)
* create table t_integer4 ( bbb integer4)\g
Executing . . .

* insert into t_integer4 values ( -2147483648)\g
Executing . . .

(1 row)
* insert into t_integer4  values ( 2147483647)\g
Executing . . .

(1 row)
* select * from t_integer4\g
Executing . . .

+---------------+
|bbb            |
+---------------+
|    -2147483648|
|     2147483647|
+---------------+

(2 rows)
* create table t_int ( bbb int)\g
Executing . . .

* insert into t_int values ( -2147483648)\g
Executing . . .

(1 row)
* insert into t_int values (  2147483647)\g
Executing . . .

(1 row)
* select * from t_int\g
Executing . . .

+---------------+
|bbb            |
+---------------+
|    -2147483648|
|     2147483647|
+---------------+

(2 rows)
* create table t_decimal (bbb decimal(31, 0))\g
Executing . . .

* insert into t_decimal values ( 1234567890123456789012345678901)\g
Executing . . .

(1 row)
* select * from t_decimal\g
Executing . . .

+------------------------------------+
|bbb                                 |
+------------------------------------+
|     1234567890123456789012345678901|
+------------------------------------+

(1 row)
* drop table t_decimal\g
Executing . . .

* create table t_decimal (bbb decimal(31, 31))\g
Executing . . .

* insert into t_decimal values ( .1234567890123456789012345678901)\g
Executing . . .

(1 row)
* select * from t_decimal	\g
Executing . . .

+------------------------------------+
|bbb                                 |
+------------------------------------+
|   0.1234567890123456789012345678901|
+------------------------------------+

(1 row)
* drop table t_decimal\g
Executing . . .

* create table t_decimal (bbb decimal(1, 1))\g
Executing . . .

* insert into t_decimal values ( .9)\g
Executing . . .

(1 row)
* select * from t_decimal\g
Executing . . .

+------+
|bbb   |
+------+
|   0.9|
+------+

(1 row)
* create table t_dec (bbb dec(31, 0))\g
Executing . . .

* insert into t_dec values ( 1234567890123456789012345678901)\g
Executing . . .

(1 row)
* select * from t_dec\g
Executing . . .

+------------------------------------+
|bbb                                 |
+------------------------------------+
|     1234567890123456789012345678901|
+------------------------------------+

(1 row)
* drop table t_dec\g
Executing . . .

* create table t_dec (bbb dec(31, 31))\g
Executing . . .

* insert into t_dec values ( .1234567890123456789012345678901)\g
Executing . . .

(1 row)
* select * from t_dec\g
Executing . . .

+------------------------------------+
|bbb                                 |
+------------------------------------+
|   0.1234567890123456789012345678901|
+------------------------------------+

(1 row)
* drop table t_dec\g
Executing . . .

* create table t_dec (bbb dec(1, 1))\g
Executing . . .

* insert into t_dec values ( .9)\g
Executing . . .

(1 row)
* select * from t_dec\g
Executing . . .

+------+
|bbb   |
+------+
|   0.9|
+------+

(1 row)
* create table t_float (bbb float(0))\g
Executing . . .

* insert into t_float values (1)\g
Executing . . .

(1 row)
* select * from t_float\g
Executing . . .

+------------+
|bbb         |
+------------+
|       1.000|
+------------+

(1 row)
* drop table t_float\g
Executing . . .

* create table t_float (bbb float)\g
Executing . . .

* insert into t_float values ( -(1e+308))\g
Executing . . .

(1 row)
* insert into t_float values ( 1e+308)\g
Executing . . .

(1 row)
* insert into t_float values (  -1.0e+38)\g
Executing . . .

(1 row)
* insert into t_float values ( 1.0e+38)\g
Executing . . .

(1 row)
* select * from t_float\g
Executing . . .

+--------------------+
|bbb                 |
+--------------------+
|         -1.000e+308|
|          1.000e+308|
|          -1.000e+38|
|           1.000e+38|
+--------------------+

(4 rows)
* drop table t_float\g
Executing . . .

* create table t_float (bbb float(53))\g
Executing . . .

* insert into t_float values ( -(1e+308))\g
Executing . . .

(1 row)
* insert into t_float values ( 1e+308)\g
Executing . . .

(1 row)
* insert into t_float values (  -1.0e+38)\g
Executing . . .

(1 row)
* insert into t_float values ( 1.0e+38)\g
Executing . . .

(1 row)
* select * from t_float\g
Executing . . .

+--------------------+
|bbb                 |
+--------------------+
|         -1.000e+308|
|          1.000e+308|
|          -1.000e+38|
|           1.000e+38|
+--------------------+

(4 rows)
* create table t_double (bbb double precision)\g
Executing . . .

* insert into t_double values ( -(1e+308))\g
Executing . . .

(1 row)
* insert into t_double values ( 1e+308)\g
Executing . . .

(1 row)
* insert into t_double values (  -1.0e+38)\g
Executing . . .

(1 row)
* insert into t_double values ( 1.0e+38)\g
Executing . . .

(1 row)
* select * from t_double\g
Executing . . .

+--------------------+
|bbb                 |
+--------------------+
|         -1.000e+308|
|          1.000e+308|
|          -1.000e+38|
|           1.000e+38|
+--------------------+

(4 rows)
* create table t_float4 (bbb float4)\g
Executing . . .

* insert into t_float4 values (  -1.0e+38)\g
Executing . . .

(1 row)
* insert into t_float4 values ( 1.0e+38)\g
Executing . . .

(1 row)
* select * from t_float4\g
Executing . . .

+------------+
|bbb         |
+------------+
|  -1.000e+38|
|   1.000e+38|
+------------+

(2 rows)
* create table t_real (bbb real)\g
Executing . . .

* insert into t_real values (  -1.0e+38)\g
Executing . . .

(1 row)
* insert into t_real values ( 1.0e+38)\g
Executing . . .

(1 row)
* select * from t_real\g
Executing . . .

+------------+
|bbb         |
+------------+
|  -1.000e+38|
|   1.000e+38|
+------------+

(2 rows)
* create table t_date (aaa date)\g
Executing . . .

* insert into t_date values ('01/01/1583')\g
Executing . . .

(1 row)
* insert into t_date values (date('01/01/1583'))\g
Executing . . .

(1 row)
* insert into t_date values ('12/12/2382')\g
Executing . . .

(1 row)
* insert into t_date values (date('12/12/2382'))\g
Executing . . .

(1 row)
* insert into t_date values ('01-jan-1583')\g
Executing . . .

(1 row)
* insert into t_date values (date('01-jan-1583'))\g
Executing . . .

(1 row)
* insert into t_date values ( '31-dec-2382')\g
Executing . . .

(1 row)
* insert into t_date values ( date('31-dec-2382'))\g
Executing . . .

(1 row)
* insert into t_date values ( '1583.01.01')\g
Executing . . .

(1 row)
* insert into t_date values ( date('1583.01.01'))\g
Executing . . .

(1 row)
* insert into t_date values ( '2382.12.31')\g
Executing . . .

(1 row)
* insert into t_date values ( date('2382.12.31'))\g
Executing . . .

(1 row)
* insert into t_date values ( '1583_01_01')\g
Executing . . .

(1 row)
* insert into t_date values ( date('1583_01_01'))\g
Executing . . .

(1 row)
* insert into t_date values ( '2382_12_31')\g
Executing . . .

(1 row)
* insert into t_date values ( date('2382_12_31'))\g
Executing . . .

(1 row)
* insert into t_date values ( '1753_01_01')\g
Executing . . .

(1 row)
* insert into t_date values ( date('1753_01_01'))\g
Executing . . .

(1 row)
* insert into t_date values ( '010199')\g
Executing . . .

(1 row)
* insert into t_date values ( date('010199'))\g
Executing . . .

(1 row)
* insert into t_date values ( '01-09')\g
Executing . . .

(1 row)
* insert into t_date values ( date('01-09'))\g
Executing . . .

(1 row)
* insert into t_date values ( '09/30')\g
Executing . . .

(1 row)
* insert into t_date values ( date('09/30'))\g
Executing . . .

(1 row)
* select * from t_date\g
Executing . . .

+-------------------------+
|aaa                      |
+-------------------------+
|1583-01-01 00:00:00      |
|1583-01-01 00:00:00      |
|2382-12-12 00:00:00      |
|2382-12-12 00:00:00      |
|1583-01-01 00:00:00      |
|1583-01-01 00:00:00      |
|2382-12-31 00:00:00      |
|2382-12-31 00:00:00      |
|1583-01-01 00:00:00      |
|1583-01-01 00:00:00      |
|2382-12-31 00:00:00      |
|2382-12-31 00:00:00      |
|1583-01-01 00:00:00      |
|1583-01-01 00:00:00      |
|2382-12-31 00:00:00      |
|2382-12-31 00:00:00      |
|1753-01-01 00:00:00      |
|1753-01-01 00:00:00      |
|1999-01-01 00:00:00      |
|1999-01-01 00:00:00      |
|2004-01-09 00:00:00      |
|2004-01-09 00:00:00      |
|2004-09-30 00:00:00      |
|2004-09-30 00:00:00      |
+-------------------------+

(24 rows)
* insert into t_date values ( '12/12/99 12:59:59')\g
Executing . . .

(1 row)
* insert into t_date values (date('12/12/99 12:59:59'))\g
Executing . . .

(1 row)
* insert into t_date values ( '31-dec-01 00:00:00')\g
Executing . . .

(1 row)
* insert into t_date values ( date('31-dec-01 00:00:00'))\g
Executing . . .

(1 row)
* insert into t_date values ( '12/12/99 12:59:59 gmt')\g
Executing . . .

(1 row)
* insert into t_date values ( date('12/12/99 12:59:59 gmt'))\g
Executing . . .

(1 row)
* insert into t_date values ( '31-dec-01 00:00:00 gmt')\g
Executing . . .

(1 row)
* insert into t_date values ( date('31-dec-01 00:00:00 gmt'))\g
Executing . . .

(1 row)
* insert into t_date values ( '31-dec-88 12:09:33 am' )\g
Executing . . .

(1 row)
* insert into t_date values ( date('31-dec-88 12:09:33 am'))\g
Executing . . .

(1 row)
* insert into t_date values ( '28-nov-99 12:00:59 pm')\g
Executing . . .

(1 row)
* insert into t_date values ( date('28-nov-99 12:00:59 pm'))\g
Executing . . .

(1 row)
* insert into t_date values ( '12/12/89 12:59')\g
Executing . . .

(1 row)
* insert into t_date values ( date('12/12/89 12:59'))\g
Executing . . .

(1 row)
* insert into t_date values ( '30-nov-09 12:59')\g
Executing . . .

(1 row)
* insert into t_date values ( date('30-nov-09 12:59'))\g
Executing . . .

(1 row)
* insert into t_date values ( '31-dec-89 12:59')\g
Executing . . .

(1 row)
* insert into t_date values ( date('31-dec-89 12:59'))\g
Executing . . .

(1 row)
* select * from t_date\g
Executing . . .

+-------------------------+
|aaa                      |
+-------------------------+
|1583-01-01 00:00:00      |
|1583-01-01 00:00:00      |
|2382-12-12 00:00:00      |
|2382-12-12 00:00:00      |
|1583-01-01 00:00:00      |
|1583-01-01 00:00:00      |
|2382-12-31 00:00:00      |
|2382-12-31 00:00:00      |
|1583-01-01 00:00:00      |
|1583-01-01 00:00:00      |
|2382-12-31 00:00:00      |
|2382-12-31 00:00:00      |
|1583-01-01 00:00:00      |
|1583-01-01 00:00:00      |
|2382-12-31 00:00:00      |
|2382-12-31 00:00:00      |
|1753-01-01 00:00:00      |
|1753-01-01 00:00:00      |
|1999-01-01 00:00:00      |
|1999-01-01 00:00:00      |
|2004-01-09 00:00:00      |
|2004-01-09 00:00:00      |
|2004-09-30 00:00:00      |
|2004-09-30 00:00:00      |
|1999-12-12 12:59:59      |
|1999-12-12 12:59:59      |
|2001-12-31 00:00:00      |
|2001-12-31 00:00:00      |
|1999-12-12 04:59:59      |
|1999-12-12 04:59:59      |
|2001-12-30 16:00:00      |
|2001-12-30 16:00:00      |
|1988-12-31 00:09:33      |
|1988-12-31 00:09:33      |
|1999-11-28 12:00:59      |
|1999-11-28 12:00:59      |
|1989-12-12 12:59:00      |
|1989-12-12 12:59:00      |
|2009-11-30 12:59:00      |
|2009-11-30 12:59:00      |
|1989-12-31 12:59:00      |
|1989-12-31 12:59:00      |
+-------------------------+

(42 rows)
>>
? delete buildodbc
<<
~
>>
? delete odbctest
<<
~
>>
? delete odbctest.h
<<
~
>>
? delete odbctest.c
<<
~
>>
? delete odbctest.o
<<
~
>>
? delete odbctest.obj
<<
~
>>
? delete odbctest.exe
<<
~
>>
? delete SEPPARAM_OPTFILE
<<
~
>>
? delete buildodbc.com
<<
~
>>

Ending at: Thu Jul 15 08:57:47 2004
