/*
Copyright (c) 2007 Ingres Corporation

	Test Name: vps01.sep
	Time: Tue Oct 29 05:18:01 1996
	User Name: testenv
	Terminal type: septerm
 
	Test ID : (TBD)
	Module  : 
	Filename:
	Purpose	:
	Input Files  :
	Output Files :
	Database     : SEPPARAMDB 
	Tables       : tab2k
	Synopsis     : After modify table to STR_ST with page_size=4096
                       select, update and delete from table should work
		       properly for column datatype integer, smallint, and
		       integer1
 History: 29-Oct-1996	(Author)  Created by wanya01
          28-May-1997   (seran01) Changed canons to reflect the output from
				  help table command in OI 2.0 release
          07-Jan-1999   (hanch04) Replace table version with TBL_VER
	  24-Mar-1999   (vande02) Hard-coded TBL_VER (grammar.lex masks for
                                  table versions)
	  13-Apr-1999   (vande02) Adding alt canons for hash sort order
          14-Apr-1999	(vande02) Alternate canons for btree sort sequence
          14-Apr-1999	(vande02) Adding alternate canons for isam sort order
          15-Apr-1999	(vande02) Help canon expects default Page size=2048
          04-May-2007	(vande02) Added order by clauses to ensure row order
				  and removed unnecessary multiple canons.
          31-Mar-2010   (hanal04) Bug 123481 Extend width of Type column in
                                  HELP TABLE output.
*/
? sql -s SEPPARAMDB 
<<

>>
* set autocommit on\g
<<

>>
* drop table tab2k\g
<<
~
>>
* create table tab2k(col1 integer1, col2 smallint, col3 integer) \g   
<<

>>
* help table tab2k\g 
<<
Name:                 tab2k
Owner:                testenv
Created:              29-oct-1996 06:10:58     
Location:             ii_database
Type:                 user table
Version:              OI2.0
Page size:            2048
Cache priority:       0
Alter table version:  0
Alter table totwidth: 10
Row width:            10
Number of rows:       0
Storage structure:    heap
Compression:          none
Duplicate Rows:       allowed
Number of pages:      3
Overflow data pages:  0
Journaling:           enabled after the next checkpoint
Base table for view:  no
Permissions:          none
Integrities:          none
Optimizer statistics: none

Column Information:
                                                                          Key
Column Name                      Type               Length Nulls Defaults Seq
col1                             integer                 1  yes    null       
col2                             integer                 2  yes    null       
col3                             integer                 4  yes    null       

Secondary indexes:    none



>>
* insert into tab2k values(-128, -32768, 0)\g 
<<
(1 row)
>>
* insert into tab2k values(127, 32767, 0)\g
<<
(1 row)
>>
* insert into tab2k values(27, 2767, 9900)\g
<<
(1 row)
>>
* insert into tab2k values(-27, -2767, -9900)\g
<<
(1 row)
>>
* insert into tab2k values(0, 123 , 999999)\g
<<
(1 row)
>>
* select * from tab2k order by 1\g 
<<

+------+------+-------------+
|col1  |col2  |col3         |
+------+------+-------------+
|  -128|-32768|            0|
|   -27| -2767|        -9900|
|     0|   123|       999999|
|    27|  2767|         9900|
|   127| 32767|            0|
+------+------+-------------+
(5 rows)
>>
* modify tab2k to STR_ST with page_size=4096\g
<<
(5 rows)
>>
* select * from tab2k order by 1\g
<<

+------+------+-------------+
|col1  |col2  |col3         |
+------+------+-------------+
|  -128|-32768|            0|
|   -27| -2767|        -9900|
|     0|   123|       999999|
|    27|  2767|         9900|
|   127| 32767|            0|
+------+------+-------------+
(5 rows)
>>
* update tab2k set col1=127 where col2=-32768 and col3=0\g
<<
(1 row)
>>
* select * from tab2k order by 2\g
<<

+------+------+-------------+
|col1  |col2  |col3         |
+------+------+-------------+
|   127|-32768|            0|
|   -27| -2767|        -9900|
|     0|   123|       999999|
|    27|  2767|         9900|
|   127| 32767|            0|
+------+------+-------------+
(5 rows)
>>
* delete from tab2k where col1=127 and col2=-32768\g
<<
(1 row)
>>
* select * from tab2k order by 1\g
<<

+------+------+-------------+
|col1  |col2  |col3         |
+------+------+-------------+
|   -27| -2767|        -9900|
|     0|   123|       999999|
|    27|  2767|         9900|
|   127| 32767|            0|
+------+------+-------------+
(4 rows)
>>
* delete  from tab2k where col3>=0\g
<<
(3 rows)
>>
* select * from tab2k\g
<<

+------+------+-------------+
|col1  |col2  |col3         |
+------+------+-------------+
|   -27| -2767|        -9900|
+------+------+-------------+
(1 row)
>>
* delete from tab2k\g
<<
(1 row)
>>
* drop table tab2k\g
<<

>>
* \q
<<

>>


Ending at: Wed Apr 14 14:15:46 1999
