/*
	Test Name: alttbl44.sep
	Time: Thu Jan 16 05:31:12 1997
	User Name: testenv
	Terminal type: septerm
 
	Test ID : (TBD)
	Module  : 
	Filename:
	Purpose	:
	Input Files  :
	Output Files :
	Database     :
	Tables       :
	Synopsis     : addtional alter table drop column (column has check 
		       constraint) testing.

 History: 16-Jan-1997	(wanya01)	Created
          03/23/99      (kamra01)  Modified the page_size to 8K instead of vpg_sz	 
*/
? fill alttbl44.sql 
!!
set autocommit on \p\g
drop table t\p\g
create table t (col1 int, col2 int ) with page_size = 8192 \p\g
alter table t drop column col2 restrict \p\g
alter table t add column col3 int \p\g
alter table t add constraint c1 check (col1>0) \p\g
alter table t add constraint c2 check (col3 >0) \p\g
insert into t values(-1,8) \p\g
insert into t values(8,-1) \p\g
insert into t values(1,1) \p\g
update t set col3=0 where col1=1 \p\g
update t set col3=9 where col1=1 \p\g
update t set col1=0 where col3=9 \p\g
update t set col1=1 where col3=9 \p\g
modify t to heap \p\g
insert into t values(-1,8) \p\g
insert into t values(8,-1) \p\g
insert into t values(1,1) \p\g
update t set col3=0 where col1=1 \p\g
update t set col3=9 where col1=1 \p\g
update t set col1=0 where col3=9 \p\g
update t set col1=1 where col3=9 \p\g
select * from t\p\g
drop table t \p\g

create table t (col1 int, col2 int ) with page_size= 8192 \p\g
insert into t values(1,1) \p\g
alter table t add column col3 int constraint c1 check( col3 is not null) \p\g
insert into t values(2,2,2)\p\g
alter table t drop column col3 restrict \p\g
alter table t drop column col3 cascade \p\g
select * from t \p\g
drop table t\p\g


!!
? sql -s SEPPARAMDB 
<<

>>
* \i alttbl44.sql 
<<
/* SQL Startup File */
set autocommit on 
drop table t
E_US0AC1 DROP: 't' does not exist or is not owned by you.
    (Thu Jan 16 05:32:39 1997)

create table t (col1 int, col2 int ) with page_size = 8192 
alter table t drop column col2 restrict 
alter table t add column col3 int 
alter table t add constraint c1 check (col1>0) 
alter table t add constraint c2 check (col3 >0) 
insert into t values(-1,8) 
E_US1905 Check integrity constraint '"c1"'
    on table '"t"' was violated.
    (Thu Jan 16 05:32:48 1997)

insert into t values(8,-1) 
E_US1905 Check integrity constraint '"c2"'
    on table '"t"' was violated.
    (Thu Jan 16 05:32:48 1997)

insert into t values(1,1) 
(1 row)
update t set col3=0 where col1=1 
E_US1905 Check integrity constraint '"c2"'
    on table '"t"' was violated.
    (Thu Jan 16 05:32:48 1997)

update t set col3=9 where col1=1 
(1 row)
update t set col1=0 where col3=9 
E_US1905 Check integrity constraint '"c1"'
    on table '"t"' was violated.
    (Thu Jan 16 05:32:48 1997)

update t set col1=1 where col3=9 
(1 row)
modify t to heap 
(1 row)
insert into t values(-1,8) 
E_US1905 Check integrity constraint '"c1"'
    on table '"t"' was violated.
    (Thu Jan 16 05:32:49 1997)

insert into t values(8,-1) 
E_US1905 Check integrity constraint '"c2"'
    on table '"t"' was violated.
    (Thu Jan 16 05:32:49 1997)

insert into t values(1,1) 
(1 row)
update t set col3=0 where col1=1 
E_US1905 Check integrity constraint '"c2"'
    on table '"t"' was violated.
    (Thu Jan 16 05:32:50 1997)

update t set col3=9 where col1=1 
(2 rows)
update t set col1=0 where col3=9 
E_US1905 Check integrity constraint '"c1"'
    on table '"t"' was violated.
    (Thu Jan 16 05:32:50 1997)

update t set col1=1 where col3=9 
(2 rows)
select * from t

+-------------+-------------+
|col1         |col3         |
+-------------+-------------+
|            1|            9|
|            1|            9|
+-------------+-------------+
(2 rows)
drop table t 

create table t (col1 int, col2 int ) with page_size= 8192 
insert into t values(1,1) 
(1 row)
alter table t add column col3 int constraint c1 check( col3 is not null) 
insert into t values(2,2,2)
(1 row)
alter table t drop column col3 restrict 
E_QE016B ALTER TABLE DROP COLUMN RESTRICT:  restricted destruction of base
    table column cannot proceed as it  has one or more dependent objects
    which would become abandoned.
    (Thu Jan 16 05:32:53 1997)

alter table t drop column col3 cascade 
select * from t 

+-------------+-------------+
|col1         |col2         |
+-------------+-------------+
|            1|            1|
|            2|            2|
+-------------+-------------+
(2 rows)
drop table t
>>
* \q 
<<

>>


Ending at: Thu Jan 16 05:33:06 1997
