/*
	Test Name: alttbl14.sep
	Time: Tue Oct 22 07:32:01 1996
	User Name: testenv
	Terminal type: septerm
 
	Test ID : alttbl14
	Module  : be/alttbl
	Filename: alttbl10.sep
	Purpose : To test that a column of different data types can be appended
                  to a table with one existing column of type money, using the
		  'alter table' command.
	Input Files  : none
	Output Files : none
	Database     : alttbldb
	Tables       : t1
	Synopsis     : Table t1 is created with a money column and three rows
                       are then inserted in it. Using 'alter table' command
                       another column is added of a different data type. A
                       combination of selects, inserts, updates and deletes
                       are performed to verify the integrity of the table and
                       the data it contains.

 History: 23-Mar-1999	(kamra01) Modified the page_size to 8K instead of
			vpg_sz.
          26-Mar-2001	(hanch04) Update test for Ingres 2.6
          22-May-2001	(BOIJA02) New canons for order by, drop col2 ordering.
           4-Oct-2001	(devjo01) Add alternate canon for LP64 (64 bit pointer
			in "coupon" placeholder for long data type columns
			effects row widths, etc.)
	  13-Nov-2001	(rogch01) Correct float precision after fix to bug
			105957.  Reorder alternate canons for generic last.
			Add some of this header.
	   4-Jun-2004	(shafa01) Replaced all huge canons and added a single
                        canon per transaction. Removed /p from every SQL
			command. Removed all 'help table' commands as it does
                        not prove to be a viable test. This change does not
			require to have any alternate canons for LP64 place
			holders. Removed modify to heap statements as tables
			are by default created with a heap structure. Added
			missing test information in the header section above.
			Also aligned the history records.


*/
? sql -s SEPPARAMDB 
<<
>>
* drop table t1 \g
<<
~
>>
* create table t1 (col1 money) with page_size = 8192 \g
<<
>>
* insert into t1 values ('$1111.11') \g
<<
(1 row)
>>
* insert into t1 values ('$2222.22') \g
<<
(1 row)
>>
* insert into t1 values ('$3333.33') \g
<<
(1 row)
>>
* commit \g
<<
>>
* select * from t1 order by col1 \g
<<

+--------------------+
|col1                |
+--------------------+
|            $1111.11|
|            $2222.22|
|            $3333.33|
+--------------------+
(3 rows)
>>
* alter table t1 add col2 char(5) \g
<<
>>
* commit \g
<<
>>
* select * from t1 order by col1 \g
<<

+--------------------+------+
|col1                |col2  |
+--------------------+------+
|            $1111.11|      |
|            $2222.22|      |
|            $3333.33|      |
+--------------------+------+
(3 rows)
>>
* insert into t1 values ('$4444.44','mnopq') \g
<<
(1 row)
>>
* commit \g
<<
>>
* select * from t1 order by col1 \g
<<

+--------------------+------+
|col1                |col2  |
+--------------------+------+
|            $1111.11|      |
|            $2222.22|      |
|            $3333.33|      |
|            $4444.44|mnopq |
+--------------------+------+
(4 rows)
>>
* update t1 set col1='$5555.55',col2='MNOPQ' where col1='$4444.44' \g
<<
(1 row)
>>
* select * from t1 order by col1 \g
<<

+--------------------+------+
|col1                |col2  |
+--------------------+------+
|            $1111.11|      |
|            $2222.22|      |
|            $3333.33|      |
|            $5555.55|MNOPQ |
+--------------------+------+
(4 rows)
>>
* update t1 set col2='GHIJK' where col1 = '$3333.33' \g
<<
(1 row)
>>
* select * from t1 order by col1 \g
<<

+--------------------+------+
|col1                |col2  |
+--------------------+------+
|            $1111.11|      |
|            $2222.22|      |
|            $3333.33|GHIJK |
|            $5555.55|MNOPQ |
+--------------------+------+
(4 rows)
>>
* update t1 set col2='DEFGH' where col1 = '$1111.11' \g
<<
(1 row)
>>
* select * from t1 order by col1 \g
<<

+--------------------+------+
|col1                |col2  |
+--------------------+------+
|            $1111.11|DEFGH |
|            $2222.22|      |
|            $3333.33|GHIJK |
|            $5555.55|MNOPQ |
+--------------------+------+
(4 rows)
>>
* delete from t1 where col1='$5555.55'  and col2='MNOPQ' \g
<<
(1 row)
>>
* select * from t1 order by col1 \g
<<

+--------------------+------+
|col1                |col2  |
+--------------------+------+
|            $1111.11|DEFGH |
|            $2222.22|      |
|            $3333.33|GHIJK |
+--------------------+------+
(3 rows)
>>
* delete from t1 where col1= '$3333.33' and col2='GHIJK' \g
<<
(1 row)
>>
* select * from t1 order by col1 \g
<<

+--------------------+------+
|col1                |col2  |
+--------------------+------+
|            $1111.11|DEFGH |
|            $2222.22|      |
+--------------------+------+
(2 rows)
>>
* delete from t1 where col1='$1111.11' and col2='DEFGH' \g
<<
(1 row)
>>
* commit \g
<<
>>
* select * from t1 order by col1 \g
<<

+--------------------+------+
|col1                |col2  |
+--------------------+------+
|            $2222.22|      |
+--------------------+------+
(1 row)
>>
* drop table t1 \g
<<
>>
* commit \g
<<
>>
* create table t1 (col1 money) with page_size = 8192 \g
<<
>>
* insert into t1 values ('$1111.11') \g
<<
(1 row)
>>
* insert into t1 values ('$2222.22') \g
<<
(1 row)
>>
* insert into t1 values ('$3333.33') \g
<<
(1 row)
>>
* commit \g
<<
>>
* select * from t1 order by col1 \g
<<

+--------------------+
|col1                |
+--------------------+
|            $1111.11|
|            $2222.22|
|            $3333.33|
+--------------------+
(3 rows)
>>
* alter table t1 add col2 varchar(5) \g
<<
>>
* commit \g
<<
>>
* select * from t1 order by col1 \g
<<

+--------------------+------+
|col1                |col2  |
+--------------------+------+
|            $1111.11|      |
|            $2222.22|      |
|            $3333.33|      |
+--------------------+------+
(3 rows)
>>
* insert into t1 values ('$4444.44','mnopq') \g
<<
(1 row)
>>
* commit \g
<<
>>
* select * from t1 order by col1 \g
<<

+--------------------+------+
|col1                |col2  |
+--------------------+------+
|            $1111.11|      |
|            $2222.22|      |
|            $3333.33|      |
|            $4444.44|mnopq |
+--------------------+------+
(4 rows)
>>
* update t1 set col1='$5555.55',col2='MNOPQ' where col1='$4444.44' \g
<<
(1 row)
>>
* select * from t1 order by col1 \g
<<

+--------------------+------+
|col1                |col2  |
+--------------------+------+
|            $1111.11|      |
|            $2222.22|      |
|            $3333.33|      |
|            $5555.55|MNOPQ |
+--------------------+------+
(4 rows)
>>
* update t1 set col2='GHIJK' where col1 = '$3333.33' \g
<<
(1 row)
>>
* select * from t1 order by col1 \g
<<

+--------------------+------+
|col1                |col2  |
+--------------------+------+
|            $1111.11|      |
|            $2222.22|      |
|            $3333.33|GHIJK |
|            $5555.55|MNOPQ |
+--------------------+------+
(4 rows)
>>
* update t1 set col2='DEFGH' where col1 = '$1111.11' \g
<<
(1 row)
>>
* select * from t1 order by col1 \g
<<

+--------------------+------+
|col1                |col2  |
+--------------------+------+
|            $1111.11|DEFGH |
|            $2222.22|      |
|            $3333.33|GHIJK |
|            $5555.55|MNOPQ |
+--------------------+------+
(4 rows)
>>
* delete from t1 where col1='$5555.55'  and col2='MNOPQ' \g
<<
(1 row)
>>
* select * from t1 order by col1 \g
<<

+--------------------+------+
|col1                |col2  |
+--------------------+------+
|            $1111.11|DEFGH |
|            $2222.22|      |
|            $3333.33|GHIJK |
+--------------------+------+
(3 rows)
>>
* delete from t1 where col1= '$3333.33' and col2='GHIJK' \g
<<
(1 row)
>>
* select * from t1 order by col1 \g
<<

+--------------------+------+
|col1                |col2  |
+--------------------+------+
|            $1111.11|DEFGH |
|            $2222.22|      |
+--------------------+------+
(2 rows)
>>
* delete from t1 where col1='$1111.11' and col2='DEFGH' \g
<<
(1 row)
>>
* commit \g
<<
>>
* select * from t1 order by col1 \g
<<

+--------------------+------+
|col1                |col2  |
+--------------------+------+
|            $2222.22|      |
+--------------------+------+
(1 row)
>>
* drop table t1 \g
<<
>>
* commit \g
<<
>>
* create table t1 (col1 money) with page_size = 8192 \g
<<
>>
* insert into t1 values ('$1111.11') \g
<<
(1 row)
>>
* insert into t1 values ('$2222.22') \g
<<
(1 row)
>>
* insert into t1 values ('$3333.33') \g
<<
(1 row)
>>
* commit \g
<<
>>
* select * from t1 order by col1 \g
<<

+--------------------+
|col1                |
+--------------------+
|            $1111.11|
|            $2222.22|
|            $3333.33|
+--------------------+
(3 rows)
>>
* alter table t1 add col2 long varchar \g
<<
>>
* commit \g
<<
>>
* select * from t1 order by col1 \g
<<

+--------------------+--------------------------------+
|col1                |col2                            |
+--------------------+--------------------------------+
|            $1111.11|                                |
|            $2222.22|                                |
|            $3333.33|                                |
+--------------------+--------------------------------+
(3 rows)
>>
* insert into t1 values ('$4444.44','mnopq') \g
<<
(1 row)
>>
* commit \g
<<
>>
* select * from t1 order by col1 \g
<<

+--------------------+--------------------------------+
|col1                |col2                            |
+--------------------+--------------------------------+
|            $1111.11|                                |
|            $2222.22|                                |
|            $3333.33|                                |
|            $4444.44|mnopq                           |
+--------------------+--------------------------------+
(4 rows)
>>
* update t1 set col1='$5555.55',col2='MNOPQ' where col1='$4444.44' \g
<<
(1 row)
>>
* select * from t1 order by col1 \g
<<

+--------------------+--------------------------------+
|col1                |col2                            |
+--------------------+--------------------------------+
|            $1111.11|                                |
|            $2222.22|                                |
|            $3333.33|                                |
|            $5555.55|MNOPQ                           |
+--------------------+--------------------------------+
(4 rows)
>>
* update t1 set col2='GHIJK' where col1 = '$3333.33' \g
<<
(1 row)
>>
* select * from t1 order by col1 \g
<<

+--------------------+--------------------------------+
|col1                |col2                            |
+--------------------+--------------------------------+
|            $1111.11|                                |
|            $2222.22|                                |
|            $3333.33|GHIJK                           |
|            $5555.55|MNOPQ                           |
+--------------------+--------------------------------+
(4 rows)
>>
* update t1 set col2='DEFGH' where col1 = '$1111.11' \g
<<
(1 row)
>>
* select * from t1 order by col1 \g
<<

+--------------------+--------------------------------+
|col1                |col2                            |
+--------------------+--------------------------------+
|            $1111.11|DEFGH                           |
|            $2222.22|                                |
|            $3333.33|GHIJK                           |
|            $5555.55|MNOPQ                           |
+--------------------+--------------------------------+
(4 rows)
>>
* delete from t1 where col1='$5555.55' and char(col2)='MNOPQ' \g
<<
(1 row)
>>
* select * from t1 order by col1 \g
<<

+--------------------+--------------------------------+
|col1                |col2                            |
+--------------------+--------------------------------+
|            $1111.11|DEFGH                           |
|            $2222.22|                                |
|            $3333.33|GHIJK                           |
+--------------------+--------------------------------+
(3 rows)
>>
* delete from t1 where col1= '$3333.33' and char(col2)='GHIJK' \g
<<
(1 row)
>>
* select * from t1 order by col1 \g
<<

+--------------------+--------------------------------+
|col1                |col2                            |
+--------------------+--------------------------------+
|            $1111.11|DEFGH                           |
|            $2222.22|                                |
+--------------------+--------------------------------+
(2 rows)
>>
* delete from t1 where col1='$1111.11' and char(col2)='DEFGH' \g
<<
(1 row)
>>
* commit \g
<<
>>
* select * from t1 order by col1 \g
<<

+--------------------+--------------------------------+
|col1                |col2                            |
+--------------------+--------------------------------+
|            $2222.22|                                |
+--------------------+--------------------------------+
(1 row)
>>
* drop table t1 \g
<<
>>
* commit \g
<<
>>
* create table t1 (col1 money) with page_size = 8192 \g
<<
>>
* insert into t1 values ('$1111.11') \g
<<
(1 row)
>>
* insert into t1 values ('$2222.22') \g
<<
(1 row)
>>
* insert into t1 values ('$3333.33') \g
<<
(1 row)
>>
* commit \g
<<
>>
* select * from t1 order by col1 \g
<<

+--------------------+
|col1                |
+--------------------+
|            $1111.11|
|            $2222.22|
|            $3333.33|
+--------------------+
(3 rows)
>>
* alter table t1 add col2 byte(8) \g
<<
>>
* commit \g
<<
>>
* select * from t1 order by col1 \g
<<

+--------------------+--------+
|col1                |col2    |
+--------------------+--------+
|            $1111.11|        |
|            $2222.22|        |
|            $3333.33|        |
+--------------------+--------+
(3 rows)
>>
* insert into t1 values ('$4444.44','mnopq') \g
<<
(1 row)
>>
* commit \g
<<
>>
* select * from t1 order by col1 \g
<<

+--------------------+--------+
|col1                |col2    |
+--------------------+--------+
|            $1111.11|        |
|            $2222.22|        |
|            $3333.33|        |
|            $4444.44|mnopq\000\000\000|
+--------------------+--------+
(4 rows)
>>
* update t1 set col1='$5555.55',col2='MNOPQ' where col1='$4444.44' \g
<<
(1 row)
>>
* select * from t1 order by col1 \g
<<

+--------------------+--------+
|col1                |col2    |
+--------------------+--------+
|            $1111.11|        |
|            $2222.22|        |
|            $3333.33|        |
|            $5555.55|MNOPQ\000\000\000|
+--------------------+--------+
(4 rows)
>>
* update t1 set col2='GHIJK' where col1 = '$3333.33' \g
<<
(1 row)
>>
* select * from t1 order by col1 \g
<<

+--------------------+--------+
|col1                |col2    |
+--------------------+--------+
|            $1111.11|        |
|            $2222.22|        |
|            $3333.33|GHIJK\000\000\000|
|            $5555.55|MNOPQ\000\000\000|
+--------------------+--------+
(4 rows)
>>
* update t1 set col2='DEFGH' where col1 = '$1111.11' \g
<<
(1 row)
>>
* select * from t1 order by col1 \g
<<

+--------------------+--------+
|col1                |col2    |
+--------------------+--------+
|            $1111.11|DEFGH\000\000\000|
|            $2222.22|        |
|            $3333.33|GHIJK\000\000\000|
|            $5555.55|MNOPQ\000\000\000|
+--------------------+--------+
(4 rows)
>>
* delete from t1 where col1='$5555.55'  and col2='MNOPQ' \g
<<
(1 row)
>>
* select * from t1 order by col1 \g
<<

+--------------------+--------+
|col1                |col2    |
+--------------------+--------+
|            $1111.11|DEFGH\000\000\000|
|            $2222.22|        |
|            $3333.33|GHIJK\000\000\000|
+--------------------+--------+
(3 rows)
>>
* delete from t1 where col1= '$3333.33' and col2='GHIJK' \g
<<
(1 row)
>>
* select * from t1 order by col1 \g
<<

+--------------------+--------+
|col1                |col2    |
+--------------------+--------+
|            $1111.11|DEFGH\000\000\000|
|            $2222.22|        |
+--------------------+--------+
(2 rows)
>>
* delete from t1 where col1='$1111.11' and col2='DEFGH' \g
<<
(1 row)
>>
* commit \g
<<
>>
* select * from t1 order by col1 \g
<<

+--------------------+--------+
|col1                |col2    |
+--------------------+--------+
|            $2222.22|        |
+--------------------+--------+
(1 row)
>>
* drop table t1 \g
<<
>>
* commit \g
<<
>>
* create table t1 (col1 money) with page_size = 8192 \g
<<
>>
* insert into t1 values ('$1111.11') \g
<<
(1 row)
>>
* insert into t1 values ('$2222.22') \g
<<
(1 row)
>>
* insert into t1 values ('$3333.33') \g
<<
(1 row)
>>
* commit \g
<<
>>
* select * from t1 order by col1 \g
<<

+--------------------+
|col1                |
+--------------------+
|            $1111.11|
|            $2222.22|
|            $3333.33|
+--------------------+
(3 rows)
>>
* alter table t1 add col2 byte varying(8) \g
<<
>>
* commit \g
<<
>>
* select * from t1 order by col1 \g
<<

+--------------------+--------+
|col1                |col2    |
+--------------------+--------+
|            $1111.11|        |
|            $2222.22|        |
|            $3333.33|        |
+--------------------+--------+
(3 rows)
>>
* insert into t1 values ('$4444.44','mnopq') \g
<<
(1 row)
>>
* commit \g
<<
>>
* select * from t1 order by col1 \g
<<

+--------------------+--------+
|col1                |col2    |
+--------------------+--------+
|            $1111.11|        |
|            $2222.22|        |
|            $3333.33|        |
|            $4444.44|mnopq   |
+--------------------+--------+
(4 rows)
>>
* update t1 set col1='$5555.55',col2='MNOPQ' where col1='$4444.44' \g
<<
(1 row)
>>
* select * from t1 order by col1 \g
<<

+--------------------+--------+
|col1                |col2    |
+--------------------+--------+
|            $1111.11|        |
|            $2222.22|        |
|            $3333.33|        |
|            $5555.55|MNOPQ   |
+--------------------+--------+
(4 rows)
>>
* update t1 set col2='GHIJK' where col1 = '$3333.33' \g
<<
(1 row)
>>
* select * from t1 order by col1 \g
<<

+--------------------+--------+
|col1                |col2    |
+--------------------+--------+
|            $1111.11|        |
|            $2222.22|        |
|            $3333.33|GHIJK   |
|            $5555.55|MNOPQ   |
+--------------------+--------+
(4 rows)
>>
* update t1 set col2='DEFGH' where col1 = '$1111.11' \g
<<
(1 row)
>>
* select * from t1 order by col1 \g
<<

+--------------------+--------+
|col1                |col2    |
+--------------------+--------+
|            $1111.11|DEFGH   |
|            $2222.22|        |
|            $3333.33|GHIJK   |
|            $5555.55|MNOPQ   |
+--------------------+--------+
(4 rows)
>>
* delete from t1 where col1='$5555.55'  and col2='MNOPQ' \g
<<
(1 row)
>>
* select * from t1 order by col1 \g
<<

+--------------------+--------+
|col1                |col2    |
+--------------------+--------+
|            $1111.11|DEFGH   |
|            $2222.22|        |
|            $3333.33|GHIJK   |
+--------------------+--------+
(3 rows)
>>
* delete from t1 where col1= '$3333.33' and col2='GHIJK' \g
<<
(1 row)
>>
* select * from t1 order by col1 \g
<<

+--------------------+--------+
|col1                |col2    |
+--------------------+--------+
|            $1111.11|DEFGH   |
|            $2222.22|        |
+--------------------+--------+
(2 rows)
>>
* delete from t1 where col1='$1111.11' and col2='DEFGH' \g
<<
(1 row)
>>
* commit \g
<<
>>
* select * from t1 order by col1 \g
<<

+--------------------+--------+
|col1                |col2    |
+--------------------+--------+
|            $2222.22|        |
+--------------------+--------+
(1 row)
>>
* drop table t1 \g
<<
>>
* commit \g
<<
>>
* create table t1 (col1 money) with page_size = 8192 \g
<<
>>
* insert into t1 values ('$1111.11') \g
<<
(1 row)
>>
* insert into t1 values ('$2222.22') \g
<<
(1 row)
>>
* insert into t1 values ('$3333.33') \g
<<
(1 row)
>>
* commit \g
<<
>>
* select * from t1 order by col1 \g
<<

+--------------------+
|col1                |
+--------------------+
|            $1111.11|
|            $2222.22|
|            $3333.33|
+--------------------+
(3 rows)
>>
* alter table t1 add col2 long byte \g
<<
>>
* commit \g
<<
>>
* select * from t1 order by col1 \g
<<

+--------------------+--------------------------------+
|col1                |col2                            |
+--------------------+--------------------------------+
|            $1111.11|                                |
|            $2222.22|                                |
|            $3333.33|                                |
+--------------------+--------------------------------+
(3 rows)
>>
* insert into t1 values ('$4444.44','mnopq') \g
<<
(1 row)
>>
* commit \g
<<
>>
* select * from t1 order by col1 \g
<<

+--------------------+--------------------------------+
|col1                |col2                            |
+--------------------+--------------------------------+
|            $1111.11|                                |
|            $2222.22|                                |
|            $3333.33|                                |
|            $4444.44|mnopq                           |
+--------------------+--------------------------------+
(4 rows)
>>
* update t1 set col1='$5555.55',col2='MNOPQ' where col1='$4444.44' \g
<<
(1 row)
>>
* select * from t1 order by col1 \g
<<

+--------------------+--------------------------------+
|col1                |col2                            |
+--------------------+--------------------------------+
|            $1111.11|                                |
|            $2222.22|                                |
|            $3333.33|                                |
|            $5555.55|MNOPQ                           |
+--------------------+--------------------------------+
(4 rows)
>>
* update t1 set col2='GHIJK' where col1 = '$3333.33' \g
<<
(1 row)
>>
* select * from t1 order by col1 \g
<<

+--------------------+--------------------------------+
|col1                |col2                            |
+--------------------+--------------------------------+
|            $1111.11|                                |
|            $2222.22|                                |
|            $3333.33|GHIJK                           |
|            $5555.55|MNOPQ                           |
+--------------------+--------------------------------+
(4 rows)
>>
* update t1 set col2='DEFGH' where col1 = '$1111.11' \g
<<
(1 row)
>>
* select * from t1 order by col1 \g
<<

+--------------------+--------------------------------+
|col1                |col2                            |
+--------------------+--------------------------------+
|            $1111.11|DEFGH                           |
|            $2222.22|                                |
|            $3333.33|GHIJK                           |
|            $5555.55|MNOPQ                           |
+--------------------+--------------------------------+
(4 rows)
>>
* delete from t1 where col1='$5555.55' and char(col2)='MNOPQ' \g
<<
(1 row)
>>
* select * from t1 order by col1 \g
<<

+--------------------+--------------------------------+
|col1                |col2                            |
+--------------------+--------------------------------+
|            $1111.11|DEFGH                           |
|            $2222.22|                                |
|            $3333.33|GHIJK                           |
+--------------------+--------------------------------+
(3 rows)
>>
* delete from t1 where col1= '$3333.33' and char(col2)='GHIJK' \g
<<
(1 row)
>>
* select * from t1 order by col1 \g
<<

+--------------------+--------------------------------+
|col1                |col2                            |
+--------------------+--------------------------------+
|            $1111.11|DEFGH                           |
|            $2222.22|                                |
+--------------------+--------------------------------+
(2 rows)
>>
* delete from t1 where col1='$1111.11' and char(col2)='DEFGH' \g
<<
(1 row)
>>
* commit \g
<<
>>
* select * from t1 order by col1 \g
<<

+--------------------+--------------------------------+
|col1                |col2                            |
+--------------------+--------------------------------+
|            $2222.22|                                |
+--------------------+--------------------------------+
(1 row)
>>
* drop table t1 \g
<<
>>
* commit \g
<<
>>
* create table t1 (col1 money) with page_size = 8192 \g
<<
>>
* insert into t1 values ('$1111.11') \g
<<
(1 row)
>>
* insert into t1 values ('$2222.22') \g
<<
(1 row)
>>
* insert into t1 values ('$3333.33') \g
<<
(1 row)
>>
* commit \g
<<
>>
* select * from t1 order by col1 \g
<<

+--------------------+
|col1                |
+--------------------+
|            $1111.11|
|            $2222.22|
|            $3333.33|
+--------------------+
(3 rows)
>>
* alter table t1 add col2 integer1 \g
<<
>>
* commit \g
<<
>>
* select * from t1 order by col1 \g
<<

+--------------------+------+
|col1                |col2  |
+--------------------+------+
|            $1111.11|      |
|            $2222.22|      |
|            $3333.33|      |
+--------------------+------+
(3 rows)
>>
* insert into t1 values ('$4444.44',44) \g
<<
(1 row)
>>
* commit \g
<<
>>
* select * from t1 order by col1 \g
<<

+--------------------+------+
|col1                |col2  |
+--------------------+------+
|            $1111.11|      |
|            $2222.22|      |
|            $3333.33|      |
|            $4444.44|    44|
+--------------------+------+
(4 rows)
>>
* update t1 set col1='$5555.55',col2=55 where col1='$4444.44' \g
<<
(1 row)
>>
* select * from t1 order by col1 \g
<<

+--------------------+------+
|col1                |col2  |
+--------------------+------+
|            $1111.11|      |
|            $2222.22|      |
|            $3333.33|      |
|            $5555.55|    55|
+--------------------+------+
(4 rows)
>>
* update t1 set col2=33 where col1 = '$3333.33' \g
<<
(1 row)
>>
* select * from t1 order by col1 \g
<<

+--------------------+------+
|col1                |col2  |
+--------------------+------+
|            $1111.11|      |
|            $2222.22|      |
|            $3333.33|    33|
|            $5555.55|    55|
+--------------------+------+
(4 rows)
>>
* update t1 set col2=11 where col1 = '$1111.11' \g
<<
(1 row)
>>
* select * from t1 order by col1 \g
<<

+--------------------+------+
|col1                |col2  |
+--------------------+------+
|            $1111.11|    11|
|            $2222.22|      |
|            $3333.33|    33|
|            $5555.55|    55|
+--------------------+------+
(4 rows)
>>
* delete from t1 where col1='$5555.55'  and col2=55 \g
<<
(1 row)
>>
* select * from t1 order by col1 \g
<<

+--------------------+------+
|col1                |col2  |
+--------------------+------+
|            $1111.11|    11|
|            $2222.22|      |
|            $3333.33|    33|
+--------------------+------+
(3 rows)
>>
* delete from t1 where col1= '$3333.33' and col2=33 \g
<<
(1 row)
>>
* select * from t1 order by col1 \g
<<

+--------------------+------+
|col1                |col2  |
+--------------------+------+
|            $1111.11|    11|
|            $2222.22|      |
+--------------------+------+
(2 rows)
>>
* delete from t1 where col1='$1111.11' and col2=11 \g
<<
(1 row)
>>
* commit \g
<<
>>
* select * from t1 order by col1 \g
<<

+--------------------+------+
|col1                |col2  |
+--------------------+------+
|            $2222.22|      |
+--------------------+------+
(1 row)
>>
* drop table t1 \g
<<
>>
* commit \g
<<
>>
* create table t1 (col1 money) with page_size = 8192 \g
<<
>>
* insert into t1 values ('$1111.11') \g
<<
(1 row)
>>
* insert into t1 values ('$2222.22') \g
<<
(1 row)
>>
* insert into t1 values ('$3333.33') \g
<<
(1 row)
>>
* commit \g
<<
>>
* select * from t1 order by col1 \g
<<

+--------------------+
|col1                |
+--------------------+
|            $1111.11|
|            $2222.22|
|            $3333.33|
+--------------------+
(3 rows)
>>
* alter table t1 add col2 smallint \g
<<
>>
* commit \g
<<
>>
* select * from t1 order by col1 \g
<<

+--------------------+------+
|col1                |col2  |
+--------------------+------+
|            $1111.11|      |
|            $2222.22|      |
|            $3333.33|      |
+--------------------+------+
(3 rows)
>>
* insert into t1 values ('$4444.44',4444) \g
<<
(1 row)
>>
* commit \g
<<
>>
* select * from t1 order by col1 \g
<<

+--------------------+------+
|col1                |col2  |
+--------------------+------+
|            $1111.11|      |
|            $2222.22|      |
|            $3333.33|      |
|            $4444.44|  4444|
+--------------------+------+
(4 rows)
>>
* update t1 set col1='$5555.55',col2=5555 where col1='$4444.44' \g
<<
(1 row)
>>
* select * from t1 order by col1 \g
<<

+--------------------+------+
|col1                |col2  |
+--------------------+------+
|            $1111.11|      |
|            $2222.22|      |
|            $3333.33|      |
|            $5555.55|  5555|
+--------------------+------+
(4 rows)
>>
* update t1 set col2=3333 where col1 = '$3333.33' \g
<<
(1 row)
>>
* select * from t1 order by col1 \g
<<

+--------------------+------+
|col1                |col2  |
+--------------------+------+
|            $1111.11|      |
|            $2222.22|      |
|            $3333.33|  3333|
|            $5555.55|  5555|
+--------------------+------+
(4 rows)
>>
* update t1 set col2=1111 where col1 = '$1111.11' \g
<<
(1 row)
>>
* select * from t1 order by col1 \g
<<

+--------------------+------+
|col1                |col2  |
+--------------------+------+
|            $1111.11|  1111|
|            $2222.22|      |
|            $3333.33|  3333|
|            $5555.55|  5555|
+--------------------+------+
(4 rows)
>>
* delete from t1 where col1='$5555.55'  and col2=5555 \g
<<
(1 row)
>>
* select * from t1 order by col1 \g
<<

+--------------------+------+
|col1                |col2  |
+--------------------+------+
|            $1111.11|  1111|
|            $2222.22|      |
|            $3333.33|  3333|
+--------------------+------+
(3 rows)
>>
* delete from t1 where col1= '$3333.33' and col2=3333 \g
<<
(1 row)
>>
* select * from t1 order by col1 \g
<<

+--------------------+------+
|col1                |col2  |
+--------------------+------+
|            $1111.11|  1111|
|            $2222.22|      |
+--------------------+------+
(2 rows)
>>
* delete from t1 where col1='$1111.11' and col2=1111 \g
<<
(1 row)
>>
* commit \g
<<
>>
* select * from t1 order by col1 \g
<<

+--------------------+------+
|col1                |col2  |
+--------------------+------+
|            $2222.22|      |
+--------------------+------+
(1 row)
>>
* drop table t1 \g
<<
>>
* commit \g
<<
>>
* create table t1 (col1 money) with page_size = 8192 \g
<<
>>
* insert into t1 values ('$1111.11') \g
<<
(1 row)
>>
* insert into t1 values ('$2222.22') \g
<<
(1 row)
>>
* insert into t1 values ('$3333.33') \g
<<
(1 row)
>>
* commit \g
<<
>>
* select * from t1 order by col1 \g
<<

+--------------------+
|col1                |
+--------------------+
|            $1111.11|
|            $2222.22|
|            $3333.33|
+--------------------+
(3 rows)
>>
* alter table t1 add col2 integer \g
<<
>>
* commit \g
<<
>>
* select * from t1 order by col1 \g
<<

+--------------------+-------------+
|col1                |col2         |
+--------------------+-------------+
|            $1111.11|             |
|            $2222.22|             |
|            $3333.33|             |
+--------------------+-------------+
(3 rows)
>>
* insert into t1 values ('$4444.44',4444) \g
<<
(1 row)
>>
* commit \g
<<
>>
* select * from t1 order by col1 \g
<<

+--------------------+-------------+
|col1                |col2         |
+--------------------+-------------+
|            $1111.11|             |
|            $2222.22|             |
|            $3333.33|             |
|            $4444.44|         4444|
+--------------------+-------------+
(4 rows)
>>
* update t1 set col1='$5555.55',col2=5555 where col1='$4444.44' \g
<<
(1 row)
>>
* select * from t1 order by col1 \g
<<

+--------------------+-------------+
|col1                |col2         |
+--------------------+-------------+
|            $1111.11|             |
|            $2222.22|             |
|            $3333.33|             |
|            $5555.55|         5555|
+--------------------+-------------+
(4 rows)
>>
* update t1 set col2=3333 where col1 = '$3333.33' \g
<<
(1 row)
>>
* select * from t1 order by col1 \g
<<

+--------------------+-------------+
|col1                |col2         |
+--------------------+-------------+
|            $1111.11|             |
|            $2222.22|             |
|            $3333.33|         3333|
|            $5555.55|         5555|
+--------------------+-------------+
(4 rows)
>>
* update t1 set col2=1111 where col1 = '$1111.11' \g
<<
(1 row)
>>
* select * from t1 order by col1 \g
<<

+--------------------+-------------+
|col1                |col2         |
+--------------------+-------------+
|            $1111.11|         1111|
|            $2222.22|             |
|            $3333.33|         3333|
|            $5555.55|         5555|
+--------------------+-------------+
(4 rows)
>>
* delete from t1 where col1='$5555.55'  and col2=5555 \g
<<
(1 row)
>>
* select * from t1 order by col1 \g
<<

+--------------------+-------------+
|col1                |col2         |
+--------------------+-------------+
|            $1111.11|         1111|
|            $2222.22|             |
|            $3333.33|         3333|
+--------------------+-------------+
(3 rows)
>>
* delete from t1 where col1= '$3333.33' and col2=3333 \g
<<
(1 row)
>>
* select * from t1 order by col1 \g
<<

+--------------------+-------------+
|col1                |col2         |
+--------------------+-------------+
|            $1111.11|         1111|
|            $2222.22|             |
+--------------------+-------------+
(2 rows)
>>
* delete from t1 where col1='$1111.11' and col2=1111 \g
<<
(1 row)
>>
* commit \g
<<
>>
* select * from t1 order by col1 \g
<<

+--------------------+-------------+
|col1                |col2         |
+--------------------+-------------+
|            $2222.22|             |
+--------------------+-------------+
(1 row)
>>
* drop table t1 \g
<<
>>
* commit \g
<<
>>
* create table t1 (col1 money) with page_size = 8192 \g
<<
>>
* insert into t1 values ('$1111.11') \g
<<
(1 row)
>>
* insert into t1 values ('$2222.22') \g
<<
(1 row)
>>
* insert into t1 values ('$3333.33') \g
<<
(1 row)
>>
* commit \g
<<
>>
* select * from t1 order by col1 \g
<<

+--------------------+
|col1                |
+--------------------+
|            $1111.11|
|            $2222.22|
|            $3333.33|
+--------------------+
(3 rows)
>>
* alter table t1 add col2 decimal(8,3)\g 
<<
>>
* commit \g
<<
>>
* select * from t1 order by col1 \g
<<

+--------------------+----------+
|col1                |col2      |
+--------------------+----------+
|            $1111.11|          |
|            $2222.22|          |
|            $3333.33|          |
+--------------------+----------+
(3 rows)
>>
* insert into t1 values ('$4444.44',4444.44) \g
<<
(1 row)
>>
* commit \g
<<
>>
* select * from t1 order by col1 \g
<<

+--------------------+----------+
|col1                |col2      |
+--------------------+----------+
|            $1111.11|          |
|            $2222.22|          |
|            $3333.33|          |
|            $4444.44|  4444.440|
+--------------------+----------+
(4 rows)
>>
* update t1 set col1='$5555.55',col2=5555.55 where col1='$4444.44' \g
<<
(1 row)
>>
* select * from t1 order by col1 \g
<<

+--------------------+----------+
|col1                |col2      |
+--------------------+----------+
|            $1111.11|          |
|            $2222.22|          |
|            $3333.33|          |
|            $5555.55|  5555.550|
+--------------------+----------+
(4 rows)
>>
* update t1 set col2=3333.33 where col1 = '$3333.33' \g
<<
(1 row)
>>
* select * from t1 order by col1 \g
<<

+--------------------+----------+
|col1                |col2      |
+--------------------+----------+
|            $1111.11|          |
|            $2222.22|          |
|            $3333.33|  3333.330|
|            $5555.55|  5555.550|
+--------------------+----------+
(4 rows)
>>
* update t1 set col2=1111.11 where col1 = '$1111.11' \g
<<
(1 row)
>>
* select * from t1 order by col1 \g
<<

+--------------------+----------+
|col1                |col2      |
+--------------------+----------+
|            $1111.11|  1111.110|
|            $2222.22|          |
|            $3333.33|  3333.330|
|            $5555.55|  5555.550|
+--------------------+----------+
(4 rows)
>>
* delete from t1 where col1='$5555.55'  and col2=5555.55 \g
<<
(1 row)
>>
* select * from t1 order by col1 \g
<<

+--------------------+----------+
|col1                |col2      |
+--------------------+----------+
|            $1111.11|  1111.110|
|            $2222.22|          |
|            $3333.33|  3333.330|
+--------------------+----------+
(3 rows)
>>
* delete from t1 where col1= '$3333.33' and col2=3333.33 \g
<<
(1 row)
>>
* select * from t1 order by col1 \g
<<

+--------------------+----------+
|col1                |col2      |
+--------------------+----------+
|            $1111.11|  1111.110|
|            $2222.22|          |
+--------------------+----------+
(2 rows)
>>
* delete from t1 where col1='$1111.11' and col2=1111.11 \g
<<
(1 row)
>>
* commit \g
<<
>>
* select * from t1 order by col1 \g
<<

+--------------------+----------+
|col1                |col2      |
+--------------------+----------+
|            $2222.22|          |
+--------------------+----------+
(1 row)
>>
* drop table t1 \g
<<
>>
* commit \g
<<
>>
* create table t1 (col1 money) with page_size = 8192 \g
<<
>>
* insert into t1 values ('$1111.11') \g
<<
(1 row)
>>
* insert into t1 values ('$2222.22') \g
<<
(1 row)
>>
* insert into t1 values ('$3333.33') \g
<<
(1 row)
>>
* commit \g
<<
>>
* select * from t1 order by col1 \g
<<

+--------------------+
|col1                |
+--------------------+
|            $1111.11|
|            $2222.22|
|            $3333.33|
+--------------------+
(3 rows)
>>
* alter table t1 add col2 float(23)\g 
<<
>>
* commit \g
<<
>>
* select * from t1 order by col1 \g
<<

+--------------------+-----------+
|col1                |col2       |
+--------------------+-----------+
|            $1111.11|           |
|            $2222.22|           |
|            $3333.33|           |
+--------------------+-----------+
(3 rows)
>>
* insert into t1 values ('$4444.44',4444.44) \g
<<
(1 row)
>>
* commit \g
<<
>>
* select * from t1 order by col1 \g
<<

+--------------------+-----------+
|col1                |col2       |
+--------------------+-----------+
|            $1111.11|           |
|            $2222.22|           |
|            $3333.33|           |
|            $4444.44|   4444.440|
+--------------------+-----------+
(4 rows)
>>
* update t1 set col1='$5555.55',col2=5555.55 where col1='$4444.44' \g
<<
(1 row)
>>
* select * from t1 order by col1 \g
<<

+--------------------+-----------+
|col1                |col2       |
+--------------------+-----------+
|            $1111.11|           |
|            $2222.22|           |
|            $3333.33|           |
|            $5555.55|   5555.550|
+--------------------+-----------+
(4 rows)
>>
* update t1 set col2=3333.33 where col1 = '$3333.33' \g
<<
(1 row)
>>
* select * from t1 order by col1 \g
<<

+--------------------+-----------+
|col1                |col2       |
+--------------------+-----------+
|            $1111.11|           |
|            $2222.22|           |
|            $3333.33|   3333.330|
|            $5555.55|   5555.550|
+--------------------+-----------+
(4 rows)
>>
* update t1 set col2=1111.11 where col1 = '$1111.11' \g
<<
(1 row)
>>
* select * from t1 order by col1 \g
<<

+--------------------+-----------+
|col1                |col2       |
+--------------------+-----------+
|            $1111.11|   1111.110|
|            $2222.22|           |
|            $3333.33|   3333.330|
|            $5555.55|   5555.550|
+--------------------+-----------+
(4 rows)
>>
* delete from t1 where col1='$5555.55'  and col2=float4(5555.55) \g
<<
(1 row)
>>
* select * from t1 order by col1 \g
<<

+--------------------+-----------+
|col1                |col2       |
+--------------------+-----------+
|            $1111.11|   1111.110|
|            $2222.22|           |
|            $3333.33|   3333.330|
+--------------------+-----------+
(3 rows)
>>
* delete from t1 where col1= '$3333.33' and col2=float4(3333.33) \g
<<
(1 row)
>>
* select * from t1 order by col1 \g
<<

+--------------------+-----------+
|col1                |col2       |
+--------------------+-----------+
|            $1111.11|   1111.110|
|            $2222.22|           |
+--------------------+-----------+
(2 rows)
>>
* delete from t1 where col1='$1111.11' and col2=float4(1111.11) \g
<<
(1 row)
>>
* commit \g
<<
>>
* select * from t1 order by col1 \g
<<

+--------------------+-----------+
|col1                |col2       |
+--------------------+-----------+
|            $2222.22|           |
+--------------------+-----------+
(1 row)
>>
* drop table t1 \g
<<
>>
* commit \g
<<
>>
* create table t1 (col1 money) with page_size = 8192 \g
<<
>>
* insert into t1 values ('$1111.11') \g
<<
(1 row)
>>
* insert into t1 values ('$2222.22') \g
<<
(1 row)
>>
* insert into t1 values ('$3333.33') \g
<<
(1 row)
>>
* commit \g
<<
>>
* select * from t1 order by col1 \g
<<

+--------------------+
|col1                |
+--------------------+
|            $1111.11|
|            $2222.22|
|            $3333.33|
+--------------------+
(3 rows)
>>
* alter table t1 add col2 float(24)\g 
<<
>>
* commit \g
<<
>>
* select * from t1 order by col1 \g
<<

+--------------------+-----------+
|col1                |col2       |
+--------------------+-----------+
|            $1111.11|           |
|            $2222.22|           |
|            $3333.33|           |
+--------------------+-----------+
(3 rows)
>>
* insert into t1 values ('$4444.44',4444.44) \g
<<
(1 row)
>>
* commit \g
<<
>>
* select * from t1 order by col1 \g
<<

+--------------------+-----------+
|col1                |col2       |
+--------------------+-----------+
|            $1111.11|           |
|            $2222.22|           |
|            $3333.33|           |
|            $4444.44|   4444.440|
+--------------------+-----------+
(4 rows)
>>
* update t1 set col1='$5555.55',col2=5555.55 where col1='$4444.44' \g
<<
(1 row)
>>
* select * from t1 order by col1 \g
<<

+--------------------+-----------+
|col1                |col2       |
+--------------------+-----------+
|            $1111.11|           |
|            $2222.22|           |
|            $3333.33|           |
|            $5555.55|   5555.550|
+--------------------+-----------+
(4 rows)
>>
* update t1 set col2=3333.33 where col1 = '$3333.33' \g
<<
(1 row)
>>
* select * from t1 order by col1 \g
<<

+--------------------+-----------+
|col1                |col2       |
+--------------------+-----------+
|            $1111.11|           |
|            $2222.22|           |
|            $3333.33|   3333.330|
|            $5555.55|   5555.550|
+--------------------+-----------+
(4 rows)
>>
* update t1 set col2=1111.11 where col1 = '$1111.11' \g
<<
(1 row)
>>
* select * from t1 order by col1 \g
<<

+--------------------+-----------+
|col1                |col2       |
+--------------------+-----------+
|            $1111.11|   1111.110|
|            $2222.22|           |
|            $3333.33|   3333.330|
|            $5555.55|   5555.550|
+--------------------+-----------+
(4 rows)
>>
* delete from t1 where col1='$5555.55'  and col2=5555.55 \g
<<
(1 row)
>>
* select * from t1 order by col1 \g
<<

+--------------------+-----------+
|col1                |col2       |
+--------------------+-----------+
|            $1111.11|   1111.110|
|            $2222.22|           |
|            $3333.33|   3333.330|
+--------------------+-----------+
(3 rows)
>>
* delete from t1 where col1= '$3333.33' and col2=3333.33 \g
<<
(1 row)
>>
* select * from t1 order by col1 \g
<<

+--------------------+-----------+
|col1                |col2       |
+--------------------+-----------+
|            $1111.11|   1111.110|
|            $2222.22|           |
+--------------------+-----------+
(2 rows)
>>
* delete from t1 where col1='$1111.11' and col2=1111.11 \g
<<
(1 row)
>>
* commit \g
<<
>>
* select * from t1 order by col1 \g
<<

+--------------------+-----------+
|col1                |col2       |
+--------------------+-----------+
|            $2222.22|           |
+--------------------+-----------+
(1 row)
>>
* drop table t1 \g
<<
>>
* commit \g
<<
>>
* create table t1 (col1 money) with page_size = 8192 \g
<<
>>
* insert into t1 values ('$1111.11') \g
<<
(1 row)
>>
* insert into t1 values ('$2222.22') \g
<<
(1 row)
>>
* insert into t1 values ('$3333.33') \g
<<
(1 row)
>>
* commit \g
<<
>>
* select * from t1 order by col1 \g
<<

+--------------------+
|col1                |
+--------------------+
|            $1111.11|
|            $2222.22|
|            $3333.33|
+--------------------+
(3 rows)
>>
* alter table t1 add col2 date \g
<<
>>
* commit \g
<<
>>
* select * from t1 order by col1 \g
<<

+--------------------+-------------------------+
|col1                |col2                     |
+--------------------+-------------------------+
|            $1111.11|                         |
|            $2222.22|                         |
|            $3333.33|                         |
+--------------------+-------------------------+
(3 rows)
>>
* insert into t1 values ('$4444.44','040496') \g
<<
(1 row)
>>
* commit \g
<<
>>
* select * from t1 order by col1 \g
<<

+--------------------+-------------------------+
|col1                |col2                     |
+--------------------+-------------------------+
|            $1111.11|                         |
|            $2222.22|                         |
|            $3333.33|                         |
|            $4444.44|04-apr-1996              |
+--------------------+-------------------------+
(4 rows)
>>
* update t1 set col1='$5555.55',col2='040497' where col1='$4444.44' \g
<<
(1 row)
>>
* select * from t1 order by col1 \g
<<

+--------------------+-------------------------+
|col1                |col2                     |
+--------------------+-------------------------+
|            $1111.11|                         |
|            $2222.22|                         |
|            $3333.33|                         |
|            $5555.55|04-apr-1997              |
+--------------------+-------------------------+
(4 rows)
>>
* update t1 set col2='030396' where col1 = '$3333.33' \g
<<
(1 row)
>>
* select * from t1 order by col1 \g
<<

+--------------------+-------------------------+
|col1                |col2                     |
+--------------------+-------------------------+
|            $1111.11|                         |
|            $2222.22|                         |
|            $3333.33|03-mar-1996              |
|            $5555.55|04-apr-1997              |
+--------------------+-------------------------+
(4 rows)
>>
* update t1 set col2='010196' where col1 = '$1111.11' \g
<<
(1 row)
>>
* select * from t1 order by col1 \g
<<

+--------------------+-------------------------+
|col1                |col2                     |
+--------------------+-------------------------+
|            $1111.11|01-jan-1996              |
|            $2222.22|                         |
|            $3333.33|03-mar-1996              |
|            $5555.55|04-apr-1997              |
+--------------------+-------------------------+
(4 rows)
>>
* delete from t1 where col1='$5555.55'  and col2='040497' \g
<<
(1 row)
>>
* select * from t1 order by col1 \g
<<

+--------------------+-------------------------+
|col1                |col2                     |
+--------------------+-------------------------+
|            $1111.11|01-jan-1996              |
|            $2222.22|                         |
|            $3333.33|03-mar-1996              |
+--------------------+-------------------------+
(3 rows)
>>
* delete from t1 where col1= '$3333.33' and col2='030396' \g
<<
(1 row)
>>
* select * from t1 order by col1 \g
<<

+--------------------+-------------------------+
|col1                |col2                     |
+--------------------+-------------------------+
|            $1111.11|01-jan-1996              |
|            $2222.22|                         |
+--------------------+-------------------------+
(2 rows)
>>
* delete from t1 where col1='$1111.11' and col2='010196' \g
<<
(1 row)
>>
* commit \g
<<
>>
* select * from t1 order by col1 \g
<<

+--------------------+-------------------------+
|col1                |col2                     |
+--------------------+-------------------------+
|            $2222.22|                         |
+--------------------+-------------------------+
(1 row)
>>
* drop table t1 \g
<<
>>
* commit \g
<<
>>
* create table t1 (col1 money) with page_size = 8192 \g
<<
>>
* insert into t1 values ('$1111.11') \g
<<
(1 row)
>>
* insert into t1 values ('$2222.22') \g
<<
(1 row)
>>
* insert into t1 values ('$3333.33') \g
<<
(1 row)
>>
* commit \g
<<
>>
* select * from t1 order by col1 \g
<<

+--------------------+
|col1                |
+--------------------+
|            $1111.11|
|            $2222.22|
|            $3333.33|
+--------------------+
(3 rows)
>>
* alter table t1 add col2 money \g
<<
>>
* commit \g
<<
>>
* select * from t1 order by col1 \g
<<

+--------------------+--------------------+
|col1                |col2                |
+--------------------+--------------------+
|            $1111.11|                    |
|            $2222.22|                    |
|            $3333.33|                    |
+--------------------+--------------------+
(3 rows)
>>
* insert into t1 values ('$4444.44','$44.44') \g
<<
(1 row)
>>
* commit \g
<<
>>
* select * from t1 order by col1 \g
<<

+--------------------+--------------------+
|col1                |col2                |
+--------------------+--------------------+
|            $1111.11|                    |
|            $2222.22|                    |
|            $3333.33|                    |
|            $4444.44|              $44.44|
+--------------------+--------------------+
(4 rows)
>>
* update t1 set col1='$5555.55',col2='$55.55' where col1='$4444.44' \g
<<
(1 row)
>>
* select * from t1 order by col1 \g
<<

+--------------------+--------------------+
|col1                |col2                |
+--------------------+--------------------+
|            $1111.11|                    |
|            $2222.22|                    |
|            $3333.33|                    |
|            $5555.55|              $55.55|
+--------------------+--------------------+
(4 rows)
>>
* update t1 set col2='$33.33' where col1 = '$3333.33' \g
<<
(1 row)
>>
* select * from t1 order by col1 \g
<<

+--------------------+--------------------+
|col1                |col2                |
+--------------------+--------------------+
|            $1111.11|                    |
|            $2222.22|                    |
|            $3333.33|              $33.33|
|            $5555.55|              $55.55|
+--------------------+--------------------+
(4 rows)
>>
* update t1 set col2='$11.11' where col1 = '$1111.11' \g
<<
(1 row)
>>
* select * from t1 order by col1 \g
<<

+--------------------+--------------------+
|col1                |col2                |
+--------------------+--------------------+
|            $1111.11|              $11.11|
|            $2222.22|                    |
|            $3333.33|              $33.33|
|            $5555.55|              $55.55|
+--------------------+--------------------+
(4 rows)
>>
* delete from t1 where col1='$5555.55'  and col2='$55.55' \g
<<
(1 row)
>>
* select * from t1 order by col1 \g
<<

+--------------------+--------------------+
|col1                |col2                |
+--------------------+--------------------+
|            $1111.11|              $11.11|
|            $2222.22|                    |
|            $3333.33|              $33.33|
+--------------------+--------------------+
(3 rows)
>>
* delete from t1 where col1= '$3333.33' and col2='$33.33' \g
<<
(1 row)
>>
* select * from t1 order by col1 \g
<<

+--------------------+--------------------+
|col1                |col2                |
+--------------------+--------------------+
|            $1111.11|              $11.11|
|            $2222.22|                    |
+--------------------+--------------------+
(2 rows)
>>
* delete from t1 where col1='$1111.11' and col2='$11.11' \g
<<
(1 row)
>>
* commit \g
<<
>>
* select * from t1 order by col1 \g
<<

+--------------------+--------------------+
|col1                |col2                |
+--------------------+--------------------+
|            $2222.22|                    |
+--------------------+--------------------+
(1 row)
>>
* drop table t1 \g
<<
>>
* commit \g
<<
>>
* \q
<<
>>


Ending at: Fri Jun 04 15:35:52 2004
