
/*
	Test Name: alttbl40.sep
	Time: Tue Jan 14 02:09:39 1997
	User Name: testenv
	Terminal type: septerm
 
	Test ID : alttbl40
	Module  : be/alttbl
	Filename: alttbl40.sep
	Purpose	: To test bug b80069.
	Input Files  : none
	Output Files : none
	Database     : alttbldb
	Tables       : tbl_alttbl40
	Synopsis     : create a table with 3 columns, create an integrity on 
		       col2 - alter table drop col1, updates and inserts that
		       violate any integrity constraints are not performed.
		       (b80069) canon should be modified after b80069 is fixed.

 History: 14-Jan-1997	(wanya01)	Created 
          25-Mar-1997	(Author)
          23-Mar-1999	(kamra01) Modified the page_size to 8K instead of
			vpg_sz.
	  18-Jun-2004	(shafa01) Added order by clause for the select
			statements preformed against iiintegrities and
			tbl_alttbl40 tables.Rearranged history display. Changed
			table name from	t to tbl_alttbl40. Added missing test
			information from the header section. Also removed huge
			fill file and added a canon for every SQL statement.
			Replaced help table statements with select table
			statements instead.
	 

*/
? sql -s SEPPARAMDB 
<<

>>
* set autocommit on \g
<<

>>
* drop table tbl_alttbl40 \g
<<
~
>>
* create table tbl_alttbl40 (col1 int , col2 int, col3 int)
<<
>>
* with page_size = 8192 \g
<<
>>
* create integrity  on tbl_alttbl40 is col2 >0 \g
<<
>>
* insert into tbl_alttbl40 values (2,-1,2) \g
<<
(0 rows)
>>
* insert into tbl_alttbl40 values (1,3,3) \g
<<
(1 row)
>>
* select * from tbl_alttbl40 order by 1 \g
<<

+-------------+-------------+-------------+
|col1         |col2         |col3         |
+-------------+-------------+-------------+
|            1|            3|            3|
+-------------+-------------+-------------+
(1 row)
>>
* alter table tbl_alttbl40 drop column col1 restrict \g
<<
>>
* select * from tbl_alttbl40 order by 1 \g
<<

+-------------+-------------+
|col2         |col3         |
+-------------+-------------+
|            3|            3|
+-------------+-------------+
(1 row)
>>
* select * from iiintegrities order by 1,2,3,4,5,6 \g
<<

+--------------------------------+--------------------------------+------------------
--------+------+-------------+-------------------------------------------------------
-------------------------------------------------------------------------------------
-------------------------------------------------------------------------------------
------------------+
|table_name                      |table_owner                     |create_date      -
        |integr|text_sequence|text_segment                                          -
                                                                                    -
                                                                                    -
                  |
+--------------------------------+--------------------------------+------------------
--------+------+-------------+-------------------------------------------------------
-------------------------------------------------------------------------------------
-------------------------------------------------------------------------------------
------------------+
|tbl_alttbl40                    |testenv                         |2004_06_18 15:11:-
04 GMT  |     1|            1|create integrity  on tbl_alttbl40 is col2 >0          -
                                                                                    -
                                                                                    -
                  |
+--------------------------------+--------------------------------+------------------
--------+------+-------------+-------------------------------------------------------
-------------------------------------------------------------------------------------
-------------------------------------------------------------------------------------
------------------+
(1 row)
>>
* insert into tbl_alttbl40 values(-1,2) \g
<<
(0 rows)
>>
* update tbl_alttbl40 set col2=-5 where col3=3 \g
<<
(0 rows)
>>
* select * from tbl_alttbl40 order by 1 \g
<<

+-------------+-------------+
|col2         |col3         |
+-------------+-------------+
|            3|            3|
+-------------+-------------+
(1 row)
>>
* drop table tbl_alttbl40 \g
<<
>>
* create table tbl_alttbl40 (col1 int , col2 int, col3 int) 
<<
>>
* with page_size = 8192 \g
<<
>>
* create integrity  on tbl_alttbl40 is col2 >0 \g
<<
>>
* insert into tbl_alttbl40 values (2,-1,2) \g
<<
(0 rows)
>>
* insert into tbl_alttbl40 values (1,3,3) \g
<<
(1 row)
>>
* select * from tbl_alttbl40 order by 1 \g
<<

+-------------+-------------+-------------+
|col1         |col2         |col3         |
+-------------+-------------+-------------+
|            1|            3|            3|
+-------------+-------------+-------------+
(1 row)
>>
* alter table tbl_alttbl40 drop column col1 restrict \g
<<
>>
* modify tbl_alttbl40 to btree \g
<<
(1 row)
>>
* select * from tbl_alttbl40 order by 1 \g
<<

+-------------+-------------+
|col2         |col3         |
+-------------+-------------+
|            3|            3|
+-------------+-------------+
(1 row)
>>
* select * from iiintegrities order by 1,2,3,4,5,6 \g
<<

+--------------------------------+--------------------------------+------------------
--------+------+-------------+-------------------------------------------------------
-------------------------------------------------------------------------------------
-------------------------------------------------------------------------------------
------------------+
|table_name                      |table_owner                     |create_date      -
        |integr|text_sequence|text_segment                                          -
                                                                                    -
                                                                                    -
                  |
+--------------------------------+--------------------------------+------------------
--------+------+-------------+-------------------------------------------------------
-------------------------------------------------------------------------------------
-------------------------------------------------------------------------------------
------------------+
|tbl_alttbl40                    |testenv                         |2004_06_18 15:11:-
19 GMT  |     1|            1|create integrity  on tbl_alttbl40 is col2 >0          -
                                                                                    -
                                                                                    -
                  |
+--------------------------------+--------------------------------+------------------
--------+------+-------------+-------------------------------------------------------
-------------------------------------------------------------------------------------
-------------------------------------------------------------------------------------
------------------+
(1 row)
>>
* insert into tbl_alttbl40 values(-1,2) \g
<<
(0 rows)
>>
* update tbl_alttbl40 set col2=-5 where col3=3 \g
<<
(0 rows)
>>
* select * from tbl_alttbl40 order by 1 \g
<<

+-------------+-------------+
|col2         |col3         |
+-------------+-------------+
|            3|            3|
+-------------+-------------+
(1 row)
>>
* drop table tbl_alttbl40 \g
<<
>>
* set autocommit on \g
<<
>>
* drop table tbl_alttbl40 \g
<<
E_US0AC1 DROP: 'tbl_alttbl40' does not exist or is not owned by you.
    (Fri Jun 18 10:11:30 2004)

>>
* create table tbl_alttbl40 (col1 int , col2 int, col3 int) 
<<
>>
* with page_size = 8192 \g
<<

>>
* create integrity  on tbl_alttbl40 is col1 >0 \g
<<

>>
* create integrity on tbl_alttbl40 is col3 >0 \g
<<

>>
* insert into tbl_alttbl40 values (1,3,3) \g
<<
(1 row)
>>
* select * from tbl_alttbl40 order by 1 \g
<<

+-------------+-------------+-------------+
|col1         |col2         |col3         |
+-------------+-------------+-------------+
|            1|            3|            3|
+-------------+-------------+-------------+
(1 row)
>>
* alter table tbl_alttbl40 drop column col2 restrict \g
<<

>>
* select * from tbl_alttbl40 order by 1 \g
<<

+-------------+-------------+
|col1         |col3         |
+-------------+-------------+
|            1|            3|
+-------------+-------------+
(1 row)
>>
* select * from iiintegrities order by 1,2,3,4,5,6 \g
<<

+--------------------------------+--------------------------------+------------------
--------+------+-------------+-------------------------------------------------------
-------------------------------------------------------------------------------------
-------------------------------------------------------------------------------------
------------------+
|table_name                      |table_owner                     |create_date      -
        |integr|text_sequence|text_segment                                          -
                                                                                    -
                                                                                    -
                  |
+--------------------------------+--------------------------------+------------------
--------+------+-------------+-------------------------------------------------------
-------------------------------------------------------------------------------------
-------------------------------------------------------------------------------------
------------------+
|tbl_alttbl40                    |testenv                         |2004_06_18 15:19:-
16 GMT  |     1|            1|create integrity  on tbl_alttbl40 is col1 >0          -
                                                                                    -
                                                                                    -
                  |
|tbl_alttbl40                    |testenv                         |2004_06_18 15:19:-
18 GMT  |     2|            1|create integrity  on tbl_alttbl40 is col3 >0          -
                                                                                    -
                                                                                    -
                  |
+--------------------------------+--------------------------------+------------------
--------+------+-------------+-------------------------------------------------------
-------------------------------------------------------------------------------------
-------------------------------------------------------------------------------------
------------------+
(2 rows)
>>
* insert into tbl_alttbl40 values(-1,-2) \g
<<
(0 rows)
>>
* select * from tbl_alttbl40 order by 1 \g
<<

+-------------+-------------+
|col1         |col3         |
+-------------+-------------+
|            1|            3|
+-------------+-------------+
(1 row)
>>
* drop table tbl_alttbl40 \g
<<

>>
* \q 
<<

>>


Ending at: Fri Jun 18 10:19:33 2004
