/*
	Test Name: alttbl29.sep
	Time: Thu Jan 16 00:06:44 1997
	User Name: testenv
	Terminal type: septerm
 
	Test ID : alttbl29
	Module  : be/alttbl
	Filename: alttbl29.sep
	Purpose	: To verify that alter table drop column should detect check
		  constraints.
	Input Files  : none
	Output Files : none
	Database     : alttbldb
	Tables       : tbl_alttbl29
	Synopsis     : alter table drop column should detect check constraints

 History: 16-Jan-1997	(wanya01)	Created 
	  19-Mar-1999	(vande02) Hard-coded VPG_SZ to 4K
          17-Jun-2004	(shafa01) Added order by clause for the select
			statements preformed against iiconstraints table.
			Also removed huge fill file and added a canon 
			for every SQL statement. Rearranged history display.
			Added missing test information from the header
			section. Changed table name to tbl_alttbl29.

*/
? sql -s SEPPARAMDB 
<<
>>
/* 
	Testing drop column and the column has check constraint 
*/
* set autocommit on \g
<<
>>
* drop table tbl_alttbl29 \g
<<
~
>>
* create table tbl_alttbl29 (col1 int, col2 int, col3 int, constraint c1 check
<<
>>
* (col2 >0)) with page_size = 4096 \g
<<
>>
* insert into tbl_alttbl29 values (1,2,3) \g
<<
(1 row)
>>
* alter table tbl_alttbl29 drop column col2 restrict \g
<<
E_QE016B ALTER TABLE DROP COLUMN RESTRICT:  restricted destruction of base
    table column cannot proceed as it  has one or more dependent objects
    which would become abandoned.
    (Thu Jun 17 12:51:51 2004)

>>
* alter table tbl_alttbl29 drop column col2 cascade \g
<<
>>
* select * from iiconstraints order by constraint_name \g
<<

+--------------------------------+--------------------------------+------------------
---------------+------+-------------------------+-------------+----------------------
-------------------------------------------------------------------------------------
-------------------------------------------------------------------------------------
---------------------------------------------------+------+
|constraint_name                 |schema_name                     |table_name       -
               |constr|create_date              |text_sequence|text_segment         -
                                                                                    -
                                                                                    -
                                                   |system|
+--------------------------------+--------------------------------+------------------
---------------+------+-------------------------+-------------+----------------------
-------------------------------------------------------------------------------------
-------------------------------------------------------------------------------------
---------------------------------------------------+------+
+--------------------------------+--------------------------------+------------------
---------------+------+-------------------------+-------------+----------------------
-------------------------------------------------------------------------------------
-------------------------------------------------------------------------------------
---------------------------------------------------+------+
(0 rows)
>>
* drop table tbl_alttbl29 \g
<<
>>
* create table tbl_alttbl29 (col1 int, col2 int, constraint c1 check(col1+col2> 10))-
 
<<
>>
* with page_size = 4096 \g
<<
>>
* insert into tbl_alttbl29 values(1,2) \g
<<
E_US1905 Check integrity constraint '"c1"'
    on table '"tbl_alttbl29"' was violated.
    (Thu Jun 17 12:51:58 2004)

>>
* insert into tbl_alttbl29 values(4,9) \g
<<
(1 row)
>>
* alter table tbl_alttbl29 drop column col2 restrict \g
<<
E_QE016B ALTER TABLE DROP COLUMN RESTRICT:  restricted destruction of base
    table column cannot proceed as it  has one or more dependent objects
    which would become abandoned.
    (Thu Jun 17 12:52:05 2004)

>>
* alter table tbl_alttbl29 drop column col2 cascade \g
<<
>>
* select * from iiconstraints order by constraint_name \g
<<

+--------------------------------+--------------------------------+------------------
---------------+------+-------------------------+-------------+----------------------
-------------------------------------------------------------------------------------
-------------------------------------------------------------------------------------
---------------------------------------------------+------+
|constraint_name                 |schema_name                     |table_name       -
               |constr|create_date              |text_sequence|text_segment         -
                                                                                    -
                                                                                    -
                                                   |system|
+--------------------------------+--------------------------------+------------------
---------------+------+-------------------------+-------------+----------------------
-------------------------------------------------------------------------------------
-------------------------------------------------------------------------------------
---------------------------------------------------+------+
+--------------------------------+--------------------------------+------------------
---------------+------+-------------------------+-------------+----------------------
-------------------------------------------------------------------------------------
-------------------------------------------------------------------------------------
---------------------------------------------------+------+
(0 rows)
>>
* drop table tbl_alttbl29 \g
<<
>>
* create table tbl_alttbl29 (col1 int, col2 int, constraint c1 check(col1>=0 and
<<
>>
* col2<=9)) with page_size = 4096 \g
<<
>>
* insert into tbl_alttbl29 values(4,9) \g
<<
(1 row)
>>
* alter table tbl_alttbl29 drop column col2 restrict \g
<<
E_QE016B ALTER TABLE DROP COLUMN RESTRICT:  restricted destruction of base
    table column cannot proceed as it  has one or more dependent objects
    which would become abandoned.
    (Thu Jun 17 12:52:10 2004)

>>
* alter table tbl_alttbl29 drop column col2 cascade \g
<<
>>
* select * from iiconstraints order by constraint_name \g
<<

+--------------------------------+--------------------------------+------------------
---------------+------+-------------------------+-------------+----------------------
-------------------------------------------------------------------------------------
-------------------------------------------------------------------------------------
---------------------------------------------------+------+
|constraint_name                 |schema_name                     |table_name       -
               |constr|create_date              |text_sequence|text_segment         -
                                                                                    -
                                                                                    -
                                                   |system|
+--------------------------------+--------------------------------+------------------
---------------+------+-------------------------+-------------+----------------------
-------------------------------------------------------------------------------------
-------------------------------------------------------------------------------------
---------------------------------------------------+------+
+--------------------------------+--------------------------------+------------------
---------------+------+-------------------------+-------------+----------------------
-------------------------------------------------------------------------------------
-------------------------------------------------------------------------------------
---------------------------------------------------+------+
(0 rows)
>>
* drop table tbl_alttbl29 \g
<<
>>
* create table tbl_alttbl29 (col1 int, col2 int, constraint c1 check(col1>=0 ))
<<
>>
* with page_size = 4096 \g
<<
>>
* insert into tbl_alttbl29 values(4,4) \g
<<
(1 row)
>>
* alter table tbl_alttbl29 add constraint c2 check(col1 <=10) \g
<<
>>
* alter table tbl_alttbl29 add constraint c3 check(col2<10)  \g
<<
>>
* alter table tbl_alttbl29 drop column col2 restrict \g
<<
E_QE016B ALTER TABLE DROP COLUMN RESTRICT:  restricted destruction of base
    table column cannot proceed as it  has one or more dependent objects
    which would become abandoned.
    (Thu Jun 17 12:52:16 2004)

>>
* alter table tbl_alttbl29 drop column col2 cascade \g
<<
>>
* select * from iiconstraints order by constraint_name \g
<<

+--------------------------------+--------------------------------+------------------
---------------+------+-------------------------+-------------+----------------------
-------------------------------------------------------------------------------------
-------------------------------------------------------------------------------------
---------------------------------------------------+------+
|constraint_name                 |schema_name                     |table_name       -
               |constr|create_date              |text_sequence|text_segment         -
                                                                                    -
                                                                                    -
                                                   |system|
+--------------------------------+--------------------------------+------------------
---------------+------+-------------------------+-------------+----------------------
-------------------------------------------------------------------------------------
-------------------------------------------------------------------------------------
---------------------------------------------------+------+
|c1                              |testenv                         |tbl_alttbl29     -
               |C     |2004_06_17 21:23:23 GMT  |            1|CHECK(col1>=0 )      -
                                                                                    -
                                                                                    -
                                                   |U     |
|c2                              |testenv                         |tbl_alttbl29     -
               |C     |2004_06_17 21:23:23 GMT  |            1|CHECK(col1 <=10)     -
                                                                                    -
                                                                                    -
                                                   |U     |
+--------------------------------+--------------------------------+------------------
---------------+------+-------------------------+-------------+----------------------
-------------------------------------------------------------------------------------
-------------------------------------------------------------------------------------
---------------------------------------------------+------+
(2 rows)
>>
* drop table tbl_alttbl29 \g
<<
>>
* \q 
<<
>>


Ending at: Thu Jun 17 16:23:33 2004
