/*
	Test Name: alttbl13.sep
	Time: Tue Oct 22 07:32:01 1996
	User Name: testenv
	Terminal type: septerm
 
	Test ID : alttbl13
	Module  : be/alttbl
	Filename: alttbl13.sep
	Purpose : To test that a column of different data types can be appended
                  to a table with one existing column of type date, using
		  the 'alter table' command.
	Input Files  : none
	Output Files : none
	Database     : alttbldb
	Tables       : t1
	Synopsis     : Table t1 is created with a date column and three rows
		       are then inserted in it. Using 'alter table' command
                       another column is added of a different data type. A
                       combination of selects, inserts, updates and deletes
                       are performed to verify the integrity of the table and
                       the data it contains.

 History: 23-Mar-1999	(kamra01) Modified the page_size to 4K instead of
			vpg_sz.	 
          26-Mar-2001	(hanch04) Update test for Ingres 2.6
          22-May-2001	(BOIJA02) New canons for order by, drop col2 ordering.
           4-Oct-2001	(devjo01) Add alternate canon for LP64 (64 bit pointer
			in "coupon" placeholder for long data type columns
			effects row widths, etc.)
	  13-Nov-2001	(rogch01) Correct float precision after fix to bug
			105957. Reorder alternate canons for generic last.
			Add some of this header.
	   4-Jun-2004	(shafa01) Replaced all huge canons and added a single
                        canon per transaction. Removed /p from every SQL
			command. Removed all 'help table' commands as it does
                        not prove to be a viable test. This change does not
			require to have any alternate canons for LP64 place
			holders. Removed modify to heap statements as tables
			are by default created with a heap structure. Added
			missing test information in the header section above.
			Also aligned the history records.
	
*/
? sql -s SEPPARAMDB 
<<
>>
* drop table t1 \g
<<
~
>>
* create table t1 (col1 date) with page_size = 4096 \g
<<
>>
* insert into t1 values ('010196') \g
<<
(1 row)
>>
* insert into t1 values ('020296') \g
<<
(1 row)
>>
* insert into t1 values ('030396') \g
<<
(1 row)
>>
* commit \g
<<
>>
* select * from t1 order by col1 \g
<<

+-------------------------+
|col1                     |
+-------------------------+
|01-jan-1996              |
|02-feb-1996              |
|03-mar-1996              |
+-------------------------+
(3 rows)
>>
* alter table t1 add col2 char(5) \g
<<
>>
* commit \g
<<
>>
* select * from t1 order by col1 \g
<<

+-------------------------+------+
|col1                     |col2  |
+-------------------------+------+
|01-jan-1996              |      |
|02-feb-1996              |      |
|03-mar-1996              |      |
+-------------------------+------+
(3 rows)
>>
* insert into t1 values ('040496','mnopq') \g
<<
(1 row)
>>
* commit \g
<<
>>
* select * from t1 order by col1 \g
<<

+-------------------------+------+
|col1                     |col2  |
+-------------------------+------+
|01-jan-1996              |      |
|02-feb-1996              |      |
|03-mar-1996              |      |
|04-apr-1996              |mnopq |
+-------------------------+------+
(4 rows)
>>
* update t1 set col1='040497',col2='MNOPQ' where col1='040496' \g
<<
(1 row)
>>
* select * from t1 order by col1 \g
<<

+-------------------------+------+
|col1                     |col2  |
+-------------------------+------+
|01-jan-1996              |      |
|02-feb-1996              |      |
|03-mar-1996              |      |
|04-apr-1997              |MNOPQ |
+-------------------------+------+
(4 rows)
>>
* update t1 set col2='GHIJK' where col1 = '030396' \g
<<
(1 row)
>>
* select * from t1 order by col1 \g
<<

+-------------------------+------+
|col1                     |col2  |
+-------------------------+------+
|01-jan-1996              |      |
|02-feb-1996              |      |
|03-mar-1996              |GHIJK |
|04-apr-1997              |MNOPQ |
+-------------------------+------+
(4 rows)
>>
* update t1 set col2='DEFGH' where col1 = '010196' \g
<<
(1 row)
>>
* select * from t1 order by col1 \g
<<

+-------------------------+------+
|col1                     |col2  |
+-------------------------+------+
|01-jan-1996              |DEFGH |
|02-feb-1996              |      |
|03-mar-1996              |GHIJK |
|04-apr-1997              |MNOPQ |
+-------------------------+------+
(4 rows)
>>
* delete from t1 where col1='040497'  and col2='MNOPQ' \g
<<
(1 row)
>>
* select * from t1 order by col1 \g
<<

+-------------------------+------+
|col1                     |col2  |
+-------------------------+------+
|01-jan-1996              |DEFGH |
|02-feb-1996              |      |
|03-mar-1996              |GHIJK |
+-------------------------+------+
(3 rows)
>>
* delete from t1 where col1= '030396' and col2='GHIJK' \g
<<
(1 row)
>>
* select * from t1 order by col1 \g
<<

+-------------------------+------+
|col1                     |col2  |
+-------------------------+------+
|01-jan-1996              |DEFGH |
|02-feb-1996              |      |
+-------------------------+------+
(2 rows)
>>
* delete from t1 where col1='010196' and col2='DEFGH' \g
<<
(1 row)
>>
* commit \g
<<
>>
* select * from t1 order by col1 \g
<<

+-------------------------+------+
|col1                     |col2  |
+-------------------------+------+
|02-feb-1996              |      |
+-------------------------+------+
(1 row)
>>
* drop table t1 \g
<<
>>
* commit \g
<<
>>
* create table t1 (col1 date) with page_size = 4096 \g
<<
>>
* insert into t1 values ('010196') \g
<<
(1 row)
>>
* insert into t1 values ('020296') \g
<<
(1 row)
>>
* insert into t1 values ('030396') \g
<<
(1 row)
>>
* commit \g
<<
>>
* select * from t1 order by col1 \g
<<

+-------------------------+
|col1                     |
+-------------------------+
|01-jan-1996              |
|02-feb-1996              |
|03-mar-1996              |
+-------------------------+
(3 rows)
>>
* alter table t1 add col2 varchar(5) \g
<<
>>
* commit \g
<<
>>
* select * from t1 order by col1 \g
<<

+-------------------------+------+
|col1                     |col2  |
+-------------------------+------+
|01-jan-1996              |      |
|02-feb-1996              |      |
|03-mar-1996              |      |
+-------------------------+------+
(3 rows)
>>
* insert into t1 values ('040496','mnopq') \g
<<
(1 row)
>>
* commit \g
<<
>>
* select * from t1 order by col1 \g
<<

+-------------------------+------+
|col1                     |col2  |
+-------------------------+------+
|01-jan-1996              |      |
|02-feb-1996              |      |
|03-mar-1996              |      |
|04-apr-1996              |mnopq |
+-------------------------+------+
(4 rows)
>>
* update t1 set col1='040497',col2='MNOPQ' where col1='040496' \g
<<
(1 row)
>>
* select * from t1 order by col1 \g
<<

+-------------------------+------+
|col1                     |col2  |
+-------------------------+------+
|01-jan-1996              |      |
|02-feb-1996              |      |
|03-mar-1996              |      |
|04-apr-1997              |MNOPQ |
+-------------------------+------+
(4 rows)
>>
* update t1 set col2='GHIJK' where col1 = '030396' \g
<<
(1 row)
>>
* select * from t1 order by col1 \g
<<

+-------------------------+------+
|col1                     |col2  |
+-------------------------+------+
|01-jan-1996              |      |
|02-feb-1996              |      |
|03-mar-1996              |GHIJK |
|04-apr-1997              |MNOPQ |
+-------------------------+------+
(4 rows)
>>
* update t1 set col2='DEFGH' where col1 = '010196' \g
<<
(1 row)
>>
* select * from t1 order by col1 \g
<<

+-------------------------+------+
|col1                     |col2  |
+-------------------------+------+
|01-jan-1996              |DEFGH |
|02-feb-1996              |      |
|03-mar-1996              |GHIJK |
|04-apr-1997              |MNOPQ |
+-------------------------+------+
(4 rows)
>>
* delete from t1 where col1='040497'  and col2='MNOPQ' \g
<<
(1 row)
>>
* select * from t1 order by col1 \g
<<

+-------------------------+------+
|col1                     |col2  |
+-------------------------+------+
|01-jan-1996              |DEFGH |
|02-feb-1996              |      |
|03-mar-1996              |GHIJK |
+-------------------------+------+
(3 rows)
>>
* delete from t1 where col1= '030396' and col2='GHIJK' \g
<<
(1 row)
>>
* select * from t1 order by col1 \g
<<

+-------------------------+------+
|col1                     |col2  |
+-------------------------+------+
|01-jan-1996              |DEFGH |
|02-feb-1996              |      |
+-------------------------+------+
(2 rows)
>>
* delete from t1 where col1='010196' and col2='DEFGH' \g
<<
(1 row)
>>
* commit \g
<<
>>
* select * from t1 order by col1 \g
<<

+-------------------------+------+
|col1                     |col2  |
+-------------------------+------+
|02-feb-1996              |      |
+-------------------------+------+
(1 row)
>>
* drop table t1 \g
<<
>>
* commit \g
<<
>>
* create table t1 (col1 date) with page_size = 4096 \g
<<
>>
* insert into t1 values ('010196') \g
<<
(1 row)
>>
* insert into t1 values ('020296') \g
<<
(1 row)
>>
* insert into t1 values ('030396') \g
<<
(1 row)
>>
* commit \g
<<
>>
* select * from t1 order by col1 \g
<<

+-------------------------+
|col1                     |
+-------------------------+
|01-jan-1996              |
|02-feb-1996              |
|03-mar-1996              |
+-------------------------+
(3 rows)
>>
* alter table t1 add col2 long varchar \g
<<
>>
* commit \g
<<
>>
* select * from t1 order by col1 \g
<<

+-------------------------+--------------------------------+
|col1                     |col2                            |
+-------------------------+--------------------------------+
|01-jan-1996              |                                |
|02-feb-1996              |                                |
|03-mar-1996              |                                |
+-------------------------+--------------------------------+
(3 rows)
>>
* insert into t1 values ('040496','mnopq') \g
<<
(1 row)
>>
* commit \g
<<
>>
* select * from t1 order by col1 \g
<<

+-------------------------+--------------------------------+
|col1                     |col2                            |
+-------------------------+--------------------------------+
|01-jan-1996              |                                |
|02-feb-1996              |                                |
|03-mar-1996              |                                |
|04-apr-1996              |mnopq                           |
+-------------------------+--------------------------------+
(4 rows)
>>
* update t1 set col1='040497',col2='MNOPQ' where col1='040496' \g
<<
(1 row)
>>
* select * from t1 order by col1 \g
<<

+-------------------------+--------------------------------+
|col1                     |col2                            |
+-------------------------+--------------------------------+
|01-jan-1996              |                                |
|02-feb-1996              |                                |
|03-mar-1996              |                                |
|04-apr-1997              |MNOPQ                           |
+-------------------------+--------------------------------+
(4 rows)
>>
* update t1 set col2='GHIJK' where col1 = '030396' \g
<<
(1 row)
>>
* select * from t1 order by col1 \g
<<

+-------------------------+--------------------------------+
|col1                     |col2                            |
+-------------------------+--------------------------------+
|01-jan-1996              |                                |
|02-feb-1996              |                                |
|03-mar-1996              |GHIJK                           |
|04-apr-1997              |MNOPQ                           |
+-------------------------+--------------------------------+
(4 rows)
>>
* update t1 set col2='DEFGH' where col1 = '010196' \g
<<
(1 row)
>>
* select * from t1 order by col1 \g
<<

+-------------------------+--------------------------------+
|col1                     |col2                            |
+-------------------------+--------------------------------+
|01-jan-1996              |DEFGH                           |
|02-feb-1996              |                                |
|03-mar-1996              |GHIJK                           |
|04-apr-1997              |MNOPQ                           |
+-------------------------+--------------------------------+
(4 rows)
>>
* delete from t1 where col1='040497'  and char(col2)='MNOPQ' \g
<<
(1 row)
>>
* select * from t1 order by col1 \g
<<

+-------------------------+--------------------------------+
|col1                     |col2                            |
+-------------------------+--------------------------------+
|01-jan-1996              |DEFGH                           |
|02-feb-1996              |                                |
|03-mar-1996              |GHIJK                           |
+-------------------------+--------------------------------+
(3 rows)
>>
* delete from t1 where col1= '030396' and char(col2)='GHIJK' \g
<<
(1 row)
>>
* select * from t1 order by col1 \g
<<

+-------------------------+--------------------------------+
|col1                     |col2                            |
+-------------------------+--------------------------------+
|01-jan-1996              |DEFGH                           |
|02-feb-1996              |                                |
+-------------------------+--------------------------------+
(2 rows)
>>
* delete from t1 where col1='010196' and char(col2)='DEFGH' \g
<<
(1 row)
>>
* commit \g
<<
>>
* select * from t1 order by col1 \g
<<

+-------------------------+--------------------------------+
|col1                     |col2                            |
+-------------------------+--------------------------------+
|02-feb-1996              |                                |
+-------------------------+--------------------------------+
(1 row)
>>
* drop table t1 \g
<<
>>
* commit \g
<<
>>
* create table t1 (col1 date) with page_size = 4096 \g
<<
>>
* insert into t1 values ('010196') \g
<<
(1 row)
>>
* insert into t1 values ('020296') \g
<<
(1 row)
>>
* insert into t1 values ('030396') \g
<<
(1 row)
>>
* commit \g
<<
>>
* select * from t1 order by col1 \g
<<

+-------------------------+
|col1                     |
+-------------------------+
|01-jan-1996              |
|02-feb-1996              |
|03-mar-1996              |
+-------------------------+
(3 rows)
>>
* alter table t1 add col2 byte(8) \g
<<
>>
* commit \g
<<
>>
* select * from t1 order by col1 \g
<<

+-------------------------+--------+
|col1                     |col2    |
+-------------------------+--------+
|01-jan-1996              |        |
|02-feb-1996              |        |
|03-mar-1996              |        |
+-------------------------+--------+
(3 rows)
>>
* insert into t1 values ('040496','mnopq') \g
<<
(1 row)
>>
* commit \g
<<
>>
* select * from t1 order by col1 \g
<<

+-------------------------+--------+
|col1                     |col2    |
+-------------------------+--------+
|01-jan-1996              |        |
|02-feb-1996              |        |
|03-mar-1996              |        |
|04-apr-1996              |mnopq\000\000\000|
+-------------------------+--------+
(4 rows)
>>
* update t1 set col1='040497',col2='MNOPQ' where col1='040496' \g
<<
(1 row)
>>
* select * from t1 order by col1 \g
<<

+-------------------------+--------+
|col1                     |col2    |
+-------------------------+--------+
|01-jan-1996              |        |
|02-feb-1996              |        |
|03-mar-1996              |        |
|04-apr-1997              |MNOPQ\000\000\000|
+-------------------------+--------+
(4 rows)
>>
* update t1 set col2='GHIJK' where col1 = '030396' \g
<<
(1 row)
>>
* select * from t1 order by col1 \g
<<

+-------------------------+--------+
|col1                     |col2    |
+-------------------------+--------+
|01-jan-1996              |        |
|02-feb-1996              |        |
|03-mar-1996              |GHIJK\000\000\000|
|04-apr-1997              |MNOPQ\000\000\000|
+-------------------------+--------+
(4 rows)
>>
* update t1 set col2='DEFGH' where col1 = '010196' \g
<<
(1 row)
>>
* select * from t1 order by col1 \g
<<

+-------------------------+--------+
|col1                     |col2    |
+-------------------------+--------+
|01-jan-1996              |DEFGH\000\000\000|
|02-feb-1996              |        |
|03-mar-1996              |GHIJK\000\000\000|
|04-apr-1997              |MNOPQ\000\000\000|
+-------------------------+--------+
(4 rows)
>>
* delete from t1 where col1='040497'  and col2='MNOPQ' \g
<<
(1 row)
>>
* select * from t1 order by col1 \g
<<

+-------------------------+--------+
|col1                     |col2    |
+-------------------------+--------+
|01-jan-1996              |DEFGH\000\000\000|
|02-feb-1996              |        |
|03-mar-1996              |GHIJK\000\000\000|
+-------------------------+--------+
(3 rows)
>>
* delete from t1 where col1= '030396' and col2='GHIJK' \g
<<
(1 row)
>>
* select * from t1 order by col1 \g
<<

+-------------------------+--------+
|col1                     |col2    |
+-------------------------+--------+
|01-jan-1996              |DEFGH\000\000\000|
|02-feb-1996              |        |
+-------------------------+--------+
(2 rows)
>>
* delete from t1 where col1='010196' and col2='DEFGH' \g
<<
(1 row)
>>
* commit \g
<<
>>
* select * from t1 order by col1 \g
<<

+-------------------------+--------+
|col1                     |col2    |
+-------------------------+--------+
|02-feb-1996              |        |
+-------------------------+--------+
(1 row)
>>
* drop table t1 \g
<<
>>
* commit \g
<<
>>
* create table t1 (col1 date) with page_size = 4096 \g
<<
>>
* insert into t1 values ('010196') \g
<<
(1 row)
>>
* insert into t1 values ('020296') \g
<<
(1 row)
>>
* insert into t1 values ('030396') \g
<<
(1 row)
>>
* commit \g
<<
>>
* select * from t1 order by col1 \g
<<

+-------------------------+
|col1                     |
+-------------------------+
|01-jan-1996              |
|02-feb-1996              |
|03-mar-1996              |
+-------------------------+
(3 rows)
>>
* alter table t1 add col2 byte varying(8) \g
<<
>>
* commit \g
<<
>>
* select * from t1 order by col1 \g
<<

+-------------------------+--------+
|col1                     |col2    |
+-------------------------+--------+
|01-jan-1996              |        |
|02-feb-1996              |        |
|03-mar-1996              |        |
+-------------------------+--------+
(3 rows)
>>
* insert into t1 values ('040496','mnopq') \g
<<
(1 row)
>>
* commit \g
<<
>>
* select * from t1 order by col1 \g
<<

+-------------------------+--------+
|col1                     |col2    |
+-------------------------+--------+
|01-jan-1996              |        |
|02-feb-1996              |        |
|03-mar-1996              |        |
|04-apr-1996              |mnopq   |
+-------------------------+--------+
(4 rows)
>>
* update t1 set col1='040497',col2='MNOPQ' where col1='040496' \g
<<
(1 row)
>>
* select * from t1 order by col1 \g
<<

+-------------------------+--------+
|col1                     |col2    |
+-------------------------+--------+
|01-jan-1996              |        |
|02-feb-1996              |        |
|03-mar-1996              |        |
|04-apr-1997              |MNOPQ   |
+-------------------------+--------+
(4 rows)
>>
* update t1 set col2='GHIJK' where col1 = '030396' \g
<<
(1 row)
>>
* select * from t1 order by col1 \g
<<

+-------------------------+--------+
|col1                     |col2    |
+-------------------------+--------+
|01-jan-1996              |        |
|02-feb-1996              |        |
|03-mar-1996              |GHIJK   |
|04-apr-1997              |MNOPQ   |
+-------------------------+--------+
(4 rows)
>>
* update t1 set col2='DEFGH' where col1 = '010196' \g
<<
(1 row)
>>
* select * from t1 order by col1 \g
<<

+-------------------------+--------+
|col1                     |col2    |
+-------------------------+--------+
|01-jan-1996              |DEFGH   |
|02-feb-1996              |        |
|03-mar-1996              |GHIJK   |
|04-apr-1997              |MNOPQ   |
+-------------------------+--------+
(4 rows)
>>
* delete from t1 where col1='040497'  and col2='MNOPQ' \g
<<
(1 row)
>>
* select * from t1 order by col1 \g
<<

+-------------------------+--------+
|col1                     |col2    |
+-------------------------+--------+
|01-jan-1996              |DEFGH   |
|02-feb-1996              |        |
|03-mar-1996              |GHIJK   |
+-------------------------+--------+
(3 rows)
>>
* delete from t1 where col1= '030396' and col2='GHIJK' \g
<<
(1 row)
>>
* select * from t1 order by col1 \g
<<

+-------------------------+--------+
|col1                     |col2    |
+-------------------------+--------+
|01-jan-1996              |DEFGH   |
|02-feb-1996              |        |
+-------------------------+--------+
(2 rows)
>>
* delete from t1 where col1='010196' and col2='DEFGH' \g
<<
(1 row)
>>
* commit \g
<<
>>
* select * from t1 order by col1 \g
<<

+-------------------------+--------+
|col1                     |col2    |
+-------------------------+--------+
|02-feb-1996              |        |
+-------------------------+--------+
(1 row)
>>
* drop table t1 \g
<<
>>
* commit \g
<<
>>
* create table t1 (col1 date) with page_size = 4096 \g
<<
>>
* insert into t1 values ('010196') \g
<<
(1 row)
>>
* insert into t1 values ('020296') \g
<<
(1 row)
>>
* insert into t1 values ('030396') \g
<<
(1 row)
>>
* commit \g
<<
>>
* select * from t1 order by col1 \g
<<

+-------------------------+
|col1                     |
+-------------------------+
|01-jan-1996              |
|02-feb-1996              |
|03-mar-1996              |
+-------------------------+
(3 rows)
>>
* alter table t1 add col2 long byte \g
<<
>>
* commit \g
<<
>>
* select * from t1 order by col1 \g
<<

+-------------------------+--------------------------------+
|col1                     |col2                            |
+-------------------------+--------------------------------+
|01-jan-1996              |                                |
|02-feb-1996              |                                |
|03-mar-1996              |                                |
+-------------------------+--------------------------------+
(3 rows)
>>
* insert into t1 values ('040496','mnopq') \g
<<
(1 row)
>>
* commit \g
<<
>>
* select * from t1 order by col1 \g
<<

+-------------------------+--------------------------------+
|col1                     |col2                            |
+-------------------------+--------------------------------+
|01-jan-1996              |                                |
|02-feb-1996              |                                |
|03-mar-1996              |                                |
|04-apr-1996              |mnopq                           |
+-------------------------+--------------------------------+
(4 rows)
>>
* update t1 set col1='040497',col2='MNOPQ' where col1='040496' \g
<<
(1 row)
>>
* select * from t1 order by col1 \g
<<

+-------------------------+--------------------------------+
|col1                     |col2                            |
+-------------------------+--------------------------------+
|01-jan-1996              |                                |
|02-feb-1996              |                                |
|03-mar-1996              |                                |
|04-apr-1997              |MNOPQ                           |
+-------------------------+--------------------------------+
(4 rows)
>>
* update t1 set col2='GHIJK' where col1 = '030396' \g
<<
(1 row)
>>
* select * from t1 order by col1 \g
<<

+-------------------------+--------------------------------+
|col1                     |col2                            |
+-------------------------+--------------------------------+
|01-jan-1996              |                                |
|02-feb-1996              |                                |
|03-mar-1996              |GHIJK                           |
|04-apr-1997              |MNOPQ                           |
+-------------------------+--------------------------------+
(4 rows)
>>
* update t1 set col2='DEFGH' where col1 = '010196' \g
<<
(1 row)
>>
* select * from t1 order by col1 \g
<<

+-------------------------+--------------------------------+
|col1                     |col2                            |
+-------------------------+--------------------------------+
|01-jan-1996              |DEFGH                           |
|02-feb-1996              |                                |
|03-mar-1996              |GHIJK                           |
|04-apr-1997              |MNOPQ                           |
+-------------------------+--------------------------------+
(4 rows)
>>
* delete from t1 where col1='040497' and char(col2)='MNOPQ' \g
<<
(1 row)
>>
* select * from t1 order by col1 \g
<<

+-------------------------+--------------------------------+
|col1                     |col2                            |
+-------------------------+--------------------------------+
|01-jan-1996              |DEFGH                           |
|02-feb-1996              |                                |
|03-mar-1996              |GHIJK                           |
+-------------------------+--------------------------------+
(3 rows)
>>
* delete from t1 where col1= '030396' and char(col2)='GHIJK' \g
<<
(1 row)
>>
* select * from t1 order by col1 \g
<<

+-------------------------+--------------------------------+
|col1                     |col2                            |
+-------------------------+--------------------------------+
|01-jan-1996              |DEFGH                           |
|02-feb-1996              |                                |
+-------------------------+--------------------------------+
(2 rows)
>>
* delete from t1 where col1='010196' and char(col2)='DEFGH' \g
<<
(1 row)
>>
* commit \g
<<
>>
* select * from t1 order by col1 \g
<<

+-------------------------+--------------------------------+
|col1                     |col2                            |
+-------------------------+--------------------------------+
|02-feb-1996              |                                |
+-------------------------+--------------------------------+
(1 row)
>>
* drop table t1 \g
<<
>>
* commit \g
<<
>>
* create table t1 (col1 date) with page_size = 4096 \g
<<
>>
* insert into t1 values ('010196') \g
<<
(1 row)
>>
* insert into t1 values ('020296') \g
<<
(1 row)
>>
* insert into t1 values ('030396') \g
<<
(1 row)
>>
* commit \g
<<
>>
* select * from t1 order by col1 \g
<<

+-------------------------+
|col1                     |
+-------------------------+
|01-jan-1996              |
|02-feb-1996              |
|03-mar-1996              |
+-------------------------+
(3 rows)
>>
* alter table t1 add col2 integer1 \g
<<
>>
* commit \g
<<
>>
* select * from t1 order by col1 \g
<<

+-------------------------+------+
|col1                     |col2  |
+-------------------------+------+
|01-jan-1996              |      |
|02-feb-1996              |      |
|03-mar-1996              |      |
+-------------------------+------+
(3 rows)
>>
* insert into t1 values ('040496',44) \g
<<
(1 row)
>>
* commit \g
<<
>>
* select * from t1 order by col1 \g
<<

+-------------------------+------+
|col1                     |col2  |
+-------------------------+------+
|01-jan-1996              |      |
|02-feb-1996              |      |
|03-mar-1996              |      |
|04-apr-1996              |    44|
+-------------------------+------+
(4 rows)
>>
* update t1 set col1='040497',col2=55 where col1='040496' \g
<<
(1 row)
>>
* select * from t1 order by col1 \g
<<

+-------------------------+------+
|col1                     |col2  |
+-------------------------+------+
|01-jan-1996              |      |
|02-feb-1996              |      |
|03-mar-1996              |      |
|04-apr-1997              |    55|
+-------------------------+------+
(4 rows)
>>
* update t1 set col2=33 where col1 = '030396' \g
<<
(1 row)
>>
* select * from t1 order by col1 \g
<<

+-------------------------+------+
|col1                     |col2  |
+-------------------------+------+
|01-jan-1996              |      |
|02-feb-1996              |      |
|03-mar-1996              |    33|
|04-apr-1997              |    55|
+-------------------------+------+
(4 rows)
>>
* update t1 set col2=11 where col1 = '010196' \g
<<
(1 row)
>>
* select * from t1 order by col1 \g
<<

+-------------------------+------+
|col1                     |col2  |
+-------------------------+------+
|01-jan-1996              |    11|
|02-feb-1996              |      |
|03-mar-1996              |    33|
|04-apr-1997              |    55|
+-------------------------+------+
(4 rows)
>>
* delete from t1 where col1='040497'  and col2=55 \g
<<
(1 row)
>>
* select * from t1 order by col1 \g
<<

+-------------------------+------+
|col1                     |col2  |
+-------------------------+------+
|01-jan-1996              |    11|
|02-feb-1996              |      |
|03-mar-1996              |    33|
+-------------------------+------+
(3 rows)
>>
* delete from t1 where col1= '030396' and col2=33 \g
<<
(1 row)
>>
* select * from t1 order by col1 \g
<<

+-------------------------+------+
|col1                     |col2  |
+-------------------------+------+
|01-jan-1996              |    11|
|02-feb-1996              |      |
+-------------------------+------+
(2 rows)
>>
* delete from t1 where col1='010196' and col2=11 \g
<<
(1 row)
>>
* commit \g
<<
>>
* select * from t1 order by col1 \g
<<

+-------------------------+------+
|col1                     |col2  |
+-------------------------+------+
|02-feb-1996              |      |
+-------------------------+------+
(1 row)
>>
* drop table t1 \g
<<
>>
* commit \g
<<
>>
* create table t1 (col1 date) with page_size = 4096 \g
<<
>>
* insert into t1 values ('010196') \g
<<
(1 row)
>>
* insert into t1 values ('020296') \g
<<
(1 row)
>>
* insert into t1 values ('030396') \g
<<
(1 row)
>>
* commit \g
<<
>>
* select * from t1 order by col1 \g
<<

+-------------------------+
|col1                     |
+-------------------------+
|01-jan-1996              |
|02-feb-1996              |
|03-mar-1996              |
+-------------------------+
(3 rows)
>>
* alter table t1 add col2 smallint \g
<<
>>
* commit \g
<<
>>
* select * from t1 order by col1 \g
<<

+-------------------------+------+
|col1                     |col2  |
+-------------------------+------+
|01-jan-1996              |      |
|02-feb-1996              |      |
|03-mar-1996              |      |
+-------------------------+------+
(3 rows)
>>
* insert into t1 values ('040496',444) \g
<<
(1 row)
>>
* commit \g
<<
>>
* select * from t1 order by col1 \g
<<

+-------------------------+------+
|col1                     |col2  |
+-------------------------+------+
|01-jan-1996              |      |
|02-feb-1996              |      |
|03-mar-1996              |      |
|04-apr-1996              |   444|
+-------------------------+------+
(4 rows)
>>
* update t1 set col1='040497',col2=555 where col1='040496' \g
<<
(1 row)
>>
* select * from t1 order by col1 \g
<<

+-------------------------+------+
|col1                     |col2  |
+-------------------------+------+
|01-jan-1996              |      |
|02-feb-1996              |      |
|03-mar-1996              |      |
|04-apr-1997              |   555|
+-------------------------+------+
(4 rows)
>>
* update t1 set col2=333 where col1 = '030396' \g
<<
(1 row)
>>
* select * from t1 order by col1 \g
<<

+-------------------------+------+
|col1                     |col2  |
+-------------------------+------+
|01-jan-1996              |      |
|02-feb-1996              |      |
|03-mar-1996              |   333|
|04-apr-1997              |   555|
+-------------------------+------+
(4 rows)
>>
* update t1 set col2=111 where col1 = '010196' \g
<<
(1 row)
>>
* select * from t1 order by col1 \g
<<

+-------------------------+------+
|col1                     |col2  |
+-------------------------+------+
|01-jan-1996              |   111|
|02-feb-1996              |      |
|03-mar-1996              |   333|
|04-apr-1997              |   555|
+-------------------------+------+
(4 rows)
>>
* delete from t1 where col1='040497'  and col2=555 \g
<<
(1 row)
>>
* select * from t1 order by col1 \g
<<

+-------------------------+------+
|col1                     |col2  |
+-------------------------+------+
|01-jan-1996              |   111|
|02-feb-1996              |      |
|03-mar-1996              |   333|
+-------------------------+------+
(3 rows)
>>
* delete from t1 where col1= '030396' and col2=333 \g
<<
(1 row)
>>
* select * from t1 order by col1 \g
<<

+-------------------------+------+
|col1                     |col2  |
+-------------------------+------+
|01-jan-1996              |   111|
|02-feb-1996              |      |
+-------------------------+------+
(2 rows)
>>
* delete from t1 where col1='010196' and col2=111 \g
<<
(1 row)
>>
* commit \g
<<
>>
* select * from t1 order by col1 \g
<<

+-------------------------+------+
|col1                     |col2  |
+-------------------------+------+
|02-feb-1996              |      |
+-------------------------+------+
(1 row)
>>
* drop table t1 \g
<<
>>
* commit \g
<<
>>
* create table t1 (col1 date) with page_size = 4096 \g
<<
>>
* insert into t1 values ('010196') \g
<<
(1 row)
>>
* insert into t1 values ('020296') \g
<<
(1 row)
>>
* insert into t1 values ('030396') \g
<<
(1 row)
>>
* commit \g
<<
>>
* select * from t1 order by col1 \g
<<

+-------------------------+
|col1                     |
+-------------------------+
|01-jan-1996              |
|02-feb-1996              |
|03-mar-1996              |
+-------------------------+
(3 rows)
>>
* alter table t1 add col2 integer \g
<<
>>
* commit \g
<<
>>
* select * from t1 order by col1 \g
<<

+-------------------------+-------------+
|col1                     |col2         |
+-------------------------+-------------+
|01-jan-1996              |             |
|02-feb-1996              |             |
|03-mar-1996              |             |
+-------------------------+-------------+
(3 rows)
>>
* insert into t1 values ('040496',444) \g
<<
(1 row)
>>
* commit \g
<<
>>
* select * from t1 order by col1 \g
<<

+-------------------------+-------------+
|col1                     |col2         |
+-------------------------+-------------+
|01-jan-1996              |             |
|02-feb-1996              |             |
|03-mar-1996              |             |
|04-apr-1996              |          444|
+-------------------------+-------------+
(4 rows)
>>
* update t1 set col1='040497',col2=555 where col1='040496' \g
<<
(1 row)
>>
* select * from t1 order by col1 \g
<<

+-------------------------+-------------+
|col1                     |col2         |
+-------------------------+-------------+
|01-jan-1996              |             |
|02-feb-1996              |             |
|03-mar-1996              |             |
|04-apr-1997              |          555|
+-------------------------+-------------+
(4 rows)
>>
* update t1 set col2=333 where col1 = '030396' \g
<<
(1 row)
>>
* select * from t1 order by col1 \g
<<

+-------------------------+-------------+
|col1                     |col2         |
+-------------------------+-------------+
|01-jan-1996              |             |
|02-feb-1996              |             |
|03-mar-1996              |          333|
|04-apr-1997              |          555|
+-------------------------+-------------+
(4 rows)
>>
* update t1 set col2=111 where col1 = '010196' \g
<<
(1 row)
>>
* select * from t1 order by col1 \g
<<

+-------------------------+-------------+
|col1                     |col2         |
+-------------------------+-------------+
|01-jan-1996              |          111|
|02-feb-1996              |             |
|03-mar-1996              |          333|
|04-apr-1997              |          555|
+-------------------------+-------------+
(4 rows)
>>
* delete from t1 where col1='040497'  and col2=555 \g
<<
(1 row)
>>
* select * from t1 order by col1 \g
<<

+-------------------------+-------------+
|col1                     |col2         |
+-------------------------+-------------+
|01-jan-1996              |          111|
|02-feb-1996              |             |
|03-mar-1996              |          333|
+-------------------------+-------------+
(3 rows)
>>
* delete from t1 where col1= '030396' and col2=333 \g
<<
(1 row)
>>
* select * from t1 order by col1 \g
<<

+-------------------------+-------------+
|col1                     |col2         |
+-------------------------+-------------+
|01-jan-1996              |          111|
|02-feb-1996              |             |
+-------------------------+-------------+
(2 rows)
>>
* delete from t1 where col1='010196' and col2=111 \g
<<
(1 row)
>>
* commit \g
<<
>>
* select * from t1 order by col1 \g
<<

+-------------------------+-------------+
|col1                     |col2         |
+-------------------------+-------------+
|02-feb-1996              |             |
+-------------------------+-------------+
(1 row)
>>
* drop table t1 \g
<<
>>
* commit \g
<<
>>
* create table t1 (col1 date) with page_size = 4096 \g
<<
>>
* insert into t1 values ('010196') \g
<<
(1 row)
>>
* insert into t1 values ('020296') \g
<<
(1 row)
>>
* insert into t1 values ('030396') \g
<<
(1 row)
>>
* commit \g
<<
>>
* select * from t1 order by col1 \g
<<

+-------------------------+
|col1                     |
+-------------------------+
|01-jan-1996              |
|02-feb-1996              |
|03-mar-1996              |
+-------------------------+
(3 rows)
>>
* alter table t1 add col2 decimal(8,3)\g 
<<
>>
* commit \g
<<
>>
* select * from t1 order by col1 \g
<<

+-------------------------+----------+
|col1                     |col2      |
+-------------------------+----------+
|01-jan-1996              |          |
|02-feb-1996              |          |
|03-mar-1996              |          |
+-------------------------+----------+
(3 rows)
>>
* insert into t1 values ('040496',444.444) \g
<<
(1 row)
>>
* commit \g
<<
>>
* select * from t1 order by col1 \g
<<

+-------------------------+----------+
|col1                     |col2      |
+-------------------------+----------+
|01-jan-1996              |          |
|02-feb-1996              |          |
|03-mar-1996              |          |
|04-apr-1996              |   444.444|
+-------------------------+----------+
(4 rows)
>>
* update t1 set col1='040497',col2=555.555 where col1='040496' \g
<<
(1 row)
>>
* select * from t1 order by col1 \g
<<

+-------------------------+----------+
|col1                     |col2      |
+-------------------------+----------+
|01-jan-1996              |          |
|02-feb-1996              |          |
|03-mar-1996              |          |
|04-apr-1997              |   555.555|
+-------------------------+----------+
(4 rows)
>>
* update t1 set col2=333.333 where col1 = '030396' \g
<<
(1 row)
>>
* select * from t1 order by col1 \g
<<

+-------------------------+----------+
|col1                     |col2      |
+-------------------------+----------+
|01-jan-1996              |          |
|02-feb-1996              |          |
|03-mar-1996              |   333.333|
|04-apr-1997              |   555.555|
+-------------------------+----------+
(4 rows)
>>
* update t1 set col2=111.111 where col1 = '010196' \g
<<
(1 row)
>>
* select * from t1 order by col1 \g
<<

+-------------------------+----------+
|col1                     |col2      |
+-------------------------+----------+
|01-jan-1996              |   111.111|
|02-feb-1996              |          |
|03-mar-1996              |   333.333|
|04-apr-1997              |   555.555|
+-------------------------+----------+
(4 rows)
>>
* delete from t1 where col1='040497'  and col2=555.555 \g
<<
(1 row)
>>
* select * from t1 order by col1 \g
<<

+-------------------------+----------+
|col1                     |col2      |
+-------------------------+----------+
|01-jan-1996              |   111.111|
|02-feb-1996              |          |
|03-mar-1996              |   333.333|
+-------------------------+----------+
(3 rows)
>>
* delete from t1 where col1= '030396' and col2=333.333 \g
<<
(1 row)
>>
* select * from t1 order by col1 \g
<<

+-------------------------+----------+
|col1                     |col2      |
+-------------------------+----------+
|01-jan-1996              |   111.111|
|02-feb-1996              |          |
+-------------------------+----------+
(2 rows)
>>
* delete from t1 where col1='010196' and col2=111.111 \g
<<
(1 row)
>>
* commit \g
<<
>>
* select * from t1 order by col1 \g
<<

+-------------------------+----------+
|col1                     |col2      |
+-------------------------+----------+
|02-feb-1996              |          |
+-------------------------+----------+
(1 row)
>>
* drop table t1 \g
<<
>>
* commit \g
<<
>>
* create table t1 (col1 date) with page_size = 4096 \g
<<
>>
* insert into t1 values ('010196') \g
<<
(1 row)
>>
* insert into t1 values ('020296') \g
<<
(1 row)
>>
* insert into t1 values ('030396') \g
<<
(1 row)
>>
* commit \g
<<
>>
* select * from t1 order by col1 \g
<<

+-------------------------+
|col1                     |
+-------------------------+
|01-jan-1996              |
|02-feb-1996              |
|03-mar-1996              |
+-------------------------+
(3 rows)
>>
* alter table t1 add col2 float(23)\g 
<<
>>
* commit \g
<<
>>
* select * from t1 order by col1 \g
<<

+-------------------------+-----------+
|col1                     |col2       |
+-------------------------+-----------+
|01-jan-1996              |           |
|02-feb-1996              |           |
|03-mar-1996              |           |
+-------------------------+-----------+
(3 rows)
>>
* insert into t1 values ('040496',4.44444e2) \g
<<
(1 row)
>>
* commit \g
<<
>>
* select * from t1 order by col1 \g
<<

+-------------------------+-----------+
|col1                     |col2       |
+-------------------------+-----------+
|01-jan-1996              |           |
|02-feb-1996              |           |
|03-mar-1996              |           |
|04-apr-1996              |    444.444|
+-------------------------+-----------+
(4 rows)
>>
* update t1 set col1='040497',col2=5.55555e2 where col1='040496' \g
<<
(1 row)
>>
* select * from t1 order by col1 \g
<<

+-------------------------+-----------+
|col1                     |col2       |
+-------------------------+-----------+
|01-jan-1996              |           |
|02-feb-1996              |           |
|03-mar-1996              |           |
|04-apr-1997              |    555.555|
+-------------------------+-----------+
(4 rows)
>>
* update t1 set col2=3.33333e2 where col1 = '030396' \g
<<
(1 row)
>>
* select * from t1 order by col1 \g
<<

+-------------------------+-----------+
|col1                     |col2       |
+-------------------------+-----------+
|01-jan-1996              |           |
|02-feb-1996              |           |
|03-mar-1996              |    333.333|
|04-apr-1997              |    555.555|
+-------------------------+-----------+
(4 rows)
>>
* update t1 set col2=1.11111e2 where col1 = '010196' \g
<<
(1 row)
>>
* select * from t1 order by col1 \g
<<

+-------------------------+-----------+
|col1                     |col2       |
+-------------------------+-----------+
|01-jan-1996              |    111.111|
|02-feb-1996              |           |
|03-mar-1996              |    333.333|
|04-apr-1997              |    555.555|
+-------------------------+-----------+
(4 rows)
>>
* delete from t1 where col1='040497'  and col2=float4(5.55555e2) \g
<<
(1 row)
>>
* select * from t1 order by col1 \g
<<

+-------------------------+-----------+
|col1                     |col2       |
+-------------------------+-----------+
|01-jan-1996              |    111.111|
|02-feb-1996              |           |
|03-mar-1996              |    333.333|
+-------------------------+-----------+
(3 rows)
>>
* delete from t1 where col1= '030396' and col2=float4(3.33333e2) \g
<<
(1 row)
>>
* select * from t1 order by col1 \g
<<

+-------------------------+-----------+
|col1                     |col2       |
+-------------------------+-----------+
|01-jan-1996              |    111.111|
|02-feb-1996              |           |
+-------------------------+-----------+
(2 rows)
>>
* delete from t1 where col1='010196' and col2=float4(1.11111e2) \g
<<
(1 row)
>>
* commit \g
<<
>>
* select * from t1 order by col1 \g
<<

+-------------------------+-----------+
|col1                     |col2       |
+-------------------------+-----------+
|02-feb-1996              |           |
+-------------------------+-----------+
(1 row)
>>
* drop table t1 \g
<<
>>
* commit \g
<<
>>
* create table t1 (col1 date) with page_size = 4096 \g
<<
>>
* insert into t1 values ('010196') \g
<<
(1 row)
>>
* insert into t1 values ('020296') \g
<<
(1 row)
>>
* insert into t1 values ('030396') \g
<<
(1 row)
>>
* commit \g
<<
>>
* select * from t1 order by col1 \g
<<

+-------------------------+
|col1                     |
+-------------------------+
|01-jan-1996              |
|02-feb-1996              |
|03-mar-1996              |
+-------------------------+
(3 rows)
>>
* alter table t1 add col2 float(24)\g 
<<
>>
* commit \g
<<
>>
* select * from t1 order by col1 \g
<<

+-------------------------+-----------+
|col1                     |col2       |
+-------------------------+-----------+
|01-jan-1996              |           |
|02-feb-1996              |           |
|03-mar-1996              |           |
+-------------------------+-----------+
(3 rows)
>>
* insert into t1 values ('040496',44444.444) \g
<<
(1 row)
>>
* commit \g
<<
>>
* select * from t1 order by col1 \g
<<

+-------------------------+-----------+
|col1                     |col2       |
+-------------------------+-----------+
|01-jan-1996              |           |
|02-feb-1996              |           |
|03-mar-1996              |           |
|04-apr-1996              |  44444.444|
+-------------------------+-----------+
(4 rows)
>>
* update t1 set col1='040497',col2=55555.555 where col1='040496' \g
<<
(1 row)
>>
* select * from t1 order by col1 \g
<<

+-------------------------+-----------+
|col1                     |col2       |
+-------------------------+-----------+
|01-jan-1996              |           |
|02-feb-1996              |           |
|03-mar-1996              |           |
|04-apr-1997              |  55555.555|
+-------------------------+-----------+
(4 rows)
>>
* update t1 set col2=33333.333 where col1 = '030396' \g
<<
(1 row)
>>
* select * from t1 order by col1 \g
<<

+-------------------------+-----------+
|col1                     |col2       |
+-------------------------+-----------+
|01-jan-1996              |           |
|02-feb-1996              |           |
|03-mar-1996              |  33333.333|
|04-apr-1997              |  55555.555|
+-------------------------+-----------+
(4 rows)
>>
* update t1 set col2=11111.111 where col1 = '010196' \g
<<
(1 row)
>>
* select * from t1 order by col1 \g
<<

+-------------------------+-----------+
|col1                     |col2       |
+-------------------------+-----------+
|01-jan-1996              |  11111.111|
|02-feb-1996              |           |
|03-mar-1996              |  33333.333|
|04-apr-1997              |  55555.555|
+-------------------------+-----------+
(4 rows)
>>
* delete from t1 where col1='040497'  and col2=55555.555 \g
<<
(1 row)
>>
* select * from t1 order by col1 \g
<<

+-------------------------+-----------+
|col1                     |col2       |
+-------------------------+-----------+
|01-jan-1996              |  11111.111|
|02-feb-1996              |           |
|03-mar-1996              |  33333.333|
+-------------------------+-----------+
(3 rows)
>>
* delete from t1 where col1= '030396' and col2=33333.333 \g
<<
(1 row)
>>
* select * from t1 order by col1 \g
<<

+-------------------------+-----------+
|col1                     |col2       |
+-------------------------+-----------+
|01-jan-1996              |  11111.111|
|02-feb-1996              |           |
+-------------------------+-----------+
(2 rows)
>>
* delete from t1 where col1='010196' and col2=11111.111 \g
<<
(1 row)
>>
* commit \g
<<
>>
* select * from t1 order by col1 \g
<<

+-------------------------+-----------+
|col1                     |col2       |
+-------------------------+-----------+
|02-feb-1996              |           |
+-------------------------+-----------+
(1 row)
>>
* drop table t1 \g
<<
>>
* commit \g
<<
>>
* create table t1 (col1 date) with page_size = 4096 \g
<<
>>
* insert into t1 values ('010196') \g
<<
(1 row)
>>
* insert into t1 values ('020296') \g
<<
(1 row)
>>
* insert into t1 values ('030396') \g
<<
(1 row)
>>
* commit \g
<<
>>
* select * from t1 order by col1 \g
<<

+-------------------------+
|col1                     |
+-------------------------+
|01-jan-1996              |
|02-feb-1996              |
|03-mar-1996              |
+-------------------------+
(3 rows)
>>
* alter table t1 add col2 date \g
<<
>>
* commit \g
<<
>>
* select * from t1 order by col1 \g
<<

+-------------------------+-------------------------+
|col1                     |col2                     |
+-------------------------+-------------------------+
|01-jan-1996              |                         |
|02-feb-1996              |                         |
|03-mar-1996              |                         |
+-------------------------+-------------------------+
(3 rows)
>>
* insert into t1 values ('040496','040488') \g
<<
(1 row)
>>
* commit \g
<<
>>
* select * from t1 order by col1 \g
<<

+-------------------------+-------------------------+
|col1                     |col2                     |
+-------------------------+-------------------------+
|01-jan-1996              |                         |
|02-feb-1996              |                         |
|03-mar-1996              |                         |
|04-apr-1996              |04-apr-1988              |
+-------------------------+-------------------------+
(4 rows)
>>
* update t1 set col1='040497',col2='040489' where col1='040496' \g
<<
(1 row)
>>
* select * from t1 order by col1 \g
<<

+-------------------------+-------------------------+
|col1                     |col2                     |
+-------------------------+-------------------------+
|01-jan-1996              |                         |
|02-feb-1996              |                         |
|03-mar-1996              |                         |
|04-apr-1997              |04-apr-1989              |
+-------------------------+-------------------------+
(4 rows)
>>
* update t1 set col2='030388' where col1 = '030396' \g
<<
(1 row)
>>
* select * from t1 order by col1 \g
<<

+-------------------------+-------------------------+
|col1                     |col2                     |
+-------------------------+-------------------------+
|01-jan-1996              |                         |
|02-feb-1996              |                         |
|03-mar-1996              |03-mar-1988              |
|04-apr-1997              |04-apr-1989              |
+-------------------------+-------------------------+
(4 rows)
>>
* update t1 set col2='010188' where col1 = '010196' \g
<<
(1 row)
>>
* select * from t1 order by col1 \g
<<

+-------------------------+-------------------------+
|col1                     |col2                     |
+-------------------------+-------------------------+
|01-jan-1996              |01-jan-1988              |
|02-feb-1996              |                         |
|03-mar-1996              |03-mar-1988              |
|04-apr-1997              |04-apr-1989              |
+-------------------------+-------------------------+
(4 rows)
>>
* delete from t1 where col1='040497'  and col2='040489' \g
<<
(1 row)
>>
* select * from t1 order by col1 \g
<<

+-------------------------+-------------------------+
|col1                     |col2                     |
+-------------------------+-------------------------+
|01-jan-1996              |01-jan-1988              |
|02-feb-1996              |                         |
|03-mar-1996              |03-mar-1988              |
+-------------------------+-------------------------+
(3 rows)
>>
* delete from t1 where col1= '030396' and col2='030388' \g
<<
(1 row)
>>
* select * from t1 order by col1 \g
<<

+-------------------------+-------------------------+
|col1                     |col2                     |
+-------------------------+-------------------------+
|01-jan-1996              |01-jan-1988              |
|02-feb-1996              |                         |
+-------------------------+-------------------------+
(2 rows)
>>
* delete from t1 where col1='010196' and col2='010188' \g
<<
(1 row)
>>
* commit \g
<<
>>
* select * from t1 order by col1 \g
<<

+-------------------------+-------------------------+
|col1                     |col2                     |
+-------------------------+-------------------------+
|02-feb-1996              |                         |
+-------------------------+-------------------------+
(1 row)
>>
* drop table t1 \g
<<
>>
* commit \g
<<
>>
* create table t1 (col1 date) with page_size = 4096 \g
<<
>>
* insert into t1 values ('010196') \g
<<
(1 row)
>>
* insert into t1 values ('020296') \g
<<
(1 row)
>>
* insert into t1 values ('030396') \g
<<
(1 row)
>>
* commit \g
<<
>>
* select * from t1 order by col1 \g
<<

+-------------------------+
|col1                     |
+-------------------------+
|01-jan-1996              |
|02-feb-1996              |
|03-mar-1996              |
+-------------------------+
(3 rows)
>>
* alter table t1 add col2 money \g
<<
>>
* commit \g
<<
>>
* select * from t1 order by col1 \g
<<

+-------------------------+--------------------+
|col1                     |col2                |
+-------------------------+--------------------+
|01-jan-1996              |                    |
|02-feb-1996              |                    |
|03-mar-1996              |                    |
+-------------------------+--------------------+
(3 rows)
>>
* insert into t1 values ('040496','$4444.44') \g
<<
(1 row)
>>
* commit \g
<<
>>
* select * from t1 order by col1 \g
<<

+-------------------------+--------------------+
|col1                     |col2                |
+-------------------------+--------------------+
|01-jan-1996              |                    |
|02-feb-1996              |                    |
|03-mar-1996              |                    |
|04-apr-1996              |            $4444.44|
+-------------------------+--------------------+
(4 rows)
>>
* update t1 set col1='040497',col2='$5555.55' where col1='040496' \g
<<
(1 row)
>>
* select * from t1 order by col1 \g
<<

+-------------------------+--------------------+
|col1                     |col2                |
+-------------------------+--------------------+
|01-jan-1996              |                    |
|02-feb-1996              |                    |
|03-mar-1996              |                    |
|04-apr-1997              |            $5555.55|
+-------------------------+--------------------+
(4 rows)
>>
* update t1 set col2='$3333.33' where col1 = '030396' \g
<<
(1 row)
>>
* select * from t1 order by col1 \g
<<

+-------------------------+--------------------+
|col1                     |col2                |
+-------------------------+--------------------+
|01-jan-1996              |                    |
|02-feb-1996              |                    |
|03-mar-1996              |            $3333.33|
|04-apr-1997              |            $5555.55|
+-------------------------+--------------------+
(4 rows)
>>
* update t1 set col2='$1111.11' where col1 = '010196' \g
<<
(1 row)
>>
* select * from t1 order by col1 \g
<<

+-------------------------+--------------------+
|col1                     |col2                |
+-------------------------+--------------------+
|01-jan-1996              |            $1111.11|
|02-feb-1996              |                    |
|03-mar-1996              |            $3333.33|
|04-apr-1997              |            $5555.55|
+-------------------------+--------------------+
(4 rows)
>>
* delete from t1 where col1='040497'  and col2='$5555.55' \g
<<
(1 row)
>>
* select * from t1 order by col1 \g
<<

+-------------------------+--------------------+
|col1                     |col2                |
+-------------------------+--------------------+
|01-jan-1996              |            $1111.11|
|02-feb-1996              |                    |
|03-mar-1996              |            $3333.33|
+-------------------------+--------------------+
(3 rows)
>>
* delete from t1 where col1= '030396' and col2='$3333.33' \g
<<
(1 row)
>>
* select * from t1 order by col1 \g
<<

+-------------------------+--------------------+
|col1                     |col2                |
+-------------------------+--------------------+
|01-jan-1996              |            $1111.11|
|02-feb-1996              |                    |
+-------------------------+--------------------+
(2 rows)
>>
* delete from t1 where col1='010196' and col2='$1111.11' \g
<<
(1 row)
>>
* commit \g
<<
>>
* select * from t1 order by col1 \g
<<

+-------------------------+--------------------+
|col1                     |col2                |
+-------------------------+--------------------+
|02-feb-1996              |                    |
+-------------------------+--------------------+
(1 row)
>>
* drop table t1 \g
<<
>>
* commit \g
<<
>>
* \q
<<
>>


Ending at: Fri Jun  4 10:12:13 2004
