/*
	Test Name: alttbl12.sep
	Time: Tue Oct 22 07:32:01 1996
	User Name: testenv
	Terminal type: septerm
 
	Test ID : alttbl12
	Module  : be/alttbl
	Filename: alttbl12.sep
	Purpose : To test that a column of different data types can be appended
                  to a table with one existing column of type float8, using
		  the 'alter table' command.
	Input Files  : none
	Output Files : none
	Database     : alttbldb
	Tables       : t1
	Synopsis     : Table t1 is created with a float8 column and three 
                       rows are then inserted in it. Using 'alter table' command
                       another column is added of a different data type. A
                       combination of selects, inserts, updates and deletes
                       are performed to verify the integrity of the table and
                       the data it contains.

 History: 23-Mar-1999	(kamra01) Modified the page_size to 8K instead of
			vpg_sz.	 
          26-Mar-2001	(hanch04) Update test for Ingres 2.6
          22-May-2001	(BOIJA02) new canons for order by, no need to order by
			col2 at all
           4-Oct-2001	(devjo01) Add alternate canon for LP64 (64 bit pointer
			in "coupon" placeholder for long data type columns
			effects row widths, etc.)
	  12-Nov-2001	(rogch01) Correct float precision after fix to bug
			105957. Reorder alternate canons for generic last.
			Add some of this header. Boundary conditions for float8
			precision specification.
	   3-Jun-2004	(shafa01) Replaced all huge canons and added a single
                        canon per transaction. Removed /p from every SQL
			command. Removed all 'help table' commands as it does
                        not prove to be a viable test. This change does not
			require to have any alternate canons for LP64 place
			holders. Removed modify to heap statements as tables
			are by default created with a heap structure. Added
			missing test information in the header section above.
			Also aligned the history records.

*/
? sql -s SEPPARAMDB 
<<
>>
* drop table t1 \g 
<<
~
>>
* create table t1 (col1 float(24)) with page_size = 8192 \g
<<
>>
* insert into t1 values (1.1) \g
<<
(1 row)
>>
* insert into t1 values (2.2) \g
<<
(1 row)
>>
* insert into t1 values (3.3) \g
<<
(1 row)
>>
* commit \g
<<
>>
* select * from t1 order by col1 \g
<<

+-----------+
|col1       |
+-----------+
|      1.100|
|      2.200|
|      3.300|
+-----------+
(3 rows)
>>
* alter table t1 add col2 char(5) \g
<<
>>
* commit \g
<<
>>
* select * from t1 order by col1 \g
<<

+-----------+------+
|col1       |col2  |
+-----------+------+
|      1.100|      |
|      2.200|      |
|      3.300|      |
+-----------+------+
(3 rows)
>>
* insert into t1 values (4.4,'mnopq') \g
<<
(1 row)
>>
* commit \g
<<
>>
* select * from t1 order by col1 \g
<<

+-----------+------+
|col1       |col2  |
+-----------+------+
|      1.100|      |
|      2.200|      |
|      3.300|      |
|      4.400|mnopq |
+-----------+------+
(4 rows)
>>
* update t1 set col1=5.5,col2='MNOPQ' where col1=4.4 \g
<<
(1 row)
>>
* select * from t1 order by col1 \g
<<

+-----------+------+
|col1       |col2  |
+-----------+------+
|      1.100|      |
|      2.200|      |
|      3.300|      |
|      5.500|MNOPQ |
+-----------+------+
(4 rows)
>>
* update t1 set col2='GHIJK' where col1 = 2.2 \g
<<
(1 row)
>>
* select * from t1 order by col1 \g
<<

+-----------+------+
|col1       |col2  |
+-----------+------+
|      1.100|      |
|      2.200|GHIJK |
|      3.300|      |
|      5.500|MNOPQ |
+-----------+------+
(4 rows)
>>
* update t1 set col2='DEFGH' where col1 = 1.1 \g
<<
(1 row)
>>
* select * from t1 order by col1 \g
<<

+-----------+------+
|col1       |col2  |
+-----------+------+
|      1.100|DEFGH |
|      2.200|GHIJK |
|      3.300|      |
|      5.500|MNOPQ |
+-----------+------+
(4 rows)
>>
* delete from t1 where col1=5.5  and col2='MNOPQ' \g
<<
(1 row)
>>
* select * from t1 order by col1 \g
<<

+-----------+------+
|col1       |col2  |
+-----------+------+
|      1.100|DEFGH |
|      2.200|GHIJK |
|      3.300|      |
+-----------+------+
(3 rows)
>>
* delete from t1 where col1=2.2 and col2='GHIJK' \g
<<
(1 row)
>>
* select * from t1 order by col1 \g
<<

+-----------+------+
|col1       |col2  |
+-----------+------+
|      1.100|DEFGH |
|      3.300|      |
+-----------+------+
(2 rows)
>>
* delete from t1 where col1=1.1 and col2='DEFGH' \g
<<
(1 row)
>>
* commit \g
<<
>>
* select * from t1 order by col1 \g
<<

+-----------+------+
|col1       |col2  |
+-----------+------+
|      3.300|      |
+-----------+------+
(1 row)
>>
* drop table t1 \g
<<
>>
* commit \g
<<
>>
* create table t1 (col1 float(53)) with page_size = 8192 \g
<<
>>
* insert into t1 values (1.1) \g
<<
(1 row)
>>
* insert into t1 values (2.2) \g
<<
(1 row)
>>
* insert into t1 values (3.3) \g
<<
(1 row)
>>
* commit \g
<<
>>
* select * from t1 order by col1 \g
<<

+-----------+
|col1       |
+-----------+
|      1.100|
|      2.200|
|      3.300|
+-----------+
(3 rows)
>>
* alter table t1 add col2 varchar(8) \g
<<
>>
* commit \g
<<
>>
* select * from t1 order by col1 \g
<<

+-----------+--------+
|col1       |col2    |
+-----------+--------+
|      1.100|        |
|      2.200|        |
|      3.300|        |
+-----------+--------+
(3 rows)
>>
* insert into t1 values (4.4,'mnopq') \g
<<
(1 row)
>>
* commit \g
<<
>>
* select * from t1 order by col1 \g
<<

+-----------+--------+
|col1       |col2    |
+-----------+--------+
|      1.100|        |
|      2.200|        |
|      3.300|        |
|      4.400|mnopq   |
+-----------+--------+
(4 rows)
>>
* update t1 set col1=5.5,col2='MNOPQ' where col1=4.4 \g
<<
(1 row)
>>
* select * from t1 order by col1 \g
<<

+-----------+--------+
|col1       |col2    |
+-----------+--------+
|      1.100|        |
|      2.200|        |
|      3.300|        |
|      5.500|MNOPQ   |
+-----------+--------+
(4 rows)
>>
* update t1 set col2='GHIJK' where col1 = 2.2 \g
<<
(1 row)
>>
* select * from t1 order by col1 \g
<<

+-----------+--------+
|col1       |col2    |
+-----------+--------+
|      1.100|        |
|      2.200|GHIJK   |
|      3.300|        |
|      5.500|MNOPQ   |
+-----------+--------+
(4 rows)
>>
* update t1 set col2='DEFGH' where col1 = 1.1 \g
<<
(1 row)
>>
* select * from t1 order by col1 \g
<<

+-----------+--------+
|col1       |col2    |
+-----------+--------+
|      1.100|DEFGH   |
|      2.200|GHIJK   |
|      3.300|        |
|      5.500|MNOPQ   |
+-----------+--------+
(4 rows)
>>
* delete from t1 where col1=5.5 and col2='MNOPQ' \g
<<
(1 row)
>>
* select * from t1 order by col1 \g
<<

+-----------+--------+
|col1       |col2    |
+-----------+--------+
|      1.100|DEFGH   |
|      2.200|GHIJK   |
|      3.300|        |
+-----------+--------+
(3 rows)
>>
* delete from t1 where col1=2.2 and col2='GHIJK' \g
<<
(1 row)
>>
* select * from t1 order by col1 \g
<<

+-----------+--------+
|col1       |col2    |
+-----------+--------+
|      1.100|DEFGH   |
|      3.300|        |
+-----------+--------+
(2 rows)
>>
* delete from t1 where col1=1.1 and col2='DEFGH' \g
<<
(1 row)
>>
* commit \g
<<
>>
* select * from t1 order by col1 \g
<<

+-----------+--------+
|col1       |col2    |
+-----------+--------+
|      3.300|        |
+-----------+--------+
(1 row)
>>
* drop table t1 \g
<<
>>
* commit \g
<<
>>
* create table t1 (col1 float) with page_size = 8192 \g
<<
>>
* insert into t1 values (1.1) \g
<<
(1 row)
>>
* insert into t1 values (2.2) \g
<<
(1 row)
>>
* insert into t1 values (3.3) \g
<<
(1 row)
>>
* commit \g
<<
>>
* select * from t1 order by col1 \g
<<

+-----------+
|col1       |
+-----------+
|      1.100|
|      2.200|
|      3.300|
+-----------+
(3 rows)
>>
* alter table t1 add col2 long varchar \g
<<
>>
* commit \g
<<
>>
* select * from t1 order by col1 \g
<<

+-----------+--------------------------------+
|col1       |col2                            |
+-----------+--------------------------------+
|      1.100|                                |
|      2.200|                                |
|      3.300|                                |
+-----------+--------------------------------+
(3 rows)
>>
* insert into t1 values (4.4,'mnopq') \g
<<
(1 row)
>>
* commit \g
<<
>>
* select * from t1 order by col1 \g
<<

+-----------+--------------------------------+
|col1       |col2                            |
+-----------+--------------------------------+
|      1.100|                                |
|      2.200|                                |
|      3.300|                                |
|      4.400|mnopq                           |
+-----------+--------------------------------+
(4 rows)
>>
* update t1 set col1=5.5,col2='MNOPQ' where col1=4.4 \g
<<
(1 row)
>>
* select * from t1 order by col1 \g
<<

+-----------+--------------------------------+
|col1       |col2                            |
+-----------+--------------------------------+
|      1.100|                                |
|      2.200|                                |
|      3.300|                                |
|      5.500|MNOPQ                           |
+-----------+--------------------------------+
(4 rows)
>>
* update t1 set col2='GHIJK' where col1 = 2.2 \g
<<
(1 row)
>>
* select * from t1 order by col1 \g
<<

+-----------+--------------------------------+
|col1       |col2                            |
+-----------+--------------------------------+
|      1.100|                                |
|      2.200|GHIJK                           |
|      3.300|                                |
|      5.500|MNOPQ                           |
+-----------+--------------------------------+
(4 rows)
>>
* update t1 set col2='DEFGH' where col1 = 1.1 \g
<<
(1 row)
>>
* select * from t1 order by col1 \g
<<

+-----------+--------------------------------+
|col1       |col2                            |
+-----------+--------------------------------+
|      1.100|DEFGH                           |
|      2.200|GHIJK                           |
|      3.300|                                |
|      5.500|MNOPQ                           |
+-----------+--------------------------------+
(4 rows)
>>
* delete from t1 where col1=5.5 and char(col2)='MNOPQ' \g
<<
(1 row)
>>
* select * from t1 order by col1 \g
<<

+-----------+--------------------------------+
|col1       |col2                            |
+-----------+--------------------------------+
|      1.100|DEFGH                           |
|      2.200|GHIJK                           |
|      3.300|                                |
+-----------+--------------------------------+
(3 rows)
>>
* delete from t1 where col1=2.2 and char(col2)='GHIJK' \g
<<
(1 row)
>>
* select * from t1 order by col1 \g
<<

+-----------+--------------------------------+
|col1       |col2                            |
+-----------+--------------------------------+
|      1.100|DEFGH                           |
|      3.300|                                |
+-----------+--------------------------------+
(2 rows)
>>
* delete from t1 where col1=1.1 and char(col2)='DEFGH' \g
<<
(1 row)
>>
* commit \g
<<
>>
* select * from t1 order by col1 \g
<<

+-----------+--------------------------------+
|col1       |col2                            |
+-----------+--------------------------------+
|      3.300|                                |
+-----------+--------------------------------+
(1 row)
>>
* drop table t1 \g
<<
>>
* commit \g
<<
>>
* create table t1 (col1 float) with page_size = 8192 \g
<<
>>
* insert into t1 values (1.1) \g
<<
(1 row)
>>
* insert into t1 values (2.2) \g
<<
(1 row)
>>
* insert into t1 values (3.3) \g
<<
(1 row)
>>
* commit \g
<<
>>
* select * from t1 order by col1 \g
<<

+-----------+
|col1       |
+-----------+
|      1.100|
|      2.200|
|      3.300|
+-----------+
(3 rows)
>>
* alter table t1 add col2 byte(8) \g
<<
>>
* commit \g
<<
>>
* select * from t1 order by col1 \g
<<

+-----------+--------+
|col1       |col2    |
+-----------+--------+
|      1.100|        |
|      2.200|        |
|      3.300|        |
+-----------+--------+
(3 rows)
>>
* insert into t1 values (4.4,'111111') \g
<<
(1 row)
>>
* commit \g
<<
>>
* select * from t1 order by col1 \g
<<

+-----------+--------+
|col1       |col2    |
+-----------+--------+
|      1.100|        |
|      2.200|        |
|      3.300|        |
|      4.400|111111\000\000|
+-----------+--------+
(4 rows)
>>
* update t1 set col1=5.5,col2='222222' where col1=4.4 \g
<<
(1 row)
>>
* select * from t1 order by col1 \g
<<

+-----------+--------+
|col1       |col2    |
+-----------+--------+
|      1.100|        |
|      2.200|        |
|      3.300|        |
|      5.500|222222\000\000|
+-----------+--------+
(4 rows)
>>
* update t1 set col2='333333' where col1 = 2.2 \g
<<
(1 row)
>>
* select * from t1 order by col1 \g
<<

+-----------+--------+
|col1       |col2    |
+-----------+--------+
|      1.100|        |
|      2.200|333333\000\000|
|      3.300|        |
|      5.500|222222\000\000|
+-----------+--------+
(4 rows)
>>
* update t1 set col2='444444' where col1 = 1.1 \g
<<
(1 row)
>>
* select * from t1 order by col1 \g
<<

+-----------+--------+
|col1       |col2    |
+-----------+--------+
|      1.100|444444\000\000|
|      2.200|333333\000\000|
|      3.300|        |
|      5.500|222222\000\000|
+-----------+--------+
(4 rows)
>>
* delete from t1 where col1=5.5 and col2='222222' \g
<<
(1 row)
>>
* select * from t1 order by col1 \g
<<

+-----------+--------+
|col1       |col2    |
+-----------+--------+
|      1.100|444444\000\000|
|      2.200|333333\000\000|
|      3.300|        |
+-----------+--------+
(3 rows)
>>
* delete from t1 where col1=2.2 and col2='333333' \g
<<
(1 row)
>>
* select * from t1 order by col1 \g
<<

+-----------+--------+
|col1       |col2    |
+-----------+--------+
|      1.100|444444\000\000|
|      3.300|        |
+-----------+--------+
(2 rows)
>>
* delete from t1 where col1=1.1 and col2='444444' \g
<<
(1 row)
>>
* commit \g
<<
>>
* select * from t1 order by col1 \g
<<

+-----------+--------+
|col1       |col2    |
+-----------+--------+
|      3.300|        |
+-----------+--------+
(1 row)
>>
* drop table t1 \g
<<
>>
* commit \g
<<
>>
* create table t1 (col1 float) with page_size = 8192 \g
<<
>>
* insert into t1 values (1.1) \g
<<
(1 row)
>>
* insert into t1 values (2.2) \g
<<
(1 row)
>>
* insert into t1 values (3.3) \g
<<
(1 row)
>>
* commit \g
<<
>>
* select * from t1 order by col1 \g
<<

+-----------+
|col1       |
+-----------+
|      1.100|
|      2.200|
|      3.300|
+-----------+
(3 rows)
>>
* alter table t1 add col2 byte varying(8) \g
<<
>>
* commit \g
<<
>>
* select * from t1 order by col1 \g
<<

+-----------+--------+
|col1       |col2    |
+-----------+--------+
|      1.100|        |
|      2.200|        |
|      3.300|        |
+-----------+--------+
(3 rows)
>>
* insert into t1 values (4.4,'111111') \g
<<
(1 row)
>>
* commit \g
<<
>>
* select * from t1 order by col1 \g
<<

+-----------+--------+
|col1       |col2    |
+-----------+--------+
|      1.100|        |
|      2.200|        |
|      3.300|        |
|      4.400|111111  |
+-----------+--------+
(4 rows)
>>
* update t1 set col1=5.5,col2='222222' where col1=4.4 \g
<<
(1 row)
>>
* select * from t1 order by col1 \g
<<

+-----------+--------+
|col1       |col2    |
+-----------+--------+
|      1.100|        |
|      2.200|        |
|      3.300|        |
|      5.500|222222  |
+-----------+--------+
(4 rows)
>>
* update t1 set col2='333333' where col1 = 2.2 \g
<<
(1 row)
>>
* select * from t1 order by col1 \g
<<

+-----------+--------+
|col1       |col2    |
+-----------+--------+
|      1.100|        |
|      2.200|333333  |
|      3.300|        |
|      5.500|222222  |
+-----------+--------+
(4 rows)
>>
* update t1 set col2='444444' where col1 = 1.1 \g
<<
(1 row)
>>
* select * from t1 order by col1 \g
<<

+-----------+--------+
|col1       |col2    |
+-----------+--------+
|      1.100|444444  |
|      2.200|333333  |
|      3.300|        |
|      5.500|222222  |
+-----------+--------+
(4 rows)
>>
* delete from t1 where col1=5.5 and col2='222222' \g
<<
(1 row)
>>
* select * from t1 order by col1 \g
<<

+-----------+--------+
|col1       |col2    |
+-----------+--------+
|      1.100|444444  |
|      2.200|333333  |
|      3.300|        |
+-----------+--------+
(3 rows)
>>
* delete from t1 where col1=2.2 and col2='333333' \g
<<
(1 row)
>>
* select * from t1 order by col1 \g
<<

+-----------+--------+
|col1       |col2    |
+-----------+--------+
|      1.100|444444  |
|      3.300|        |
+-----------+--------+
(2 rows)
>>
* delete from t1 where col1=1.1 and col2='444444' \g
<<
(1 row)
>>
* commit \g
<<
>>
* select * from t1 order by col1 \g
<<

+-----------+--------+
|col1       |col2    |
+-----------+--------+
|      3.300|        |
+-----------+--------+
(1 row)
>>
* drop table t1 \g
<<
>>
* commit \g
<<
>>
* create table t1 (col1 float) with page_size = 8192 \g
<<
>>
* insert into t1 values (1.1) \g
<<
(1 row)
>>
* insert into t1 values (2.2) \g
<<
(1 row)
>>
* insert into t1 values (3.3) \g
<<
(1 row)
>>
* commit \g
<<
>>
* select * from t1 order by col1 \g
<<

+-----------+
|col1       |
+-----------+
|      1.100|
|      2.200|
|      3.300|
+-----------+
(3 rows)
>>
* alter table t1 add col2 long byte \g
<<
>>
* commit \g
<<
>>
* select * from t1 order by col1 \g
<<

+-----------+--------------------------------+
|col1       |col2                            |
+-----------+--------------------------------+
|      1.100|                                |
|      2.200|                                |
|      3.300|                                |
+-----------+--------------------------------+
(3 rows)
>>
* insert into t1 values (4.4,'111111') \g
<<
(1 row)
>>
* commit \g
<<
>>
* select * from t1 order by col1 \g
<<

+-----------+--------------------------------+
|col1       |col2                            |
+-----------+--------------------------------+
|      1.100|                                |
|      2.200|                                |
|      3.300|                                |
|      4.400|111111                          |
+-----------+--------------------------------+
(4 rows)
>>
* update t1 set col1=5.5,col2='222222' where col1=4.4 \g
<<
(1 row)
>>
* select * from t1 order by col1 \g
<<

+-----------+--------------------------------+
|col1       |col2                            |
+-----------+--------------------------------+
|      1.100|                                |
|      2.200|                                |
|      3.300|                                |
|      5.500|222222                          |
+-----------+--------------------------------+
(4 rows)
>>
* update t1 set col2='333333' where col1 = 2.2 \g
<<
(1 row)
>>
* select * from t1 order by col1 \g
<<

+-----------+--------------------------------+
|col1       |col2                            |
+-----------+--------------------------------+
|      1.100|                                |
|      2.200|333333                          |
|      3.300|                                |
|      5.500|222222                          |
+-----------+--------------------------------+
(4 rows)
>>
* update t1 set col2='444444' where col1 = 1.1 \g
<<
(1 row)
>>
* select * from t1 order by col1 \g
<<

+-----------+--------------------------------+
|col1       |col2                            |
+-----------+--------------------------------+
|      1.100|444444                          |
|      2.200|333333                          |
|      3.300|                                |
|      5.500|222222                          |
+-----------+--------------------------------+
(4 rows)
>>
* delete from t1 where col1=5.5\g
<<
(1 row)
>>
* select * from t1 order by col1 \g
<<

+-----------+--------------------------------+
|col1       |col2                            |
+-----------+--------------------------------+
|      1.100|444444                          |
|      2.200|333333                          |
|      3.300|                                |
+-----------+--------------------------------+
(3 rows)
>>
* delete from t1 where col1=2.2\g
<<
(1 row)
>>
* select * from t1 order by col1 \g
<<

+-----------+--------------------------------+
|col1       |col2                            |
+-----------+--------------------------------+
|      1.100|444444                          |
|      3.300|                                |
+-----------+--------------------------------+
(2 rows)
>>
* delete from t1 where col1=1.1\g
<<
(1 row)
>>
* commit \g
<<
>>
* select * from t1 order by col1 \g
<<

+-----------+--------------------------------+
|col1       |col2                            |
+-----------+--------------------------------+
|      3.300|                                |
+-----------+--------------------------------+
(1 row)
>>
* drop table t1 \g
<<
>>
* commit \g
<<
>>
* create table t1 (col1 float) with page_size = 8192 \g
<<
>>
* insert into t1 values (1.1) \g
<<
(1 row)
>>
* insert into t1 values (2.2) \g
<<
(1 row)
>>
* insert into t1 values (3.3) \g
<<
(1 row)
>>
* commit \g
<<
>>
* select * from t1 order by col1 \g
<<

+-----------+
|col1       |
+-----------+
|      1.100|
|      2.200|
|      3.300|
+-----------+
(3 rows)
>>
* alter table t1 add col2 integer1 \g
<<
>>
* commit \g
<<
>>
* select * from t1 order by col1 \g
<<

+-----------+------+
|col1       |col2  |
+-----------+------+
|      1.100|      |
|      2.200|      |
|      3.300|      |
+-----------+------+
(3 rows)
>>
* insert into t1 values (4.4,111) \g
<<
(1 row)
>>
* commit \g
<<
>>
* select * from t1 order by col1 \g
<<

+-----------+------+
|col1       |col2  |
+-----------+------+
|      1.100|      |
|      2.200|      |
|      3.300|      |
|      4.400|   111|
+-----------+------+
(4 rows)
>>
* update t1 set col1=5.5,col2=122 where col1=4.4 \g
<<
(1 row)
>>
* select * from t1 order by col1 \g
<<

+-----------+------+
|col1       |col2  |
+-----------+------+
|      1.100|      |
|      2.200|      |
|      3.300|      |
|      5.500|   122|
+-----------+------+
(4 rows)
>>
* update t1 set col2=30 where col1 = 2.2 \g
<<
(1 row)
>>
* select * from t1 order by col1 \g
<<

+-----------+------+
|col1       |col2  |
+-----------+------+
|      1.100|      |
|      2.200|    30|
|      3.300|      |
|      5.500|   122|
+-----------+------+
(4 rows)
>>
* update t1 set col2=40 where col1 = 1.1 \g
<<
(1 row)
>>
* select * from t1 order by col1 \g
<<

+-----------+------+
|col1       |col2  |
+-----------+------+
|      1.100|    40|
|      2.200|    30|
|      3.300|      |
|      5.500|   122|
+-----------+------+
(4 rows)
>>
* delete from t1 where col1=5.5 and col2=122 \g
<<
(1 row)
>>
* select * from t1 order by col1 \g
<<

+-----------+------+
|col1       |col2  |
+-----------+------+
|      1.100|    40|
|      2.200|    30|
|      3.300|      |
+-----------+------+
(3 rows)
>>
* delete from t1 where col1=2.2 and col2=30 \g
<<
(1 row)
>>
* select * from t1 order by col1 \g
<<

+-----------+------+
|col1       |col2  |
+-----------+------+
|      1.100|    40|
|      3.300|      |
+-----------+------+
(2 rows)
>>
* delete from t1 where col1=1.1 and col2=40 \g
<<
(1 row)
>>
* commit \g
<<
>>
* select * from t1 order by col1 \g
<<

+-----------+------+
|col1       |col2  |
+-----------+------+
|      3.300|      |
+-----------+------+
(1 row)
>>
* drop table t1 \g
<<
>>
* commit \g
<<
>>
* create table t1 (col1 float) with page_size = 8192 \g
<<
>>
* insert into t1 values (1.1) \g
<<
(1 row)
>>
* insert into t1 values (2.2) \g
<<
(1 row)
>>
* insert into t1 values (3.3) \g
<<
(1 row)
>>
* commit \g
<<
>>
* select * from t1 order by col1 \g
<<

+-----------+
|col1       |
+-----------+
|      1.100|
|      2.200|
|      3.300|
+-----------+
(3 rows)
>>
* alter table t1 add col2 smallint \g
<<
>>
* commit \g
<<
>>
* select * from t1 order by col1 \g
<<

+-----------+------+
|col1       |col2  |
+-----------+------+
|      1.100|      |
|      2.200|      |
|      3.300|      |
+-----------+------+
(3 rows)
>>
* insert into t1 values (4.4,11111) \g
<<
(1 row)
>>
* commit \g
<<
>>
* select * from t1 order by col1 \g
<<

+-----------+------+
|col1       |col2  |
+-----------+------+
|      1.100|      |
|      2.200|      |
|      3.300|      |
|      4.400| 11111|
+-----------+------+
(4 rows)
>>
* update t1 set col1=5.5,col2=22222 where col1=4.4 \g
<<
(1 row)
>>
* select * from t1 order by col1 \g
<<

+-----------+------+
|col1       |col2  |
+-----------+------+
|      1.100|      |
|      2.200|      |
|      3.300|      |
|      5.500| 22222|
+-----------+------+
(4 rows)
>>
* update t1 set col2=32767 where col1 = 2.2 \g
<<
(1 row)
>>
* select * from t1 order by col1 \g
<<

+-----------+------+
|col1       |col2  |
+-----------+------+
|      1.100|      |
|      2.200| 32767|
|      3.300|      |
|      5.500| 22222|
+-----------+------+
(4 rows)
>>
* update t1 set col2=-32768 where col1 = 1.1 \g
<<
(1 row)
>>
* select * from t1 order by col1 \g
<<

+-----------+------+
|col1       |col2  |
+-----------+------+
|      1.100|-32768|
|      2.200| 32767|
|      3.300|      |
|      5.500| 22222|
+-----------+------+
(4 rows)
>>
* delete from t1 where col1=5.5 and col2=22222 \g
<<
(1 row)
>>
* select * from t1 order by col1 \g
<<

+-----------+------+
|col1       |col2  |
+-----------+------+
|      1.100|-32768|
|      2.200| 32767|
|      3.300|      |
+-----------+------+
(3 rows)
>>
* delete from t1 where col1=2.2 and col2=32767 \g
<<
(1 row)
>>
* select * from t1 order by col1 \g
<<

+-----------+------+
|col1       |col2  |
+-----------+------+
|      1.100|-32768|
|      3.300|      |
+-----------+------+
(2 rows)
>>
* delete from t1 where col1=1.1 and col2=-32768 \g
<<
(1 row)
>>
* commit \g
<<
>>
* select * from t1 order by col1 \g
<<

+-----------+------+
|col1       |col2  |
+-----------+------+
|      3.300|      |
+-----------+------+
(1 row)
>>
* drop table t1 \g
<<
>>
* commit \g
<<
>>
* create table t1 (col1 float) with page_size = 8192 \g
<<
>>
* insert into t1 values (1.1) \g
<<
(1 row)
>>
* insert into t1 values (2.2) \g
<<
(1 row)
>>
* insert into t1 values (3.3) \g
<<
(1 row)
>>
* commit \g
<<
>>
* select * from t1 order by col1 \g
<<

+-----------+
|col1       |
+-----------+
|      1.100|
|      2.200|
|      3.300|
+-----------+
(3 rows)
>>
* alter table t1 add col2 integer \g
<<
>>
* commit \g
<<
>>
* select * from t1 order by col1 \g
<<

+-----------+-------------+
|col1       |col2         |
+-----------+-------------+
|      1.100|             |
|      2.200|             |
|      3.300|             |
+-----------+-------------+
(3 rows)
>>
* insert into t1 values (4.4,111111) \g
<<
(1 row)
>>
* commit \g
<<
>>
* select * from t1 order by col1 \g
<<

+-----------+-------------+
|col1       |col2         |
+-----------+-------------+
|      1.100|             |
|      2.200|             |
|      3.300|             |
|      4.400|       111111|
+-----------+-------------+
(4 rows)
>>
* update t1 set col1=5.5,col2=222222 where col1=4.4 \g
<<
(1 row)
>>
* select * from t1 order by col1 \g
<<

+-----------+-------------+
|col1       |col2         |
+-----------+-------------+
|      1.100|             |
|      2.200|             |
|      3.300|             |
|      5.500|       222222|
+-----------+-------------+
(4 rows)
>>
* update t1 set col2=333333 where col1 = 2.2 \g
<<
(1 row)
>>
* select * from t1 order by col1 \g
<<

+-----------+-------------+
|col1       |col2         |
+-----------+-------------+
|      1.100|             |
|      2.200|       333333|
|      3.300|             |
|      5.500|       222222|
+-----------+-------------+
(4 rows)
>>
* update t1 set col2=444444 where col1 = 1.1 \g
<<
(1 row)
>>
* select * from t1 order by col1 \g
<<

+-----------+-------------+
|col1       |col2         |
+-----------+-------------+
|      1.100|       444444|
|      2.200|       333333|
|      3.300|             |
|      5.500|       222222|
+-----------+-------------+
(4 rows)
>>
* delete from t1 where col1=5.5 and col2=222222 \g
<<
(1 row)
>>
* select * from t1 order by col1 \g
<<

+-----------+-------------+
|col1       |col2         |
+-----------+-------------+
|      1.100|       444444|
|      2.200|       333333|
|      3.300|             |
+-----------+-------------+
(3 rows)
>>
* delete from t1 where col1=2.2 and col2=333333 \g
<<
(1 row)
>>
* select * from t1 order by col1 \g
<<

+-----------+-------------+
|col1       |col2         |
+-----------+-------------+
|      1.100|       444444|
|      3.300|             |
+-----------+-------------+
(2 rows)
>>
* delete from t1 where col1=1.1 and col2=444444 \g
<<
(1 row)
>>
* commit \g
<<
>>
* select * from t1 order by col1 \g
<<

+-----------+-------------+
|col1       |col2         |
+-----------+-------------+
|      3.300|             |
+-----------+-------------+
(1 row)
>>
* drop table t1 \g
<<
>>
* commit \g
<<
>>
* create table t1 (col1 float) with page_size = 8192 \g
<<
>>
* insert into t1 values (1.1) \g
<<
(1 row)
>>
* insert into t1 values (2.2) \g
<<
(1 row)
>>
* insert into t1 values (3.3) \g
<<
(1 row)
>>
* commit \g
<<
>>
* select * from t1 order by col1 \g
<<

+-----------+
|col1       |
+-----------+
|      1.100|
|      2.200|
|      3.300|
+-----------+
(3 rows)
>>
* alter table t1 add col2 decimal(8,3) \g
<<
>>
* commit \g
<<
>>
* select * from t1 order by col1 \g
<<

+-----------+----------+
|col1       |col2      |
+-----------+----------+
|      1.100|          |
|      2.200|          |
|      3.300|          |
+-----------+----------+
(3 rows)
>>
* insert into t1 values (4.4,111.111) \g
<<
(1 row)
>>
* commit \g
<<
>>
* select * from t1 order by col1 \g
<<

+-----------+----------+
|col1       |col2      |
+-----------+----------+
|      1.100|          |
|      2.200|          |
|      3.300|          |
|      4.400|   111.111|
+-----------+----------+
(4 rows)
>>
* update t1 set col1=5.5,col2=222.222 where col1=4.4 \g
<<
(1 row)
>>
* select * from t1 order by col1 \g
<<

+-----------+----------+
|col1       |col2      |
+-----------+----------+
|      1.100|          |
|      2.200|          |
|      3.300|          |
|      5.500|   222.222|
+-----------+----------+
(4 rows)
>>
* update t1 set col2=333.333 where col1 = 2.2 \g
<<
(1 row)
>>
* select * from t1 order by col1 \g
<<

+-----------+----------+
|col1       |col2      |
+-----------+----------+
|      1.100|          |
|      2.200|   333.333|
|      3.300|          |
|      5.500|   222.222|
+-----------+----------+
(4 rows)
>>
* update t1 set col2=444.444 where col1 = 1.1 \g
<<
(1 row)
>>
* select * from t1 order by col1 \g
<<

+-----------+----------+
|col1       |col2      |
+-----------+----------+
|      1.100|   444.444|
|      2.200|   333.333|
|      3.300|          |
|      5.500|   222.222|
+-----------+----------+
(4 rows)
>>
* delete from t1 where col1=5.5 and col2=222.222 \g
<<
(1 row)
>>
* select * from t1 order by col1 \g
<<

+-----------+----------+
|col1       |col2      |
+-----------+----------+
|      1.100|   444.444|
|      2.200|   333.333|
|      3.300|          |
+-----------+----------+
(3 rows)
>>
* delete from t1 where col1=2.2 and col2=333.333 \g
<<
(1 row)
>>
* select * from t1 order by col1 \g
<<

+-----------+----------+
|col1       |col2      |
+-----------+----------+
|      1.100|   444.444|
|      3.300|          |
+-----------+----------+
(2 rows)
>>
* delete from t1 where col1=1.1 and col2=444.444 \g
<<
(1 row)
>>
* commit \g
<<
>>
* select * from t1 order by col1 \g
<<

+-----------+----------+
|col1       |col2      |
+-----------+----------+
|      3.300|          |
+-----------+----------+
(1 row)
>>
* drop table t1 \g
<<
>>
* commit \g
<<
>>
* create table t1 (col1 float) with page_size = 8192 \g
<<
>>
* insert into t1 values (1.1) \g
<<
(1 row)
>>
* insert into t1 values (2.2) \g
<<
(1 row)
>>
* insert into t1 values (3.3) \g
<<
(1 row)
>>
* commit \g
<<
>>
* select * from t1 order by col1 \g
<<

+-----------+
|col1       |
+-----------+
|      1.100|
|      2.200|
|      3.300|
+-----------+
(3 rows)
>>
* alter table t1 add col2 float(23) \g
<<
>>
* commit \g
<<
>>
* select * from t1 order by col1 \g
<<

+-----------+-----------+
|col1       |col2       |
+-----------+-----------+
|      1.100|           |
|      2.200|           |
|      3.300|           |
+-----------+-----------+
(3 rows)
>>
* insert into t1 values (4.4,1.11111e2) \g
<<
(1 row)
>>
* commit \g
<<
>>
* select * from t1 order by col1 \g
<<

+-----------+-----------+
|col1       |col2       |
+-----------+-----------+
|      1.100|           |
|      2.200|           |
|      3.300|           |
|      4.400|    111.111|
+-----------+-----------+
(4 rows)
>>
* update t1 set col1=5.5,col2=2.22222e2 where col1=4.4 \g
<<
(1 row)
>>
* select * from t1 order by col1 \g
<<

+-----------+-----------+
|col1       |col2       |
+-----------+-----------+
|      1.100|           |
|      2.200|           |
|      3.300|           |
|      5.500|    222.222|
+-----------+-----------+
(4 rows)
>>
* update t1 set col2=3.33333e2 where col1 = 2.2 \g
<<
(1 row)
>>
* select * from t1 order by col1 \g
<<

+-----------+-----------+
|col1       |col2       |
+-----------+-----------+
|      1.100|           |
|      2.200|    333.333|
|      3.300|           |
|      5.500|    222.222|
+-----------+-----------+
(4 rows)
>>
* update t1 set col2=4.44444e2 where col1 = 1.1 \g
<<
(1 row)
>>
* select * from t1 order by col1 \g
<<

+-----------+-----------+
|col1       |col2       |
+-----------+-----------+
|      1.100|    444.444|
|      2.200|    333.333|
|      3.300|           |
|      5.500|    222.222|
+-----------+-----------+
(4 rows)
>>
* delete from t1 where col1=5.5 and col2=float4(2.22222e2) \g
<<
(1 row)
>>
* select * from t1 order by col1 \g
<<

+-----------+-----------+
|col1       |col2       |
+-----------+-----------+
|      1.100|    444.444|
|      2.200|    333.333|
|      3.300|           |
+-----------+-----------+
(3 rows)
>>
* delete from t1 where col1=2.2 and col2=float4(3.33333e2) \g
<<
(1 row)
>>
* select * from t1 order by col1 \g
<<

+-----------+-----------+
|col1       |col2       |
+-----------+-----------+
|      1.100|    444.444|
|      3.300|           |
+-----------+-----------+
(2 rows)
>>
* delete from t1 where col1=1.1 and col2=float4(4.44444e2) \g
<<
(1 row)
>>
* commit \g
<<
>>
* select * from t1 order by col1 \g
<<

+-----------+-----------+
|col1       |col2       |
+-----------+-----------+
|      3.300|           |
+-----------+-----------+
(1 row)
>>
* drop table t1 \g
<<
>>
* commit \g
<<
>>
* create table t1 (col1 float) with page_size = 8192 \g
<<
>>
* insert into t1 values (1.1) \g
<<
(1 row)
>>
* insert into t1 values (2.2) \g
<<
(1 row)
>>
* insert into t1 values (3.3) \g
<<
(1 row)
>>
* commit \g
<<
>>
* select * from t1 order by col1 \g
<<

+-----------+
|col1       |
+-----------+
|      1.100|
|      2.200|
|      3.300|
+-----------+
(3 rows)
>>
* alter table t1 add col2 float(24) \g
<<
>>
* commit \g
<<
>>
* select * from t1 order by col1 \g
<<

+-----------+-----------+
|col1       |col2       |
+-----------+-----------+
|      1.100|           |
|      2.200|           |
|      3.300|           |
+-----------+-----------+
(3 rows)
>>
* insert into t1 values (4.4,11111.111) \g
<<
(1 row)
>>
* commit \g
<<
>>
* select * from t1 order by col1 \g
<<

+-----------+-----------+
|col1       |col2       |
+-----------+-----------+
|      1.100|           |
|      2.200|           |
|      3.300|           |
|      4.400|  11111.111|
+-----------+-----------+
(4 rows)
>>
* update t1 set col1=5.5,col2=22222.222 where col1=4.4 \g
<<
(1 row)
>>
* select * from t1 order by col1 \g
<<

+-----------+-----------+
|col1       |col2       |
+-----------+-----------+
|      1.100|           |
|      2.200|           |
|      3.300|           |
|      5.500|  22222.222|
+-----------+-----------+
(4 rows)
>>
* update t1 set col2=33333.333 where col1 = 2.2 \g
<<
(1 row)
>>
* select * from t1 order by col1 \g
<<

+-----------+-----------+
|col1       |col2       |
+-----------+-----------+
|      1.100|           |
|      2.200|  33333.333|
|      3.300|           |
|      5.500|  22222.222|
+-----------+-----------+
(4 rows)
>>
* update t1 set col2=44444.444 where col1 = 1.1 \g
<<
(1 row)
>>
* select * from t1 order by col1 \g
<<

+-----------+-----------+
|col1       |col2       |
+-----------+-----------+
|      1.100|  44444.444|
|      2.200|  33333.333|
|      3.300|           |
|      5.500|  22222.222|
+-----------+-----------+
(4 rows)
>>
* delete from t1 where col1=5.5 and col2=22222.222 \g
<<
(1 row)
>>
* select * from t1 order by col1 \g
<<

+-----------+-----------+
|col1       |col2       |
+-----------+-----------+
|      1.100|  44444.444|
|      2.200|  33333.333|
|      3.300|           |
+-----------+-----------+
(3 rows)
>>
* delete from t1 where col1=2.2 and col2=33333.333 \g
<<
(1 row)
>>
* select * from t1 order by col1 \g
<<

+-----------+-----------+
|col1       |col2       |
+-----------+-----------+
|      1.100|  44444.444|
|      3.300|           |
+-----------+-----------+
(2 rows)
>>
* delete from t1 where col1=1.1 and col2=44444.444 \g
<<
(1 row)
>>
* commit \g
<<
>>
* select * from t1 order by col1 \g
<<

+-----------+-----------+
|col1       |col2       |
+-----------+-----------+
|      3.300|           |
+-----------+-----------+
(1 row)
>>
* drop table t1 \g
<<
>>
* commit \g
<<
>>
* create table t1 (col1 float) with page_size = 8192 \g
<<
>>
* insert into t1 values (1.1) \g
<<
(1 row)
>>
* insert into t1 values (2.2) \g
<<
(1 row)
>>
* insert into t1 values (3.3) \g
<<
(1 row)
>>
* commit \g
<<
>>
* select * from t1 order by col1 \g
<<

+-----------+
|col1       |
+-----------+
|      1.100|
|      2.200|
|      3.300|
+-----------+
(3 rows)
>>
* alter table t1 add col2 date \g
<<
>>
* commit \g
<<
>>
* select * from t1 order by col1 \g
<<

+-----------+-------------------------+
|col1       |col2                     |
+-----------+-------------------------+
|      1.100|                         |
|      2.200|                         |
|      3.300|                         |
+-----------+-------------------------+
(3 rows)
>>
* insert into t1 values (4.4,'111111') \g
<<
(1 row)
>>
* commit \g
<<
>>
* select * from t1 order by col1 \g
<<

+-----------+-------------------------+
|col1       |col2                     |
+-----------+-------------------------+
|      1.100|                         |
|      2.200|                         |
|      3.300|                         |
|      4.400|11-nov-1911              |
+-----------+-------------------------+
(4 rows)
>>
* update t1 set col1=5.5,col2='122222' where col1=4.4 \g
<<
(1 row)
>>
* select * from t1 order by col1 \g
<<

+-----------+-------------------------+
|col1       |col2                     |
+-----------+-------------------------+
|      1.100|                         |
|      2.200|                         |
|      3.300|                         |
|      5.500|22-dec-1922              |
+-----------+-------------------------+
(4 rows)
>>
* update t1 set col2='122333' where col1 = 2.2 \g
<<
(1 row)
>>
* select * from t1 order by col1 \g
<<

+-----------+-------------------------+
|col1       |col2                     |
+-----------+-------------------------+
|      1.100|                         |
|      2.200|23-dec-1933              |
|      3.300|                         |
|      5.500|22-dec-1922              |
+-----------+-------------------------+
(4 rows)
>>
* update t1 set col2='122444' where col1 = 1.1 \g
<<
(1 row)
>>
* select * from t1 order by col1 \g
<<

+-----------+-------------------------+
|col1       |col2                     |
+-----------+-------------------------+
|      1.100|24-dec-1944              |
|      2.200|23-dec-1933              |
|      3.300|                         |
|      5.500|22-dec-1922              |
+-----------+-------------------------+
(4 rows)
>>
* delete from t1 where col1=5.5 and col2='122222' \g
<<
(1 row)
>>
* select * from t1 order by col1 \g
<<

+-----------+-------------------------+
|col1       |col2                     |
+-----------+-------------------------+
|      1.100|24-dec-1944              |
|      2.200|23-dec-1933              |
|      3.300|                         |
+-----------+-------------------------+
(3 rows)
>>
* delete from t1 where col1=2.2 and col2='122333' \g
<<
(1 row)
>>
* select * from t1 order by col1 \g
<<

+-----------+-------------------------+
|col1       |col2                     |
+-----------+-------------------------+
|      1.100|24-dec-1944              |
|      3.300|                         |
+-----------+-------------------------+
(2 rows)
>>
* delete from t1 where col1=1.1 and col2='122444' \g
<<
(1 row)
>>
* commit \g
<<
>>
* select * from t1 order by col1 \g
<<

+-----------+-------------------------+
|col1       |col2                     |
+-----------+-------------------------+
|      3.300|                         |
+-----------+-------------------------+
(1 row)
>>
* drop table t1 \g
<<
>>
* commit \g
<<
>>
* create table t1 (col1 float) with page_size = 8192 \g
<<
>>
* insert into t1 values (1.1) \g
<<
(1 row)
>>
* insert into t1 values (2.2) \g
<<
(1 row)
>>
* insert into t1 values (3.3) \g
<<
(1 row)
>>
* commit \g
<<
>>
* select * from t1 order by col1 \g
<<

+-----------+
|col1       |
+-----------+
|      1.100|
|      2.200|
|      3.300|
+-----------+
(3 rows)
>>
* alter table t1 add col2 money \g
<<
>>
* commit \g
<<
>>
* select * from t1 order by col1 \g
<<

+-----------+--------------------+
|col1       |col2                |
+-----------+--------------------+
|      1.100|                    |
|      2.200|                    |
|      3.300|                    |
+-----------+--------------------+
(3 rows)
>>
* insert into t1 values (4.4,'$1111.11') \g
<<
(1 row)
>>
* commit \g
<<
>>
* select * from t1 order by col1 \g
<<

+-----------+--------------------+
|col1       |col2                |
+-----------+--------------------+
|      1.100|                    |
|      2.200|                    |
|      3.300|                    |
|      4.400|            $1111.11|
+-----------+--------------------+
(4 rows)
>>
* update t1 set col1=5.5,col2='$222222' where col1=4.4 \g
<<
(1 row)
>>
* select * from t1 order by col1 \g
<<

+-----------+--------------------+
|col1       |col2                |
+-----------+--------------------+
|      1.100|                    |
|      2.200|                    |
|      3.300|                    |
|      5.500|          $222222.00|
+-----------+--------------------+
(4 rows)
>>
* update t1 set col2='$-3333.33' where col1 = 2.2 \g
<<
(1 row)
>>
* select * from t1 order by col1 \g
<<

+-----------+--------------------+
|col1       |col2                |
+-----------+--------------------+
|      1.100|                    |
|      2.200|           $-3333.33|
|      3.300|                    |
|      5.500|          $222222.00|
+-----------+--------------------+
(4 rows)
>>
* update t1 set col2='$44444.4' where col1 = 1.1 \g
<<
(1 row)
>>
* select * from t1 order by col1 \g
<<

+-----------+--------------------+
|col1       |col2                |
+-----------+--------------------+
|      1.100|           $44444.40|
|      2.200|           $-3333.33|
|      3.300|                    |
|      5.500|          $222222.00|
+-----------+--------------------+
(4 rows)
>>
* delete from t1 where col1=5.5 and col2='$222222' \g
<<
(1 row)
>>
* select * from t1 order by col1 \g
<<

+-----------+--------------------+
|col1       |col2                |
+-----------+--------------------+
|      1.100|           $44444.40|
|      2.200|           $-3333.33|
|      3.300|                    |
+-----------+--------------------+
(3 rows)
>>
* delete from t1 where col1=2.2 and col2='$-3333.33' \g
<<
(1 row)
>>
* select * from t1 order by col1 \g
<<

+-----------+--------------------+
|col1       |col2                |
+-----------+--------------------+
|      1.100|           $44444.40|
|      3.300|                    |
+-----------+--------------------+
(2 rows)
>>
* delete from t1 where col1=1.1 and col2='$44444.4' \g
<<
(1 row)
>>
* commit \g
<<
>>
* select * from t1 order by col1 \g
<<

+-----------+--------------------+
|col1       |col2                |
+-----------+--------------------+
|      3.300|                    |
+-----------+--------------------+
(1 row)
>>
* drop table t1 \g
<<
>>
* commit \g
<<
>>
* \q
<<
>>


Ending at: Thu Jun  3 13:20:19 2004
