/*
	Test Name: alttbl42.sep
	Time: Tue Jan 14 23:56:54 1997
	User Name: testenv
	Terminal type: septerm
 
	Test ID : (TBD)
	Module  : 
	Filename:
	Purpose	:
	Input Files  :
	Output Files :
	Database     :
	Tables       :
	Synopsis     : Testing drop columns and column has integrity. (Integrity           -
            was created based on muti columns )

 History: 14-Jan-1997	(wanya01)	Created
	  19-Mar-1999	(vande02)	Hard-coded VPG_SZ to 4K
*/
? fill alttbl42.sql
!!
/* testing drop column and integrity is created based on muticolumns */
set autocommit on \p\g
drop table t \p\g
create table t (col1 int, col2 int, col3 int) with page_size= 4096 \p\g
insert into t values(1,1,1) \p\g
create integrity on t is col1+col2>0 \p\g
insert into t values(-2,1,0 ) \p\g
insert into t values(-2,3,0)\p\g
alter table t drop column col1 restrict \p\g
alter table t drop column col1 cascade \p\g
select * from iiintegrities \p\g
drop table t \p\g

create table t (col1 int, col2 int, col3 int) with page_size= 4096 \p\g
insert into t values(1,1,1)\p\g
create integrity on t is col1=col2 and col2=col3\p\g
alter table t drop column col1 restrict \p\g
alter table t drop column col1 cascade \p\g
select * from iiintegrities \p\g
drop table t \p\g


create table t (col1 int, col2 int, col3 int) with page_size= 4096 \p\g
create integrity on t is col1>=col2 and col3>=col2 and col1<=col3 \p\g
insert into t values(2,0,1) \p\g
insert into t values(1,2,1) \p\g
insert into t values(1,0,2) \p\g
alter table t drop column col3 restrict \p\g
alter table t drop column col3 cascade \p\g
select * from iiintegrities \p\g
insert into t values(0,9)\p\g
select * from t \p\g
drop table t \p\g

create table t (col1 int, col2 int, col3 int) with page_size= 4096 \p\g
create integrity on t is col2<=9 \p\g
create integrity on t is col2>=0 \p\g
create integrity on t is col2<>5 \p\g
insert into t values(1,-2,1) \p\g
insert into t values(2,5,2) \p\g
insert into t values(3,3,3) \p\g
alter table t drop column col2 restrict \p\g
alter table t drop column col2 cascade \p\g
select * from iiintegrities \p\g
drop table t \p\g

create table t (col1 int, col2 int, col3 char(5)) with page_size = 4096 \p\g
create integrity on t is col1>=0 or col3  like 'a%' \p\g
insert into t values (-1,3,'kd') \p\g
insert into t values (-9,3,'abc') \p\g
alter table t drop column col3 restrict \p\g
alter table t drop column col3 cascade \p\g
select * from iiintegrities \p\g
drop table t\p\g 

!!
? sql -s SEPPARAMDB 
<<

>>
* \i alttbl42.sql 
<<
/* SQL Startup File */
/* testing drop column and integrity is created based on muticolumns */
set autocommit on 
drop table t 
E_US0AC1 DROP: 't' does not exist or is not owned by you.
    (Wed Jan 15 00:00:12 1997)

create table t (col1 int, col2 int, col3 int) with page_size= 4096 
insert into t values(1,1,1)
(1 row)
create integrity on t is col1+col2>0 
insert into t values(-2,1,0 ) 
(0 rows)
insert into t values(-2,3,0)
(1 row)
alter table t drop column col1 restrict 
E_QE016B ALTER TABLE DROP COLUMN RESTRICT:  restricted destruction of base
    table column cannot proceed as it  has one or more dependent objects
    which would become abandoned.
    (Wed Jan 15 00:00:16 1997)

alter table t drop column col1 cascade 
select * from iiintegrities 

+--------------------------------+--------------------------------+------------------
--------+------+-------------+-------------------------------------------------------
-------------------------------------------------------------------------------------
-------------------------------------------------------------------------------------
------------------+
|table_name                      |table_owner                     |create_date      -
        |integr|text_sequence|text_segment                                          -
                                                                                    -
                                                                                    -
                  |
+--------------------------------+--------------------------------+------------------
--------+------+-------------+-------------------------------------------------------
-------------------------------------------------------------------------------------
-------------------------------------------------------------------------------------
------------------+
+--------------------------------+--------------------------------+------------------
--------+------+-------------+-------------------------------------------------------
-------------------------------------------------------------------------------------
-------------------------------------------------------------------------------------
------------------+
(0 rows)
drop table t 

create table t (col1 int, col2 int, col3 int) with page_size= 4096 
insert into t values(1,1,1)
(1 row)
create integrity on t is col1=col2 and col2=col3
alter table t drop column col1 restrict 
E_QE016B ALTER TABLE DROP COLUMN RESTRICT:  restricted destruction of base
    table column cannot proceed as it  has one or more dependent objects
    which would become abandoned.
    (Wed Jan 15 00:00:19 1997)

alter table t drop column col1 cascade 
select * from iiintegrities 

+--------------------------------+--------------------------------+------------------
--------+------+-------------+-------------------------------------------------------
-------------------------------------------------------------------------------------
-------------------------------------------------------------------------------------
------------------+
|table_name                      |table_owner                     |create_date      -
        |integr|text_sequence|text_segment                                          -
                                                                                    -
                                                                                    -
                  |
+--------------------------------+--------------------------------+------------------
--------+------+-------------+-------------------------------------------------------
-------------------------------------------------------------------------------------
-------------------------------------------------------------------------------------
------------------+
+--------------------------------+--------------------------------+------------------
--------+------+-------------+-------------------------------------------------------
-------------------------------------------------------------------------------------
-------------------------------------------------------------------------------------
------------------+
(0 rows)
drop table t 


create table t (col1 int, col2 int, col3 int) with page_size= 4096 
create integrity on t is col1>=col2 and col3>=col2 and col1<=col3 
insert into t values(2,0,1) 
(0 rows)
insert into t values(1,2,1) 
(0 rows)
insert into t values(1,0,2) 
(1 row)
alter table t drop column col3 restrict 
E_QE016B ALTER TABLE DROP COLUMN RESTRICT:  restricted destruction of base
    table column cannot proceed as it  has one or more dependent objects
    which would become abandoned.
    (Wed Jan 15 00:00:21 1997)

alter table t drop column col3 cascade 
select * from iiintegrities 

+--------------------------------+--------------------------------+------------------
--------+------+-------------+-------------------------------------------------------
-------------------------------------------------------------------------------------
-------------------------------------------------------------------------------------
------------------+
|table_name                      |table_owner                     |create_date      -
        |integr|text_sequence|text_segment                                          -
                                                                                    -
                                                                                    -
                  |
+--------------------------------+--------------------------------+------------------
--------+------+-------------+-------------------------------------------------------
-------------------------------------------------------------------------------------
-------------------------------------------------------------------------------------
------------------+
+--------------------------------+--------------------------------+------------------
--------+------+-------------+-------------------------------------------------------
-------------------------------------------------------------------------------------
-------------------------------------------------------------------------------------
------------------+
(0 rows)
insert into t values(0,9)
(1 row)
select * from t 

+-------------+-------------+
|col1         |col2         |
+-------------+-------------+
|            1|            0|
|            0|            9|
+-------------+-------------+
(2 rows)
drop table t 

create table t (col1 int, col2 int, col3 int) with page_size= 4096 
create integrity on t is col2<=9 
create integrity on t is col2>=0 
create integrity on t is col2<>5 
insert into t values(1,-2,1) 
(0 rows)
insert into t values(2,5,2) 
(0 rows)
insert into t values(3,3,3) 
(1 row)
alter table t drop column col2 restrict 
E_QE016B ALTER TABLE DROP COLUMN RESTRICT:  restricted destruction of base
    table column cannot proceed as it  has one or more dependent objects
    which would become abandoned.
    (Wed Jan 15 00:00:23 1997)

alter table t drop column col2 cascade 
select * from iiintegrities 

+--------------------------------+--------------------------------+------------------
--------+------+-------------+-------------------------------------------------------
-------------------------------------------------------------------------------------
-------------------------------------------------------------------------------------
------------------+
|table_name                      |table_owner                     |create_date      -
        |integr|text_sequence|text_segment                                          -
                                                                                    -
                                                                                    -
                  |
+--------------------------------+--------------------------------+------------------
--------+------+-------------+-------------------------------------------------------
-------------------------------------------------------------------------------------
-------------------------------------------------------------------------------------
------------------+
+--------------------------------+--------------------------------+------------------
--------+------+-------------+-------------------------------------------------------
-------------------------------------------------------------------------------------
-------------------------------------------------------------------------------------
------------------+
(0 rows)
drop table t 

create table t (col1 int, col2 int, col3 char(5)) with page_size = 4096 
create integrity on t is col1>=0 or col3  like 'a%' 
insert into t values (-1,3,'kd') 
(0 rows)
insert into t values (-9,3,'abc') 
(1 row)
alter table t drop column col3 restrict 
E_QE016B ALTER TABLE DROP COLUMN RESTRICT:  restricted destruction of base
    table column cannot proceed as it  has one or more dependent objects
    which would become abandoned.
    (Wed Jan 15 00:00:25 1997)

alter table t drop column col3 cascade 
select * from iiintegrities 

+--------------------------------+--------------------------------+------------------
--------+------+-------------+-------------------------------------------------------
-------------------------------------------------------------------------------------
-------------------------------------------------------------------------------------
------------------+
|table_name                      |table_owner                     |create_date      -
        |integr|text_sequence|text_segment                                          -
                                                                                    -
                                                                                    -
                  |
+--------------------------------+--------------------------------+------------------
--------+------+-------------+-------------------------------------------------------
-------------------------------------------------------------------------------------
-------------------------------------------------------------------------------------
------------------+
+--------------------------------+--------------------------------+------------------
--------+------+-------------+-------------------------------------------------------
-------------------------------------------------------------------------------------
-------------------------------------------------------------------------------------
------------------+
(0 rows)
drop table t
>>
* \q 
<<

>>


Ending at: Wed Jan 15 00:01:56 1997
