/*
	Test Name: alttbl43.sep
	Time: Wed Jan 15 06:07:16 1997
	User Name: testenv
	Terminal type: septerm
 
	Test ID : (TBD)
	Module  : 
	Filename:
	Purpose	:
	Input Files  :
	Output Files :
	Database     :
	Tables       :
	Synopsis     :

 History: 15-Jan-1997	(wanya01)	Created
	  19-Mar-1999	(vande02)	Hard-coded VPG_SZ to 8K and
					STR_ST to hash
      4-Oct-2001   (devjo01)
           Change canons to reflect lifting of keyword restrictions.

*/
? fill alttbl43.sql 
!!
set autocommit on \p\g
drop table t \p\g
create table t(col1 int, col2 int, col3 int) with page_size = 8192 \p\g
insert into t values(1,1,1) \p\g
alter table t drop column col3 restrict \p\g
alter table t add column col4 int \p\g
update t set  col4=1 where col4 is null \p\g
create integrity on t is col4>0 \p\g
insert into t values(2,2,-2) \p\g
modify t to hash \p\g
insert into t values(3,3,-3) \p\g
insert into t values(4,4,4) \p\g
alter table t drop column col4 restrict \p\g
alter table t drop column col4 cascade \p\g
drop table t \p\g

create table t(col1 int, col2 int, col3 int) with page_size = 8192 \p\g
alter table t drop column col3 restrict \p\g
alter table t add column col4 int \p\g
create integrity on t is col4-col1>0 \p\g
insert into t values(1,2,9) \p\g
insert into t values(2,2,2) \p\g
modify t to hash \p\g
insert into t values(2,2,2) \p\g
lter table t drop column col4 restrict \p\g
alter table t drop column col4 cascade \p\g
select * from iiintegrities \p\g
drop table t\p\g


!!
? sql -s SEPPARAMDB 
<<

>>
* \i alttbl43.sql 
<<
/* SQL Startup File */
 set autocommit on 
drop table t 
E_US0AC1 DROP: 't' does not exist or is not owned by you.
    (Thu Oct  4 16:34:25 2001)

create table t(col1 int, col2 int, col3 int) with page_size = 8192 
insert into t values(1,1,1) 
(1 row)
alter table t drop column col3 restrict 
alter table t add column col4 int 
update t set  col4=1 where col4 is null 
(1 row)
create integrity on t is col4>0 
insert into t values(2,2,-2) 
(0 rows)
modify t to hash 
(1 row)
insert into t values(3,3,-3) 
(0 rows)
insert into t values(4,4,4) 
(1 row)
alter table t drop column col4 restrict 
E_QE016B ALTER TABLE DROP COLUMN RESTRICT:  restricted destruction of base
    table column cannot proceed as it  has one or more dependent objects
    which would become abandoned.
    (Thu Oct  4 16:34:25 2001)

alter table t drop column col4 cascade 
drop table t 

create table t(col1 int, col2 int, col3 int) with page_size = 8192 
alter table t drop column col3 restrict 
alter table t add column col4 int 
create integrity on t is col4-col1>0 
insert into t values(1,2,9) 
(1 row)
insert into t values(2,2,2) 
(0 rows)
modify t to hash 
(1 row)
insert into t values(2,2,2) 
(0 rows)
lter table t drop column col4 restrict 
E_US081C Syntax error.  Last symbol read was: 'lter'.
    (Thu Oct  4 16:34:25 2001)

alter table t drop column col4 cascade 
select * from iiintegrities 

+--------------------------------+--------------------------------+------------------
--------+------+-------------+-------------------------------------------------------
-------------------------------------------------------------------------------------
-------------------------------------------------------------------------------------
------------------+
|table_name                      |table_owner                     |create_date      -
        |integr|text_sequence|text_segment                                          -
                                                                                    -
                                                                                    -
                  |
+--------------------------------+--------------------------------+------------------
--------+------+-------------+-------------------------------------------------------
-------------------------------------------------------------------------------------
-------------------------------------------------------------------------------------
------------------+
+--------------------------------+--------------------------------+------------------
--------+------+-------------+-------------------------------------------------------
-------------------------------------------------------------------------------------
-------------------------------------------------------------------------------------
------------------+
(0 rows)
drop table t
>>
* \q 
<<

>>


Ending at: Thu Oct  4 16:34:59 2001
