/*
	Test Name: alttbl41x.sep
	Time: Tue Jan 14 07:03:30 1997
	User Name: testenv
	Terminal type: septerm
 
	Test ID : (TBD)
	Module  : 
	Filename:
	Purpose	:
	Input Files  :
	Output Files :
	Database     :
	Tables       :
	Synopsis     : Create a table with 2 columns, then drop the second column, the add -
the third column. Create integrity on the third column, integrity shuld preform prop-
er for inserts and updates.
  (canon should be modified after bug 80069 is fixed)
 History: 14-Jan-1997	(Author)	Created by wanya01

          25-Mar-1997	(Author)
          27-May-1997	(wanya01) modify canon for help table
	  03/23/99      (kamra01)  Modified the page_size to 8K instead of vpg_sz	 
          31-Mar-2010   (hanal04) Bug 123481 Extend width of Type column in
                                  HELP TABLE output.
*/
? fill alttbl41.sql 
!!
set autocommit on \p\g
drop table t \p\g
create table t(col1 int, col2 int ) with page_size= 8192 \p\g
insert into t values(1,1) \p\g
alter table t add column col3 int \p\g
update t set col3=1 where col3 is null \p\g
create integrity on t is col3 >0 \p\g
select * from iiintegrities \p\g
insert into t values(2,2,2) \p\g
insert into t values(3,3,-1) \p\g
update t set col3=-9 where col1=2 \p\g
modify t to heap \p\g
insert into t values(4,4,0) \p\g
drop table t \p\g

create table t(col1 int, col2 int ) with page_size= 8192 \p\g
insert into t values(1,1) \p\g
create integrity on t is col2>0 \p\g
insert into t values(2,-2) \p\g
insert into t values(2,2) \p\g    
alter table t drop column col2 restrict \p\g
alter table t drop column col2 cascade \p\g
alter table t add column col3 int \p\g
update t set col3=-1 where col3 is null \p\g
create integrity on t is col3 < 0 \p\g
select * from iiintegrities \p\g
help table t \p\g
insert into t values(3,-3) \p\g
insert into t values(4,4 ) \p\g
update t set col3=-8 where col1=1 \p\g
update t set col3=0 where col1=1 \p\g
modify t to heap \p\g
insert into t values(5,5) \p\g
insert into t values(6,-6) \p\g
update t set col3=-8 where col1=1 \p\g
update t set col3=0 where col1=1 \p\g
select * from t \p\g
drop table t \p\g 
 */

!!
? sql -s SEPPARAMDB 
<<

>>
* \i alttbl41.sql 
<<
/* SQL Startup File */
 set autocommit on 
drop table t 
E_US0AC1 DROP: 't' does not exist or is not owned by you.
    (Tue May 27 15:24:34 1997)

create table t(col1 int, col2 int ) with page_size= 8192 
insert into t values(1,1) 
(1 row)
alter table t add column col3 int 
update t set col3=1 where col3 is null 
(1 row)
create integrity on t is col3 >0 
select * from iiintegrities 

+--------------------------------+--------------------------------+------------------
--------+------+-------------+-------------------------------------------------------
-------------------------------------------------------------------------------------
-------------------------------------------------------------------------------------
------------------+
|table_name                      |table_owner                     |create_date      -
        |integr|text_sequence|text_segment                                          -
                                                                                    -
                                                                                    -
                  |
+--------------------------------+--------------------------------+------------------
--------+------+-------------+-------------------------------------------------------
-------------------------------------------------------------------------------------
-------------------------------------------------------------------------------------
------------------+
|t                               |testenv                         |1997_05_27 19:24:-
38 GMT  |     1|            1|create integrity  on t is col3 >0                     -
                                                                                    -
                                                                                    -
                  |
+--------------------------------+--------------------------------+------------------
--------+------+-------------+-------------------------------------------------------
-------------------------------------------------------------------------------------
-------------------------------------------------------------------------------------
------------------+
(1 row)
insert into t values(2,2,2) 
(1 row)
insert into t values(3,3,-1) 
(0 rows)
update t set col3=-9 where col1=2 
(0 rows)
modify t to heap 
(2 rows)
insert into t values(4,4,0) 
(0 rows)
drop table t 

create table t(col1 int, col2 int ) with page_size= 8192 
insert into t values(1,1) 
(1 row)
create integrity on t is col2>0 
insert into t values(2,-2) 
(0 rows)
insert into t values(2,2) 
(1 row)
    
alter table t drop column col2 restrict 
E_QE016B ALTER TABLE DROP COLUMN RESTRICT:  restricted destruction of base
    table column cannot proceed as it  has one or more dependent objects
    which would become abandoned.
    (Tue May 27 15:24:42 1997)

alter table t drop column col2 cascade 
alter table t add column col3 int 
update t set col3=-1 where col3 is null 
(2 rows)
create integrity on t is col3 < 0 
select * from iiintegrities 

+--------------------------------+--------------------------------+------------------
--------+------+-------------+-------------------------------------------------------
-------------------------------------------------------------------------------------
-------------------------------------------------------------------------------------
------------------+
|table_name                      |table_owner                     |create_date      -
        |integr|text_sequence|text_segment                                          -
                                                                                    -
                                                                                    -
                  |
+--------------------------------+--------------------------------+------------------
--------+------+-------------+-------------------------------------------------------
-------------------------------------------------------------------------------------
-------------------------------------------------------------------------------------
------------------+
|t                               |testenv                         |1997_05_27 19:24:-
42 GMT  |     1|            1|create integrity  on t is col3 < 0                    -
                                                                                    -
                                                                                    -
                  |
+--------------------------------+--------------------------------+------------------
--------+------+-------------+-------------------------------------------------------
-------------------------------------------------------------------------------------
-------------------------------------------------------------------------------------
------------------+
(1 row)
help table t 
Name:                 t
Owner:                testenv
Created:              27-may-1997 15:24:42     
Location:             ii_database
Type:                 user table
Version:              OI2.0
Page size:            8192
Cache priority:       0
Alter table version:  2
Alter table totwidth: 15
Row width:            10
Number of rows:       2
Storage structure:    heap
Compression:          none
Duplicate Rows:       allowed
Number of pages:      3
Overflow data pages:  0
Journaling:           enabled after the next checkpoint
Base table for view:  no
Permissions:          none
Integrities:          yes
Optimizer statistics: none

Column Information:
                                                                          Key
Column Name                      Type               Length Nulls Defaults Seq
col1                             integer                 4  yes    null       
col3                             integer                 4  yes    null       

Secondary indexes:    none



insert into t values(3,-3) 
(1 row)
insert into t values(4,4 ) 
(0 rows)
update t set col3=-8 where col1=1 
(1 row)
update t set col3=0 where col1=1 
(0 rows)
modify t to heap 
(3 rows)
insert into t values(5,5) 
(0 rows)
insert into t values(6,-6) 
(1 row)
update t set col3=-8 where col1=1 
(1 row)
update t set col3=0 where col1=1 
(0 rows)
select * from t 

+-------------+-------------+
|col1         |col3         |
+-------------+-------------+
|            1|           -8|
|            2|           -1|
|            3|           -3|
|            6|           -6|
+-------------+-------------+
(4 rows)
drop table t 
>>
* \q 
<<

>>


Ending at: Tue May 27 15:24:58 1997
