/*
	Test Name: alttbl15.sep
	Time: Wed Dec 18 11:34:20 1996
	User Name: testenv
	Terminal type: septerm
 
	Test ID : (TBD)
	Module  : 
	Filename:
	Purpose	:
	Input Files  :
	Output Files :
	Database     :
	Tables       :
	Synopsis     :	Tests bug #79062, Add column/drop column/add column of 
			same name sometimes corrupts iicolumns column_sequence 
			(sets it=1, even though there exists another column of 
			that sequence number).  The column is then unusable.  
			Cannot be part of a select *,or any other reference to 
			that column (datatype conflict).  seems to occur only 
			within terminal monitor, when autocommit is off, but I 
			am not sure if that is circumstantial. The actual error
			seen is E_op0783_adi_ficoerce consistency check.


 History: 18-Dec-1996	(clate01)	Created

 03/23/99      (kamra01)  Modified the page_size to 4K instead of vpg_sz
 09-jul-2001	(boija02) drop the view to prevent it tripping later tests. sql
		-s doesn't need an ignore canon


*/
? fill cols.sql 
!!
drop view ic\p\g
create view ic (tname,cname,sequence) as select
char(table_name,10), column_name,column_sequence
from iicolumns\p\g

!!
? fill addi.sql 
!!
alter table foo add column a integer\p\g
alter table foo add column b integer\p\g
alter table foo add column c integer\p\g
alter table foo add column d integer\p\g
alter table foo add column e integer\p\g
alter table foo add column f integer\p\g
alter table foo add column g integer\p\g
alter table foo add column h integer\p\g
alter table foo add column i integer\p\g
alter table foo add column j integer\p\g
alter table foo add column k integer\p\g
alter table foo add column l integer\p\g
alter table foo add column m integer\p\g
alter table foo add column n integer\p\g
alter table foo add column o integer\p\g
alter table foo add column p integer\p\g
alter table foo add column q integer\p\g
alter table foo add column r integer\p\g
alter table foo add column s integer\p\g
alter table foo add column t integer\p\g
alter table foo add column u integer\p\g
alter table foo add column v integer\p\g
alter table foo add column w integer\p\g
alter table foo add column x integer\p\g
alter table foo add column y integer\p\g
alter table foo add column z integer\p\g

!!
? fill drop.sql 
!!
alter table foo drop column a cascade\p\g
alter table foo drop column b cascade\p\g
alter table foo drop column c cascade\p\g
alter table foo drop column d cascade\p\g
alter table foo drop column e cascade\p\g
alter table foo drop column f cascade\p\g
alter table foo drop column g cascade\p\g
alter table foo drop column h cascade\p\g
alter table foo drop column i cascade\p\g
alter table foo drop column j cascade\p\g
alter table foo drop column k cascade\p\g
alter table foo drop column l cascade\p\g
alter table foo drop column m cascade\p\g
alter table foo drop column n cascade\p\g
alter table foo drop column o cascade\p\g
alter table foo drop column p cascade\p\g
alter table foo drop column q cascade\p\g
alter table foo drop column r cascade\p\g
alter table foo drop column s cascade\p\g
alter table foo drop column t cascade\p\g
alter table foo drop column u cascade\p\g
alter table foo drop column v cascade\p\g
alter table foo drop column w cascade\p\g
alter table foo drop column x cascade\p\g
alter table foo drop column y cascade\p\g
alter table foo drop column z cascade\p\g

!!
? fill addch.sql 
!!
alter table foo add column a char(5)\p\g
alter table foo add column b char(5)\p\g
alter table foo add column c char(5)\p\g
alter table foo add column d char(5)\p\g
alter table foo add column e char(5)\p\g
alter table foo add column f char(5)\p\g
alter table foo add column g char(5)\p\g
alter table foo add column h char(5)\p\g
alter table foo add column i char(5)\p\g
alter table foo add column j char(5)\p\g
alter table foo add column k char(5)\p\g
alter table foo add column l char(5)\p\g
alter table foo add column m char(5)\p\g
alter table foo add column n char(5)\p\g
alter table foo add column o char(5)\p\g
alter table foo add column p char(5)\p\g
alter table foo add column q char(5)\p\g
alter table foo add column r char(5)\p\g
alter table foo add column s char(5)\p\g
alter table foo add column t char(5)\p\g
alter table foo add column u char(5)\p\g
alter table foo add column v char(5)\p\g
alter table foo add column w char(5)\p\g
alter table foo add column x char(5)\p\g
alter table foo add column y char(5)\p\g
alter table foo add column z char(5)\p\g

!!
? fill b79062.sql 
!!
set autocommit on\p\g
drop table foo\p\g
create table foo(id integer) with page_size=4096\p\g
insert into foo values(1)\p\g
insert into foo values(2)\p\g
insert into foo values(3)\p\g
insert into foo values(4)\p\g
\i cols.sql
\i addi.sql
\i drop.sql
\i addch.sql
select id, a from foo \p\g
select * from ic where tname='foo' order by sequence\p\g
\i drop.sql
\i addi.sql
select * from ic where tname='foo' order by sequence\p\g
select id,a from foo \p\g
alter table foo drop column id cascade\p\g
select * from ic where tname='foo' order by sequence\p\g
select a from foo\p\g
drop table foo\p\g
drop view ic\g

!!
? sql -s SEPPARAMDB 
<<
>>
* \i b79062.sql 
<<
/* SQL Startup File */
 set autocommit on
drop table foo
E_US0AC1 DROP: 'foo' does not exist or is not owned by you.
    (Wed Dec 18 11:52:03 1996)

create table foo(id integer) with page_size=4096
insert into foo values(1)
(1 row)
insert into foo values(2)
(1 row)
insert into foo values(3)
(1 row)
insert into foo values(4)
(1 row)
drop view ic
E_US0AC1 DROP: 'ic' does not exist or is not owned by you.
    (Tue Apr 22 23:45:49 1997)

create view ic (tname,cname,sequence) as select
char(table_name,10), column_name,column_sequence
from iicolumns

alter table foo add column a integer
alter table foo add column b integer
alter table foo add column c integer
alter table foo add column d integer
alter table foo add column e integer
alter table foo add column f integer
alter table foo add column g integer
alter table foo add column h integer
alter table foo add column i integer
alter table foo add column j integer
alter table foo add column k integer
alter table foo add column l integer
alter table foo add column m integer
alter table foo add column n integer
alter table foo add column o integer
alter table foo add column p integer
alter table foo add column q integer
alter table foo add column r integer
alter table foo add column s integer
alter table foo add column t integer
alter table foo add column u integer
alter table foo add column v integer
alter table foo add column w integer
alter table foo add column x integer
alter table foo add column y integer
alter table foo add column z integer

alter table foo drop column a cascade
alter table foo drop column b cascade
alter table foo drop column c cascade
alter table foo drop column d cascade
alter table foo drop column e cascade
alter table foo drop column f cascade
alter table foo drop column g cascade
alter table foo drop column h cascade
alter table foo drop column i cascade
alter table foo drop column j cascade
alter table foo drop column k cascade
alter table foo drop column l cascade
alter table foo drop column m cascade
alter table foo drop column n cascade
alter table foo drop column o cascade
alter table foo drop column p cascade
alter table foo drop column q cascade
alter table foo drop column r cascade
alter table foo drop column s cascade
alter table foo drop column t cascade
alter table foo drop column u cascade
alter table foo drop column v cascade
alter table foo drop column w cascade
alter table foo drop column x cascade
alter table foo drop column y cascade
alter table foo drop column z cascade

alter table foo add column a char(5)
alter table foo add column b char(5)
alter table foo add column c char(5)
alter table foo add column d char(5)
alter table foo add column e char(5)
alter table foo add column f char(5)
alter table foo add column g char(5)
alter table foo add column h char(5)
alter table foo add column i char(5)
alter table foo add column j char(5)
alter table foo add column k char(5)
alter table foo add column l char(5)
alter table foo add column m char(5)
alter table foo add column n char(5)
alter table foo add column o char(5)
alter table foo add column p char(5)
alter table foo add column q char(5)
alter table foo add column r char(5)
alter table foo add column s char(5)
alter table foo add column t char(5)
alter table foo add column u char(5)
alter table foo add column v char(5)
alter table foo add column w char(5)
alter table foo add column x char(5)
alter table foo add column y char(5)
alter table foo add column z char(5)

select id, a from foo 

+-------------+------+
|id           |a     |
+-------------+------+
|            1|      |
|            2|      |
|            3|      |
|            4|      |
+-------------+------+
(4 rows)
select * from ic where tname='foo' order by sequence

+----------+--------------------------------+-------------+
|tname     |cname                           |sequence     |
+----------+--------------------------------+-------------+
|foo       |id                              |            1|
|foo       |a                               |            2|
|foo       |b                               |            3|
|foo       |c                               |            4|
|foo       |d                               |            5|
|foo       |e                               |            6|
|foo       |f                               |            7|
|foo       |g                               |            8|
|foo       |h                               |            9|
|foo       |i                               |           10|
|foo       |j                               |           11|
|foo       |k                               |           12|
|foo       |l                               |           13|
|foo       |m                               |           14|
|foo       |n                               |           15|
|foo       |o                               |           16|
|foo       |p                               |           17|
|foo       |q                               |           18|
|foo       |r                               |           19|
|foo       |s                               |           20|
|foo       |t                               |           21|
|foo       |u                               |           22|
|foo       |v                               |           23|
|foo       |w                               |           24|
|foo       |x                               |           25|
|foo       |y                               |           26|
|foo       |z                               |           27|
+----------+--------------------------------+-------------+
(27 rows)
alter table foo drop column a cascade
alter table foo drop column b cascade
alter table foo drop column c cascade
alter table foo drop column d cascade
alter table foo drop column e cascade
alter table foo drop column f cascade
alter table foo drop column g cascade
alter table foo drop column h cascade
alter table foo drop column i cascade
alter table foo drop column j cascade
alter table foo drop column k cascade
alter table foo drop column l cascade
alter table foo drop column m cascade
alter table foo drop column n cascade
alter table foo drop column o cascade
alter table foo drop column p cascade
alter table foo drop column q cascade
alter table foo drop column r cascade
alter table foo drop column s cascade
alter table foo drop column t cascade
alter table foo drop column u cascade
alter table foo drop column v cascade
alter table foo drop column w cascade
alter table foo drop column x cascade
alter table foo drop column y cascade
alter table foo drop column z cascade

alter table foo add column a integer
alter table foo add column b integer
alter table foo add column c integer
alter table foo add column d integer
alter table foo add column e integer
alter table foo add column f integer
alter table foo add column g integer
alter table foo add column h integer
alter table foo add column i integer
alter table foo add column j integer
alter table foo add column k integer
alter table foo add column l integer
alter table foo add column m integer
alter table foo add column n integer
alter table foo add column o integer
alter table foo add column p integer
alter table foo add column q integer
alter table foo add column r integer
alter table foo add column s integer
alter table foo add column t integer
alter table foo add column u integer
alter table foo add column v integer
alter table foo add column w integer
alter table foo add column x integer
alter table foo add column y integer
alter table foo add column z integer

select * from ic where tname='foo' order by sequence

+----------+--------------------------------+-------------+
|tname     |cname                           |sequence     |
+----------+--------------------------------+-------------+
|foo       |id                              |            1|
|foo       |a                               |            2|
|foo       |b                               |            3|
|foo       |c                               |            4|
|foo       |d                               |            5|
|foo       |e                               |            6|
|foo       |f                               |            7|
|foo       |g                               |            8|
|foo       |h                               |            9|
|foo       |i                               |           10|
|foo       |j                               |           11|
|foo       |k                               |           12|
|foo       |l                               |           13|
|foo       |m                               |           14|
|foo       |n                               |           15|
|foo       |o                               |           16|
|foo       |p                               |           17|
|foo       |q                               |           18|
|foo       |r                               |           19|
|foo       |s                               |           20|
|foo       |t                               |           21|
|foo       |u                               |           22|
|foo       |v                               |           23|
|foo       |w                               |           24|
|foo       |x                               |           25|
|foo       |y                               |           26|
|foo       |z                               |           27|
+----------+--------------------------------+-------------+
(27 rows)
select id,a from foo 

+-------------+-------------+
|id           |a            |
+-------------+-------------+
|            1|             |
|            2|             |
|            3|             |
|            4|             |
+-------------+-------------+
(4 rows)
alter table foo drop column id cascade
select * from ic where tname='foo' order by sequence

+----------+--------------------------------+-------------+
|tname     |cname                           |sequence     |
+----------+--------------------------------+-------------+
|foo       |a                               |            1|
|foo       |b                               |            2|
|foo       |c                               |            3|
|foo       |d                               |            4|
|foo       |e                               |            5|
|foo       |f                               |            6|
|foo       |g                               |            7|
|foo       |h                               |            8|
|foo       |i                               |            9|
|foo       |j                               |           10|
|foo       |k                               |           11|
|foo       |l                               |           12|
|foo       |m                               |           13|
|foo       |n                               |           14|
|foo       |o                               |           15|
|foo       |p                               |           16|
|foo       |q                               |           17|
|foo       |r                               |           18|
|foo       |s                               |           19|
|foo       |t                               |           20|
|foo       |u                               |           21|
|foo       |v                               |           22|
|foo       |w                               |           23|
|foo       |x                               |           24|
|foo       |y                               |           25|
|foo       |z                               |           26|
+----------+--------------------------------+-------------+
(26 rows)
select a from foo

+-------------+
|a            |
+-------------+
|             |
|             |
|             |
|             |
+-------------+
(4 rows)
drop table foo
>>
* \q 
<<
>>


Ending at: Wed Dec 18 11:54:36 1996
