/*
	Test Name: alttbl26.sep
	Time: Wed Dec 18 01:42:02 2002
	User Name: testenv
	Terminal type: septerm
 
        Test ID : alttbl26
        Module  : be/alltbl
        Filename: alttbl26.sep
        Purpose : To test alter table drop column restrict/cascade with
                  procedure definitions on the column
        Input Files  : none	
        Output Files : none
        Database     : alttbldb
        Tables       : alttbl26_res_tbl1, alttbl26_res_tbl2, alttbl26_cas_tbl1,
                       alttbl26_cas_tbl2
        Synopsis     : Alter table drop column with restrict should succeed
                       even the column is in procedure definition.  Later, if
                       user try to execute the procedure, run time error will
                       be returned. This will also test that database 
		       procedures do NOT get dropped even after a column is
		       dropped with the restrict/cascade options in alter
		       table.

 History: 23-Apr-1997	(wanya01) Created
          16-Mar-1999	(madsu02) to avoid row sequence diff, old canon was
				  replaced.
          23-Mar-1999	(kamra01) Modified the page_size to 4K instead of vpg_sz
          26-Mar-2001	(hanch04) Update test for Ingres 2.6
          22-May-2001	(BOIJA02) New canons for ordering, order by col2 after
				  dropping it didn't work too well.
           5-Dec-2002	(marwi08) Modified test to elimnate large canon and
				  expanded to include cascade option on alter
				  table drop column. Also changed table and
				  procedure names to go with test name. Also
				  lined up columns in History.
	  18-Dec-2002	(marwi08) Added checks to iiprocedures to verify
				  procedures don't get dropped after a column
				  is dropped with restrict or cascade options
				  in alter table.
          17-Jun-2004	(shafa01) Added order by clause for the select
				  statements preformed against iiprocedures
				  table.
          22-Jul-2004	(vande02) Replacing existing canons for selects from
                                  system catalog iiprocedures with new expected
                                  behavior as of open source r3 when B1 security
                                  was pulled out.  Aligned history.
          12-Jun-2006   (hanal04) New security column in iiprocedures. Updated
                                  associated canons.
          6-Aug-2008    (kibro01) Different text_sequence length and new row_proc.
*/
? sql -s SEPPARAMDB 
<<
>>
* set autocommit on\g 
<<
>>
* drop table alttbl26_res_tbl1\g 
<<
E_US0AC1 DROP: 'alttbl26_res_tbl1' does not exist or is not owned by you.
    (Wed Dec 18 01:48:46 2002)

>>
* drop procedure alttbl26_proc1\g 
<<
E_US0965 Procedure 'alttbl26_proc1' not found.
    (Wed Dec 18 01:48:59 2002)

>>
* create table alttbl26_res_tbl1(col1 int, col2 int, col3 int) with page_size=4096\g-
 
<<
>>
* create procedure alttbl26_proc1(c1 int, c2 int, c3 int) as begin insert into alttb-
l26_res_tbl1 values(c1,c2,c3) end\g 
<<
>>
* execute procedure alttbl26_proc1(c1=1,c2=2,c3=3)\g 
<<
>>
* select * from alttbl26_res_tbl1 order by col1, col2\g 
<<

+-------------+-------------+-------------+
|col1         |col2         |col3         |
+-------------+-------------+-------------+
|            1|            2|            3|
+-------------+-------------+-------------+
(1 row)
>>
* select * from iiprocedures where procedure_name like 'alttbl26_proc%' order
<<
>>
* by 1\g
<<

+--------------------------------+--------------------------------+------------------
--------+------+----------------------+-------------------------------------------------------
-------------------------------------------------------------------------------------
-------------------------------------------------------------------------------------
------------------+------+------+--------+
|procedure_name                  |procedure_owner                 |create_date      -
        |proc_s|text_sequence         |text_segment                                          -
                                                                                    -
                                                                                    -
                  |system|row_pr|security|
+--------------------------------+--------------------------------+------------------
--------+------+----------------------+-------------------------------------------------------
-------------------------------------------------------------------------------------
-------------------------------------------------------------------------------------
------------------+------+------+--------+
|alttbl26_proc1                  |testenv                         |2004_07_22 22:25:-
26 GMT  |N     |                     1|create procedure  alttbl26_proc1(c1 int, c2 int, c3 in-
t) as begin insert into "testenv". alttbl26_res_tbl1 values(c1,c2,c3) end           -
                                                                                    -
                  |U     |N     |        |
+--------------------------------+--------------------------------+------------------
--------+------+----------------------+-------------------------------------------------------
-------------------------------------------------------------------------------------
-------------------------------------------------------------------------------------
------------------+------+------+--------+
(1 row)
>>
* alter table alttbl26_res_tbl1 drop column col2 restrict\g 
<<
>>
* select * from alttbl26_res_tbl1 order by col1\g 
<<

+-------------+-------------+
|col1         |col3         |
+-------------+-------------+
|            1|            3|
+-------------+-------------+
(1 row)
>>
* execute procedure alttbl26_proc1(c1=1,c2=2,c3=3)\g 
<<
E_US0AD7 INSERT: number of target columns must equal the number of
    specified values.
    (Wed Dec 18 01:52:06 2002)

>>
* select * from iiprocedures where procedure_name like 'alttbl26_proc%' order
<<
>>
* by 1\g
<<

+--------------------------------+--------------------------------+------------------
--------+------+----------------------+-------------------------------------------------------
-------------------------------------------------------------------------------------
-------------------------------------------------------------------------------------
------------------+------+------+--------+
|procedure_name                  |procedure_owner                 |create_date      -
        |proc_s|text_sequence         |text_segment                                          -
                                                                                    -
                                                                                    -
                  |system|row_pr|security|
+--------------------------------+--------------------------------+------------------
--------+------+----------------------+-------------------------------------------------------
-------------------------------------------------------------------------------------
-------------------------------------------------------------------------------------
------------------+------+------+--------+
|alttbl26_proc1                  |testenv                         |2004_07_22 22:25:-
26 GMT  |N     |                     1|create procedure  alttbl26_proc1(c1 int, c2 int, c3 in-
t) as begin insert into "testenv". alttbl26_res_tbl1 values(c1,c2,c3) end           -
                                                                                    -
                  |U     |N     |        |
+--------------------------------+--------------------------------+------------------
--------+------+----------------------+-------------------------------------------------------
-------------------------------------------------------------------------------------
-------------------------------------------------------------------------------------
------------------+------+------+--------+
(1 row)
>>
* drop table alttbl26_res_tbl2\g 
<<
E_US0AC1 DROP: 'alttbl26_res_tbl2' does not exist or is not owned by you.
    (Wed Dec 18 01:52:34 2002)

>>
* drop procedure alttbl26_proc2\g 
<<
E_US0965 Procedure 'alttbl26_proc2' not found.
    (Wed Dec 18 01:52:45 2002)

>>
* create table alttbl26_res_tbl2(col1 int, col2 int, col3 int) with page_size=4096\g-
 
<<
>>
* insert into alttbl26_res_tbl2 values(1,2,3)\g 
<<
(1 row)
>>
* insert into alttbl26_res_tbl2 values(2,3,4)\g 
<<
(1 row)
>>
* create procedure alttbl26_proc2(col int) as begin update alttbl26_res_tbl2 set col-
3=col+col1 where col>0 end\g 
<<
>>
* select * from alttbl26_res_tbl2 order by col1, col2\g 
<<

+-------------+-------------+-------------+
|col1         |col2         |col3         |
+-------------+-------------+-------------+
|            1|            2|            3|
|            2|            3|            4|
+-------------+-------------+-------------+
(2 rows)
>>
* execute procedure alttbl26_proc2(col=1)\g 
<<
>>
* select * from alttbl26_res_tbl2 order by col1\g 
<<

+-------------+-------------+-------------+
|col1         |col2         |col3         |
+-------------+-------------+-------------+
|            1|            2|            2|
|            2|            3|            3|
+-------------+-------------+-------------+
(2 rows)
>>
* select * from iiprocedures where procedure_name like 'alttbl26_proc%' order
<<
>>
* by 1\g 
<<

+--------------------------------+--------------------------------+------------------
--------+------+----------------------+-------------------------------------------------------
-------------------------------------------------------------------------------------
-------------------------------------------------------------------------------------
------------------+------+------+--------+
|procedure_name                  |procedure_owner                 |create_date      -
        |proc_s|text_sequence         |text_segment                                          -
                                                                                    -
                                                                                    -
                  |system|row_pr|security|
+--------------------------------+--------------------------------+------------------
--------+------+----------------------+-------------------------------------------------------
-------------------------------------------------------------------------------------
-------------------------------------------------------------------------------------
------------------+------+------+--------+
|alttbl26_proc1                  |testenv                         |2004_07_22 22:25:-
26 GMT  |N     |                     1|create procedure  alttbl26_proc1(c1 int, c2 int, c3 in-
t) as begin insert into "testenv". alttbl26_res_tbl1 values(c1,c2,c3) end           -
                                                                                    -
                  |U     |N     |        |
|alttbl26_proc2                  |testenv                         |2004_07_22 22:25:-
32 GMT  |N     |                     1|create procedure  alttbl26_proc2(col int) as begin upd-
ate "testenv". alttbl26_res_tbl2 set col3=col+col1 where col>0 end                  -
                                                                                    -
                  |U     |N     |        |
+--------------------------------+--------------------------------+------------------
--------+------+----------------------+-------------------------------------------------------
-------------------------------------------------------------------------------------
-------------------------------------------------------------------------------------
------------------+------+------+--------+
(2 rows)
>>
* alter table alttbl26_res_tbl2 drop column col2 restrict\g 
<<
>>
* select * from alttbl26_res_tbl2 order by col1\g 
<<

+-------------+-------------+
|col1         |col3         |
+-------------+-------------+
|            1|            2|
|            2|            3|
+-------------+-------------+
(2 rows)
>>
* select * from iiprocedures where procedure_name like 'alttbl26_proc%' order
<<
>>
* by 1\g 
<<

+--------------------------------+--------------------------------+------------------
--------+------+----------------------+-------------------------------------------------------
-------------------------------------------------------------------------------------
-------------------------------------------------------------------------------------
------------------+------+------+--------+
|procedure_name                  |procedure_owner                 |create_date      -
        |proc_s|text_sequence         |text_segment                                          -
                                                                                    -
                                                                                    -
                  |system|row_pr|security|
+--------------------------------+--------------------------------+------------------
--------+------+----------------------+-------------------------------------------------------
-------------------------------------------------------------------------------------
-------------------------------------------------------------------------------------
------------------+------+------+--------+
|alttbl26_proc1                  |testenv                         |2004_07_22 22:25:-
26 GMT  |N     |                     1|create procedure  alttbl26_proc1(c1 int, c2 int, c3 in-
t) as begin insert into "testenv". alttbl26_res_tbl1 values(c1,c2,c3) end           -
                                                                                    -
                  |U     |N     |        |
|alttbl26_proc2                  |testenv                         |2004_07_22 22:25:-
32 GMT  |N     |                     1|create procedure  alttbl26_proc2(col int) as begin upd-
ate "testenv". alttbl26_res_tbl2 set col3=col+col1 where col>0 end                  -
                                                                                    -
                  |U     |N     |        |
+--------------------------------+--------------------------------+------------------
--------+------+----------------------+-------------------------------------------------------
-------------------------------------------------------------------------------------
-------------------------------------------------------------------------------------
------------------+------+------+--------+
(2 rows)
>>
* execute procedure alttbl26_proc2(col=2)\g 
<<
>>
* select * from alttbl26_res_tbl2 order by col1\g 
<<

+-------------+-------------+
|col1         |col3         |
+-------------+-------------+
|            1|            3|
|            2|            4|
+-------------+-------------+
(2 rows)
>>
* alter table alttbl26_res_tbl2 drop column col1 restrict\g 
<<
>>
* select * from alttbl26_res_tbl2 order by col3\g 
<<

+-------------+
|col3         |
+-------------+
|            3|
|            4|
+-------------+
(2 rows)
>>
* execute procedure alttbl26_proc2(col=1)\g 
<<
E_US0836 line 1, Column 'col1' not found in any specified table.
    (Wed Dec 18 01:58:53 2002)

>>
* select * from iiprocedures where procedure_name like 'alttbl26_proc%' order
<<
>>
* by 1\g 
<<

+--------------------------------+--------------------------------+------------------
--------+------+----------------------+-------------------------------------------------------
-------------------------------------------------------------------------------------
-------------------------------------------------------------------------------------
------------------+------+------+--------+
|procedure_name                  |procedure_owner                 |create_date      -
        |proc_s|text_sequence         |text_segment                                          -
                                                                                    -
                                                                                    -
                  |system|row_pr|security|
+--------------------------------+--------------------------------+------------------
--------+------+----------------------+-------------------------------------------------------
-------------------------------------------------------------------------------------
-------------------------------------------------------------------------------------
------------------+------+------+--------+
|alttbl26_proc1                  |testenv                         |2004_07_22 22:25:-
26 GMT  |N     |                     1|create procedure  alttbl26_proc1(c1 int, c2 int, c3 in-
t) as begin insert into "testenv". alttbl26_res_tbl1 values(c1,c2,c3) end           -
                                                                                    -
                  |U     |N     |        |
|alttbl26_proc2                  |testenv                         |2004_07_22 22:25:-
32 GMT  |N     |                     1|create procedure  alttbl26_proc2(col int) as begin upd-
ate "testenv". alttbl26_res_tbl2 set col3=col+col1 where col>0 end                  -
                                                                                    -
                  |U     |N     |        |
+--------------------------------+--------------------------------+------------------
--------+------+----------------------+-------------------------------------------------------
-------------------------------------------------------------------------------------
-------------------------------------------------------------------------------------
------------------+------+------+--------+
(2 rows)
>>
* drop table alttbl26_res_tbl1\g 
<<
>>
* drop table alttbl26_res_tbl2\g 
<<
>>
* drop procedure alttbl26_proc1\g 
<<
>>
* drop procedure alttbl26_proc2\g 
<<
>>
* drop table alttbl26_cas_tbl1\g 
<<
E_US0AC1 DROP: 'alttbl26_cas_tbl1' does not exist or is not owned by you.
    (Wed Dec 18 01:48:46 2002)

>>
* drop procedure alttbl26_proc1\g 
<<
E_US0965 Procedure 'alttbl26_proc1' not found.
    (Wed Dec 18 01:48:59 2002)

>>
* create table alttbl26_cas_tbl1(col1 int, col2 int, col3 int) with page_size=4096\g-
 
<<
>>
* create procedure alttbl26_proc1(c1 int, c2 int, c3 int) as begin insert into alttb-
l26_cas_tbl1 values(c1,c2,c3) end\g 
<<
>>
* execute procedure alttbl26_proc1(c1=1,c2=2,c3=3)\g 
<<
>>
* select * from alttbl26_cas_tbl1 order by col1, col2\g 
<<

+-------------+-------------+-------------+
|col1         |col2         |col3         |
+-------------+-------------+-------------+
|            1|            2|            3|
+-------------+-------------+-------------+
(1 row)
>>
* select * from iiprocedures where procedure_name like 'alttbl26_proc%' order
<<
>>
* by 1\g 
<<

+--------------------------------+--------------------------------+------------------
--------+------+----------------------+-------------------------------------------------------
-------------------------------------------------------------------------------------
-------------------------------------------------------------------------------------
------------------+------+------+--------+
|procedure_name                  |procedure_owner                 |create_date      -
        |proc_s|text_sequence         |text_segment                                          -
                                                                                    -
                                                                                    -
                  |system|row_pr|security|
+--------------------------------+--------------------------------+------------------
--------+------+----------------------+-------------------------------------------------------
-------------------------------------------------------------------------------------
-------------------------------------------------------------------------------------
------------------+------+------+--------+
|alttbl26_proc1                  |testenv                         |2004_07_22 22:25:-
39 GMT  |N     |                     1|create procedure  alttbl26_proc1(c1 int, c2 int, c3 in-
t) as begin insert into "testenv". alttbl26_cas_tbl1 values(c1,c2,c3) end           -
                                                                                    -
                  |U     |N     |        |
+--------------------------------+--------------------------------+------------------
--------+------+----------------------+-------------------------------------------------------
-------------------------------------------------------------------------------------
-------------------------------------------------------------------------------------
------------------+------+------+--------+
(1 row)
>>
* alter table alttbl26_cas_tbl1 drop column col2 cascade\g 
<<
>>
* select * from alttbl26_cas_tbl1 order by col1\g 
<<

+-------------+-------------+
|col1         |col3         |
+-------------+-------------+
|            1|            3|
+-------------+-------------+
(1 row)
>>
* execute procedure alttbl26_proc1(c1=1,c2=2,c3=3)\g 
<<
E_US0AD7 INSERT: number of target columns must equal the number of
    specified values.
    (Wed Dec 18 01:52:06 2002)

>>
* select * from iiprocedures where procedure_name like 'alttbl26_proc%' order
<<
>>
* by 1\g 
<<

+--------------------------------+--------------------------------+------------------
--------+------+----------------------+-------------------------------------------------------
-------------------------------------------------------------------------------------
-------------------------------------------------------------------------------------
------------------+------+------+--------+
|procedure_name                  |procedure_owner                 |create_date      -
        |proc_s|text_sequence         |text_segment                                          -
                                                                                    -
                                                                                    -
                  |system|row_pr|security|
+--------------------------------+--------------------------------+------------------
--------+------+----------------------+-------------------------------------------------------
-------------------------------------------------------------------------------------
-------------------------------------------------------------------------------------
------------------+------+------+--------+
|alttbl26_proc1                  |testenv                         |2004_07_22 22:25:-
39 GMT  |N     |                     1|create procedure  alttbl26_proc1(c1 int, c2 int, c3 in-
t) as begin insert into "testenv". alttbl26_cas_tbl1 values(c1,c2,c3) end           -
                                                                                    -
                  |U     |N     |        |
+--------------------------------+--------------------------------+------------------
--------+------+----------------------+-------------------------------------------------------
-------------------------------------------------------------------------------------
-------------------------------------------------------------------------------------
------------------+------+------+--------+
(1 row)
>>
* drop table alttbl26_cas_tbl2\g 
<<
E_US0AC1 DROP: 'alttbl26_cas_tbl2' does not exist or is not owned by you.
    (Wed Dec 18 01:52:34 2002)

>>
* drop procedure alttbl26_proc2\g 
<<
E_US0965 Procedure 'alttbl26_proc2' not found.
    (Wed Dec 18 01:52:45 2002)

>>
* create table alttbl26_cas_tbl2(col1 int, col2 int, col3 int) with page_size=4096\g-
 
<<
>>
* insert into alttbl26_cas_tbl2 values(1,2,3)\g 
<<
(1 row)
>>
* insert into alttbl26_cas_tbl2 values(2,3,4)\g 
<<
(1 row)
>>
* create procedure alttbl26_proc2(col int) as begin update alttbl26_cas_tbl2 set col-
3=col+col1 where col>0 end\g 
<<
>>
* select * from alttbl26_cas_tbl2 order by col1, col2\g 
<<

+-------------+-------------+-------------+
|col1         |col2         |col3         |
+-------------+-------------+-------------+
|            1|            2|            3|
|            2|            3|            4|
+-------------+-------------+-------------+
(2 rows)
>>
* execute procedure alttbl26_proc2(col=1)\g 
<<
>>
* select * from alttbl26_cas_tbl2 order by col1\g 
<<

+-------------+-------------+-------------+
|col1         |col2         |col3         |
+-------------+-------------+-------------+
|            1|            2|            2|
|            2|            3|            3|
+-------------+-------------+-------------+
(2 rows)
>>
* select * from iiprocedures where procedure_name like 'alttbl26_proc%' order
<<
>>
* by 1\g 
<<

+--------------------------------+--------------------------------+------------------
--------+------+----------------------+-------------------------------------------------------
-------------------------------------------------------------------------------------
-------------------------------------------------------------------------------------
------------------+------+------+--------+
|procedure_name                  |procedure_owner                 |create_date      -
        |proc_s|text_sequence         |text_segment                                          -
                                                                                    -
                                                                                    -
                  |system|row_pr|security|
+--------------------------------+--------------------------------+------------------
--------+------+----------------------+-------------------------------------------------------
-------------------------------------------------------------------------------------
-------------------------------------------------------------------------------------
------------------+------+------+--------+
|alttbl26_proc1                  |testenv                         |2004_07_22 22:25:-
39 GMT  |N     |                     1|create procedure  alttbl26_proc1(c1 int, c2 int, c3 in-
t) as begin insert into "testenv". alttbl26_cas_tbl1 values(c1,c2,c3) end           -
                                                                                    -
                  |U     |N     |        |
|alttbl26_proc2                  |testenv                         |2004_07_22 22:25:-
44 GMT  |N     |                     1|create procedure  alttbl26_proc2(col int) as begin upd-
ate "testenv". alttbl26_cas_tbl2 set col3=col+col1 where col>0 end                  -
                                                                                    -
                  |U     |N     |        |
+--------------------------------+--------------------------------+------------------
--------+------+----------------------+-------------------------------------------------------
-------------------------------------------------------------------------------------
-------------------------------------------------------------------------------------
------------------+------+------+--------+
(2 rows)
>>
* alter table alttbl26_cas_tbl2 drop column col2 cascade\g 
<<
>>
* select * from alttbl26_cas_tbl2 order by col1\g 
<<

+-------------+-------------+
|col1         |col3         |
+-------------+-------------+
|            1|            2|
|            2|            3|
+-------------+-------------+
(2 rows)
>>
* select * from iiprocedures where procedure_name like 'alttbl26_proc%' order
<<
>>
* by 1\g 
<<

+--------------------------------+--------------------------------+------------------
--------+------+----------------------+-------------------------------------------------------
-------------------------------------------------------------------------------------
-------------------------------------------------------------------------------------
------------------+------+------+--------+
|procedure_name                  |procedure_owner                 |create_date      -
        |proc_s|text_sequence         |text_segment                                          -
                                                                                    -
                                                                                    -
                  |system|row_pr|security|
+--------------------------------+--------------------------------+------------------
--------+------+----------------------+-------------------------------------------------------
-------------------------------------------------------------------------------------
-------------------------------------------------------------------------------------
------------------+------+------+--------+
|alttbl26_proc1                  |testenv                         |2004_07_22 22:25:-
39 GMT  |N     |                     1|create procedure  alttbl26_proc1(c1 int, c2 int, c3 in-
t) as begin insert into "testenv". alttbl26_cas_tbl1 values(c1,c2,c3) end           -
                                                                                    -
                  |U     |N     |        |
|alttbl26_proc2                  |testenv                         |2004_07_22 22:25:-
44 GMT  |N     |                     1|create procedure  alttbl26_proc2(col int) as begin upd-
ate "testenv". alttbl26_cas_tbl2 set col3=col+col1 where col>0 end                  -
                                                                                    -
                  |U     |N     |        |
+--------------------------------+--------------------------------+------------------
--------+------+----------------------+-------------------------------------------------------
-------------------------------------------------------------------------------------
-------------------------------------------------------------------------------------
------------------+------+------+--------+
(2 rows)
>>
* execute procedure alttbl26_proc2(col=2)\g 
<<
>>
* select * from alttbl26_cas_tbl2 order by col1\g 
<<

+-------------+-------------+
|col1         |col3         |
+-------------+-------------+
|            1|            3|
|            2|            4|
+-------------+-------------+
(2 rows)
>>
* alter table alttbl26_cas_tbl2 drop column col1 cascade\g 
<<
>>
* select * from alttbl26_cas_tbl2 order by col3\g 
<<

+-------------+
|col3         |
+-------------+
|            3|
|            4|
+-------------+
(2 rows)
>>
* execute procedure alttbl26_proc2(col=1)\g 
<<
E_US0836 line 1, Column 'col1' not found in any specified table.
    (Wed Dec 18 01:58:53 2002)

>>
* select * from iiprocedures where procedure_name like 'alttbl26_proc%' order
<<
>>
* by 1\g 
<<

+--------------------------------+--------------------------------+------------------
--------+------+----------------------+-------------------------------------------------------
-------------------------------------------------------------------------------------
-------------------------------------------------------------------------------------
------------------+------+------+--------+
|procedure_name                  |procedure_owner                 |create_date      -
        |proc_s|text_sequence         |text_segment                                          -
                                                                                    -
                                                                                    -
                  |system|row_pr|security|
+--------------------------------+--------------------------------+------------------
--------+------+----------------------+-------------------------------------------------------
-------------------------------------------------------------------------------------
-------------------------------------------------------------------------------------
------------------+------+------+--------+
|alttbl26_proc1                  |testenv                         |2004_07_22 22:25:-
39 GMT  |N     |                     1|create procedure  alttbl26_proc1(c1 int, c2 int, c3 in-
t) as begin insert into "testenv". alttbl26_cas_tbl1 values(c1,c2,c3) end           -
                                                                                    -
                  |U     |N     |        |
|alttbl26_proc2                  |testenv                         |2004_07_22 22:25:-
44 GMT  |N     |                     1|create procedure  alttbl26_proc2(col int) as begin upd-
ate "testenv". alttbl26_cas_tbl2 set col3=col+col1 where col>0 end                  -
                                                                                    -
                  |U     |N     |        |
+--------------------------------+--------------------------------+------------------
--------+------+----------------------+-------------------------------------------------------
-------------------------------------------------------------------------------------
-------------------------------------------------------------------------------------
------------------+------+------+--------+
(2 rows)
>>
* drop table alttbl26_cas_tbl1\g 
<<
>>
* drop table alttbl26_cas_tbl2\g 
<<
>>
* drop procedure alttbl26_proc1\g 
<<
>>
* drop procedure alttbl26_proc2\g 
<<
>>
* select * from iiprocedures where procedure_name like 'alttbl26_proc%' order
<<
>>
* by 1\g 
<<

+--------------------------------+--------------------------------+------------------
--------+------+----------------------+-------------------------------------------------------
-------------------------------------------------------------------------------------
-------------------------------------------------------------------------------------
------------------+------+------+--------+
|procedure_name                  |procedure_owner                 |create_date      -
        |proc_s|text_sequence         |text_segment                                          -
                                                                                    -
                                                                                    -
                  |system|row_pr|security|
+--------------------------------+--------------------------------+------------------
--------+------+----------------------+-------------------------------------------------------
-------------------------------------------------------------------------------------
-------------------------------------------------------------------------------------
------------------+------+------+--------+
+--------------------------------+--------------------------------+------------------
--------+------+----------------------+-------------------------------------------------------
-------------------------------------------------------------------------------------
-------------------------------------------------------------------------------------
------------------+------+------+--------+
(0 rows)
>>
* \q 
<<
>>


Ending at: Thu Jul 22 18:25:55 2004
